{"type":"FeatureCollection","version":"2025-cb20m-v1","region":"northeast","source":"U.S. Census Bureau 2025 Cartographic Boundary Files, counties, 1:20,000,000","features":[{"type":"Feature","properties":{"fips":"36117","name":"Wayne","state":"NY"},"geometry":{"type":"Polygon","coordinates":[[[-77.3760519959534,43.274033763487],[-77.341092,43.280661],[-77.264177,43.277363],[-77.130429,43.285635],[-76.999691,43.271456],[-76.952174,43.270692],[-76.841675,43.305399],[-76.769025,43.318452],[-76.7220025657128,43.3375801959814],[-76.702324,43.080159],[-76.713806,43.024035],[-76.963926,43.013157],[-77.133397,43.012463],[-77.134307,43.039887],[-77.371478,43.034696],[-77.3760519959534,43.274033763487]]]}},{"type":"Feature","properties":{"fips":"42025","name":"Carbon","state":"PA"},"geometry":{"type":"Polygon","coordinates":[[[-75.997636,40.913259],[-75.732183,41.008124],[-75.766694,41.093669],[-75.693071,41.130974],[-75.649412,41.122304],[-75.620397,41.109284],[-75.497364,40.988436],[-75.57459,40.951323],[-75.474193,40.814746],[-75.577488,40.799414],[-75.608985,40.787387],[-75.694749,40.770075],[-75.757807,40.735414],[-75.886037,40.816267],[-75.997636,40.913259]]]}},{"type":"Feature","properties":{"fips":"09120","name":"Greater Bridgeport","state":"CT"},"geometry":{"type":"Polygon","coordinates":[[[-73.325287,41.322474],[-73.202515,41.371926],[-73.183269,41.391711],[-73.2048,41.29936],[-73.155573,41.269096],[-73.146882,41.255367],[-73.086752,41.254596],[-73.122353,41.179797],[-73.1011738216445,41.1637262711643],[-73.108352,41.153718],[-73.130253,41.146797],[-73.1728353651274,41.1534422791124],[-73.202656,41.158096],[-73.262358,41.117496],[-73.2698175797685,41.1166768900433],[-73.2966013667175,41.1137358575388],[-73.368811,41.274975],[-73.325287,41.322474]]]}},{"type":"Feature","properties":{"fips":"42093","name":"Montour","state":"PA"},"geometry":{"type":"Polygon","coordinates":[[[-76.734891,41.092133],[-76.732672,41.17204],[-76.678776,41.154172],[-76.640767,41.155718],[-76.618971,41.063759],[-76.569915,41.053761],[-76.514869,40.958799],[-76.528024,40.882613],[-76.556977,40.938609],[-76.661348,40.967996],[-76.793741,40.948989],[-76.734891,41.092133]]]}},{"type":"Feature","properties":{"fips":"42113","name":"Sullivan","state":"PA"},"geometry":{"type":"Polygon","coordinates":[[[-76.813731,41.590034],[-76.220073,41.541278],[-76.228131,41.511137],[-76.282799,41.377244],[-76.310261,41.310198],[-76.407934,41.308418],[-76.447597,41.275629],[-76.592532,41.304332],[-76.749497,41.405572],[-76.772397,41.471675],[-76.813731,41.590034]]]}},{"type":"Feature","properties":{"fips":"42123","name":"Warren","state":"PA"},"geometry":{"type":"Polygon","coordinates":[[[-79.612071,41.850328],[-79.6108357749867,41.9985199041084],[-79.472472,41.998255],[-79.0612581876299,41.9988381187249],[-78.983065,41.998949],[-78.9188983633788,41.9991031002259],[-78.915642,41.840896],[-78.948612,41.830481],[-78.956138,41.623334],[-79.51207,41.624559],[-79.613147,41.623863],[-79.612071,41.850328]]]}},{"type":"Feature","properties":{"fips":"42059","name":"Greene","state":"PA"},"geometry":{"type":"Polygon","coordinates":[[[-80.5191607943145,39.9622000525219],[-80.301396,40.020559],[-79.998014,39.983322],[-79.923325,39.921547],[-79.9160173560378,39.7210559335188],[-80.075947,39.72135],[-80.421388,39.721189],[-80.519342,39.721403],[-80.5191607943145,39.9622000525219]]]}},{"type":"Feature","properties":{"fips":"50007","name":"Chittenden","state":"VT"},"geometry":{"type":"Polygon","coordinates":[[[-73.3636601533155,44.5635384629765],[-73.261944,44.597532],[-73.228856,44.722806],[-73.037835,44.651281],[-72.923777,44.633214],[-72.809956,44.546714],[-72.804857,44.451882],[-72.802375,44.38858],[-72.861251,44.3669],[-72.952204,44.161412],[-72.975883,44.295036],[-73.3174559746651,44.2635221898768],[-73.324229,44.310023],[-73.334637,44.356877],[-73.320954,44.382669],[-73.293613,44.440559],[-73.312871,44.507246],[-73.3479832324265,44.546162853597],[-73.3636601533155,44.5635384629765]]]}},{"type":"Feature","properties":{"fips":"36049","name":"Lewis","state":"NY"},"geometry":{"type":"Polygon","coordinates":[[[-75.840399,43.883926],[-75.758633,43.87877],[-75.603629,43.971327],[-75.543102,43.968019],[-75.484957,44.073682],[-75.548012,44.101698],[-75.446277,44.21773],[-75.167806,44.095939],[-75.110692,43.614984],[-75.533429,43.419815],[-75.756416,43.470416],[-75.773819,43.688778],[-75.786954,43.788702],[-75.850914,43.791894],[-75.840399,43.883926]]]}},{"type":"Feature","properties":{"fips":"42061","name":"Huntingdon","state":"PA"},"geometry":{"type":"Polygon","coordinates":[[[-78.257305,40.297883],[-78.130081,40.48199],[-78.197083,40.558444],[-78.166371,40.617948],[-78.22197,40.674539],[-78.116521,40.739127],[-77.94425,40.691557],[-77.824903,40.743534],[-77.681334,40.729758],[-77.68708,40.67675],[-77.841827,40.550035],[-77.816513,40.500074],[-77.913844,40.398679],[-77.856914,40.365228],[-77.75212,40.378545],[-77.70303,40.263576],[-77.737933,40.237079],[-77.864489,40.061568],[-77.92556,40.103977],[-78.134863,40.165131],[-78.236302,40.224559],[-78.257305,40.297883]]]}},{"type":"Feature","properties":{"fips":"36033","name":"Franklin","state":"NY"},"geometry":{"type":"Polygon","coordinates":[[[-74.611048,44.999203],[-74.436934,44.996177],[-74.234136,44.992148],[-74.0274312115718,44.9973653643332],[-73.986382,44.707773],[-73.909687,44.429699],[-74.141424,44.407268],[-74.09349,44.137615],[-74.28187,44.120552],[-74.535156,44.09925],[-74.525683,44.170636],[-74.6447393198257,44.9970275604167],[-74.611048,44.999203]]]}},{"type":"Feature","properties":{"fips":"42117","name":"Tioga","state":"PA"},"geometry":{"type":"Polygon","coordinates":[[[-77.610020114476,41.9991498540796],[-77.007635,42.000848],[-76.9657915095295,42.0007834917859],[-76.9269253205306,42.0007235735426],[-76.874714,41.596919],[-76.960481,41.551517],[-77.599278,41.542271],[-77.610020114476,41.9991498540796]]]}},{"type":"Feature","properties":{"fips":"44001","name":"Bristol","state":"RI"},"geometry":{"type":"Polygon","coordinates":[[[-71.365207,41.735649],[-71.3174020079312,41.7772561089687],[-71.261392,41.752301],[-71.2086005328951,41.6903092436027],[-71.256728,41.638137],[-71.33097,41.686962],[-71.365207,41.735649]]]}},{"type":"Feature","properties":{"fips":"42087","name":"Mifflin","state":"PA"},"geometry":{"type":"Polygon","coordinates":[[[-77.913844,40.398679],[-77.816513,40.500074],[-77.841827,40.550035],[-77.68708,40.67675],[-77.681334,40.729758],[-77.652574,40.744921],[-77.36418,40.846937],[-77.356628,40.807334],[-77.354097,40.701667],[-77.287941,40.693595],[-77.490021,40.614792],[-77.497506,40.58174],[-77.75212,40.378545],[-77.856914,40.365228],[-77.913844,40.398679]]]}},{"type":"Feature","properties":{"fips":"42067","name":"Juniata","state":"PA"},"geometry":{"type":"Polygon","coordinates":[[[-77.75212,40.378545],[-77.497506,40.58174],[-77.490021,40.614792],[-77.287941,40.693595],[-77.109453,40.691552],[-76.939883,40.638142],[-76.949148,40.628167],[-77.182789,40.582211],[-77.540141,40.399221],[-77.671761,40.289825],[-77.70303,40.263576],[-77.75212,40.378545]]]}},{"type":"Feature","properties":{"fips":"36007","name":"Broome","state":"NY"},"geometry":{"type":"Polygon","coordinates":[[[-76.130181,42.410337],[-76.021374,42.409008],[-75.86402,42.415702],[-75.836502,42.244283],[-75.638299,42.248686],[-75.63711,42.195628],[-75.418421,42.195032],[-75.402239,42.010699],[-75.3599310768702,41.9936893594868],[-75.477144,41.999407],[-75.4831402165408,41.9993981778444],[-75.870677,41.998828],[-76.10584,41.998858],[-76.116225,42.18561],[-76.081214,42.264711],[-76.130181,42.410337]]]}},{"type":"Feature","properties":{"fips":"36039","name":"Greene","state":"NY"},"geometry":{"type":"Polygon","coordinates":[[[-74.53731,42.201424],[-74.443506,42.355017],[-74.244692,42.377159],[-74.254303,42.408207],[-73.783721,42.464231],[-73.786832,42.273007],[-73.910675,42.127293],[-74.00245,42.176992],[-74.074797,42.096589],[-74.271606,42.111625],[-74.307571,42.114346],[-74.451713,42.169225],[-74.53731,42.201424]]]}},{"type":"Feature","properties":{"fips":"36091","name":"Saratoga","state":"NY"},"geometry":{"type":"Polygon","coordinates":[[[-74.1601,43.371532],[-73.884139,43.398041],[-73.825828,43.305348],[-73.835811,43.253756],[-73.767498,43.222123],[-73.739824,43.265559],[-73.594713,43.305928],[-73.573342,43.100079],[-73.593635,43.01433],[-73.631124,42.97062],[-73.635463,42.94129],[-73.678874,42.912293],[-73.676762,42.783277],[-73.726663,42.822577],[-73.809369,42.778869],[-73.895938,42.851076],[-73.904386,42.911163],[-73.955458,42.897306],[-74.09298,42.955868],[-74.097467,42.982934],[-74.11062,43.066753],[-74.140147,43.253979],[-74.1601,43.371532]]]}},{"type":"Feature","properties":{"fips":"44005","name":"Newport","state":"RI"},"geometry":{"type":"Polygon","coordinates":[[[-71.408433,41.472488],[-71.380542,41.650326],[-71.33097,41.686962],[-71.256728,41.638137],[-71.2086005328951,41.6903092436027],[-71.19564,41.67509],[-71.132888,41.660102],[-71.1359851428921,41.6213937682114],[-71.137492,41.602561],[-71.12057,41.497448],[-71.140224,41.485855],[-71.19302,41.457931],[-71.245992,41.481302],[-71.285639,41.487805],[-71.312694,41.451402],[-71.351096,41.450802],[-71.389284,41.460605],[-71.4172127867938,41.4560313135425],[-71.408433,41.472488]]]}},{"type":"Feature","properties":{"fips":"42099","name":"Perry","state":"PA"},"geometry":{"type":"Polygon","coordinates":[[[-77.671761,40.289825],[-77.540141,40.399221],[-77.182789,40.582211],[-76.949148,40.628167],[-76.992396,40.567877],[-76.949397,40.469037],[-77.020799,40.36623],[-76.91497,40.328484],[-76.974219,40.31033],[-77.322842,40.270721],[-77.420845,40.255368],[-77.360082,40.314075],[-77.605448,40.185362],[-77.614665,40.198549],[-77.602717,40.2282],[-77.671761,40.289825]]]}},{"type":"Feature","properties":{"fips":"42023","name":"Cameron","state":"PA"},"geometry":{"type":"Polygon","coordinates":[[[-78.420498,41.601874],[-78.412163,41.617301],[-78.20364,41.617599],[-78.050442,41.475462],[-77.989194,41.474822],[-77.988786,41.367453],[-78.093381,41.216931],[-78.236817,41.230475],[-78.253959,41.404721],[-78.420028,41.405046],[-78.420498,41.601874]]]}},{"type":"Feature","properties":{"fips":"42027","name":"Centre","state":"PA"},"geometry":{"type":"Polygon","coordinates":[[[-78.376031,40.754497],[-78.288441,40.849747],[-78.166917,40.961345],[-78.078105,40.956447],[-78.057149,41.037533],[-78.111482,41.115226],[-78.038171,41.153603],[-78.003569,41.144856],[-77.973078,41.204188],[-77.898262,41.252665],[-77.897667,41.176918],[-77.790009,41.177142],[-77.746675,41.106261],[-77.621759,41.091185],[-77.508596,40.962938],[-77.339925,40.987167],[-77.14416,41.044338],[-77.279236,40.90971],[-77.36418,40.846937],[-77.652574,40.744921],[-77.681334,40.729758],[-77.824903,40.743534],[-77.94425,40.691557],[-78.116521,40.739127],[-78.145661,40.742486],[-78.360619,40.733181],[-78.376031,40.754497]]]}},{"type":"Feature","properties":{"fips":"36105","name":"Sullivan","state":"NY"},"geometry":{"type":"Polygon","coordinates":[[[-75.1452931756179,41.8497375185041],[-74.780693,42.016375],[-74.453685,41.875595],[-74.575086,41.745258],[-74.395071,41.644876],[-74.367055,41.590977],[-74.475619,41.503953],[-74.761435,41.490245],[-74.7562718347252,41.4276274285434],[-74.799546,41.43129],[-74.890358,41.455324],[-74.982463,41.496467],[-75.043879,41.575094],[-75.0461986059117,41.6037640199027],[-75.049281,41.641862],[-75.053431,41.752538],[-75.074412,41.802191],[-75.113369,41.840698],[-75.1452931756179,41.8497375185041]]]}},{"type":"Feature","properties":{"fips":"36099","name":"Seneca","state":"NY"},"geometry":{"type":"Polygon","coordinates":[[[-76.981334,42.861213],[-76.963926,43.013157],[-76.713806,43.024035],[-76.739361,42.954473],[-76.733468,42.894246],[-76.731636,42.72074],[-76.666543,42.623457],[-76.585989,42.54991],[-76.696655,42.54679],[-76.895596,42.541537],[-76.895349,42.656255],[-76.947429,42.76443],[-76.971392,42.764223],[-76.981334,42.861213]]]}},{"type":"Feature","properties":{"fips":"23027","name":"Waldo","state":"ME"},"geometry":{"type":"Polygon","coordinates":[[[-69.445498,44.463839],[-69.372419,44.544585],[-69.41684,44.55108],[-69.393123,44.640375],[-69.471712,44.692899],[-69.384996,44.753882],[-69.266785,44.721928],[-69.2052,44.729586],[-69.183732,44.644023],[-68.815793,44.683754],[-68.846945,44.625307],[-68.792354,44.494534],[-68.896384,44.209935],[-68.9104197559239,44.1799508444103],[-68.95189,44.218719],[-69.0210745450046,44.2304353141229],[-69.121622,44.255644],[-69.268882,44.364653],[-69.346616,44.308337],[-69.409635,44.327998],[-69.506382,44.34287],[-69.445498,44.463839]]]}},{"type":"Feature","properties":{"fips":"36065","name":"Oneida","state":"NY"},"geometry":{"type":"Polygon","coordinates":[[[-75.862927,43.319274],[-75.814627,43.483578],[-75.756416,43.470416],[-75.533429,43.419815],[-75.110692,43.614984],[-75.076581,43.330705],[-75.16035,43.255805],[-75.069165,43.227333],[-75.160906,43.114769],[-75.219106,43.052469],[-75.212158,42.879973],[-75.247963,42.871604],[-75.437167,42.863319],[-75.444173,42.933089],[-75.542803,42.931774],[-75.552774,43.037554],[-75.6532,43.10795],[-75.723929,43.162596],[-75.884275,43.155562],[-75.862927,43.319274]]]}},{"type":"Feature","properties":{"fips":"42013","name":"Blair","state":"PA"},"geometry":{"type":"Polygon","coordinates":[[[-78.561466,40.36967],[-78.539819,40.506293],[-78.441208,40.597239],[-78.439218,40.645317],[-78.348668,40.723443],[-78.360619,40.733181],[-78.145661,40.742486],[-78.116521,40.739127],[-78.22197,40.674539],[-78.166371,40.617948],[-78.197083,40.558444],[-78.130081,40.48199],[-78.257305,40.297883],[-78.288764,40.242107],[-78.434288,40.302301],[-78.447895,40.244395],[-78.618889,40.326471],[-78.561466,40.36967]]]}},{"type":"Feature","properties":{"fips":"42131","name":"Wyoming","state":"PA"},"geometry":{"type":"Polygon","coordinates":[[[-76.228131,41.511137],[-76.220073,41.541278],[-76.197998,41.647823],[-76.115172,41.651825],[-76.097526,41.644231],[-75.719887,41.642263],[-75.80323,41.524227],[-75.771626,41.505793],[-75.834512,41.426965],[-76.00507,41.384551],[-76.063273,41.382426],[-76.282799,41.377244],[-76.228131,41.511137]]]}},{"type":"Feature","properties":{"fips":"23023","name":"Sagadahoc","state":"ME"},"geometry":{"type":"Polygon","coordinates":[[[-70.051824,43.990982],[-70.005471,44.124519],[-69.897783,44.107662],[-69.854983,44.167862],[-69.763566,44.153217],[-69.758208,44.139334],[-69.813549,44.026011],[-69.700097,44.006685],[-69.743263,43.893926],[-69.6958154562599,43.7960549672913],[-69.717074,43.792403],[-69.754091,43.743866],[-69.807359,43.728081],[-69.833471,43.701281],[-69.855081,43.704746],[-69.862155,43.758962],[-69.8874061241577,43.7665933794518],[-69.893232,43.878518],[-69.857032,43.944742],[-69.976226,43.915276],[-70.034238,43.975661],[-70.051824,43.990982]]]}},{"type":"Feature","properties":{"fips":"34009","name":"Cape May","state":"NJ"},"geometry":{"type":"Polygon","coordinates":[[[-74.955363,39.001262],[-74.903664,39.087437],[-74.885914,39.143627],[-74.905181,39.174945],[-74.9151558055627,39.1766975035188],[-74.926347,39.209012],[-74.861294,39.323815],[-74.653206,39.288558],[-74.5407878555825,39.3000254911844],[-74.581008,39.270819],[-74.646595,39.212002],[-74.67143,39.179802],[-74.714341,39.119804],[-74.705876,39.102937],[-74.778777,39.023073],[-74.807917,38.985948],[-74.864458,38.94041],[-74.933571,38.928519],[-74.967274,38.933413],[-74.955363,39.001262]]]}},{"type":"Feature","properties":{"fips":"42091","name":"Montgomery","state":"PA"},"geometry":{"type":"Polygon","coordinates":[[[-75.696782,40.241863],[-75.569274,40.397892],[-75.529813,40.447092],[-75.483858,40.418634],[-75.106878,40.192279],[-75.015066,40.137992],[-75.109431,40.045874],[-75.139427,40.063358],[-75.22361,40.092907],[-75.264431,40.054094],[-75.205978,40.011723],[-75.237331,39.996128],[-75.276482,39.976959],[-75.320699,40.016216],[-75.361066,40.065543],[-75.415021,40.090138],[-75.525945,40.148611],[-75.599339,40.237679],[-75.696782,40.241863]]]}},{"type":"Feature","properties":{"fips":"36101","name":"Steuben","state":"NY"},"geometry":{"type":"Polygon","coordinates":[[[-77.73184,42.385905],[-77.726111,42.404043],[-77.722964,42.471216],[-77.720617,42.535066],[-77.661315,42.535067],[-77.659917,42.580409],[-77.490889,42.577288],[-77.366505,42.576368],[-77.143795,42.576869],[-77.143946,42.494705],[-77.107203,42.483771],[-77.104873,42.389291],[-77.099657,42.272356],[-76.965028,42.278495],[-76.9657915095295,42.0007834917859],[-77.007635,42.000848],[-77.610020114476,41.9991498540796],[-77.749932223724,41.9987554366682],[-77.73184,42.385905]]]}},{"type":"Feature","properties":{"fips":"50025","name":"Windham","state":"VT"},"geometry":{"type":"Polygon","coordinates":[[[-72.997139,43.117457],[-72.868242,43.113931],[-72.848112,43.262847],[-72.819619,43.256006],[-72.68544,43.22258],[-72.4336262531276,43.2328655889508],[-72.440563,43.215254],[-72.4503959392159,43.1612135169064],[-72.451802,43.153486],[-72.435191,43.086622],[-72.462248,43.044214],[-72.444977,43.004416],[-72.492597,42.967648],[-72.532186,42.954945],[-72.531469,42.89795],[-72.556112,42.866252],[-72.5396,42.804832],[-72.477615,42.761245],[-72.458519,42.726853],[-72.809113,42.736581],[-72.8642918548454,42.7377138851592],[-72.9301066166812,42.7390651376842],[-72.92379,42.927442],[-73.008133,42.930556],[-72.997139,43.117457]]]}},{"type":"Feature","properties":{"fips":"36017","name":"Chenango","state":"NY"},"geometry":{"type":"Polygon","coordinates":[[[-75.889832,42.723844],[-75.428668,42.745421],[-75.295877,42.744106],[-75.325407,42.588821],[-75.403616,42.509222],[-75.374905,42.410784],[-75.415319,42.314151],[-75.418421,42.195032],[-75.63711,42.195628],[-75.638299,42.248686],[-75.836502,42.244283],[-75.86402,42.415702],[-75.883843,42.655634],[-75.889832,42.723844]]]}},{"type":"Feature","properties":{"fips":"34029","name":"Ocean","state":"NJ"},"geometry":{"type":"Polygon","coordinates":[[[-74.528374,40.089613],[-74.40671,40.172402],[-74.261455,40.167033],[-74.239267,40.112283],[-74.107804,40.136918],[-74.0349623822635,40.1025843059482],[-74.064135,39.979157],[-74.076911808935,39.9127335742937],[-74.077247,39.910991],[-74.090945,39.799978],[-74.0924096209922,39.7938665766277],[-74.101443,39.756173],[-74.190974,39.625118],[-74.291585,39.507705],[-74.3006975948254,39.4818057455425],[-74.380796,39.498537],[-74.417393,39.557255],[-74.390399,39.596037],[-74.389708,39.773283],[-74.416891,39.822682],[-74.553105,40.07913],[-74.528374,40.089613]]]}},{"type":"Feature","properties":{"fips":"36063","name":"Niagara","state":"NY"},"geometry":{"type":"Polygon","coordinates":[[[-79.060206,43.124799],[-79.0552784833818,43.1337648809955],[-79.044567,43.153255],[-79.052868,43.222054],[-79.070469,43.262454],[-78.834061,43.317555],[-78.547395,43.369541],[-78.4655511875961,43.3708954221664],[-78.465505,43.128619],[-78.464449,43.088703],[-78.615842,43.074105],[-78.617572,43.086553],[-78.641802,43.097362],[-78.696906,43.086337],[-78.802051,43.065781],[-78.822357,43.051557],[-78.83935,43.019453],[-78.945262,43.066956],[-79.0195778848943,43.0662964678904],[-79.074467,43.077855],[-79.060206,43.124799]]]}},{"type":"Feature","properties":{"fips":"23003","name":"Aroostook","state":"ME"},"geometry":{"type":"Polygon","coordinates":[[[-69.997086,46.69523],[-69.818552,46.87503],[-69.566383,47.125032],[-69.439198,47.250033],[-69.219996,47.457159],[-69.156074,47.451035],[-69.108215,47.435831],[-69.039301,47.42217],[-69.053885,47.377878],[-69.0402,47.2451],[-68.966433,47.212712],[-68.900985,47.178519],[-68.803537,47.216033],[-68.675913,47.242626],[-68.604819,47.249418],[-68.588725,47.281721],[-68.507432,47.296636],[-68.460064,47.286065],[-68.375615,47.292268],[-68.384281,47.326943],[-68.361559,47.355605],[-68.26971,47.353733],[-68.204263,47.33973],[-68.153509,47.314038],[-68.082896,47.271921],[-67.998171,47.217842],[-67.952269,47.196142],[-67.889155,47.118772],[-67.789761,47.065744],[-67.789799,46.794868],[-67.788406,46.601795],[-67.782114,46.279381],[-67.780438,46.038452],[-67.779984,45.938163],[-67.750422,45.917898],[-67.803678,45.869379],[-67.763955,45.829983],[-67.803626,45.781624],[-67.781892,45.731189],[-67.8028942950771,45.6789278854632],[-67.902264,45.680115],[-68.048012,45.639897],[-68.409296,45.573578],[-68.433028,45.578482],[-68.427598,45.944591],[-68.436902,46.04289],[-68.436443,46.382121],[-68.694877,46.382612],[-68.819401,46.395782],[-68.821414,46.57251],[-69.721109,46.574053],[-70.0230197674623,46.5734865644986],[-69.997086,46.69523]]]}},{"type":"Feature","properties":{"fips":"36015","name":"Chemung","state":"NY"},"geometry":{"type":"Polygon","coordinates":[[[-76.965028,42.278495],[-76.733912,42.29372],[-76.732677,42.248052],[-76.642256,42.233721],[-76.619303,42.282853],[-76.538349,42.281755],[-76.563589,42.152463],[-76.5576987221493,42.0001496652537],[-76.558118,42.000155],[-76.9269253205306,42.0007235735426],[-76.9657915095295,42.0007834917859],[-76.965028,42.278495]]]}},{"type":"Feature","properties":{"fips":"42051","name":"Fayette","state":"PA"},"geometry":{"type":"Polygon","coordinates":[[[-79.998014,39.983322],[-79.877048,40.036826],[-79.838999,40.090601],[-79.877864,40.126959],[-79.746056,40.128457],[-79.593021,40.082055],[-79.471093,40.145342],[-79.293884,40.040446],[-79.417558,39.853776],[-79.356757,39.781477],[-79.409959,39.734978],[-79.3924584050224,39.7214393586401],[-79.476662,39.721078],[-79.763774,39.720776],[-79.9160173560378,39.7210559335188],[-79.923325,39.921547],[-79.998014,39.983322]]]}},{"type":"Feature","properties":{"fips":"34001","name":"Atlantic","state":"NJ"},"geometry":{"type":"Polygon","coordinates":[[[-74.911882,39.578462],[-74.87726,39.608352],[-74.736216,39.729775],[-74.654318,39.626799],[-74.475664,39.55146],[-74.417393,39.557255],[-74.380796,39.498537],[-74.3006975948254,39.4818057455425],[-74.304343,39.471445],[-74.36699,39.402017],[-74.412692,39.360816],[-74.521797,39.313816],[-74.5407878555825,39.3000254911844],[-74.653206,39.288558],[-74.861294,39.323815],[-74.856015,39.423958],[-74.985271,39.514967],[-74.911882,39.578462]]]}},{"type":"Feature","properties":{"fips":"36055","name":"Monroe","state":"NY"},"geometry":{"type":"Polygon","coordinates":[[[-77.9955897949384,43.3653102556776],[-77.994838,43.365259],[-77.816533,43.34356],[-77.760231,43.341161],[-77.660359,43.282998],[-77.551022,43.235763],[-77.50092,43.250363],[-77.3760519959534,43.274033763487],[-77.371478,43.034696],[-77.485418,43.034564],[-77.482662,42.942895],[-77.580377,42.943963],[-77.759052,42.940462],[-77.730957,42.988372],[-77.909832,42.987762],[-77.951044,43.039544],[-77.905934,43.133561],[-77.99729,43.132981],[-77.9955897949384,43.3653102556776]]]}},{"type":"Feature","properties":{"fips":"36089","name":"St. Lawrence","state":"NY"},"geometry":{"type":"Polygon","coordinates":[[[-75.834126,44.422433],[-75.807778,44.471644],[-75.76623,44.515851],[-75.567413,44.658709],[-75.423943,44.756329],[-75.333744,44.806378],[-75.255517,44.857651],[-75.142958,44.900237],[-75.066245,44.930174],[-75.005155,44.958402],[-74.992756,44.977449],[-74.907956,44.983359],[-74.834669,45.014683],[-74.74464,44.990577],[-74.725813431619,44.9917926265259],[-74.6447393198257,44.9970275604167],[-74.525683,44.170636],[-74.535156,44.09925],[-74.854171,44.070089],[-75.062779,44.0504],[-75.167806,44.095939],[-75.446277,44.21773],[-75.628517,44.299102],[-75.861341562052,44.4051473192277],[-75.834126,44.422433]]]}},{"type":"Feature","properties":{"fips":"25013","name":"Hampden","state":"MA"},"geometry":{"type":"Polygon","coordinates":[[[-73.07213,42.143548],[-73.000278,42.312597],[-72.885184,42.332615],[-72.912302,42.239133],[-72.793414,42.236854],[-72.686861,42.18339],[-72.613138,42.286265],[-72.609948,42.285224],[-72.607038,42.215596],[-72.403947,42.231847],[-72.395478,42.185737],[-72.221218,42.245252],[-72.264708,42.196274],[-72.135011,42.161784],[-72.1357314619467,42.0291419299417],[-72.2053557620642,42.0302031125089],[-72.317148,42.031907],[-72.528131,42.034295],[-72.607933,42.030795],[-72.735496,42.036399],[-72.766739,42.002995],[-72.7747593160786,42.0021291041803],[-72.810078,41.998316],[-72.847142,42.036894],[-72.8636919761087,42.0370850109639],[-72.999549,42.038653],[-73.053397149764,42.0401165089147],[-73.07213,42.143548]]]}},{"type":"Feature","properties":{"fips":"34017","name":"Hudson","state":"NJ"},"geometry":{"type":"Polygon","coordinates":[[[-74.148342,40.779885],[-74.090644,40.748802],[-74.090787,40.761984],[-74.087979,40.76444],[-74.090098,40.776883],[-74.07985,40.789726],[-74.076753,40.795621],[-74.069032,40.798349],[-74.058549,40.806277],[-74.033678,40.803264],[-74.041243,40.795634],[-73.9845857755727,40.7975527523865],[-74.013784,40.756601],[-74.0195090269308,40.7453085470169],[-74.0294745361997,40.7256518630867],[-74.0470400238482,40.6910044377047],[-74.047313,40.690466],[-74.067720330319,40.6703805942445],[-74.0710905992628,40.6670634911162],[-74.086806,40.651596],[-74.1601467831532,40.6460765164448],[-74.136703,40.674444],[-74.136557,40.674368],[-74.135211,40.676253],[-74.114559,40.701072],[-74.112787,40.703102],[-74.117057,40.710381],[-74.117605,40.739638],[-74.165465,40.750996],[-74.148342,40.779885]]]}},{"type":"Feature","properties":{"fips":"36081","name":"Queens","state":"NY"},"geometry":{"type":"Polygon","coordinates":[[[-73.968082,40.8207],[-73.9654070011692,40.8255147482372],[-73.912456,40.796096],[-73.878307,40.785357],[-73.827583,40.803936],[-73.778958,40.811713],[-73.701633,40.752493],[-73.707939,40.727771],[-73.730326,40.722157],[-73.768761,40.624352],[-73.7506217216563,40.5893197671277],[-73.774928,40.590759],[-73.8254940011311,40.5761495789939],[-73.857282,40.670312],[-73.861077,40.674021],[-73.868917,40.69515],[-73.896518,40.682397],[-73.962478,40.736802],[-73.940463,40.76753],[-73.9712111786194,40.8163111938137],[-73.968082,40.8207]]]}},{"type":"Feature","properties":{"fips":"36107","name":"Tioga","state":"NY"},"geometry":{"type":"Polygon","coordinates":[[[-76.563589,42.152463],[-76.538349,42.281755],[-76.416199,42.262976],[-76.415305,42.318368],[-76.250149,42.296676],[-76.253359,42.407568],[-76.130181,42.410337],[-76.081214,42.264711],[-76.116225,42.18561],[-76.10584,41.998858],[-76.1455189947821,41.998866463308],[-76.462155,41.998934],[-76.5576987221493,42.0001496652537],[-76.563589,42.152463]]]}},{"type":"Feature","properties":{"fips":"25025","name":"Suffolk","state":"MA"},"geometry":{"type":"Polygon","coordinates":[[[-71.191247,42.282992],[-71.156887,42.330241],[-71.167625,42.360073],[-71.116921,42.364246],[-71.087511,42.355557],[-71.064059,42.369001],[-71.080812,42.382421],[-70.9825456015879,42.420221800052],[-70.974897,42.355843],[-70.9758929421261,42.3543392537219],[-70.9830935859472,42.3434671949331],[-70.997838,42.321205],[-70.9930596399482,42.3128922804124],[-71.041694,42.305298],[-71.06814,42.271],[-71.073264,42.270317],[-71.083381,42.268688],[-71.08982,42.269539],[-71.102691,42.259884],[-71.111659,42.260631],[-71.109347,42.24799],[-71.126377,42.239162],[-71.122517,42.235199],[-71.130771,42.227926],[-71.146642,42.255755],[-71.188212,42.280438],[-71.191247,42.282992]]]}},{"type":"Feature","properties":{"fips":"36073","name":"Orleans","state":"NY"},"geometry":{"type":"Polygon","coordinates":[[[-78.4655511875961,43.3708954221664],[-78.329374,43.373149],[-78.145195,43.37551],[-77.9955897949384,43.3653102556776],[-77.99729,43.132981],[-78.465505,43.128619],[-78.4655511875961,43.3708954221664]]]}},{"type":"Feature","properties":{"fips":"42031","name":"Clarion","state":"PA"},"geometry":{"type":"Polygon","coordinates":[[[-79.694984,41.172865],[-79.604161,41.321478],[-79.47814,41.335708],[-79.477822,41.386479],[-79.400439,41.386579],[-79.400269,41.436145],[-79.207196,41.430922],[-79.208878,41.331861],[-79.21132,41.078737],[-79.215214,41.050515],[-79.284998,41.009295],[-79.620787,40.975167],[-79.689332,41.169471],[-79.694984,41.172865]]]}},{"type":"Feature","properties":{"fips":"42115","name":"Susquehanna","state":"PA"},"geometry":{"type":"Polygon","coordinates":[[[-76.1455189947821,41.998866463308],[-76.10584,41.998858],[-75.870677,41.998828],[-75.4831402165408,41.9993981778444],[-75.462411,41.641587],[-75.719887,41.642263],[-76.097526,41.644231],[-76.115172,41.651825],[-76.1455189947821,41.998866463308]]]}},{"type":"Feature","properties":{"fips":"36053","name":"Madison","state":"NY"},"geometry":{"type":"Polygon","coordinates":[[[-75.992428,43.185164],[-75.979489,43.177401],[-75.959359,43.180389],[-75.955599,43.172182],[-75.932778,43.176583],[-75.884275,43.155562],[-75.723929,43.162596],[-75.6532,43.10795],[-75.552774,43.037554],[-75.542803,42.931774],[-75.444173,42.933089],[-75.437167,42.863319],[-75.247963,42.871604],[-75.251416,42.784565],[-75.295877,42.744106],[-75.428668,42.745421],[-75.889832,42.723844],[-75.896079,42.790964],[-75.917189,43.085779],[-75.975588,43.091278],[-75.950057,43.134853],[-75.993394,43.183376],[-75.992428,43.185164]]]}},{"type":"Feature","properties":{"fips":"42069","name":"Lackawanna","state":"PA"},"geometry":{"type":"Polygon","coordinates":[[[-75.771626,41.505793],[-75.80323,41.524227],[-75.719887,41.642263],[-75.462411,41.641587],[-75.440658,41.258125],[-75.505607,41.232539],[-75.543054,41.224051],[-75.600736,41.161497],[-75.649233,41.187173],[-75.688606,41.339446],[-75.834512,41.426965],[-75.771626,41.505793]]]}},{"type":"Feature","properties":{"fips":"42011","name":"Berks","state":"PA"},"geometry":{"type":"Polygon","coordinates":[[[-76.440181,40.495952],[-76.171624,40.534947],[-76.017294,40.57424],[-75.993212,40.639712],[-75.891473,40.67727],[-75.76674,40.597033],[-75.529813,40.447092],[-75.569274,40.397892],[-75.696782,40.241863],[-75.873375,40.137107],[-76.091764,40.277692],[-76.151215,40.315971],[-76.205528,40.360661],[-76.440181,40.495952]]]}},{"type":"Feature","properties":{"fips":"36041","name":"Hamilton","state":"NY"},"geometry":{"type":"Polygon","coordinates":[[[-74.775617,43.486677],[-74.854171,44.070089],[-74.535156,44.09925],[-74.28187,44.120552],[-74.255998,43.969797],[-74.336826,43.925223],[-74.213734,43.810875],[-74.149076,43.829613],[-74.047062,43.796343],[-74.057005,43.744513],[-74.214625,43.728703],[-74.1601,43.371532],[-74.140147,43.253979],[-74.220902,43.221403],[-74.326378,43.241635],[-74.534657,43.228115],[-74.712615,43.286143],[-74.867712,43.339826],[-74.775617,43.486677]]]}},{"type":"Feature","properties":{"fips":"42133","name":"York","state":"PA"},"geometry":{"type":"Polygon","coordinates":[[[-77.028784,40.147797],[-76.905875,40.165723],[-76.902886,40.224603],[-76.859023,40.226328],[-76.839468,40.221615],[-76.824696,40.202319],[-76.800585,40.200111],[-76.752683,40.175803],[-76.72162,40.12007],[-76.663825,40.063227],[-76.644508,40.058069],[-76.534927,40.051359],[-76.47358,39.947352],[-76.2396837411146,39.7216419899246],[-76.41898,39.721526],[-76.5694491257313,39.7214585707527],[-76.6976581403161,39.7214011168578],[-76.715771,39.721393],[-76.7870971997576,39.7210481461113],[-76.991062,39.720062],[-76.9993180263332,39.7200676723526],[-76.999679,39.83128],[-76.954932,39.85685],[-76.966202,39.935192],[-77.018648,40.013947],[-77.137425,40.069945],[-77.028784,40.147797]]]}},{"type":"Feature","properties":{"fips":"42109","name":"Snyder","state":"PA"},"geometry":{"type":"Polygon","coordinates":[[[-77.356628,40.807334],[-76.942073,40.888032],[-76.800242,40.881994],[-76.849786,40.809089],[-76.864014,40.706693],[-76.939883,40.638142],[-77.109453,40.691552],[-77.287941,40.693595],[-77.354097,40.701667],[-77.356628,40.807334]]]}},{"type":"Feature","properties":{"fips":"42053","name":"Forest","state":"PA"},"geometry":{"type":"Polygon","coordinates":[[[-79.51207,41.624559],[-78.956138,41.623334],[-78.958957,41.437061],[-79.06352,41.453207],[-79.095096,41.340658],[-79.106444,41.326247],[-79.208878,41.331861],[-79.207196,41.430922],[-79.400269,41.436145],[-79.400439,41.386579],[-79.477822,41.386479],[-79.478163,41.440134],[-79.512276,41.46524],[-79.51207,41.624559]]]}},{"type":"Feature","properties":{"fips":"42049","name":"Erie","state":"PA"},"geometry":{"type":"Polygon","coordinates":[[[-80.519425,41.977523],[-80.329976,42.036168],[-80.154084,42.114757],[-80.136213,42.149937],[-80.088512,42.173184],[-80.020323,42.163116],[-79.923924,42.207546],[-79.844661,42.235486],[-79.761951,42.26986],[-79.762122,42.131246],[-79.761313,41.998808],[-79.6108357749867,41.9985199041084],[-79.612071,41.850328],[-80.5193967266905,41.8495629905593],[-80.519425,41.977523]]]}},{"type":"Feature","properties":{"fips":"34015","name":"Gloucester","state":"NJ"},"geometry":{"type":"Polygon","coordinates":[[[-75.4104924776371,39.8046722343221],[-75.341765,39.846082],[-75.293376,39.848782],[-75.2572734800476,39.8549350617895],[-75.221025,39.861113],[-75.211394924927,39.8664092625395],[-75.183023,39.882013],[-75.1407939068226,39.8941020495155],[-75.08707,39.779576],[-74.943677,39.698361],[-74.87726,39.608352],[-74.911882,39.578462],[-74.985271,39.514967],[-75.061854,39.568746],[-75.199793,39.666996],[-75.32672,39.690372],[-75.429061,39.78382],[-75.4104924776371,39.8046722343221]]]}},{"type":"Feature","properties":{"fips":"36029","name":"Erie","state":"NY"},"geometry":{"type":"Polygon","coordinates":[[[-79.111361,42.613358],[-79.06376,42.644758],[-79.04886,42.689158],[-78.972378,42.715991],[-78.904843,42.746121],[-78.851355,42.791758],[-78.8568849923499,42.8052919998773],[-78.865656,42.826758],[-78.882557,42.867258],[-78.912458,42.886557],[-78.909159,42.933257],[-78.927957,42.952922],[-78.961761,42.957756],[-79.019964,42.994756],[-79.00545,43.057231],[-79.018246,43.066016],[-79.0195778848943,43.0662964678904],[-78.945262,43.066956],[-78.83935,43.019453],[-78.822357,43.051557],[-78.802051,43.065781],[-78.696906,43.086337],[-78.641802,43.097362],[-78.617572,43.086553],[-78.615842,43.074105],[-78.464449,43.088703],[-78.464382,42.867355],[-78.486249,42.85733],[-78.463321,42.780462],[-78.463901,42.536354],[-78.695937,42.47194],[-78.919766,42.442386],[-78.991702,42.529249],[-79.060777,42.537853],[-79.107778,42.569965],[-79.1359444040215,42.5691787099736],[-79.111361,42.613358]]]}},{"type":"Feature","properties":{"fips":"25019","name":"Nantucket","state":"MA"},"geometry":{"type":"Polygon","coordinates":[[[-70.275526,41.310464],[-70.193712,41.313787],[-70.079133,41.319504],[-70.049053,41.391702],[-69.984869,41.358818],[-69.960181,41.264546],[-70.015225,41.237964],[-70.096967,41.24085],[-70.211479,41.248765],[-70.275526,41.310464]]]}},{"type":"Feature","properties":{"fips":"44007","name":"Providence","state":"RI"},"geometry":{"type":"Polygon","coordinates":[[[-71.799242,42.008065],[-71.6066944190753,42.0131050585708],[-71.591096527631,42.0135133435572],[-71.559439,42.014342],[-71.4982240131247,42.0158741110185],[-71.381401,42.018798],[-71.3814313468931,41.9850841191295],[-71.381461,41.952141],[-71.3817,41.893199],[-71.339298,41.893399],[-71.339597,41.832],[-71.329396,41.7826],[-71.3174020079312,41.7772561089687],[-71.365207,41.735649],[-71.378273,41.755297],[-71.399378,41.768264],[-71.456412,41.732389],[-71.7896954316824,41.7251982448091],[-71.792767,41.807001],[-71.799242,42.008065]]]}},{"type":"Feature","properties":{"fips":"36067","name":"Onondaga","state":"NY"},"geometry":{"type":"Polygon","coordinates":[[[-76.471774,43.104983],[-76.479224,43.227519],[-76.258951,43.237468],[-76.203334,43.271493],[-76.078902,43.19948],[-75.993394,43.183376],[-75.950057,43.134853],[-75.975588,43.091278],[-75.917189,43.085779],[-75.896079,42.790964],[-76.274673,42.771257],[-76.356974,42.84945],[-76.450398,42.845727],[-76.462999,43.006316],[-76.492667,43.015312],[-76.471774,43.104983]]]}},{"type":"Feature","properties":{"fips":"36057","name":"Montgomery","state":"NY"},"geometry":{"type":"Polygon","coordinates":[[[-74.743805,43.030741],[-74.759895,43.047423],[-74.542367,42.98553],[-74.289304,42.984415],[-74.097467,42.982934],[-74.09298,42.955868],[-74.083883,42.897354],[-74.256829,42.812214],[-74.263314,42.796534],[-74.454911,42.772979],[-74.648298,42.829558],[-74.763303,42.863237],[-74.743805,43.030741]]]}},{"type":"Feature","properties":{"fips":"42035","name":"Clinton","state":"PA"},"geometry":{"type":"Polygon","coordinates":[[[-78.093381,41.216931],[-77.988786,41.367453],[-77.989194,41.474822],[-77.598129,41.478576],[-77.597282,41.441056],[-77.526537,41.358528],[-77.349765,41.219918],[-77.144111,41.06884],[-77.14416,41.044338],[-77.339925,40.987167],[-77.508596,40.962938],[-77.621759,41.091185],[-77.746675,41.106261],[-77.790009,41.177142],[-77.897667,41.176918],[-77.898262,41.252665],[-77.973078,41.204188],[-78.003569,41.144856],[-78.038171,41.153603],[-78.061007,41.174539],[-78.093381,41.216931]]]}},{"type":"Feature","properties":{"fips":"34027","name":"Morris","state":"NJ"},"geometry":{"type":"Polygon","coordinates":[[[-74.850513,40.803956],[-74.769425,40.910934],[-74.71134,40.89918],[-74.63644,40.942638],[-74.640963,40.963228],[-74.535862,41.058513],[-74.503212,41.085873],[-74.497777,41.034261],[-74.447017,41.054429],[-74.300029,41.003115],[-74.282033,40.969171],[-74.266691,40.907726],[-74.271975,40.897321],[-74.326114,40.908605],[-74.371738,40.73964],[-74.380314,40.727561],[-74.443762,40.688038],[-74.461035,40.673504],[-74.523078,40.649125],[-74.513717,40.69775],[-74.550095,40.747327],[-74.555642,40.757963],[-74.725666,40.719532],[-74.82388,40.742358],[-74.889819,40.787729],[-74.850513,40.803956]]]}},{"type":"Feature","properties":{"fips":"36059","name":"Nassau","state":"NY"},"geometry":{"type":"Polygon","coordinates":[[[-73.74806,40.871721],[-73.7411972449486,40.8758545928374],[-73.713674,40.870099],[-73.654372,40.878199],[-73.617571,40.897898],[-73.499941,40.918166],[-73.4973510386263,40.9231822732944],[-73.477307,40.89925],[-73.451623,40.81973],[-73.438617,40.751287],[-73.430287,40.706615],[-73.423275,40.670483],[-73.4241151206597,40.6132119188686],[-73.4848683943471,40.5987548537601],[-73.507325,40.593411],[-73.640902,40.582823],[-73.7506217216563,40.5893197671277],[-73.768761,40.624352],[-73.730326,40.722157],[-73.707939,40.727771],[-73.701633,40.752493],[-73.778958,40.811713],[-73.74806,40.871721]]]}},{"type":"Feature","properties":{"fips":"36025","name":"Delaware","state":"NY"},"geometry":{"type":"Polygon","coordinates":[[[-75.415319,42.314151],[-75.341368,42.314797],[-75.197237,42.358329],[-74.844121,42.512591],[-74.71158,42.517799],[-74.618895,42.424389],[-74.443506,42.355017],[-74.53731,42.201424],[-74.451713,42.169225],[-74.530985,42.146475],[-74.780693,42.016375],[-75.1452931756179,41.8497375185041],[-75.190203,41.862454],[-75.263005,41.885109],[-75.291762,41.947092],[-75.341125,41.992772],[-75.3599310768702,41.9936893594868],[-75.402239,42.010699],[-75.418421,42.195032],[-75.415319,42.314151]]]}},{"type":"Feature","properties":{"fips":"50027","name":"Windsor","state":"VT"},"geometry":{"type":"Polygon","coordinates":[[[-72.98015,43.882924],[-72.876556,43.902765],[-72.865283,43.861656],[-72.791043,43.962244],[-72.773501,43.924538],[-72.2114826490853,43.7730437148214],[-72.222069,43.759831],[-72.284805,43.72036],[-72.329522,43.608393],[-72.3335965013563,43.6055913415891],[-72.37944,43.574069],[-72.380894,43.493394],[-72.413377,43.362741],[-72.402532,43.32038],[-72.421583,43.263442],[-72.4336262531276,43.2328655889508],[-72.68544,43.22258],[-72.819619,43.256006],[-72.819895,43.299372],[-72.868647,43.300529],[-72.852384,43.376279],[-72.75849,43.353307],[-72.724223,43.468174],[-72.78993,43.494546],[-72.757948,43.587424],[-72.699795,43.684577],[-72.819985,43.716697],[-72.791065,43.824097],[-72.874498,43.85806],[-72.959744,43.826077],[-72.98015,43.882924]]]}},{"type":"Feature","properties":{"fips":"50009","name":"Essex","state":"VT"},"geometry":{"type":"Polygon","coordinates":[[[-71.974825,44.787232],[-71.920145,44.901525],[-71.8993149383163,45.0080462005763],[-71.691898,45.011419],[-71.60984,45.012709],[-71.501088,45.013377],[-71.531605,44.976023],[-71.494403,44.911837],[-71.522393,44.880811],[-71.570402,44.805276],[-71.626909,44.747224],[-71.584574,44.665351],[-71.551722,44.627598],[-71.544922,44.579278],[-71.588076,44.54785],[-71.579974,44.501778],[-71.646551,44.468869],[-71.69092,44.421234],[-71.7631925213134,44.4035682627764],[-71.778613,44.399799],[-71.818838,44.352939],[-71.8378392792652,44.3477512592393],[-71.933222,44.441138],[-71.856691,44.496275],[-71.908938,44.547917],[-71.842372,44.610867],[-71.910198,44.646831],[-71.837067,44.716376],[-71.939292,44.769441],[-71.974825,44.787232]]]}},{"type":"Feature","properties":{"fips":"36115","name":"Washington","state":"NY"},"geometry":{"type":"Polygon","coordinates":[[[-73.606718,43.567138],[-73.49291,43.657139],[-73.43812,43.803687],[-73.3825261495399,43.8081589885495],[-73.350707,43.770463],[-73.3611071516843,43.7532334572839],[-73.393723,43.6992],[-73.414546,43.658209],[-73.424977,43.598775],[-73.395767,43.568087],[-73.327702,43.625913],[-73.292113,43.584509],[-73.242042,43.534925],[-73.252832,43.363493],[-73.2553649410914,43.3145364556694],[-73.26978,43.035923],[-73.273832807021,42.9436317475265],[-73.430623,42.95865],[-73.635463,42.94129],[-73.631124,42.97062],[-73.593635,43.01433],[-73.573342,43.100079],[-73.594713,43.305928],[-73.636717,43.497441],[-73.606718,43.567138]]]}},{"type":"Feature","properties":{"fips":"42119","name":"Union","state":"PA"},"geometry":{"type":"Polygon","coordinates":[[[-77.36418,40.846937],[-77.279236,40.90971],[-77.14416,41.044338],[-77.144111,41.06884],[-76.977939,41.087883],[-76.960229,41.148801],[-76.896114,41.13907],[-76.856424,41.047412],[-76.873964,40.946752],[-76.800242,40.881994],[-76.942073,40.888032],[-77.356628,40.807334],[-77.36418,40.846937]]]}},{"type":"Feature","properties":{"fips":"25015","name":"Hampshire","state":"MA"},"geometry":{"type":"Polygon","coordinates":[[[-73.011683,42.379683],[-72.975409,42.556037],[-72.876849,42.541197],[-72.855633,42.48092],[-72.700877,42.45292],[-72.704392,42.40555],[-72.489891,42.433816],[-72.375022,42.420819],[-72.355396,42.340678],[-72.356374,42.303326],[-72.314253,42.343688],[-72.284231,42.35201],[-72.213973,42.294257],[-72.221218,42.245252],[-72.395478,42.185737],[-72.403947,42.231847],[-72.607038,42.215596],[-72.609948,42.285224],[-72.613138,42.286265],[-72.686861,42.18339],[-72.793414,42.236854],[-72.912302,42.239133],[-72.885184,42.332615],[-73.000278,42.312597],[-73.062886,42.328951],[-73.011683,42.379683]]]}},{"type":"Feature","properties":{"fips":"36079","name":"Putnam","state":"NY"},"geometry":{"type":"Polygon","coordinates":[[[-73.980754,41.32542],[-73.947294,41.394765],[-73.981486,41.438905],[-73.933775,41.488279],[-73.861095,41.495951],[-73.579783,41.526461],[-73.5296777143013,41.5271610211283],[-73.536969,41.441094],[-73.5431473462655,41.3767706682974],[-73.5441352908263,41.3664850865317],[-73.982532,41.321824],[-73.980754,41.32542]]]}},{"type":"Feature","properties":{"fips":"23021","name":"Piscataquis","state":"ME"},"geometry":{"type":"Polygon","coordinates":[[[-69.784853,45.785212],[-69.732579,45.755978],[-69.702607,45.877099],[-69.646566,45.863988],[-69.683564,45.983632],[-69.728577,45.976882],[-69.73232,46.394008],[-69.721109,46.574053],[-68.821414,46.57251],[-68.819401,46.395782],[-68.827039,45.684826],[-68.95891,45.662195],[-68.964653,45.512367],[-68.857297,45.527301],[-68.776061,45.240317],[-68.880923,45.224947],[-68.856587,45.142783],[-69.355667,45.073469],[-69.499861,45.053778],[-69.620967,45.010956],[-69.779928,45.542766],[-69.701688,45.627982],[-69.832989,45.738432],[-69.784853,45.785212]]]}},{"type":"Feature","properties":{"fips":"36021","name":"Columbia","state":"NY"},"geometry":{"type":"Polygon","coordinates":[[[-73.910675,42.127293],[-73.786832,42.273007],[-73.783721,42.464231],[-73.352527,42.510002],[-73.508142,42.086257],[-73.4896799420321,42.0537977095867],[-73.527072,41.97798],[-73.71093,42.005488],[-73.929626,42.078778],[-73.910675,42.127293]]]}},{"type":"Feature","properties":{"fips":"42021","name":"Cambria","state":"PA"},"geometry":{"type":"Polygon","coordinates":[[[-78.998614,40.355878],[-78.973814,40.395421],[-78.816853,40.703458],[-78.801726,40.724618],[-78.402899,40.725239],[-78.348668,40.723443],[-78.439218,40.645317],[-78.441208,40.597239],[-78.539819,40.506293],[-78.561466,40.36967],[-78.618889,40.326471],[-78.651743,40.281524],[-78.658305,40.243235],[-78.884669,40.244575],[-78.933396,40.284816],[-79.056053,40.284861],[-78.998614,40.355878]]]}},{"type":"Feature","properties":{"fips":"34013","name":"Essex","state":"NJ"},"geometry":{"type":"Polygon","coordinates":[[[-74.326114,40.908605],[-74.271975,40.897321],[-74.196999,40.859464],[-74.130016,40.819938],[-74.147529,40.786491],[-74.148342,40.779885],[-74.165465,40.750996],[-74.117605,40.739638],[-74.117057,40.710381],[-74.112787,40.703102],[-74.114559,40.701072],[-74.135211,40.676253],[-74.136557,40.674368],[-74.136703,40.674444],[-74.209248,40.690709],[-74.256022,40.713418],[-74.297212,40.715189],[-74.371738,40.73964],[-74.326114,40.908605]]]}},{"type":"Feature","properties":{"fips":"25027","name":"Worcester","state":"MA"},"geometry":{"type":"Polygon","coordinates":[[[-72.291288,42.479525],[-72.244868,42.513439],[-72.224932,42.638937],[-72.2830340925109,42.722010250624],[-72.124526,42.717636],[-72.1110573073528,42.7172679403547],[-71.9290300590535,42.7122936725326],[-71.8987687719366,42.7114667208088],[-71.858483,42.633815],[-71.775755,42.64423],[-71.664601,42.611598],[-71.678969,42.53043],[-71.53878,42.54303],[-71.5591,42.411943],[-71.624702,42.350465],[-71.58521,42.310952],[-71.486797,42.330189],[-71.497046,42.289829],[-71.586759,42.259545],[-71.555738,42.182503],[-71.502626,42.191416],[-71.478119,42.156782],[-71.478522,42.131378],[-71.501402,42.116276],[-71.4982240131247,42.0158741110185],[-71.559439,42.014342],[-71.591096527631,42.0135133435572],[-71.6066944190753,42.0131050585708],[-71.799242,42.008065],[-71.80065,42.023569],[-71.8460061833253,42.0243734650785],[-71.987326,42.02688],[-72.1357314619467,42.0291419299417],[-72.135011,42.161784],[-72.264708,42.196274],[-72.221218,42.245252],[-72.213973,42.294257],[-72.284231,42.35201],[-72.314253,42.343688],[-72.291288,42.479525]]]}},{"type":"Feature","properties":{"fips":"42055","name":"Franklin","state":"PA"},"geometry":{"type":"Polygon","coordinates":[[[-78.0989706961667,39.7224661944281],[-78.0027,39.826599],[-77.920952,40.00045],[-77.864489,40.061568],[-77.737933,40.237079],[-77.70303,40.263576],[-77.671761,40.289825],[-77.602717,40.2282],[-77.614665,40.198549],[-77.532481,40.048749],[-77.454109,39.972432],[-77.471085,39.944077],[-77.4591384979573,39.7202291767892],[-77.4691450036804,39.72022900225],[-77.469274,39.720229],[-77.768644,39.721538],[-78.075861,39.722448],[-78.0989706961667,39.7224661944281]]]}},{"type":"Feature","properties":{"fips":"23015","name":"Lincoln","state":"ME"},"geometry":{"type":"Polygon","coordinates":[[[-69.758208,44.139334],[-69.656742,44.122392],[-69.665441,44.227576],[-69.650171,44.279625],[-69.542821,44.262477],[-69.506382,44.34287],[-69.409635,44.327998],[-69.451251,44.31395],[-69.40602,44.210674],[-69.337672,44.20937],[-69.282268,44.052584],[-69.363996,44.012873],[-69.3804897193431,43.9436402335565],[-69.393288,43.95642],[-69.422048,43.923047],[-69.438066,43.909539],[-69.50329,43.837673],[-69.552606,43.841347],[-69.578527,43.823316],[-69.650818,43.803785],[-69.6958154562599,43.7960549672913],[-69.743263,43.893926],[-69.700097,44.006685],[-69.813549,44.026011],[-69.758208,44.139334]]]}},{"type":"Feature","properties":{"fips":"36005","name":"Bronx","state":"NY"},"geometry":{"type":"Polygon","coordinates":[[[-73.9649687823477,40.8263035012169],[-73.9532150549994,40.8474591134658],[-73.9450156392176,40.8622172966197],[-73.938081,40.874699],[-73.9348922281485,40.8826498616415],[-73.9204843942222,40.9185742549309],[-73.84442,40.904172],[-73.824047,40.889866],[-73.74806,40.871721],[-73.778958,40.811713],[-73.827583,40.803936],[-73.878307,40.785357],[-73.912456,40.796096],[-73.9654070011692,40.8255147482372],[-73.9649687823477,40.8263035012169]]]}},{"type":"Feature","properties":{"fips":"42065","name":"Jefferson","state":"PA"},"geometry":{"type":"Polygon","coordinates":[[[-79.210722,41.032421],[-79.215214,41.050515],[-79.21132,41.078737],[-79.208878,41.331861],[-79.106444,41.326247],[-79.095096,41.340658],[-78.971904,41.376565],[-78.73528,41.262915],[-78.710248,41.201859],[-78.766377,41.202759],[-78.804532,41.132186],[-78.805167,40.90598],[-79.21531,40.911346],[-79.210722,41.032421]]]}},{"type":"Feature","properties":{"fips":"42043","name":"Dauphin","state":"PA"},"geometry":{"type":"Polygon","coordinates":[[[-76.949397,40.469037],[-76.992396,40.567877],[-76.949148,40.628167],[-76.919272,40.603544],[-76.701624,40.658082],[-76.535414,40.555157],[-76.67804,40.474717],[-76.566339,40.196644],[-76.697664,40.156342],[-76.72162,40.12007],[-76.752683,40.175803],[-76.800585,40.200111],[-76.824696,40.202319],[-76.839468,40.221615],[-76.859023,40.226328],[-76.924152,40.289166],[-76.91497,40.328484],[-77.020799,40.36623],[-76.949397,40.469037]]]}},{"type":"Feature","properties":{"fips":"33017","name":"Strafford","state":"NH"},"geometry":{"type":"Polygon","coordinates":[[[-71.236011,43.284994],[-71.159364,43.355123],[-71.162675,43.538959],[-71.037931,43.529826],[-71.024244,43.482913],[-70.9637926798064,43.5402209553665],[-70.954755,43.509802],[-70.968359,43.429283],[-70.984335,43.376128],[-70.923949,43.324768],[-70.872585,43.270152],[-70.813119,43.217252],[-70.824801,43.179685],[-70.8281,43.129086],[-70.819549285713,43.1232309734312],[-70.875436,43.080422],[-71.072936,43.081681],[-71.026686,43.137947],[-71.127948,43.200072],[-71.247336,43.275232],[-71.236011,43.284994]]]}},{"type":"Feature","properties":{"fips":"36083","name":"Rensselaer","state":"NY"},"geometry":{"type":"Polygon","coordinates":[[[-73.752165,42.56658],[-73.759565,42.614179],[-73.702463,42.699978],[-73.676762,42.783277],[-73.678874,42.912293],[-73.635463,42.94129],[-73.430623,42.95865],[-73.273832807021,42.9436317475265],[-73.2784918232505,42.8375357896173],[-73.278673,42.83341],[-73.290944,42.80192],[-73.264957,42.74594],[-73.352527,42.510002],[-73.783721,42.464231],[-73.752165,42.56658]]]}},{"type":"Feature","properties":{"fips":"42081","name":"Lycoming","state":"PA"},"geometry":{"type":"Polygon","coordinates":[[[-77.599278,41.542271],[-76.960481,41.551517],[-76.874714,41.596919],[-76.813731,41.590034],[-76.772397,41.471675],[-76.749497,41.405572],[-76.592532,41.304332],[-76.447597,41.275629],[-76.592607,41.157765],[-76.640767,41.155718],[-76.678776,41.154172],[-76.732672,41.17204],[-76.790807,41.175732],[-76.889669,41.150791],[-76.896114,41.13907],[-76.960229,41.148801],[-76.977939,41.087883],[-77.144111,41.06884],[-77.349765,41.219918],[-77.526537,41.358528],[-77.597282,41.441056],[-77.598129,41.478576],[-77.599278,41.542271]]]}},{"type":"Feature","properties":{"fips":"23001","name":"Androscoggin","state":"ME"},"geometry":{"type":"Polygon","coordinates":[[[-70.485288,44.060398],[-70.334094,44.210753],[-70.238904,44.458942],[-70.201276,44.477976],[-70.12939,44.487217],[-70.060498,44.191775],[-69.993792,44.180594],[-70.026319,44.133838],[-70.005471,44.124519],[-70.051824,43.990982],[-70.034238,43.975661],[-70.11586,43.90671],[-70.315374,44.037807],[-70.363874,43.986445],[-70.480078,44.032078],[-70.485288,44.060398]]]}},{"type":"Feature","properties":{"fips":"36095","name":"Schoharie","state":"NY"},"geometry":{"type":"Polygon","coordinates":[[[-74.630631,42.626674],[-74.667512,42.75071],[-74.648298,42.829558],[-74.454911,42.772979],[-74.263314,42.796534],[-74.272295,42.71427],[-74.180274,42.729979],[-74.169725,42.667426],[-74.241572,42.550802],[-74.263185,42.423213],[-74.254303,42.408207],[-74.244692,42.377159],[-74.443506,42.355017],[-74.618895,42.424389],[-74.71158,42.517799],[-74.630631,42.626674]]]}},{"type":"Feature","properties":{"fips":"36113","name":"Warren","state":"NY"},"geometry":{"type":"Polygon","coordinates":[[[-74.214625,43.728703],[-74.057005,43.744513],[-73.43812,43.803687],[-73.49291,43.657139],[-73.606718,43.567138],[-73.636717,43.497441],[-73.594713,43.305928],[-73.739824,43.265559],[-73.767498,43.222123],[-73.835811,43.253756],[-73.825828,43.305348],[-73.884139,43.398041],[-74.1601,43.371532],[-74.214625,43.728703]]]}},{"type":"Feature","properties":{"fips":"42097","name":"Northumberland","state":"PA"},"geometry":{"type":"Polygon","coordinates":[[[-76.939883,40.638142],[-76.864014,40.706693],[-76.849786,40.809089],[-76.800242,40.881994],[-76.873964,40.946752],[-76.856424,41.047412],[-76.896114,41.13907],[-76.889669,41.150791],[-76.790807,41.175732],[-76.732672,41.17204],[-76.734891,41.092133],[-76.793741,40.948989],[-76.661348,40.967996],[-76.556977,40.938609],[-76.528024,40.882613],[-76.501598,40.824765],[-76.411487,40.83349],[-76.380334,40.775445],[-76.701624,40.658082],[-76.919272,40.603544],[-76.949148,40.628167],[-76.939883,40.638142]]]}},{"type":"Feature","properties":{"fips":"36035","name":"Fulton","state":"NY"},"geometry":{"type":"Polygon","coordinates":[[[-74.695985,43.174177],[-74.712615,43.286143],[-74.534657,43.228115],[-74.326378,43.241635],[-74.220902,43.221403],[-74.140147,43.253979],[-74.11062,43.066753],[-74.097467,42.982934],[-74.289304,42.984415],[-74.542367,42.98553],[-74.759895,43.047423],[-74.695985,43.174177]]]}},{"type":"Feature","properties":{"fips":"42107","name":"Schuylkill","state":"PA"},"geometry":{"type":"Polygon","coordinates":[[[-76.701624,40.658082],[-76.380334,40.775445],[-76.30717,40.801809],[-76.284611,40.883588],[-76.207827,40.94974],[-76.107975,40.923198],[-76.028006,40.902313],[-75.997636,40.913259],[-75.886037,40.816267],[-75.757807,40.735414],[-75.807789,40.707492],[-75.891473,40.67727],[-75.993212,40.639712],[-76.017294,40.57424],[-76.171624,40.534947],[-76.440181,40.495952],[-76.535414,40.555157],[-76.701624,40.658082]]]}},{"type":"Feature","properties":{"fips":"09170","name":"South Central Connecticut","state":"CT"},"geometry":{"type":"Polygon","coordinates":[[[-73.122353,41.179797],[-73.086752,41.254596],[-73.040707,41.313891],[-73.025751,41.459596],[-72.952392,41.464589],[-72.886667,41.447957],[-72.850299,41.515731],[-72.853147,41.546412],[-72.848541,41.567329],[-72.752181,41.578894],[-72.748878,41.544279],[-72.74478,41.498183],[-72.746141,41.423297],[-72.678739,41.433797],[-72.653672,41.438125],[-72.614407,41.329966],[-72.5345648971681,41.2538242743911],[-72.547235,41.250499],[-72.598036,41.268698],[-72.653838,41.265897],[-72.6543540201512,41.2656263083002],[-72.690439,41.246697],[-72.760341,41.241235],[-72.786142,41.264796],[-72.881445,41.242597],[-72.9039337600629,41.2491941344625],[-72.935646,41.258497],[-72.9705054154992,41.2412743089963],[-72.986247,41.233497],[-73.020449,41.206397],[-73.07945,41.194015],[-73.1011738216445,41.1637262711643],[-73.122353,41.179797]]]}},{"type":"Feature","properties":{"fips":"42003","name":"Allegheny","state":"PA"},"geometry":{"type":"Polygon","coordinates":[[[-80.360801,40.477591],[-80.14511,40.613447],[-80.148497,40.673769],[-80.071434,40.674935],[-79.692878,40.669611],[-79.773361,40.582087],[-79.76509,40.549238],[-79.701624,40.525449],[-79.704783,40.426324],[-79.732523,40.399599],[-79.762068,40.392768],[-79.771082,40.375419],[-79.788648,40.297738],[-79.787502,40.263242],[-79.806854,40.233935],[-79.782588,40.227626],[-79.871425,40.197391],[-79.95794,40.214259],[-79.914461,40.252443],[-80.116278,40.312659],[-80.184603,40.333139],[-80.360801,40.477591]]]}},{"type":"Feature","properties":{"fips":"42005","name":"Armstrong","state":"PA"},"geometry":{"type":"Polygon","coordinates":[[[-79.689332,41.169471],[-79.620787,40.975167],[-79.284998,41.009295],[-79.215214,41.050515],[-79.210722,41.032421],[-79.21531,40.911346],[-79.215024,40.838301],[-79.215215,40.775942],[-79.450176,40.530149],[-79.49461,40.52488],[-79.668345,40.680049],[-79.69293,40.669744],[-79.689332,41.169471]]]}},{"type":"Feature","properties":{"fips":"42121","name":"Venango","state":"PA"},"geometry":{"type":"Polygon","coordinates":[[[-79.999779,41.490049],[-79.925369,41.550208],[-79.892757,41.562168],[-79.833325,41.601153],[-79.635783,41.61704],[-79.613147,41.623863],[-79.51207,41.624559],[-79.512276,41.46524],[-79.478163,41.440134],[-79.477822,41.386479],[-79.47814,41.335708],[-79.604161,41.321478],[-79.694984,41.172865],[-79.905353,41.172144],[-79.999779,41.171861],[-79.999779,41.490049]]]}},{"type":"Feature","properties":{"fips":"34011","name":"Cumberland","state":"NJ"},"geometry":{"type":"Polygon","coordinates":[[[-75.4171070774881,39.3889106867137],[-75.368213,39.456479],[-75.238434,39.559039],[-75.080309,39.460648],[-75.061854,39.568746],[-74.985271,39.514967],[-74.856015,39.423958],[-74.861294,39.323815],[-74.926347,39.209012],[-74.9151558055627,39.1766975035188],[-74.998002,39.191253],[-75.048487,39.215222],[-75.090794,39.210802],[-75.136667,39.181883],[-75.166667,39.222577],[-75.21251,39.262755],[-75.244357,39.2857],[-75.285333,39.292212],[-75.326754,39.332473],[-75.355558,39.347823],[-75.399304,39.37949],[-75.4171070774881,39.3889106867137]]]}},{"type":"Feature","properties":{"fips":"50003","name":"Bennington","state":"VT"},"geometry":{"type":"Polygon","coordinates":[[[-73.278673,42.83341],[-73.2784918232505,42.8375357896173],[-73.273832807021,42.9436317475265],[-73.26978,43.035923],[-73.2553649410914,43.3145364556694],[-72.98759,43.305005],[-72.975885,43.290551],[-72.868647,43.300529],[-72.819895,43.299372],[-72.819619,43.256006],[-72.848112,43.262847],[-72.868242,43.113931],[-72.997139,43.117457],[-73.008133,42.930556],[-72.92379,42.927442],[-72.9301066166812,42.7390651376842],[-73.0230178932901,42.7409727127269],[-73.264957,42.74594],[-73.290944,42.80192],[-73.278673,42.83341]]]}},{"type":"Feature","properties":{"fips":"50013","name":"Grand Isle","state":"VT"},"geometry":{"type":"Polygon","coordinates":[[[-73.389966,44.61962],[-73.36556,44.700297],[-73.357671,44.751018],[-73.33443,44.802188],[-73.365678,44.826451],[-73.379822,44.857037],[-73.338979,44.917681],[-73.34474,44.970468],[-73.343124,45.01084],[-73.1925740738871,45.0128576299227],[-73.240378,44.951289],[-73.191317,44.905603],[-73.257971,44.763586],[-73.228856,44.722806],[-73.261944,44.597532],[-73.3636601533155,44.5635384629765],[-73.367275,44.567545],[-73.389966,44.61962]]]}},{"type":"Feature","properties":{"fips":"23031","name":"York","state":"ME"},"geometry":{"type":"Polygon","coordinates":[[[-70.987258046746,43.7929735928842],[-70.970719,43.78499],[-70.782984,43.814147],[-70.653533,43.787738],[-70.659622,43.710902],[-70.549965,43.715796],[-70.457743,43.642372],[-70.492009,43.606769],[-70.3387374772484,43.5281092793689],[-70.361214,43.52919],[-70.385615,43.487031],[-70.327303,43.458521],[-70.383981,43.41294],[-70.416311,43.361059],[-70.465975,43.340246],[-70.517695,43.344037],[-70.553854,43.321886],[-70.585184,43.270113],[-70.575787,43.221859],[-70.596185,43.163466],[-70.62251,43.134573],[-70.665958,43.076234],[-70.703818,43.059825],[-70.756397,43.079988],[-70.819549285713,43.1232309734312],[-70.8281,43.129086],[-70.824801,43.179685],[-70.813119,43.217252],[-70.872585,43.270152],[-70.923949,43.324768],[-70.984335,43.376128],[-70.968359,43.429283],[-70.954755,43.509802],[-70.9637926798064,43.5402209553665],[-70.972716,43.570255],[-70.981946,43.70096],[-70.987258046746,43.7929735928842]]]}},{"type":"Feature","properties":{"fips":"09130","name":"Lower Connecticut River Valley","state":"CT"},"geometry":{"type":"Polygon","coordinates":[[[-72.752181,41.578894],[-72.713897,41.627705],[-72.627836,41.640199],[-72.54423,41.642696],[-72.505431,41.646999],[-72.46673,41.583899],[-72.430767,41.524567],[-72.323394,41.53425],[-72.276636,41.440449],[-72.2483536597,41.2958716831598],[-72.293044,41.280044],[-72.348643,41.277446],[-72.386629,41.261798],[-72.40593,41.278398],[-72.472539,41.270103],[-72.5345648971681,41.2538242743911],[-72.614407,41.329966],[-72.653672,41.438125],[-72.678739,41.433797],[-72.746141,41.423297],[-72.74478,41.498183],[-72.748878,41.544279],[-72.752181,41.578894]]]}},{"type":"Feature","properties":{"fips":"42079","name":"Luzerne","state":"PA"},"geometry":{"type":"Polygon","coordinates":[[[-76.310261,41.310198],[-76.282799,41.377244],[-76.063273,41.382426],[-76.00507,41.384551],[-75.834512,41.426965],[-75.688606,41.339446],[-75.649233,41.187173],[-75.600736,41.161497],[-75.649412,41.122304],[-75.693071,41.130974],[-75.766694,41.093669],[-75.732183,41.008124],[-75.997636,40.913259],[-76.028006,40.902313],[-76.107975,40.923198],[-76.207827,40.94974],[-76.228975,41.138466],[-76.27739,41.131795],[-76.319236,41.208092],[-76.310261,41.310198]]]}},{"type":"Feature","properties":{"fips":"44009","name":"Washington","state":"RI"},"geometry":{"type":"MultiPolygon","coordinates":[[[[-71.631472,41.166678],[-71.593342,41.237428],[-71.54541,41.24273],[-71.534084,41.181862],[-71.51921,41.149624],[-71.5937,41.146339],[-71.631472,41.166678]]],[[[-71.860513,41.320248],[-71.835951,41.353935],[-71.839649,41.412119],[-71.797683,41.416709],[-71.7935683158896,41.5057530964788],[-71.7893586727423,41.5968521603427],[-71.484427,41.602591],[-71.380542,41.650326],[-71.408433,41.472488],[-71.4172127867938,41.4560313135425],[-71.428652,41.454158],[-71.455371,41.407962],[-71.483295,41.371722],[-71.555381,41.373316],[-71.624505,41.36087],[-71.701631,41.336968],[-71.785957,41.325739],[-71.862772,41.309791],[-71.860513,41.320248]]]]}},{"type":"Feature","properties":{"fips":"42039","name":"Crawford","state":"PA"},"geometry":{"type":"Polygon","coordinates":[[[-80.5193967266905,41.8495629905593],[-79.612071,41.850328],[-79.613147,41.623863],[-79.635783,41.61704],[-79.833325,41.601153],[-79.892757,41.562168],[-79.925369,41.550208],[-79.999779,41.490049],[-80.125369,41.480396],[-80.5191652733637,41.4891096844823],[-80.519176130571,41.4993400518638],[-80.519357,41.669767],[-80.5193967266905,41.8495629905593]]]}},{"type":"Feature","properties":{"fips":"42033","name":"Clearfield","state":"PA"},"geometry":{"type":"Polygon","coordinates":[[[-78.805167,40.90598],[-78.804532,41.132186],[-78.766377,41.202759],[-78.710248,41.201859],[-78.646666,41.253778],[-78.236817,41.230475],[-78.093381,41.216931],[-78.061007,41.174539],[-78.038171,41.153603],[-78.111482,41.115226],[-78.057149,41.037533],[-78.078105,40.956447],[-78.166917,40.961345],[-78.288441,40.849747],[-78.376031,40.754497],[-78.360619,40.733181],[-78.348668,40.723443],[-78.402899,40.725239],[-78.801726,40.724618],[-78.806274,40.729742],[-78.805167,40.90598]]]}},{"type":"Feature","properties":{"fips":"25003","name":"Berkshire","state":"MA"},"geometry":{"type":"Polygon","coordinates":[[[-73.508142,42.086257],[-73.352527,42.510002],[-73.264957,42.74594],[-73.0230178932901,42.7409727127269],[-72.948838,42.704263],[-72.975409,42.556037],[-73.011683,42.379683],[-73.062886,42.328951],[-73.000278,42.312597],[-73.07213,42.143548],[-73.053397149764,42.0401165089147],[-73.1272291708784,42.0421231483548],[-73.231056,42.044945],[-73.487314,42.049638],[-73.4896799420321,42.0537977095867],[-73.508142,42.086257]]]}},{"type":"Feature","properties":{"fips":"44003","name":"Kent","state":"RI"},"geometry":{"type":"Polygon","coordinates":[[[-71.7896954316824,41.7251982448091],[-71.456412,41.732389],[-71.399378,41.768264],[-71.378273,41.755297],[-71.365207,41.735649],[-71.33097,41.686962],[-71.380542,41.650326],[-71.484427,41.602591],[-71.7893586727423,41.5968521603427],[-71.789356,41.59691],[-71.789678,41.724734],[-71.7896954316824,41.7251982448091]]]}},{"type":"Feature","properties":{"fips":"23017","name":"Oxford","state":"ME"},"geometry":{"type":"Polygon","coordinates":[[[-71.083924,45.305451],[-71.03821,45.311922],[-71.012757,45.34476],[-70.949365,45.331536],[-70.912111,45.296197],[-70.892822,45.239172],[-70.84443,45.234513],[-70.8340195374401,45.2717944023968],[-70.779842,45.018379],[-70.823634,45.01379],[-70.773902,44.839777],[-70.769228,44.732228],[-70.61503,44.795634],[-70.510598,44.627216],[-70.549985,44.610727],[-70.280748,44.569619],[-70.280908,44.505095],[-70.238904,44.458942],[-70.334094,44.210753],[-70.485288,44.060398],[-70.480078,44.032078],[-70.581463,44.018236],[-70.603784,44.041536],[-70.587331,44.122516],[-70.624506,44.170989],[-70.821803,44.077089],[-70.858605,44.095155],[-70.848077,44.049522],[-70.792531,44.04014],[-70.715418,43.961815],[-70.801403,43.855483],[-70.782984,43.814147],[-70.970719,43.78499],[-70.987258046746,43.7929735928842],[-70.989929,43.839239],[-71.001367,44.092931],[-71.008736,44.258825],[-71.0102711678683,44.284888321572],[-71.01127,44.301846],[-71.022992,44.500058],[-71.036705,44.736498],[-71.057861,45.000049],[-71.083924,45.305451]]]}},{"type":"Feature","properties":{"fips":"33019","name":"Sullivan","state":"NH"},"geometry":{"type":"Polygon","coordinates":[[[-72.440563,43.215254],[-72.4336262531276,43.2328655889508],[-72.421583,43.263442],[-72.402532,43.32038],[-72.413377,43.362741],[-72.380894,43.493394],[-72.37944,43.574069],[-72.3335965013563,43.6055913415891],[-72.106412,43.553485],[-72.090893,43.528857],[-71.93531,43.52888],[-72.011363,43.436871],[-72.053752,43.441097],[-72.090146,43.322553],[-72.009074,43.187882],[-72.035544,43.180283],[-72.038149,43.128807],[-72.178497,43.131866],[-72.156661,43.181968],[-72.4503959392159,43.1612135169064],[-72.440563,43.215254]]]}},{"type":"Feature","properties":{"fips":"34037","name":"Sussex","state":"NJ"},"geometry":{"type":"Polygon","coordinates":[[[-74.979873,41.110423],[-74.905256,41.155668],[-74.8793333807378,41.2050477441029],[-74.867405,41.22777],[-74.815703,41.296151],[-74.760325,41.340325],[-74.694914,41.357423],[-74.457584,41.248225],[-74.3670382614474,41.2042114724438],[-74.503212,41.085873],[-74.535862,41.058513],[-74.640963,40.963228],[-74.63644,40.942638],[-74.71134,40.89918],[-74.769425,40.910934],[-74.962665,41.090527],[-74.9830420742478,41.1060175588568],[-74.979873,41.110423]]]}},{"type":"Feature","properties":{"fips":"42019","name":"Butler","state":"PA"},"geometry":{"type":"Polygon","coordinates":[[[-80.166472,41.000928],[-80.098294,41.071054],[-80.082007,41.085033],[-79.999779,41.171861],[-79.905353,41.172144],[-79.694984,41.172865],[-79.689332,41.169471],[-79.69293,40.669744],[-79.692878,40.669611],[-80.071434,40.674935],[-80.148497,40.673769],[-80.15853,40.855096],[-80.166472,41.000928]]]}},{"type":"Feature","properties":{"fips":"42007","name":"Beaver","state":"PA"},"geometry":{"type":"Polygon","coordinates":[[[-80.5197051125992,40.8513367786854],[-80.15853,40.855096],[-80.148497,40.673769],[-80.14511,40.613447],[-80.360801,40.477591],[-80.5190171173474,40.4773631462371],[-80.518991,40.638801],[-80.5197051125992,40.8513367786854]]]}},{"type":"Feature","properties":{"fips":"36027","name":"Dutchess","state":"NY"},"geometry":{"type":"Polygon","coordinates":[[[-74.000108,41.456549],[-73.953307,41.589977],[-73.939581,41.870044],[-73.964413,41.913148],[-73.929626,42.078778],[-73.71093,42.005488],[-73.527072,41.97798],[-73.4896799420321,42.0537977095867],[-73.487314,42.049638],[-73.505008,41.823773],[-73.5179187906383,41.66672053071],[-73.520017,41.641197],[-73.5218340787912,41.6197480313024],[-73.5296777143013,41.5271610211283],[-73.579783,41.526461],[-73.861095,41.495951],[-73.933775,41.488279],[-73.981486,41.438905],[-74.000108,41.456549]]]}},{"type":"Feature","properties":{"fips":"42071","name":"Lancaster","state":"PA"},"geometry":{"type":"Polygon","coordinates":[[[-76.697664,40.156342],[-76.566339,40.196644],[-76.307578,40.255066],[-76.151215,40.315971],[-76.091764,40.277692],[-75.873375,40.137107],[-75.942997,40.109266],[-75.93587,40.037466],[-75.994629,39.952429],[-75.991644,39.868713],[-76.102479,39.724033],[-76.1356974269902,39.7217675506067],[-76.2332793471166,39.7216462556279],[-76.233485,39.721646],[-76.2396837411146,39.7216419899246],[-76.47358,39.947352],[-76.534927,40.051359],[-76.644508,40.058069],[-76.663825,40.063227],[-76.72162,40.12007],[-76.697664,40.156342]]]}},{"type":"Feature","properties":{"fips":"09160","name":"Northwest Hills","state":"CT"},"geometry":{"type":"Polygon","coordinates":[[[-73.505008,41.823773],[-73.487314,42.049638],[-73.231056,42.044945],[-73.1272291708784,42.0421231483548],[-73.053397149764,42.0401165089147],[-72.999549,42.038653],[-72.8636919761087,42.0370850109639],[-72.905945,41.921696],[-72.940647,41.895196],[-72.949024,41.806431],[-72.924133,41.808723],[-72.89827,41.723177],[-72.961962,41.715591],[-72.99855,41.712498],[-73.142031,41.672294],[-73.261446,41.664641],[-73.252265,41.512134],[-73.318889,41.505189],[-73.382124,41.683327],[-73.5179187906383,41.66672053071],[-73.505008,41.823773]]]}},{"type":"Feature","properties":{"fips":"42045","name":"Delaware","state":"PA"},"geometry":{"type":"Polygon","coordinates":[[[-75.597596,39.874161],[-75.404394,40.027434],[-75.361066,40.065543],[-75.320699,40.016216],[-75.276482,39.976959],[-75.234868,39.937456],[-75.262528,39.876561],[-75.211394924927,39.8664092625395],[-75.221025,39.861113],[-75.2572734800476,39.8549350617895],[-75.293376,39.848782],[-75.341765,39.846082],[-75.4104924776371,39.8046722343221],[-75.415062,39.801919],[-75.481207,39.829191],[-75.570433,39.839185],[-75.5796477422344,39.8374141038914],[-75.5925626443241,39.8349321082726],[-75.5943169052201,39.8345949730913],[-75.597596,39.874161]]]}},{"type":"Feature","properties":{"fips":"36031","name":"Essex","state":"NY"},"geometry":{"type":"Polygon","coordinates":[[[-74.255998,43.969797],[-74.28187,44.120552],[-74.09349,44.137615],[-74.141424,44.407268],[-73.909687,44.429699],[-73.669281,44.441355],[-73.496604,44.486081],[-73.463838,44.537681],[-73.3479832324265,44.546162853597],[-73.312871,44.507246],[-73.293613,44.440559],[-73.320954,44.382669],[-73.334637,44.356877],[-73.324229,44.310023],[-73.3174559746651,44.2635221898768],[-73.316618,44.257769],[-73.349889,44.230356],[-73.395399,44.166903],[-73.416319,44.099422],[-73.43688,44.042578],[-73.405977,44.011485],[-73.411248,43.975596],[-73.407742,43.929887],[-73.374051,43.875563],[-73.390302,43.817371],[-73.3825261495399,43.8081589885495],[-73.43812,43.803687],[-74.057005,43.744513],[-74.047062,43.796343],[-74.149076,43.829613],[-74.213734,43.810875],[-74.336826,43.925223],[-74.255998,43.969797]]]}},{"type":"Feature","properties":{"fips":"50001","name":"Addison","state":"VT"},"geometry":{"type":"Polygon","coordinates":[[[-73.416319,44.099422],[-73.395399,44.166903],[-73.349889,44.230356],[-73.316618,44.257769],[-73.3174559746651,44.2635221898768],[-72.975883,44.295036],[-72.952204,44.161412],[-72.916778,44.071886],[-72.742241,44.029637],[-72.791043,43.962244],[-72.865283,43.861656],[-72.876556,43.902765],[-72.98015,43.882924],[-72.959744,43.826077],[-73.029938,43.846716],[-73.218956,43.837291],[-73.206322,43.766775],[-73.3611071516843,43.7532334572839],[-73.350707,43.770463],[-73.3825261495399,43.8081589885495],[-73.390302,43.817371],[-73.374051,43.875563],[-73.407742,43.929887],[-73.411248,43.975596],[-73.405977,44.011485],[-73.43688,44.042578],[-73.416319,44.099422]]]}},{"type":"Feature","properties":{"fips":"50021","name":"Rutland","state":"VT"},"geometry":{"type":"Polygon","coordinates":[[[-73.414546,43.658209],[-73.393723,43.6992],[-73.3611071516843,43.7532334572839],[-73.206322,43.766775],[-73.218956,43.837291],[-73.029938,43.846716],[-72.959744,43.826077],[-72.874498,43.85806],[-72.791065,43.824097],[-72.819985,43.716697],[-72.699795,43.684577],[-72.757948,43.587424],[-72.78993,43.494546],[-72.724223,43.468174],[-72.75849,43.353307],[-72.852384,43.376279],[-72.868647,43.300529],[-72.975885,43.290551],[-72.98759,43.305005],[-73.2553649410914,43.3145364556694],[-73.252832,43.363493],[-73.242042,43.534925],[-73.292113,43.584509],[-73.327702,43.625913],[-73.395767,43.568087],[-73.424977,43.598775],[-73.414546,43.658209]]]}},{"type":"Feature","properties":{"fips":"42009","name":"Bedford","state":"PA"},"geometry":{"type":"Polygon","coordinates":[[[-78.757241,39.823484],[-78.763206,40.057005],[-78.658305,40.243235],[-78.651743,40.281524],[-78.618889,40.326471],[-78.447895,40.244395],[-78.434288,40.302301],[-78.288764,40.242107],[-78.257305,40.297883],[-78.236302,40.224559],[-78.134863,40.165131],[-78.206894,40.086265],[-78.181533,40.058925],[-78.299003,39.8255],[-78.380477064564,39.72270413884],[-78.723578,39.723122],[-78.8082995296216,39.7230709562769],[-78.757241,39.823484]]]}},{"type":"Feature","properties":{"fips":"36097","name":"Schuyler","state":"NY"},"geometry":{"type":"Polygon","coordinates":[[[-77.107203,42.483771],[-76.989329,42.484821],[-76.987913,42.463239],[-76.889805,42.463054],[-76.895596,42.541537],[-76.696655,42.54679],[-76.686622,42.390351],[-76.691406,42.284307],[-76.619303,42.282853],[-76.642256,42.233721],[-76.732677,42.248052],[-76.733912,42.29372],[-76.965028,42.278495],[-77.099657,42.272356],[-77.104873,42.389291],[-77.107203,42.483771]]]}},{"type":"Feature","properties":{"fips":"42063","name":"Indiana","state":"PA"},"geometry":{"type":"Polygon","coordinates":[[[-79.450176,40.530149],[-79.215215,40.775942],[-79.215024,40.838301],[-79.21531,40.911346],[-78.805167,40.90598],[-78.806274,40.729742],[-78.801726,40.724618],[-78.816853,40.703458],[-78.973814,40.395421],[-79.016617,40.420279],[-79.121634,40.370576],[-79.155789,40.411765],[-79.395461,40.457132],[-79.453765,40.48425],[-79.450176,40.530149]]]}},{"type":"Feature","properties":{"fips":"36051","name":"Livingston","state":"NY"},"geometry":{"type":"Polygon","coordinates":[[[-78.060729,42.533084],[-77.955883,42.667887],[-77.954964,42.862754],[-77.95553,42.905861],[-77.909832,42.987762],[-77.730957,42.988372],[-77.759052,42.940462],[-77.580377,42.943963],[-77.61167,42.763169],[-77.598815,42.671965],[-77.486875,42.670279],[-77.490889,42.577288],[-77.659917,42.580409],[-77.661315,42.535067],[-77.720617,42.535066],[-77.722964,42.471216],[-77.840231,42.474576],[-77.840694,42.517771],[-78.038261,42.521522],[-78.060729,42.533084]]]}},{"type":"Feature","properties":{"fips":"25021","name":"Norfolk","state":"MA"},"geometry":{"type":"MultiPolygon","coordinates":[[[[-70.8358517753944,42.2647632647134],[-70.788724,42.25392],[-70.7815745455685,42.2486369460239],[-70.827015,42.200786],[-70.85338,42.239607],[-70.8358517753944,42.2647632647134]]],[[[-71.501402,42.116276],[-71.478522,42.131378],[-71.478119,42.156782],[-71.402295,42.178794],[-71.384765,42.192014],[-71.34417,42.200703],[-71.332434,42.247729],[-71.30846,42.270709],[-71.32975,42.312991],[-71.269958,42.328086],[-71.246146,42.321013],[-71.191247,42.282992],[-71.188212,42.280438],[-71.146642,42.255755],[-71.130771,42.227926],[-71.122517,42.235199],[-71.126377,42.239162],[-71.109347,42.24799],[-71.111659,42.260631],[-71.102691,42.259884],[-71.08982,42.269539],[-71.083381,42.268688],[-71.073264,42.270317],[-71.06814,42.271],[-71.041694,42.305298],[-70.9930596399482,42.3128922804124],[-70.967351,42.268168],[-70.9484970435343,42.2823546937823],[-70.914091,42.2888],[-70.924877,42.15758],[-70.940768,42.151365],[-71.080483,42.095539],[-71.138607,42.072775],[-71.168681,42.061161],[-71.353265,41.98954],[-71.3814313468931,41.9850841191295],[-71.381401,42.018798],[-71.4982240131247,42.0158741110185],[-71.501402,42.116276]]]]}},{"type":"Feature","properties":{"fips":"23009","name":"Hancock","state":"ME"},"geometry":{"type":"Polygon","coordinates":[[[-68.896384,44.209935],[-68.792354,44.494534],[-68.846945,44.625307],[-68.815793,44.683754],[-68.743953,44.660579],[-68.691015,44.721705],[-68.647134,44.703636],[-68.616673,44.740992],[-68.445219,44.763014],[-68.501095,44.980718],[-68.375892,44.997373],[-68.396903,45.083296],[-68.270497,45.100121],[-68.303714,45.221531],[-68.054985,45.252577],[-67.981851,44.955885],[-68.105017,44.939088],[-68.017219,44.589087],[-67.962624,44.423414],[-67.9438439570552,44.407015790843],[-67.978876,44.387034],[-68.01399,44.390255],[-68.049334,44.33073],[-68.103757,44.364362],[-68.125624,44.387127],[-68.189155,44.373833],[-68.173608,44.328397],[-68.191924,44.306675],[-68.22949,44.266918],[-68.17433,44.225908],[-68.306519,44.234829],[-68.314789,44.197157],[-68.331032,44.10758],[-68.438518,44.11618],[-68.502942,44.099722],[-68.5314142023518,44.0898523802565],[-68.548472,44.129699],[-68.720917,44.11526],[-68.828471,44.209007],[-68.896384,44.209935]]]}},{"type":"Feature","properties":{"fips":"36061","name":"New York","state":"NY"},"geometry":{"type":"Polygon","coordinates":[[[-74.0294745361997,40.7256518630867],[-74.0195090269308,40.7453085470169],[-74.013784,40.756601],[-73.9845857755727,40.7975527523865],[-73.9712111786194,40.8163111938137],[-73.940463,40.76753],[-73.962478,40.736802],[-73.962645,40.722747],[-73.979233,40.705769],[-74.0470400238482,40.6910044377047],[-74.0294745361997,40.7256518630867]]]}},{"type":"Feature","properties":{"fips":"50017","name":"Orange","state":"VT"},"geometry":{"type":"Polygon","coordinates":[[[-72.791043,43.962244],[-72.742241,44.029637],[-72.682874,44.01281],[-72.586558,44.16026],[-72.443376,44.1288],[-72.419197,44.220781],[-72.36888,44.203888],[-72.174365,44.192661],[-72.053859587702,44.1599265291283],[-72.036883,44.103119],[-72.075486,44.034614],[-72.116706,43.991954],[-72.105875,43.94937],[-72.16978,43.873425],[-72.183333,43.808177],[-72.2114826490853,43.7730437148214],[-72.773501,43.924538],[-72.791043,43.962244]]]}},{"type":"Feature","properties":{"fips":"50019","name":"Orleans","state":"VT"},"geometry":{"type":"Polygon","coordinates":[[[-72.53328,44.834081],[-72.5537800215062,45.0094314139369],[-72.532503,45.00786],[-72.348583,45.005625],[-72.023292,45.006792],[-71.915009,45.007791],[-71.8993149383163,45.0080462005763],[-71.920145,44.901525],[-71.974825,44.787232],[-71.939292,44.769441],[-72.011454,44.698833],[-72.11436,44.749812],[-72.262875,44.542489],[-72.37386,44.584162],[-72.482793,44.634103],[-72.417315,44.722893],[-72.579075,44.780896],[-72.53328,44.834081]]]}},{"type":"Feature","properties":{"fips":"23007","name":"Franklin","state":"ME"},"geometry":{"type":"Polygon","coordinates":[[[-70.82979,45.286941],[-70.808613,45.311606],[-70.819471,45.341435],[-70.806244,45.376558],[-70.825612,45.400305],[-70.781471,45.431159],[-70.755567,45.428361],[-70.729972,45.399359],[-70.677995,45.394362],[-70.634661,45.383608],[-70.635498,45.427817],[-70.674903,45.452399],[-70.723396,45.510394],[-70.688214,45.563981],[-70.649578,45.598147],[-70.591275,45.630551],[-70.5528239160963,45.6678060455628],[-70.518696,45.512127],[-70.418519,45.144005],[-70.308491,45.163183],[-70.293826,45.109903],[-70.159375,45.128396],[-70.110365,44.947311],[-70.149085,44.896102],[-70.12993,44.850765],[-70.03327,44.86454],[-69.996191,44.677497],[-69.960149,44.681226],[-69.930451,44.610852],[-70.040215,44.588722],[-70.042201,44.485435],[-70.12939,44.487217],[-70.201276,44.477976],[-70.238904,44.458942],[-70.280908,44.505095],[-70.280748,44.569619],[-70.549985,44.610727],[-70.510598,44.627216],[-70.61503,44.795634],[-70.769228,44.732228],[-70.773902,44.839777],[-70.823634,45.01379],[-70.779842,45.018379],[-70.8340195374401,45.2717944023968],[-70.82979,45.286941]]]}},{"type":"Feature","properties":{"fips":"36045","name":"Jefferson","state":"NY"},"geometry":{"type":"Polygon","coordinates":[[[-76.412138,43.925676],[-76.279314,43.972462],[-76.307674,44.025277],[-76.37556,44.031536],[-76.361836,44.072721],[-76.370706,44.100499],[-76.355679,44.133258],[-76.334584,44.164945],[-76.286547,44.203773],[-76.206777,44.214543],[-76.164265,44.239603],[-76.161833,44.280777],[-76.097351,44.299547],[-76.000998,44.347534],[-75.94954,44.349129],[-75.861341562052,44.4051473192277],[-75.628517,44.299102],[-75.446277,44.21773],[-75.548012,44.101698],[-75.484957,44.073682],[-75.543102,43.968019],[-75.603629,43.971327],[-75.758633,43.87877],[-75.840399,43.883926],[-75.850914,43.791894],[-75.786954,43.788702],[-75.773819,43.688778],[-76.025087,43.707018],[-76.022003,43.668143],[-76.2014825473857,43.6802859602237],[-76.213205,43.753513],[-76.229268,43.804135],[-76.296758,43.857079],[-76.361037,43.872585],[-76.441848,43.882864],[-76.412138,43.925676]]]}},{"type":"Feature","properties":{"fips":"33005","name":"Cheshire","state":"NH"},"geometry":{"type":"Polygon","coordinates":[[[-72.556112,42.866252],[-72.531469,42.89795],[-72.532186,42.954945],[-72.492597,42.967648],[-72.444977,43.004416],[-72.462248,43.044214],[-72.435191,43.086622],[-72.451802,43.153486],[-72.4503959392159,43.1612135169064],[-72.156661,43.181968],[-72.178497,43.131866],[-72.038149,43.128807],[-72.062222,42.944796],[-72.00619,42.943789],[-71.97471,42.789402],[-71.9290300590535,42.7122936725326],[-72.1110573073528,42.7172679403547],[-72.124526,42.717636],[-72.2830340925109,42.722010250624],[-72.458519,42.726853],[-72.477615,42.761245],[-72.5396,42.804832],[-72.556112,42.866252]]]}},{"type":"Feature","properties":{"fips":"42075","name":"Lebanon","state":"PA"},"geometry":{"type":"Polygon","coordinates":[[[-76.67804,40.474717],[-76.535414,40.555157],[-76.440181,40.495952],[-76.205528,40.360661],[-76.151215,40.315971],[-76.307578,40.255066],[-76.566339,40.196644],[-76.67804,40.474717]]]}},{"type":"Feature","properties":{"fips":"42017","name":"Bucks","state":"PA"},"geometry":{"type":"Polygon","coordinates":[[[-75.409733,40.487984],[-75.333514,40.537057],[-75.258151,40.582009],[-75.1892364013559,40.6090569611221],[-75.1881998781252,40.5926133666486],[-75.186737,40.569406],[-75.136748,40.575731],[-75.078503,40.548296],[-75.062227,40.481391],[-75.070568,40.455165],[-75.056102,40.416066],[-75.024775,40.403455],[-74.969597,40.39977],[-74.946006,40.357306],[-74.9281105690914,40.3398284476893],[-74.90331,40.315607],[-74.856508,40.277407],[-74.823907,40.241508],[-74.760605,40.198909],[-74.7484976572578,40.184908614104],[-74.721604,40.15381],[-74.7233792971515,40.1528955462317],[-74.769488,40.129145],[-74.825907,40.12391],[-74.863809,40.08221],[-74.932211,40.068411],[-74.9731758798159,40.046332290708],[-74.963174,40.116675],[-75.015066,40.137992],[-75.106878,40.192279],[-75.483858,40.418634],[-75.409733,40.487984]]]}},{"type":"Feature","properties":{"fips":"42083","name":"McKean","state":"PA"},"geometry":{"type":"Polygon","coordinates":[[[-78.948612,41.830481],[-78.915642,41.840896],[-78.9188983633788,41.9991031002259],[-78.59665,41.999877],[-78.3081443402607,41.9990711776986],[-78.271204,41.998968],[-78.2063790981571,41.9990887227984],[-78.20364,41.617599],[-78.412163,41.617301],[-78.420498,41.601874],[-78.483815,41.631481],[-78.956138,41.623334],[-78.948612,41.830481]]]}},{"type":"Feature","properties":{"fips":"42001","name":"Adams","state":"PA"},"geometry":{"type":"Polygon","coordinates":[[[-77.471085,39.944077],[-77.403606,39.994478],[-77.35373,40.003302],[-77.18563,40.029501],[-77.137425,40.069945],[-77.018648,40.013947],[-76.966202,39.935192],[-76.954932,39.85685],[-76.999679,39.83128],[-76.9993180263332,39.7200676723526],[-77.2170237552374,39.7202172483854],[-77.23995,39.720233],[-77.4591384979573,39.7202291767892],[-77.471085,39.944077]]]}},{"type":"Feature","properties":{"fips":"42015","name":"Bradford","state":"PA"},"geometry":{"type":"Polygon","coordinates":[[[-76.9269253205306,42.0007235735426],[-76.558118,42.000155],[-76.5576987221493,42.0001496652537],[-76.462155,41.998934],[-76.1455189947821,41.998866463308],[-76.115172,41.651825],[-76.197998,41.647823],[-76.220073,41.541278],[-76.813731,41.590034],[-76.874714,41.596919],[-76.9269253205306,42.0007235735426]]]}},{"type":"Feature","properties":{"fips":"42101","name":"Philadelphia","state":"PA"},"geometry":{"type":"Polygon","coordinates":[[[-75.237331,39.996128],[-75.205978,40.011723],[-75.264431,40.054094],[-75.22361,40.092907],[-75.139427,40.063358],[-75.109431,40.045874],[-75.015066,40.137992],[-74.963174,40.116675],[-74.9731758798159,40.046332290708],[-74.989914,40.037311],[-75.059017,39.992512],[-75.0607519886792,39.9917310058102],[-75.11922,39.965412],[-75.13572,39.947112],[-75.135548101392,39.9433078838052],[-75.1342656240616,39.9149266604838],[-75.13342,39.896213],[-75.1407939068226,39.8941020495155],[-75.183023,39.882013],[-75.211394924927,39.8664092625395],[-75.262528,39.876561],[-75.234868,39.937456],[-75.276482,39.976959],[-75.237331,39.996128]]]}},{"type":"Feature","properties":{"fips":"23019","name":"Penobscot","state":"ME"},"geometry":{"type":"Polygon","coordinates":[[[-69.355667,45.073469],[-68.856587,45.142783],[-68.880923,45.224947],[-68.776061,45.240317],[-68.857297,45.527301],[-68.964653,45.512367],[-68.95891,45.662195],[-68.827039,45.684826],[-68.819401,46.395782],[-68.694877,46.382612],[-68.436443,46.382121],[-68.436902,46.04289],[-68.427598,45.944591],[-68.433028,45.578482],[-68.409296,45.573578],[-68.048012,45.639897],[-67.93976,45.267845],[-68.054985,45.252577],[-68.303714,45.221531],[-68.270497,45.100121],[-68.396903,45.083296],[-68.375892,44.997373],[-68.501095,44.980718],[-68.445219,44.763014],[-68.616673,44.740992],[-68.647134,44.703636],[-68.691015,44.721705],[-68.743953,44.660579],[-68.815793,44.683754],[-69.183732,44.644023],[-69.2052,44.729586],[-69.266785,44.721928],[-69.281275,44.808657],[-69.355667,45.073469]]]}},{"type":"Feature","properties":{"fips":"36087","name":"Rockland","state":"NY"},"geometry":{"type":"Polygon","coordinates":[[[-74.2344924405545,41.1428915543507],[-73.980754,41.32542],[-73.982532,41.321824],[-73.946583,41.290993],[-73.970784,41.247893],[-73.88948,41.145095],[-73.894713,41.070023],[-73.88938,41.037597],[-73.893979,40.997197],[-74.041054,41.059088],[-74.2116176431986,41.1329813635363],[-74.234473,41.142883],[-74.2344924405545,41.1428915543507]]]}},{"type":"Feature","properties":{"fips":"42041","name":"Cumberland","state":"PA"},"geometry":{"type":"Polygon","coordinates":[[[-77.605448,40.185362],[-77.360082,40.314075],[-77.420845,40.255368],[-77.322842,40.270721],[-76.974219,40.31033],[-76.91497,40.328484],[-76.924152,40.289166],[-76.859023,40.226328],[-76.902886,40.224603],[-76.905875,40.165723],[-77.028784,40.147797],[-77.137425,40.069945],[-77.18563,40.029501],[-77.35373,40.003302],[-77.403606,39.994478],[-77.471085,39.944077],[-77.454109,39.972432],[-77.532481,40.048749],[-77.614665,40.198549],[-77.605448,40.185362]]]}},{"type":"Feature","properties":{"fips":"33003","name":"Carroll","state":"NH"},"geometry":{"type":"Polygon","coordinates":[[[-71.564603,43.893172],[-71.361965,43.915938],[-71.383613,44.022611],[-71.346656,44.068822],[-71.415898,44.212169],[-71.356482,44.165836],[-71.335882,44.085752],[-71.30245,44.137402],[-71.251957,44.244266],[-71.098434,44.235454],[-71.04228,44.237514],[-71.0102711678683,44.284888321572],[-71.008736,44.258825],[-71.001367,44.092931],[-70.989929,43.839239],[-70.987258046746,43.7929735928842],[-70.981946,43.70096],[-70.972716,43.570255],[-70.9637926798064,43.5402209553665],[-71.024244,43.482913],[-71.037931,43.529826],[-71.162675,43.538959],[-71.208941,43.550517],[-71.43989,43.695558],[-71.531658,43.760979],[-71.532332,43.764818],[-71.564603,43.893172]]]}},{"type":"Feature","properties":{"fips":"42111","name":"Somerset","state":"PA"},"geometry":{"type":"Polygon","coordinates":[[[-79.417558,39.853776],[-79.293884,40.040446],[-79.183619,40.110686],[-79.073699,40.264811],[-79.056053,40.284861],[-78.933396,40.284816],[-78.884669,40.244575],[-78.658305,40.243235],[-78.763206,40.057005],[-78.757241,39.823484],[-78.8082995296216,39.7230709562769],[-78.9284161298889,39.7229985874409],[-79.045576,39.722928],[-79.3924584050224,39.7214393586401],[-79.409959,39.734978],[-79.356757,39.781477],[-79.417558,39.853776]]]}},{"type":"Feature","properties":{"fips":"42057","name":"Fulton","state":"PA"},"geometry":{"type":"Polygon","coordinates":[[[-78.380477064564,39.72270413884],[-78.299003,39.8255],[-78.181533,40.058925],[-78.206894,40.086265],[-78.134863,40.165131],[-77.92556,40.103977],[-77.864489,40.061568],[-77.920952,40.00045],[-78.0027,39.826599],[-78.0989706961667,39.7224661944281],[-78.342593,39.722658],[-78.3428335185744,39.7226582929265],[-78.380477064564,39.72270413884]]]}},{"type":"Feature","properties":{"fips":"36001","name":"Albany","state":"NY"},"geometry":{"type":"Polygon","coordinates":[[[-74.263185,42.423213],[-74.241572,42.550802],[-74.169725,42.667426],[-74.180274,42.729979],[-73.832618,42.772263],[-73.809369,42.778869],[-73.726663,42.822577],[-73.676762,42.783277],[-73.702463,42.699978],[-73.759565,42.614179],[-73.752165,42.56658],[-73.783721,42.464231],[-74.254303,42.408207],[-74.263185,42.423213]]]}},{"type":"Feature","properties":{"fips":"23011","name":"Kennebec","state":"ME"},"geometry":{"type":"Polygon","coordinates":[[[-70.12939,44.487217],[-70.042201,44.485435],[-70.040215,44.588722],[-69.930451,44.610852],[-69.818524,44.581456],[-69.776294,44.608236],[-69.665525,44.586402],[-69.579094,44.626971],[-69.633118,44.700373],[-69.483395,44.720271],[-69.471712,44.692899],[-69.393123,44.640375],[-69.41684,44.55108],[-69.372419,44.544585],[-69.445498,44.463839],[-69.506382,44.34287],[-69.542821,44.262477],[-69.650171,44.279625],[-69.665441,44.227576],[-69.656742,44.122392],[-69.758208,44.139334],[-69.763566,44.153217],[-69.854983,44.167862],[-69.897783,44.107662],[-70.005471,44.124519],[-70.026319,44.133838],[-69.993792,44.180594],[-70.060498,44.191775],[-70.12939,44.487217]]]}},{"type":"Feature","properties":{"fips":"50015","name":"Lamoille","state":"VT"},"geometry":{"type":"Polygon","coordinates":[[[-72.850793,44.711124],[-72.79322,44.690669],[-72.729097,44.804039],[-72.579075,44.780896],[-72.417315,44.722893],[-72.482793,44.634103],[-72.37386,44.584162],[-72.434116,44.506019],[-72.482734,44.441741],[-72.493561,44.423977],[-72.597285,44.479385],[-72.65434,44.398297],[-72.804857,44.451882],[-72.809956,44.546714],[-72.923777,44.633214],[-72.850793,44.711124]]]}},{"type":"Feature","properties":{"fips":"09110","name":"Capitol","state":"CT"},"geometry":{"type":"Polygon","coordinates":[[[-72.940647,41.895196],[-72.905945,41.921696],[-72.8636919761087,42.0370850109639],[-72.847142,42.036894],[-72.810078,41.998316],[-72.7747593160786,42.0021291041803],[-72.766739,42.002995],[-72.735496,42.036399],[-72.607933,42.030795],[-72.528131,42.034295],[-72.317148,42.031907],[-72.2053557620642,42.0302031125089],[-72.217719,41.835184],[-72.164498,41.834913],[-72.156321,41.753491],[-72.186977,41.755427],[-72.334226,41.643598],[-72.328095,41.605471],[-72.46673,41.583899],[-72.505431,41.646999],[-72.54423,41.642696],[-72.627836,41.640199],[-72.713897,41.627705],[-72.752181,41.578894],[-72.848541,41.567329],[-72.853147,41.546412],[-72.94635,41.556797],[-72.938501,41.644311],[-72.883388,41.649468],[-72.89827,41.723177],[-72.924133,41.808723],[-72.949024,41.806431],[-72.940647,41.895196]]]}},{"type":"Feature","properties":{"fips":"23013","name":"Knox","state":"ME"},"geometry":{"type":"MultiPolygon","coordinates":[[[[-68.935327,44.13038],[-68.888597,44.15955],[-68.9104197559239,44.1799508444103],[-68.896384,44.209935],[-68.828471,44.209007],[-68.720917,44.11526],[-68.548472,44.129699],[-68.5314142023518,44.0898523802565],[-68.584101,44.071589],[-68.617085,44.010097],[-68.657031,44.003823],[-68.669383,44.076359],[-68.77965,44.057754],[-68.874139,44.025359],[-68.905098,44.077344],[-68.935327,44.13038]]],[[[-68.92401,43.885407],[-68.874784,43.904715],[-68.849009,43.849841],[-68.888483,43.803781],[-68.944433,43.835326],[-68.92401,43.885407]]],[[[-69.409635,44.327998],[-69.346616,44.308337],[-69.268882,44.364653],[-69.121622,44.255644],[-69.0210745450046,44.2304353141229],[-69.040193,44.233673],[-69.054546,44.171542],[-69.075667,44.129991],[-69.031878,44.079036],[-69.068112,44.039768],[-69.043912,44.006336],[-69.077028,43.973654],[-69.131536,43.976089],[-69.17498,43.976949],[-69.212939,43.921404],[-69.242812,43.918818],[-69.279918,43.879579],[-69.321031,43.856708],[-69.354577,43.917765],[-69.3804897193431,43.9436402335565],[-69.363996,44.012873],[-69.282268,44.052584],[-69.337672,44.20937],[-69.40602,44.210674],[-69.451251,44.31395],[-69.409635,44.327998]]]]}},{"type":"Feature","properties":{"fips":"34039","name":"Union","state":"NJ"},"geometry":{"type":"Polygon","coordinates":[[[-74.40853,40.644346],[-74.403172,40.666387],[-74.461035,40.673504],[-74.443762,40.688038],[-74.380314,40.727561],[-74.371738,40.73964],[-74.297212,40.715189],[-74.256022,40.713418],[-74.209248,40.690709],[-74.136703,40.674444],[-74.1601467831532,40.6460765164448],[-74.170611,40.645289],[-74.2001860628537,40.6318401804838],[-74.202247,40.630903],[-74.2036686021776,40.5932053855576],[-74.302921,40.608683],[-74.39472,40.600989],[-74.463291,40.599187],[-74.40853,40.644346]]]}},{"type":"Feature","properties":{"fips":"42103","name":"Pike","state":"PA"},"geometry":{"type":"Polygon","coordinates":[[[-75.311143,41.331439],[-75.350648,41.367694],[-75.265712,41.372382],[-75.0461986059117,41.6037640199027],[-75.043879,41.575094],[-74.982463,41.496467],[-74.890358,41.455324],[-74.799546,41.43129],[-74.7562718347252,41.4276274285434],[-74.734893,41.425818],[-74.694914,41.357423],[-74.760325,41.340325],[-74.815703,41.296151],[-74.867405,41.22777],[-74.8793333807378,41.2050477441029],[-74.905256,41.155668],[-74.979873,41.110423],[-74.9830420742478,41.1060175588568],[-74.9923859951822,41.0930282469934],[-75.156507,41.150341],[-75.129721,41.252101],[-75.359184,41.239206],[-75.311143,41.331439]]]}},{"type":"Feature","properties":{"fips":"36121","name":"Wyoming","state":"NY"},"geometry":{"type":"Polygon","coordinates":[[[-78.464382,42.867355],[-78.074171,42.870188],[-77.954964,42.862754],[-77.955883,42.667887],[-78.060729,42.533084],[-78.038261,42.521522],[-78.308839,42.521217],[-78.458149,42.519197],[-78.463901,42.536354],[-78.463321,42.780462],[-78.486249,42.85733],[-78.464382,42.867355]]]}},{"type":"Feature","properties":{"fips":"34023","name":"Middlesex","state":"NJ"},"geometry":{"type":"Polygon","coordinates":[[[-74.62024,40.373749],[-74.584987,40.418176],[-74.489491,40.474452],[-74.459863,40.491046],[-74.523917,40.56967],[-74.463291,40.599187],[-74.39472,40.600989],[-74.302921,40.608683],[-74.2036686021776,40.5932053855576],[-74.203688,40.592691],[-74.216839,40.558618],[-74.249211,40.545064],[-74.260611,40.502436],[-74.261889,40.464706],[-74.2246524660147,40.4486624894865],[-74.260402,40.396666],[-74.262074,40.395373],[-74.393384,40.279637],[-74.484962,40.253325],[-74.48203,40.273915],[-74.573397,40.3009],[-74.624473,40.328838],[-74.62024,40.373749]]]}},{"type":"Feature","properties":{"fips":"36071","name":"Orange","state":"NY"},"geometry":{"type":"Polygon","coordinates":[[[-74.761435,41.490245],[-74.475619,41.503953],[-74.367055,41.590977],[-74.264093,41.632738],[-74.126393,41.582544],[-74.134511,41.615695],[-74.053685,41.58061],[-73.953307,41.589977],[-74.000108,41.456549],[-73.981486,41.438905],[-73.947294,41.394765],[-73.980754,41.32542],[-74.2344924405545,41.1428915543507],[-74.301994,41.172594],[-74.3670382614474,41.2042114724438],[-74.457584,41.248225],[-74.694914,41.357423],[-74.734893,41.425818],[-74.7562718347252,41.4276274285434],[-74.761435,41.490245]]]}},{"type":"Feature","properties":{"fips":"36043","name":"Herkimer","state":"NY"},"geometry":{"type":"Polygon","coordinates":[[[-75.219106,43.052469],[-75.160906,43.114769],[-75.069165,43.227333],[-75.16035,43.255805],[-75.076581,43.330705],[-75.110692,43.614984],[-75.167806,44.095939],[-75.062779,44.0504],[-74.854171,44.070089],[-74.775617,43.486677],[-74.867712,43.339826],[-74.712615,43.286143],[-74.695985,43.174177],[-74.759895,43.047423],[-74.743805,43.030741],[-74.763303,42.863237],[-74.878822,42.898274],[-74.906738,42.824943],[-75.100999,42.908363],[-75.210642,42.856549],[-75.212158,42.879973],[-75.219106,43.052469]]]}},{"type":"Feature","properties":{"fips":"50023","name":"Washington","state":"VT"},"geometry":{"type":"Polygon","coordinates":[[[-72.952204,44.161412],[-72.861251,44.3669],[-72.802375,44.38858],[-72.804857,44.451882],[-72.65434,44.398297],[-72.597285,44.479385],[-72.493561,44.423977],[-72.482734,44.441741],[-72.434116,44.506019],[-72.220115,44.421162],[-72.36888,44.203888],[-72.419197,44.220781],[-72.443376,44.1288],[-72.586558,44.16026],[-72.682874,44.01281],[-72.742241,44.029637],[-72.916778,44.071886],[-72.952204,44.161412]]]}},{"type":"Feature","properties":{"fips":"42029","name":"Chester","state":"PA"},"geometry":{"type":"Polygon","coordinates":[[[-76.102479,39.724033],[-75.991644,39.868713],[-75.994629,39.952429],[-75.93587,40.037466],[-75.942997,40.109266],[-75.873375,40.137107],[-75.696782,40.241863],[-75.599339,40.237679],[-75.525945,40.148611],[-75.415021,40.090138],[-75.361066,40.065543],[-75.404394,40.027434],[-75.597596,39.874161],[-75.5943169052201,39.8345949730913],[-75.662846,39.821425],[-75.717059,39.792325],[-75.753228,39.757989],[-75.773786,39.7222],[-75.788596,39.722199],[-76.1356974269902,39.7217675506067],[-76.102479,39.724033]]]}},{"type":"Feature","properties":{"fips":"36013","name":"Chautauqua","state":"NY"},"geometry":{"type":"Polygon","coordinates":[[[-79.761951,42.26986],[-79.627484,42.324686],[-79.453533,42.411157],[-79.381943,42.466491],[-79.283364,42.511228],[-79.193232,42.545881],[-79.138569,42.564462],[-79.1359444040215,42.5691787099736],[-79.107778,42.569965],[-79.060777,42.537853],[-79.0612581876299,41.9988381187249],[-79.472472,41.998255],[-79.6108357749867,41.9985199041084],[-79.761313,41.998808],[-79.762122,42.131246],[-79.761951,42.26986]]]}},{"type":"Feature","properties":{"fips":"33001","name":"Belknap","state":"NH"},"geometry":{"type":"Polygon","coordinates":[[[-71.727573,43.563411],[-71.651153,43.621119],[-71.648346,43.684511],[-71.521557,43.697778],[-71.531658,43.760979],[-71.43989,43.695558],[-71.208941,43.550517],[-71.162675,43.538959],[-71.159364,43.355123],[-71.236011,43.284994],[-71.55003,43.452701],[-71.612838,43.43813],[-71.706346,43.537623],[-71.727573,43.563411]]]}},{"type":"Feature","properties":{"fips":"36123","name":"Yates","state":"NY"},"geometry":{"type":"Polygon","coordinates":[[[-77.367132,42.667837],[-77.31289,42.761539],[-76.971392,42.764223],[-76.947429,42.76443],[-76.895349,42.656255],[-76.895596,42.541537],[-76.889805,42.463054],[-76.987913,42.463239],[-76.989329,42.484821],[-77.107203,42.483771],[-77.143946,42.494705],[-77.143795,42.576869],[-77.366505,42.576368],[-77.367132,42.667837]]]}},{"type":"Feature","properties":{"fips":"34025","name":"Monmouth","state":"NJ"},"geometry":{"type":"Polygon","coordinates":[[[-74.614576,40.182383],[-74.484962,40.253325],[-74.393384,40.279637],[-74.262074,40.395373],[-74.260402,40.396666],[-74.2246524660147,40.4486624894865],[-74.206188,40.440707],[-74.157094,40.447571],[-74.108295,40.443788],[-74.047884,40.418908],[-74.019334,40.471244],[-73.997943,40.476668],[-73.976982,40.408508],[-73.971381,40.34801],[-73.981681,40.279411],[-74.007636380237,40.1956061612582],[-74.030181,40.122814],[-74.0349623822635,40.1025843059482],[-74.107804,40.136918],[-74.239267,40.112283],[-74.261455,40.167033],[-74.40671,40.172402],[-74.528374,40.089613],[-74.553105,40.07913],[-74.587835,40.138254],[-74.614576,40.182383]]]}},{"type":"Feature","properties":{"fips":"42085","name":"Mercer","state":"PA"},"geometry":{"type":"Polygon","coordinates":[[[-80.5191972048065,41.1332184995725],[-80.518893,41.232556],[-80.5191652733637,41.4891096844823],[-80.125369,41.480396],[-79.999779,41.490049],[-79.999779,41.171861],[-80.082007,41.085033],[-80.098294,41.071054],[-80.147303,41.113917],[-80.257933,41.128165],[-80.5192220860809,41.1250935667958],[-80.5191972048065,41.1332184995725]]]}},{"type":"Feature","properties":{"fips":"36093","name":"Schenectady","state":"NY"},"geometry":{"type":"Polygon","coordinates":[[[-74.263314,42.796534],[-74.256829,42.812214],[-74.083883,42.897354],[-74.09298,42.955868],[-73.955458,42.897306],[-73.904386,42.911163],[-73.895938,42.851076],[-73.809369,42.778869],[-73.832618,42.772263],[-74.180274,42.729979],[-74.272295,42.71427],[-74.263314,42.796534]]]}},{"type":"Feature","properties":{"fips":"42125","name":"Washington","state":"PA"},"geometry":{"type":"Polygon","coordinates":[[[-80.51912,40.01641],[-80.5190843704566,40.1596719951181],[-80.519039,40.342101],[-80.5190296911941,40.3996410563407],[-80.5190171173474,40.4773631462371],[-80.360801,40.477591],[-80.184603,40.333139],[-80.116278,40.312659],[-79.914461,40.252443],[-79.95794,40.214259],[-79.871425,40.197391],[-79.90489,40.154231],[-79.877864,40.126959],[-79.838999,40.090601],[-79.877048,40.036826],[-79.998014,39.983322],[-80.301396,40.020559],[-80.5191607943145,39.9622000525219],[-80.51912,40.01641]]]}},{"type":"Feature","properties":{"fips":"50005","name":"Caledonia","state":"VT"},"geometry":{"type":"Polygon","coordinates":[[[-72.37386,44.584162],[-72.262875,44.542489],[-72.11436,44.749812],[-72.011454,44.698833],[-71.939292,44.769441],[-71.837067,44.716376],[-71.910198,44.646831],[-71.842372,44.610867],[-71.908938,44.547917],[-71.856691,44.496275],[-71.933222,44.441138],[-71.8378392792652,44.3477512592393],[-71.875863,44.33737],[-71.945163,44.337744],[-72.002314,44.324871],[-72.046302,44.291983],[-72.05399,44.246926],[-72.061338,44.184951],[-72.053859587702,44.1599265291283],[-72.174365,44.192661],[-72.36888,44.203888],[-72.220115,44.421162],[-72.434116,44.506019],[-72.37386,44.584162]]]}},{"type":"Feature","properties":{"fips":"36009","name":"Cattaraugus","state":"NY"},"geometry":{"type":"Polygon","coordinates":[[[-79.060777,42.537853],[-78.991702,42.529249],[-78.919766,42.442386],[-78.695937,42.47194],[-78.463901,42.536354],[-78.458149,42.519197],[-78.308839,42.521217],[-78.3081443402607,41.9990711776986],[-78.59665,41.999877],[-78.9188983633788,41.9991031002259],[-78.983065,41.998949],[-79.0612581876299,41.9988381187249],[-79.060777,42.537853]]]}},{"type":"Feature","properties":{"fips":"50011","name":"Franklin","state":"VT"},"geometry":{"type":"Polygon","coordinates":[[[-73.257971,44.763586],[-73.191317,44.905603],[-73.240378,44.951289],[-73.1925740738871,45.0128576299227],[-73.048386,45.01479],[-72.93644,45.014267],[-72.582371,45.011543],[-72.5537800215062,45.0094314139369],[-72.53328,44.834081],[-72.579075,44.780896],[-72.729097,44.804039],[-72.79322,44.690669],[-72.850793,44.711124],[-72.923777,44.633214],[-73.037835,44.651281],[-73.228856,44.722806],[-73.257971,44.763586]]]}},{"type":"Feature","properties":{"fips":"42073","name":"Lawrence","state":"PA"},"geometry":{"type":"Polygon","coordinates":[[[-80.519891,40.906661],[-80.5192220860809,41.1250935667958],[-80.257933,41.128165],[-80.147303,41.113917],[-80.098294,41.071054],[-80.166472,41.000928],[-80.15853,40.855096],[-80.5197051125992,40.8513367786854],[-80.5198697076862,40.9003239342489],[-80.519891,40.906661]]]}},{"type":"Feature","properties":{"fips":"09180","name":"Southeastern Connecticut","state":"CT"},"geometry":{"type":"Polygon","coordinates":[[[-72.46673,41.583899],[-72.328095,41.605471],[-72.334226,41.643598],[-72.186977,41.755427],[-72.156321,41.753491],[-72.112045,41.745897],[-72.119773,41.661834],[-71.884422,41.641204],[-71.863408,41.514926],[-71.7935683158896,41.5057530964788],[-71.797683,41.416709],[-71.839649,41.412119],[-71.835951,41.353935],[-71.860513,41.320248],[-71.886302,41.33641],[-71.956747,41.329871],[-72.021898,41.316838],[-72.094443,41.314164],[-72.134221,41.299398],[-72.201422,41.315697],[-72.235531,41.300413],[-72.2483536597,41.2958716831598],[-72.276636,41.440449],[-72.323394,41.53425],[-72.430767,41.524567],[-72.46673,41.583899]]]}},{"type":"Feature","properties":{"fips":"34033","name":"Salem","state":"NJ"},"geometry":{"type":"Polygon","coordinates":[[[-75.559446,39.629812],[-75.535144,39.647212],[-75.509742,39.686113],[-75.47764,39.715013],[-75.459439,39.765813],[-75.415062,39.801919],[-75.4104924776371,39.8046722343221],[-75.429061,39.78382],[-75.32672,39.690372],[-75.199793,39.666996],[-75.061854,39.568746],[-75.080309,39.460648],[-75.238434,39.559039],[-75.368213,39.456479],[-75.4171070774881,39.3889106867137],[-75.442393,39.402291],[-75.465212,39.43893],[-75.536431,39.460559],[-75.528088,39.498114],[-75.527676,39.535278],[-75.512732,39.578],[-75.543965,39.596],[-75.559446,39.629812]]]}},{"type":"Feature","properties":{"fips":"42047","name":"Elk","state":"PA"},"geometry":{"type":"Polygon","coordinates":[[[-79.06352,41.453207],[-78.958957,41.437061],[-78.956138,41.623334],[-78.483815,41.631481],[-78.420498,41.601874],[-78.420028,41.405046],[-78.253959,41.404721],[-78.236817,41.230475],[-78.646666,41.253778],[-78.710248,41.201859],[-78.73528,41.262915],[-78.971904,41.376565],[-79.095096,41.340658],[-79.06352,41.453207]]]}},{"type":"Feature","properties":{"fips":"42077","name":"Lehigh","state":"PA"},"geometry":{"type":"Polygon","coordinates":[[[-75.807789,40.707492],[-75.757807,40.735414],[-75.694749,40.770075],[-75.608985,40.787387],[-75.481469,40.655744],[-75.387318,40.632719],[-75.404412,40.581154],[-75.333514,40.537057],[-75.409733,40.487984],[-75.483858,40.418634],[-75.529813,40.447092],[-75.76674,40.597033],[-75.891473,40.67727],[-75.807789,40.707492]]]}},{"type":"Feature","properties":{"fips":"36075","name":"Oswego","state":"NY"},"geometry":{"type":"Polygon","coordinates":[[[-76.6172137325776,43.4201755544656],[-76.515882,43.471136],[-76.417581,43.521285],[-76.368849,43.525822],[-76.319701,43.512275],[-76.235834,43.529256],[-76.203473,43.574978],[-76.196596,43.649761],[-76.2014825473857,43.6802859602237],[-76.022003,43.668143],[-76.025087,43.707018],[-75.773819,43.688778],[-75.756416,43.470416],[-75.814627,43.483578],[-75.862927,43.319274],[-75.884275,43.155562],[-75.932778,43.176583],[-75.955599,43.172182],[-75.959359,43.180389],[-75.979489,43.177401],[-75.992428,43.185164],[-75.993394,43.183376],[-76.078902,43.19948],[-76.203334,43.271493],[-76.258951,43.237468],[-76.479224,43.227519],[-76.605012,43.25357],[-76.6172137325776,43.4201755544656]]]}},{"type":"Feature","properties":{"fips":"36103","name":"Suffolk","state":"NY"},"geometry":{"type":"MultiPolygon","coordinates":[[[[-72.018926,41.274114],[-71.926802,41.290122],[-71.917281,41.251333],[-72.034754,41.234818],[-72.018926,41.274114]]],[[[-73.485365,40.946397],[-73.436664,40.934897],[-73.4296313554143,40.9381723287418],[-73.392862,40.955297],[-73.33136,40.929597],[-73.229285,40.905121],[-73.148994,40.928898],[-73.144673,40.955842],[-73.110368,40.971938],[-73.040445,40.964498],[-72.859831,40.966088],[-72.708069,40.977851],[-72.585327,40.997587],[-72.504305,41.043329],[-72.445242,41.086116],[-72.389809,41.108304],[-72.354123,41.139952],[-72.291109,41.155874],[-72.189163,41.193549],[-72.182033,41.178345],[-72.254704,41.110852],[-72.283093,41.067874],[-72.217476,41.040611],[-72.162898,41.053187],[-72.126704,41.115139],[-72.084207,41.101524],[-72.095711,41.05402],[-72.051928,41.020506],[-71.959595,41.071237],[-71.919385,41.080517],[-71.856214,41.070598],[-71.936977,41.006137],[-72.097369,40.95888],[-72.298727,40.903151],[-72.39585,40.86666],[-72.757176,40.764371],[-72.8078157852932,40.7487894102986],[-72.923214,40.713282],[-73.012545,40.679651],[-73.20844,40.630884],[-73.306396,40.620756],[-73.351465,40.6305],[-73.4241151206597,40.6132119188686],[-73.423275,40.670483],[-73.430287,40.706615],[-73.438617,40.751287],[-73.451623,40.81973],[-73.477307,40.89925],[-73.4973510386263,40.9231822732944],[-73.485365,40.946397]]]]}},{"type":"Feature","properties":{"fips":"25011","name":"Franklin","state":"MA"},"geometry":{"type":"Polygon","coordinates":[[[-73.0230178932901,42.7409727127269],[-72.9301066166812,42.7390651376842],[-72.8642918548454,42.7377138851592],[-72.809113,42.736581],[-72.458519,42.726853],[-72.2830340925109,42.722010250624],[-72.224932,42.638937],[-72.244868,42.513439],[-72.291288,42.479525],[-72.314253,42.343688],[-72.356374,42.303326],[-72.355396,42.340678],[-72.375022,42.420819],[-72.489891,42.433816],[-72.704392,42.40555],[-72.700877,42.45292],[-72.855633,42.48092],[-72.876849,42.541197],[-72.975409,42.556037],[-72.948838,42.704263],[-73.0230178932901,42.7409727127269]]]}},{"type":"Feature","properties":{"fips":"36077","name":"Otsego","state":"NY"},"geometry":{"type":"Polygon","coordinates":[[[-75.374905,42.410784],[-75.403616,42.509222],[-75.325407,42.588821],[-75.295877,42.744106],[-75.251416,42.784565],[-75.247963,42.871604],[-75.212158,42.879973],[-75.210642,42.856549],[-75.100999,42.908363],[-74.906738,42.824943],[-74.878822,42.898274],[-74.763303,42.863237],[-74.648298,42.829558],[-74.667512,42.75071],[-74.630631,42.626674],[-74.71158,42.517799],[-74.844121,42.512591],[-75.197237,42.358329],[-75.341368,42.314797],[-75.415319,42.314151],[-75.374905,42.410784]]]}},{"type":"Feature","properties":{"fips":"36023","name":"Cortland","state":"NY"},"geometry":{"type":"Polygon","coordinates":[[[-76.274673,42.771257],[-75.896079,42.790964],[-75.889832,42.723844],[-75.883843,42.655634],[-75.86402,42.415702],[-76.021374,42.409008],[-76.130181,42.410337],[-76.253359,42.407568],[-76.261481,42.550453],[-76.265584,42.623588],[-76.274673,42.771257]]]}},{"type":"Feature","properties":{"fips":"33007","name":"Coos","state":"NH"},"geometry":{"type":"Polygon","coordinates":[[[-71.7631925213134,44.4035682627764],[-71.69092,44.421234],[-71.646551,44.468869],[-71.579974,44.501778],[-71.588076,44.54785],[-71.544922,44.579278],[-71.551722,44.627598],[-71.584574,44.665351],[-71.626909,44.747224],[-71.570402,44.805276],[-71.522393,44.880811],[-71.494403,44.911837],[-71.531605,44.976023],[-71.501088,45.013377],[-71.498399,45.069629],[-71.448678,45.109001],[-71.419058,45.170488],[-71.405636,45.198139],[-71.438546,45.239004],[-71.360664,45.269835],[-71.283684,45.301977],[-71.244499,45.268139],[-71.182587,45.241069],[-71.13943,45.242958],[-71.109349,45.282222],[-71.083924,45.305451],[-71.057861,45.000049],[-71.036705,44.736498],[-71.022992,44.500058],[-71.01127,44.301846],[-71.0102711678683,44.284888321572],[-71.04228,44.237514],[-71.098434,44.235454],[-71.251957,44.244266],[-71.30245,44.137402],[-71.335882,44.085752],[-71.356482,44.165836],[-71.415898,44.212169],[-71.443338,44.249172],[-71.575819,44.254596],[-71.587004,44.304759],[-71.696885,44.332118],[-71.7631925213134,44.4035682627764]]]}},{"type":"Feature","properties":{"fips":"36119","name":"Westchester","state":"NY"},"geometry":{"type":"Polygon","coordinates":[[[-73.982532,41.321824],[-73.5441352908263,41.3664850865317],[-73.550961,41.295422],[-73.482709,41.21276],[-73.727775,41.100696],[-73.7060285207249,41.0742979372722],[-73.659533,41.017857],[-73.659362,41.004034],[-73.657336,40.985171],[-73.697974,40.939598],[-73.756776,40.912599],[-73.766276,40.881099],[-73.7411972449486,40.8758545928374],[-73.74806,40.871721],[-73.824047,40.889866],[-73.84442,40.904172],[-73.9204843942222,40.9185742549309],[-73.90728,40.951498],[-73.893979,40.997197],[-73.88938,41.037597],[-73.894713,41.070023],[-73.88948,41.145095],[-73.970784,41.247893],[-73.946583,41.290993],[-73.982532,41.321824]]]}},{"type":"Feature","properties":{"fips":"34019","name":"Hunterdon","state":"NJ"},"geometry":{"type":"Polygon","coordinates":[[[-75.1881998781252,40.5926133666486],[-74.968927,40.710392],[-74.889819,40.787729],[-74.82388,40.742358],[-74.725666,40.719532],[-74.712962,40.584231],[-74.775979,40.503606],[-74.752013,40.431361],[-74.748147,40.424156],[-74.856262,40.346696],[-74.9281105690914,40.3398284476893],[-74.946006,40.357306],[-74.969597,40.39977],[-75.024775,40.403455],[-75.056102,40.416066],[-75.070568,40.455165],[-75.062227,40.481391],[-75.078503,40.548296],[-75.136748,40.575731],[-75.186737,40.569406],[-75.1881998781252,40.5926133666486]]]}},{"type":"Feature","properties":{"fips":"36047","name":"Kings","state":"NY"},"geometry":{"type":"Polygon","coordinates":[[[-74.067720330319,40.6703805942445],[-74.047313,40.690466],[-74.0470400238482,40.6910044377047],[-73.979233,40.705769],[-73.962645,40.722747],[-73.962478,40.736802],[-73.896518,40.682397],[-73.868917,40.69515],[-73.861077,40.674021],[-73.857282,40.670312],[-73.8254940011311,40.5761495789939],[-73.940591,40.542896],[-73.9737917702446,40.5608547025179],[-73.991346,40.57035],[-74.0365576544541,40.5889884137416],[-74.0379705239158,40.5895708663395],[-74.041393,40.603106],[-74.05663,40.627287],[-74.055749,40.651476],[-74.0710905992628,40.6670634911162],[-74.067720330319,40.6703805942445]]]}},{"type":"Feature","properties":{"fips":"36111","name":"Ulster","state":"NY"},"geometry":{"type":"Polygon","coordinates":[[[-74.530985,42.146475],[-74.451713,42.169225],[-74.307571,42.114346],[-74.271606,42.111625],[-74.074797,42.096589],[-74.00245,42.176992],[-73.910675,42.127293],[-73.929626,42.078778],[-73.964413,41.913148],[-73.939581,41.870044],[-73.953307,41.589977],[-74.053685,41.58061],[-74.134511,41.615695],[-74.126393,41.582544],[-74.264093,41.632738],[-74.367055,41.590977],[-74.395071,41.644876],[-74.575086,41.745258],[-74.453685,41.875595],[-74.780693,42.016375],[-74.530985,42.146475]]]}},{"type":"Feature","properties":{"fips":"42105","name":"Potter","state":"PA"},"geometry":{"type":"Polygon","coordinates":[[[-78.2063790981571,41.9990887227984],[-78.031177,41.999415],[-77.83203,41.998524],[-77.749932223724,41.9987554366682],[-77.610020114476,41.9991498540796],[-77.599278,41.542271],[-77.598129,41.478576],[-77.989194,41.474822],[-78.050442,41.475462],[-78.20364,41.617599],[-78.2063790981571,41.9990887227984]]]}},{"type":"Feature","properties":{"fips":"09150","name":"Northeastern Connecticut","state":"CT"},"geometry":{"type":"Polygon","coordinates":[[[-72.2053557620642,42.0302031125089],[-72.1357314619467,42.0291419299417],[-71.987326,42.02688],[-71.8460061833253,42.0243734650785],[-71.80065,42.023569],[-71.799242,42.008065],[-71.792767,41.807001],[-71.7896954316824,41.7251982448091],[-71.789678,41.724734],[-71.789356,41.59691],[-71.7893586727423,41.5968521603427],[-71.7935683158896,41.5057530964788],[-71.863408,41.514926],[-71.884422,41.641204],[-72.119773,41.661834],[-72.112045,41.745897],[-72.156321,41.753491],[-72.164498,41.834913],[-72.217719,41.835184],[-72.2053557620642,42.0302031125089]]]}},{"type":"Feature","properties":{"fips":"42129","name":"Westmoreland","state":"PA"},"geometry":{"type":"Polygon","coordinates":[[[-79.90489,40.154231],[-79.871425,40.197391],[-79.782588,40.227626],[-79.806854,40.233935],[-79.787502,40.263242],[-79.788648,40.297738],[-79.771082,40.375419],[-79.762068,40.392768],[-79.732523,40.399599],[-79.704783,40.426324],[-79.701624,40.525449],[-79.76509,40.549238],[-79.773361,40.582087],[-79.692878,40.669611],[-79.69293,40.669744],[-79.668345,40.680049],[-79.49461,40.52488],[-79.450176,40.530149],[-79.453765,40.48425],[-79.395461,40.457132],[-79.155789,40.411765],[-79.121634,40.370576],[-79.016617,40.420279],[-78.973814,40.395421],[-78.998614,40.355878],[-79.056053,40.284861],[-79.073699,40.264811],[-79.183619,40.110686],[-79.293884,40.040446],[-79.471093,40.145342],[-79.593021,40.082055],[-79.746056,40.128457],[-79.877864,40.126959],[-79.90489,40.154231]]]}},{"type":"Feature","properties":{"fips":"42037","name":"Columbia","state":"PA"},"geometry":{"type":"Polygon","coordinates":[[[-76.640767,41.155718],[-76.592607,41.157765],[-76.447597,41.275629],[-76.407934,41.308418],[-76.310261,41.310198],[-76.319236,41.208092],[-76.27739,41.131795],[-76.228975,41.138466],[-76.207827,40.94974],[-76.284611,40.883588],[-76.30717,40.801809],[-76.380334,40.775445],[-76.411487,40.83349],[-76.501598,40.824765],[-76.528024,40.882613],[-76.514869,40.958799],[-76.569915,41.053761],[-76.618971,41.063759],[-76.640767,41.155718]]]}},{"type":"Feature","properties":{"fips":"23025","name":"Somerset","state":"ME"},"geometry":{"type":"Polygon","coordinates":[[[-70.552793,45.667836],[-70.446903,45.704044],[-70.383552,45.734869],[-70.415684,45.786158],[-70.39662,45.808486],[-70.329748,45.853795],[-70.259117,45.890755],[-70.252526,45.933176],[-70.26541,45.962692],[-70.31297,45.961856],[-70.303034,45.998976],[-70.317629,46.01908],[-70.306734,46.061344],[-70.266349,46.100993],[-70.239566,46.142762],[-70.290896,46.185838],[-70.255492,46.246444],[-70.232682,46.284428],[-70.205719,46.299865],[-70.207415,46.331316],[-70.161337,46.360984],[-70.118597,46.384233],[-70.080292,46.410531],[-70.053748,46.429236],[-70.0230197674623,46.5734865644986],[-69.721109,46.574053],[-69.73232,46.394008],[-69.728577,45.976882],[-69.683564,45.983632],[-69.646566,45.863988],[-69.702607,45.877099],[-69.732579,45.755978],[-69.784853,45.785212],[-69.832989,45.738432],[-69.701688,45.627982],[-69.779928,45.542766],[-69.620967,45.010956],[-69.499861,45.053778],[-69.355667,45.073469],[-69.281275,44.808657],[-69.266785,44.721928],[-69.384996,44.753882],[-69.471712,44.692899],[-69.483395,44.720271],[-69.633118,44.700373],[-69.579094,44.626971],[-69.665525,44.586402],[-69.776294,44.608236],[-69.818524,44.581456],[-69.930451,44.610852],[-69.960149,44.681226],[-69.996191,44.677497],[-70.03327,44.86454],[-70.12993,44.850765],[-70.149085,44.896102],[-70.110365,44.947311],[-70.159375,45.128396],[-70.293826,45.109903],[-70.308491,45.163183],[-70.418519,45.144005],[-70.518696,45.512127],[-70.5528239160963,45.6678060455628],[-70.552793,45.667836]]]}},{"type":"Feature","properties":{"fips":"09140","name":"Naugatuck Valley","state":"CT"},"geometry":{"type":"Polygon","coordinates":[[[-73.318889,41.505189],[-73.252265,41.512134],[-73.261446,41.664641],[-73.142031,41.672294],[-72.99855,41.712498],[-72.961962,41.715591],[-72.89827,41.723177],[-72.883388,41.649468],[-72.938501,41.644311],[-72.94635,41.556797],[-72.853147,41.546412],[-72.850299,41.515731],[-72.886667,41.447957],[-72.952392,41.464589],[-73.025751,41.459596],[-73.040707,41.313891],[-73.086752,41.254596],[-73.146882,41.255367],[-73.155573,41.269096],[-73.2048,41.29936],[-73.183269,41.391711],[-73.207688,41.420544],[-73.29776,41.448276],[-73.318889,41.505189]]]}},{"type":"Feature","properties":{"fips":"09190","name":"Western Connecticut","state":"CT"},"geometry":{"type":"Polygon","coordinates":[[[-73.727775,41.100696],[-73.482709,41.21276],[-73.550961,41.295422],[-73.5441352908263,41.3664850865317],[-73.5431473462655,41.3767706682974],[-73.536969,41.441094],[-73.5296777143013,41.5271610211283],[-73.5218340787912,41.6197480313024],[-73.520017,41.641197],[-73.5179187906383,41.66672053071],[-73.382124,41.683327],[-73.318889,41.505189],[-73.29776,41.448276],[-73.207688,41.420544],[-73.183269,41.391711],[-73.202515,41.371926],[-73.325287,41.322474],[-73.368811,41.274975],[-73.2966013667175,41.1137358575388],[-73.297214389349,41.1136685437012],[-73.33066,41.109996],[-73.372296,41.10402],[-73.354231,41.085639],[-73.387227,41.058247],[-73.422165,41.047562],[-73.468239,41.051347],[-73.516903,41.038738],[-73.561968,41.016797],[-73.595699,41.015995],[-73.657336,40.985171],[-73.659362,41.004034],[-73.659533,41.017857],[-73.7060285207249,41.0742979372722],[-73.727775,41.100696]]]}},{"type":"Feature","properties":{"fips":"33009","name":"Grafton","state":"NH"},"geometry":{"type":"Polygon","coordinates":[[[-72.329522,43.608393],[-72.284805,43.72036],[-72.222069,43.759831],[-72.2114826490853,43.7730437148214],[-72.183333,43.808177],[-72.16978,43.873425],[-72.105875,43.94937],[-72.116706,43.991954],[-72.075486,44.034614],[-72.036883,44.103119],[-72.053859587702,44.1599265291283],[-72.061338,44.184951],[-72.05399,44.246926],[-72.046302,44.291983],[-72.002314,44.324871],[-71.945163,44.337744],[-71.875863,44.33737],[-71.8378392792652,44.3477512592393],[-71.818838,44.352939],[-71.778613,44.399799],[-71.7631925213134,44.4035682627764],[-71.696885,44.332118],[-71.587004,44.304759],[-71.575819,44.254596],[-71.443338,44.249172],[-71.415898,44.212169],[-71.346656,44.068822],[-71.383613,44.022611],[-71.361965,43.915938],[-71.564603,43.893172],[-71.532332,43.764818],[-71.531658,43.760979],[-71.521557,43.697778],[-71.648346,43.684511],[-71.651153,43.621119],[-71.727573,43.563411],[-71.817921,43.544208],[-71.849203,43.6112],[-71.93531,43.52888],[-72.090893,43.528857],[-72.106412,43.553485],[-72.3335965013563,43.6055913415891],[-72.329522,43.608393]]]}},{"type":"Feature","properties":{"fips":"36003","name":"Allegany","state":"NY"},"geometry":{"type":"Polygon","coordinates":[[[-78.308839,42.521217],[-78.038261,42.521522],[-77.840694,42.517771],[-77.840231,42.474576],[-77.722964,42.471216],[-77.726111,42.404043],[-77.73184,42.385905],[-77.749932223724,41.9987554366682],[-77.83203,41.998524],[-78.031177,41.999415],[-78.2063790981571,41.9990887227984],[-78.271204,41.998968],[-78.3081443402607,41.9990711776986],[-78.308839,42.521217]]]}},{"type":"Feature","properties":{"fips":"34041","name":"Warren","state":"NJ"},"geometry":{"type":"Polygon","coordinates":[[[-75.192612,40.715874],[-75.177477,40.764225],[-75.108505,40.791094],[-75.090962,40.849187],[-75.065438,40.885682],[-75.09772,40.926679],[-75.1232539442085,40.9653055343877],[-75.133086,40.980179],[-75.070532,41.01862],[-75.015271,41.061215],[-74.9923859951822,41.0930282469934],[-74.9830420742478,41.1060175588568],[-74.962665,41.090527],[-74.769425,40.910934],[-74.850513,40.803956],[-74.889819,40.787729],[-74.968927,40.710392],[-75.1881998781252,40.5926133666486],[-75.1892364013559,40.6090569611221],[-75.191059,40.637971],[-75.192612,40.715874]]]}},{"type":"Feature","properties":{"fips":"42089","name":"Monroe","state":"PA"},"geometry":{"type":"Polygon","coordinates":[[[-75.649412,41.122304],[-75.600736,41.161497],[-75.543054,41.224051],[-75.505607,41.232539],[-75.359184,41.239206],[-75.129721,41.252101],[-75.156507,41.150341],[-74.9923859951822,41.0930282469934],[-75.015271,41.061215],[-75.070532,41.01862],[-75.133086,40.980179],[-75.1232539442085,40.9653055343877],[-75.217802,40.928102],[-75.294828,40.862244],[-75.383266,40.831037],[-75.474193,40.814746],[-75.57459,40.951323],[-75.497364,40.988436],[-75.620397,41.109284],[-75.649412,41.122304]]]}},{"type":"Feature","properties":{"fips":"36011","name":"Cayuga","state":"NY"},"geometry":{"type":"Polygon","coordinates":[[[-76.739361,42.954473],[-76.713806,43.024035],[-76.702324,43.080159],[-76.7220025657128,43.3375801959814],[-76.684856,43.352691],[-76.630774,43.413356],[-76.6172137325776,43.4201755544656],[-76.605012,43.25357],[-76.479224,43.227519],[-76.471774,43.104983],[-76.492667,43.015312],[-76.462999,43.006316],[-76.450398,42.845727],[-76.356974,42.84945],[-76.274673,42.771257],[-76.265584,42.623588],[-76.4584,42.618615],[-76.666543,42.623457],[-76.731636,42.72074],[-76.733468,42.894246],[-76.739361,42.954473]]]}},{"type":"Feature","properties":{"fips":"42127","name":"Wayne","state":"PA"},"geometry":{"type":"Polygon","coordinates":[[[-75.440658,41.258125],[-75.462411,41.641587],[-75.4831402165408,41.9993981778444],[-75.477144,41.999407],[-75.3599310768702,41.9936893594868],[-75.341125,41.992772],[-75.291762,41.947092],[-75.263005,41.885109],[-75.190203,41.862454],[-75.1452931756179,41.8497375185041],[-75.113369,41.840698],[-75.074412,41.802191],[-75.053431,41.752538],[-75.049281,41.641862],[-75.0461986059117,41.6037640199027],[-75.265712,41.372382],[-75.350648,41.367694],[-75.311143,41.331439],[-75.359184,41.239206],[-75.505607,41.232539],[-75.440658,41.258125]]]}},{"type":"Feature","properties":{"fips":"34005","name":"Burlington","state":"NJ"},"geometry":{"type":"Polygon","coordinates":[[[-75.059017,39.992512],[-74.989914,40.037311],[-74.9731758798159,40.046332290708],[-74.932211,40.068411],[-74.863809,40.08221],[-74.825907,40.12391],[-74.769488,40.129145],[-74.7233792971515,40.1528955462317],[-74.71847,40.150029],[-74.706269,40.161793],[-74.704177,40.168479],[-74.710782,40.168045],[-74.710099,40.181283],[-74.587835,40.138254],[-74.553105,40.07913],[-74.416891,39.822682],[-74.389708,39.773283],[-74.390399,39.596037],[-74.417393,39.557255],[-74.475664,39.55146],[-74.654318,39.626799],[-74.736216,39.729775],[-74.819419,39.788001],[-74.894929,39.783421],[-74.930745,39.885908],[-74.984045,39.927354],[-74.98558,39.93043],[-74.975051,39.938511],[-74.994428,39.939365],[-75.004149,39.941465],[-75.015081,39.946813],[-75.016159,39.950453],[-75.013092,39.956628],[-75.0176,39.959375],[-75.019253,39.967434],[-75.0607519886792,39.9917310058102],[-75.059017,39.992512]]]}},{"type":"Feature","properties":{"fips":"25017","name":"Middlesex","state":"MA"},"geometry":{"type":"Polygon","coordinates":[[[-71.8987687719366,42.7114667208088],[-71.745817,42.707287],[-71.636214,42.704888],[-71.351874,42.698154],[-71.294205,42.69699],[-71.255605,42.736389],[-71.2551101218106,42.7363970532872],[-71.238179,42.669419],[-71.256188,42.657145],[-71.033998,42.585493],[-71.053365,42.475925],[-70.982994,42.423996],[-70.9825456015879,42.420221800052],[-71.080812,42.382421],[-71.064059,42.369001],[-71.087511,42.355557],[-71.116921,42.364246],[-71.167625,42.360073],[-71.156887,42.330241],[-71.191247,42.282992],[-71.246146,42.321013],[-71.269958,42.328086],[-71.32975,42.312991],[-71.30846,42.270709],[-71.332434,42.247729],[-71.34417,42.200703],[-71.384765,42.192014],[-71.402295,42.178794],[-71.478119,42.156782],[-71.502626,42.191416],[-71.555738,42.182503],[-71.586759,42.259545],[-71.497046,42.289829],[-71.486797,42.330189],[-71.58521,42.310952],[-71.624702,42.350465],[-71.5591,42.411943],[-71.53878,42.54303],[-71.678969,42.53043],[-71.664601,42.611598],[-71.775755,42.64423],[-71.858483,42.633815],[-71.8987687719366,42.7114667208088]]]}},{"type":"Feature","properties":{"fips":"33013","name":"Merrimack","state":"NH"},"geometry":{"type":"Polygon","coordinates":[[[-72.053752,43.441097],[-72.011363,43.436871],[-71.93531,43.52888],[-71.849203,43.6112],[-71.817921,43.544208],[-71.727573,43.563411],[-71.706346,43.537623],[-71.612838,43.43813],[-71.55003,43.452701],[-71.236011,43.284994],[-71.247336,43.275232],[-71.356117,43.102043],[-71.402962,43.041054],[-71.392388,43.009309],[-71.512767,43.049615],[-71.517467,43.068909],[-71.641291,43.054168],[-71.667771,43.152534],[-71.8561,43.115135],[-71.913215,43.207099],[-72.009074,43.187882],[-72.090146,43.322553],[-72.053752,43.441097]]]}},{"type":"Feature","properties":{"fips":"33011","name":"Hillsborough","state":"NH"},"geometry":{"type":"Polygon","coordinates":[[[-72.038149,43.128807],[-72.035544,43.180283],[-72.009074,43.187882],[-71.913215,43.207099],[-71.8561,43.115135],[-71.667771,43.152534],[-71.641291,43.054168],[-71.517467,43.068909],[-71.512767,43.049615],[-71.392388,43.009309],[-71.375435,42.939318],[-71.442301,42.890399],[-71.427067,42.82484],[-71.360679,42.798962],[-71.364418,42.785237],[-71.2453840329207,42.7365553285746],[-71.2551101218106,42.7363970532872],[-71.255605,42.736389],[-71.294205,42.69699],[-71.351874,42.698154],[-71.636214,42.704888],[-71.745817,42.707287],[-71.8987687719366,42.7114667208088],[-71.9290300590535,42.7122936725326],[-71.97471,42.789402],[-72.00619,42.943789],[-72.062222,42.944796],[-72.038149,43.128807]]]}},{"type":"Feature","properties":{"fips":"33015","name":"Rockingham","state":"NH"},"geometry":{"type":"Polygon","coordinates":[[[-71.442301,42.890399],[-71.375435,42.939318],[-71.392388,43.009309],[-71.402962,43.041054],[-71.356117,43.102043],[-71.247336,43.275232],[-71.127948,43.200072],[-71.026686,43.137947],[-71.072936,43.081681],[-70.875436,43.080422],[-70.819549285713,43.1232309734312],[-70.756397,43.079988],[-70.703818,43.059825],[-70.735477,43.012201],[-70.765222,42.975349],[-70.798636,42.924288],[-70.8014801553857,42.9163624698957],[-70.8096545528256,42.8935836747146],[-70.817296,42.87229],[-70.86475,42.870258],[-70.930799,42.884589],[-70.9665,42.868989],[-71.031201,42.859089],[-71.0487164136986,42.8310643380822],[-71.064201,42.806289],[-71.1163750121775,42.8119029144351],[-71.149703,42.815489],[-71.186104,42.790689],[-71.181803,42.73759],[-71.2453840329207,42.7365553285746],[-71.364418,42.785237],[-71.360679,42.798962],[-71.427067,42.82484],[-71.442301,42.890399]]]}},{"type":"Feature","properties":{"fips":"36019","name":"Clinton","state":"NY"},"geometry":{"type":"Polygon","coordinates":[[[-74.0274312115718,44.9973653643332],[-73.874597,45.001223],[-73.639718,45.003464],[-73.343124,45.01084],[-73.34474,44.970468],[-73.338979,44.917681],[-73.379822,44.857037],[-73.365678,44.826451],[-73.33443,44.802188],[-73.357671,44.751018],[-73.36556,44.700297],[-73.389966,44.61962],[-73.367275,44.567545],[-73.3636601533155,44.5635384629765],[-73.3479832324265,44.546162853597],[-73.463838,44.537681],[-73.496604,44.486081],[-73.669281,44.441355],[-73.909687,44.429699],[-73.986382,44.707773],[-74.0274312115718,44.9973653643332]]]}},{"type":"Feature","properties":{"fips":"36109","name":"Tompkins","state":"NY"},"geometry":{"type":"Polygon","coordinates":[[[-76.696655,42.54679],[-76.585989,42.54991],[-76.666543,42.623457],[-76.4584,42.618615],[-76.265584,42.623588],[-76.261481,42.550453],[-76.253359,42.407568],[-76.250149,42.296676],[-76.415305,42.318368],[-76.416199,42.262976],[-76.538349,42.281755],[-76.619303,42.282853],[-76.691406,42.284307],[-76.686622,42.390351],[-76.696655,42.54679]]]}},{"type":"Feature","properties":{"fips":"36085","name":"Richmond","state":"NY"},"geometry":{"type":"Polygon","coordinates":[[[-74.249211,40.545064],[-74.216839,40.558618],[-74.203688,40.592691],[-74.2036686021776,40.5932053855576],[-74.202247,40.630903],[-74.2001860628537,40.6318401804838],[-74.170611,40.645289],[-74.1601467831532,40.6460765164448],[-74.086806,40.651596],[-74.0710905992628,40.6670634911162],[-74.055749,40.651476],[-74.05663,40.627287],[-74.041393,40.603106],[-74.0379705239158,40.5895708663395],[-74.057316,40.597546],[-74.112585,40.547603],[-74.199923,40.511729],[-74.260611,40.502436],[-74.249211,40.545064]]]}},{"type":"Feature","properties":{"fips":"25005","name":"Bristol","state":"MA"},"geometry":{"type":"Polygon","coordinates":[[[-71.381461,41.952141],[-71.3814313468931,41.9850841191295],[-71.353265,41.98954],[-71.168681,42.061161],[-71.138607,42.072775],[-71.080483,42.095539],[-71.054718,41.985057],[-71.054184,41.982716],[-71.048867,41.962782],[-70.987256,41.905808],[-70.973717,41.860879],[-71.03657,41.816525],[-71.014591,41.799568],[-71.026288,41.778888],[-70.921782,41.791244],[-70.907184,41.763543],[-70.839175,41.614761],[-70.8039626132079,41.6015155410003],[-70.82191,41.582841],[-70.853121,41.587321],[-70.910165,41.577073],[-70.941785,41.540121],[-70.981708,41.51007],[-71.035514,41.499047],[-71.085663,41.509292],[-71.12057,41.497448],[-71.137492,41.602561],[-71.1359851428921,41.6213937682114],[-71.132888,41.660102],[-71.19564,41.67509],[-71.2086005328951,41.6903092436027],[-71.261392,41.752301],[-71.3174020079312,41.7772561089687],[-71.329396,41.7826],[-71.339597,41.832],[-71.339298,41.893399],[-71.3817,41.893199],[-71.381461,41.952141]]]}},{"type":"Feature","properties":{"fips":"36037","name":"Genesee","state":"NY"},"geometry":{"type":"Polygon","coordinates":[[[-78.465505,43.128619],[-77.99729,43.132981],[-77.905934,43.133561],[-77.951044,43.039544],[-77.909832,42.987762],[-77.95553,42.905861],[-77.954964,42.862754],[-78.074171,42.870188],[-78.464382,42.867355],[-78.464449,43.088703],[-78.465505,43.128619]]]}},{"type":"Feature","properties":{"fips":"34035","name":"Somerset","state":"NJ"},"geometry":{"type":"Polygon","coordinates":[[[-74.775979,40.503606],[-74.712962,40.584231],[-74.725666,40.719532],[-74.555642,40.757963],[-74.550095,40.747327],[-74.513717,40.69775],[-74.523078,40.649125],[-74.461035,40.673504],[-74.403172,40.666387],[-74.40853,40.644346],[-74.463291,40.599187],[-74.523917,40.56967],[-74.459863,40.491046],[-74.489491,40.474452],[-74.584987,40.418176],[-74.62024,40.373749],[-74.722061,40.375205],[-74.748147,40.424156],[-74.752013,40.431361],[-74.775979,40.503606]]]}},{"type":"Feature","properties":{"fips":"25001","name":"Barnstable","state":"MA"},"geometry":{"type":"Polygon","coordinates":[[[-70.698197,41.559002],[-70.695392,41.602546],[-70.7159798446688,41.6140132687642],[-70.632555,41.762904],[-70.5364072541248,41.8116341457464],[-70.494048,41.773883],[-70.441718,41.752898],[-70.323819,41.736058],[-70.272289,41.721346],[-70.216073,41.742981],[-70.121978,41.758841],[-70.024734,41.787364],[-70.003842,41.80852],[-70.006111,41.852396],[-70.06901,41.884924],[-70.074006,41.93865],[-70.083775,42.012041],[-70.15076,42.026569],[-70.190834,42.020028],[-70.245385,42.063733],[-70.189305,42.082337],[-70.138942,42.092907],[-70.049382,42.064689],[-69.994136,41.999258],[-69.974781,41.925105],[-69.935952,41.809422],[-69.928261,41.6917],[-69.931129,41.622659],[-69.964982,41.55111],[-70.011229,41.543931],[-70.011961,41.619797],[-70.007011,41.671579],[-70.055523,41.664843],[-70.158621,41.650438],[-70.269687,41.617775],[-70.321588,41.630508],[-70.400581,41.606382],[-70.445289,41.591815],[-70.476256,41.558502],[-70.559689,41.54833],[-70.654104,41.519025],[-70.6690583666005,41.5129296626746],[-70.674646,41.519385],[-70.688353,41.516789],[-70.691364,41.517842],[-70.694657,41.52556],[-70.726088944807,41.5432369319176],[-70.698197,41.559002]]]}},{"type":"Feature","properties":{"fips":"34031","name":"Passaic","state":"NJ"},"geometry":{"type":"Polygon","coordinates":[[[-74.503212,41.085873],[-74.3670382614474,41.2042114724438],[-74.301994,41.172594],[-74.2344924405545,41.1428915543507],[-74.234473,41.142883],[-74.2116176431986,41.1329813635363],[-74.248954,41.063615],[-74.270658,41.021033],[-74.248532,40.992094],[-74.191798,40.978564],[-74.170275,40.983904],[-74.132337,40.92243],[-74.106786,40.859299],[-74.130016,40.819938],[-74.196999,40.859464],[-74.271975,40.897321],[-74.266691,40.907726],[-74.282033,40.969171],[-74.300029,41.003115],[-74.447017,41.054429],[-74.497777,41.034261],[-74.503212,41.085873]]]}},{"type":"Feature","properties":{"fips":"34021","name":"Mercer","state":"NJ"},"geometry":{"type":"Polygon","coordinates":[[[-74.9281105690914,40.3398284476893],[-74.856262,40.346696],[-74.748147,40.424156],[-74.722061,40.375205],[-74.62024,40.373749],[-74.624473,40.328838],[-74.573397,40.3009],[-74.48203,40.273915],[-74.484962,40.253325],[-74.614576,40.182383],[-74.587835,40.138254],[-74.710099,40.181283],[-74.710782,40.168045],[-74.704177,40.168479],[-74.706269,40.161793],[-74.71847,40.150029],[-74.7233792971515,40.1528955462317],[-74.721604,40.15381],[-74.7484976572578,40.184908614104],[-74.760605,40.198909],[-74.823907,40.241508],[-74.856508,40.277407],[-74.90331,40.315607],[-74.9281105690914,40.3398284476893]]]}},{"type":"Feature","properties":{"fips":"25023","name":"Plymouth","state":"MA"},"geometry":{"type":"Polygon","coordinates":[[[-71.080483,42.095539],[-70.940768,42.151365],[-70.924877,42.15758],[-70.914091,42.2888],[-70.9484970435343,42.2823546937823],[-70.91749,42.305686],[-70.881242,42.300663],[-70.851093,42.26827],[-70.8358517753944,42.2647632647134],[-70.85338,42.239607],[-70.827015,42.200786],[-70.7815745455685,42.2486369460239],[-70.73056,42.21094],[-70.685315,42.133025],[-70.63848,42.081579],[-70.644337,42.045895],[-70.678798,42.00551],[-70.662476,41.960592],[-70.608166,41.940701],[-70.583572,41.950007],[-70.546386,41.916751],[-70.525567,41.85873],[-70.54103,41.815754],[-70.5364072541248,41.8116341457464],[-70.632555,41.762904],[-70.7159798446688,41.6140132687642],[-70.765463,41.641575],[-70.8039626132079,41.6015155410003],[-70.839175,41.614761],[-70.907184,41.763543],[-70.921782,41.791244],[-71.026288,41.778888],[-71.014591,41.799568],[-71.03657,41.816525],[-70.973717,41.860879],[-70.987256,41.905808],[-71.048867,41.962782],[-71.054184,41.982716],[-71.054718,41.985057],[-71.080483,42.095539]]]}},{"type":"Feature","properties":{"fips":"34003","name":"Bergen","state":"NJ"},"geometry":{"type":"Polygon","coordinates":[[[-74.248954,41.063615],[-74.2116176431986,41.1329813635363],[-74.041054,41.059088],[-73.893979,40.997197],[-73.90728,40.951498],[-73.9204843942222,40.9185742549309],[-73.9348922281485,40.8826498616415],[-73.938081,40.874699],[-73.9450156392176,40.8622172966197],[-73.9532150549994,40.8474591134658],[-73.9649687823477,40.8263035012169],[-73.9654070011692,40.8255147482372],[-73.968082,40.8207],[-73.9712111786194,40.8163111938137],[-73.9845857755727,40.7975527523865],[-74.041243,40.795634],[-74.033678,40.803264],[-74.058549,40.806277],[-74.069032,40.798349],[-74.076753,40.795621],[-74.07985,40.789726],[-74.090098,40.776883],[-74.087979,40.76444],[-74.090787,40.761984],[-74.090644,40.748802],[-74.148342,40.779885],[-74.147529,40.786491],[-74.130016,40.819938],[-74.106786,40.859299],[-74.132337,40.92243],[-74.170275,40.983904],[-74.191798,40.978564],[-74.248532,40.992094],[-74.270658,41.021033],[-74.248954,41.063615]]]}},{"type":"Feature","properties":{"fips":"25007","name":"Dukes","state":"MA"},"geometry":{"type":"MultiPolygon","coordinates":[[[[-70.833802,41.353386],[-70.757797,41.365702],[-70.686881,41.441334],[-70.603555,41.482384],[-70.553277,41.452955],[-70.496197,41.424908],[-70.463833,41.419145],[-70.448262,41.353651],[-70.577454,41.349163],[-70.693635,41.342833],[-70.768687,41.303702],[-70.821284,41.251014],[-70.833397,41.316778],[-70.833802,41.353386]]],[[[-70.934986,41.454699],[-70.806861,41.497583],[-70.726088944807,41.5432369319176],[-70.694657,41.52556],[-70.691364,41.517842],[-70.688353,41.516789],[-70.674646,41.519385],[-70.6690583666005,41.5129296626746],[-70.734306,41.486335],[-70.79027,41.446339],[-70.857528,41.425767],[-70.948431,41.409193],[-70.934986,41.454699]]]]}},{"type":"Feature","properties":{"fips":"23005","name":"Cumberland","state":"ME"},"geometry":{"type":"Polygon","coordinates":[[[-70.858605,44.095155],[-70.821803,44.077089],[-70.624506,44.170989],[-70.587331,44.122516],[-70.603784,44.041536],[-70.581463,44.018236],[-70.480078,44.032078],[-70.363874,43.986445],[-70.315374,44.037807],[-70.11586,43.90671],[-70.034238,43.975661],[-69.976226,43.915276],[-69.857032,43.944742],[-69.893232,43.878518],[-69.8874061241577,43.7665933794518],[-69.915593,43.775112],[-69.983685,43.744395],[-70.001273,43.710388],[-70.071304,43.713772],[-70.096039,43.672276],[-70.168227,43.675136],[-70.190704,43.645582],[-70.217087,43.596717],[-70.206123,43.557627],[-70.245499,43.539635],[-70.321116,43.527262],[-70.3387374772484,43.5281092793689],[-70.492009,43.606769],[-70.457743,43.642372],[-70.549965,43.715796],[-70.659622,43.710902],[-70.653533,43.787738],[-70.782984,43.814147],[-70.801403,43.855483],[-70.715418,43.961815],[-70.792531,44.04014],[-70.848077,44.049522],[-70.858605,44.095155]]]}},{"type":"Feature","properties":{"fips":"25009","name":"Essex","state":"MA"},"geometry":{"type":"Polygon","coordinates":[[[-71.238179,42.669419],[-71.2551101218106,42.7363970532872],[-71.2453840329207,42.7365553285746],[-71.181803,42.73759],[-71.186104,42.790689],[-71.149703,42.815489],[-71.1163750121775,42.8119029144351],[-71.064201,42.806289],[-71.0487164136986,42.8310643380822],[-71.031201,42.859089],[-70.9665,42.868989],[-70.930799,42.884589],[-70.86475,42.870258],[-70.817296,42.87229],[-70.80522,42.781798],[-70.772267,42.711064],[-70.72982,42.669602],[-70.681594,42.662342],[-70.645101,42.689423],[-70.602506,42.677702],[-70.594014,42.63503],[-70.654727,42.582234],[-70.698574,42.577393],[-70.804091,42.561595],[-70.848492,42.550195],[-70.835991,42.490496],[-70.886493,42.470197],[-70.913192,42.427697],[-70.9552110614633,42.4254690903917],[-70.982994,42.423996],[-71.053365,42.475925],[-71.033998,42.585493],[-71.256188,42.657145],[-71.238179,42.669419]]]}},{"type":"Feature","properties":{"fips":"42095","name":"Northampton","state":"PA"},"geometry":{"type":"Polygon","coordinates":[[[-75.577488,40.799414],[-75.474193,40.814746],[-75.383266,40.831037],[-75.294828,40.862244],[-75.217802,40.928102],[-75.1232539442085,40.9653055343877],[-75.09772,40.926679],[-75.065438,40.885682],[-75.090962,40.849187],[-75.108505,40.791094],[-75.177477,40.764225],[-75.192612,40.715874],[-75.191059,40.637971],[-75.1892364013559,40.6090569611221],[-75.258151,40.582009],[-75.333514,40.537057],[-75.404412,40.581154],[-75.387318,40.632719],[-75.481469,40.655744],[-75.608985,40.787387],[-75.577488,40.799414]]]}},{"type":"Feature","properties":{"fips":"34007","name":"Camden","state":"NJ"},"geometry":{"type":"Polygon","coordinates":[[[-75.13342,39.896213],[-75.1342656240616,39.9149266604838],[-75.135548101392,39.9433078838052],[-75.13572,39.947112],[-75.11922,39.965412],[-75.0607519886792,39.9917310058102],[-75.019253,39.967434],[-75.0176,39.959375],[-75.013092,39.956628],[-75.016159,39.950453],[-75.015081,39.946813],[-75.004149,39.941465],[-74.994428,39.939365],[-74.975051,39.938511],[-74.98558,39.93043],[-74.984045,39.927354],[-74.930745,39.885908],[-74.894929,39.783421],[-74.819419,39.788001],[-74.736216,39.729775],[-74.87726,39.608352],[-74.943677,39.698361],[-75.08707,39.779576],[-75.1407939068226,39.8941020495155],[-75.13342,39.896213]]]}},{"type":"Feature","properties":{"fips":"23029","name":"Washington","state":"ME"},"geometry":{"type":"Polygon","coordinates":[[[-68.105017,44.939088],[-67.981851,44.955885],[-68.054985,45.252577],[-67.93976,45.267845],[-68.048012,45.639897],[-67.902264,45.680115],[-67.8028942950771,45.6789278854632],[-67.803313,45.677886],[-67.710464,45.679372],[-67.675417,45.630959],[-67.631762,45.621409],[-67.534919,45.595428],[-67.455406,45.604665],[-67.423646,45.572153],[-67.417417,45.501985],[-67.476855,45.49724],[-67.484328,45.451955],[-67.427243,45.37369],[-67.460554,45.300379],[-67.480256,45.268185],[-67.453473,45.241127],[-67.390579,45.154114],[-67.339869,45.125594],[-67.298209,45.146672],[-67.271076,45.191081],[-67.203933,45.171407],[-67.161247,45.162879],[-67.112414,45.112323],[-67.090786,45.068721],[-67.082074,45.029608],[-67.033474,44.939923],[-66.983558,44.903277],[-66.99296,44.849181],[-66.949895,44.817419],[-67.02615,44.768199],[-67.073439,44.741957],[-67.116745,44.706106],[-67.169857,44.662105],[-67.234275,44.637201],[-67.293403,44.599265],[-67.368269,44.624672],[-67.398987,44.602631],[-67.448513,44.600322],[-67.491751,44.556123],[-67.521168,44.50991],[-67.503208,44.476918],[-67.579726,44.429131],[-67.634806,44.487054],[-67.653123,44.525823],[-67.70668,44.501975],[-67.793589,44.494779],[-67.837938,44.46467],[-67.855108,44.419434],[-67.899571,44.394078],[-67.936531,44.411187],[-67.9438439570552,44.407015790843],[-67.962624,44.423414],[-68.017219,44.589087],[-68.105017,44.939088]]]}},{"type":"Feature","properties":{"fips":"36069","name":"Ontario","state":"NY"},"geometry":{"type":"Polygon","coordinates":[[[-77.61167,42.763169],[-77.580377,42.943963],[-77.482662,42.942895],[-77.485418,43.034564],[-77.371478,43.034696],[-77.134307,43.039887],[-77.133397,43.012463],[-76.963926,43.013157],[-76.981334,42.861213],[-76.971392,42.764223],[-77.31289,42.761539],[-77.367132,42.667837],[-77.366505,42.576368],[-77.490889,42.577288],[-77.486875,42.670279],[-77.598815,42.671965],[-77.61167,42.763169]]]}}]}