{"type":"FeatureCollection","version":"2025-cb20m-v1","region":"midwest","source":"U.S. Census Bureau 2025 Cartographic Boundary Files, counties, 1:20,000,000","features":[{"type":"Feature","properties":{"fips":"18153","name":"Sullivan","state":"IN"},"geometry":{"type":"Polygon","coordinates":[[[-87.640435,39.166727],[-87.577029,39.211123],[-87.593486,39.247452],[-87.594745845406,39.259383616483],[-87.240379,39.259064],[-87.240737,39.171773],[-87.241027,38.907874],[-87.259256,38.901649],[-87.5287176636979,38.9059437862892],[-87.527645,38.907688],[-87.529496,38.971925],[-87.579117,39.001607],[-87.572588,39.057286],[-87.625379,39.101806],[-87.6383674685664,39.1578118692748],[-87.640435,39.166727]]]}},{"type":"Feature","properties":{"fips":"26115","name":"Monroe","state":"MI"},"geometry":{"type":"Polygon","coordinates":[[[-83.773922,42.08243],[-83.711872,42.083639],[-83.66157,42.084525],[-83.539396,42.085598],[-83.283512,42.089737],[-83.1949523116895,42.033107926811],[-83.216897,41.988561],[-83.269521,41.939042],[-83.326024,41.924961],[-83.341557,41.879956],[-83.39622,41.852965],[-83.441668,41.808646],[-83.424076,41.740738],[-83.453832,41.732647],[-83.763038,41.72355],[-83.7631498513652,41.7235468017856],[-83.773922,42.08243]]]}},{"type":"Feature","properties":{"fips":"19067","name":"Floyd","state":"IA"},"geometry":{"type":"Polygon","coordinates":[[[-93.024092,43.212812],[-92.554381,43.212813],[-92.554211,42.907112],[-93.025144,42.907549],[-93.024092,43.212812]]]}},{"type":"Feature","properties":{"fips":"19069","name":"Franklin","state":"IA"},"geometry":{"type":"Polygon","coordinates":[[[-93.498617,42.908512],[-93.025144,42.907549],[-93.027,42.55681],[-93.499485,42.5577],[-93.498617,42.908512]]]}},{"type":"Feature","properties":{"fips":"27033","name":"Cottonwood","state":"MN"},"geometry":{"type":"Polygon","coordinates":[[[-95.462547,44.195942],[-95.108777,44.195044],[-95.100221,44.108034],[-94.859803,44.108016],[-94.859388,43.848093],[-95.452502,43.847953],[-95.462427,43.847911],[-95.462547,44.195942]]]}},{"type":"Feature","properties":{"fips":"29137","name":"Monroe","state":"MO"},"geometry":{"type":"Polygon","coordinates":[[[-92.300871,39.605348],[-92.299316,39.605344],[-92.186691,39.604082],[-92.184986,39.662932],[-91.846743,39.658513],[-91.715247,39.657644],[-91.711934,39.599095],[-91.717968,39.339122],[-91.874651,39.337794],[-92.310028,39.347795],[-92.300871,39.605348]]]}},{"type":"Feature","properties":{"fips":"38025","name":"Dunn","state":"ND"},"geometry":{"type":"Polygon","coordinates":[[[-103.09967,47.674518],[-102.642669,47.674012],[-102.642266,47.823713],[-102.561965,47.780111],[-102.385758,47.758008],[-102.335554,47.80111],[-102.262051,47.782009],[-102.265452,47.624307],[-102.20535,47.574506],[-102.205556,47.328071],[-102.144453,47.328079],[-102.144771,47.010307],[-102.525463,47.01024],[-102.525364,46.981288],[-103.032681,46.98058],[-103.032366,47.328686],[-103.099197,47.328714],[-103.09967,47.674518]]]}},{"type":"Feature","properties":{"fips":"46037","name":"Day","state":"SD"},"geometry":{"type":"Polygon","coordinates":[[[-97.981457,45.240415],[-97.979592,45.588483],[-97.373366,45.587634],[-97.36464,45.558728],[-97.227089,45.558158],[-97.226244,45.297647],[-97.226281,45.151826],[-97.249127,45.15117],[-97.494254,45.151631],[-97.981792,45.153295],[-97.981457,45.240415]]]}},{"type":"Feature","properties":{"fips":"55047","name":"Green Lake","state":"WI"},"geometry":{"type":"Polygon","coordinates":[[[-89.245375,43.759813],[-89.167886,43.765643],[-89.198299,43.812677],[-89.168612,43.982834],[-88.886193,43.983233],[-88.885697,43.895184],[-88.886052,43.63354],[-89.006848,43.633045],[-89.12717,43.631724],[-89.245437,43.643083],[-89.245375,43.759813]]]}},{"type":"Feature","properties":{"fips":"20067","name":"Grant","state":"KS"},"geometry":{"type":"Polygon","coordinates":[[[-101.527063,37.736314],[-101.089667,37.736337],[-101.089653,37.387721],[-101.52581,37.388392],[-101.527063,37.736314]]]}},{"type":"Feature","properties":{"fips":"17077","name":"Jackson","state":"IL"},"geometry":{"type":"Polygon","coordinates":[[[-89.6872324838884,37.7964280387079],[-89.664448,37.829273],[-89.595073,37.955343],[-89.177597,37.950311],[-89.150755,37.945185],[-89.151176,37.861999],[-89.153617,37.600237],[-89.453202,37.60009],[-89.4977459260392,37.5699859139282],[-89.494051,37.580116],[-89.506563,37.62505],[-89.521948,37.696475],[-89.591289,37.723599],[-89.667993,37.759484],[-89.6872324838884,37.7964280387079]]]}},{"type":"Feature","properties":{"fips":"18013","name":"Brown","state":"IN"},"geometry":{"type":"Polygon","coordinates":[[[-86.381395,39.339752],[-86.251684,39.341672],[-86.085601,39.344189],[-86.080294,39.152543],[-86.080272,39.05027],[-86.318133,39.04881],[-86.370066,39.048375],[-86.381395,39.339752]]]}},{"type":"Feature","properties":{"fips":"31127","name":"Nemaha","state":"NE"},"geometry":{"type":"Polygon","coordinates":[[[-96.067012,40.523148],[-95.7122801670449,40.5237540745061],[-95.694726,40.493602],[-95.684363,40.463366],[-95.649418,40.396149],[-95.641027,40.366399],[-95.653729,40.322582],[-95.598657,40.309809],[-95.553292,40.291158],[-95.5481820011801,40.2644146728427],[-95.5478703162703,40.2627834608198],[-96.010176,40.261482],[-96.066736,40.262038],[-96.067012,40.523148]]]}},{"type":"Feature","properties":{"fips":"27015","name":"Brown","state":"MN"},"geometry":{"type":"Polygon","coordinates":[[[-95.10748,44.281768],[-94.866259,44.282372],[-94.866186,44.340249],[-94.865824,44.498218],[-94.81488,44.48445],[-94.78063,44.45665],[-94.666062,44.394048],[-94.491333,44.359676],[-94.371731,44.264448],[-94.36885,44.108698],[-94.738344,44.108898],[-94.859803,44.108016],[-95.100221,44.108034],[-95.108777,44.195044],[-95.10748,44.281768]]]}},{"type":"Feature","properties":{"fips":"17187","name":"Warren","state":"IL"},"geometry":{"type":"Polygon","coordinates":[[[-90.785194,41.068749],[-90.667715,41.067595],[-90.550218,41.064065],[-90.439423,41.063995],[-90.44176,40.88906],[-90.444339,40.714868],[-90.445627,40.627638],[-90.789652,40.63575],[-90.785194,41.068749]]]}},{"type":"Feature","properties":{"fips":"20141","name":"Osborne","state":"KS"},"geometry":{"type":"Polygon","coordinates":[[[-99.044398,39.568035],[-98.505266,39.567603],[-98.487384,39.567492],[-98.490149,39.21978],[-98.489997,39.132697],[-99.0375,39.133121],[-99.047687,39.133014],[-99.044398,39.568035]]]}},{"type":"Feature","properties":{"fips":"29015","name":"Benton","state":"MO"},"geometry":{"type":"Polygon","coordinates":[[[-93.512743,38.512476],[-93.291851,38.506321],[-93.290454,38.535388],[-93.067291,38.529995],[-93.077692,38.263092],[-93.059073,38.185685],[-93.065199,38.062479],[-93.503946,38.073123],[-93.49728,38.199087],[-93.523484,38.207216],[-93.512743,38.512476]]]}},{"type":"Feature","properties":{"fips":"31163","name":"Sherman","state":"NE"},"geometry":{"type":"Polygon","coordinates":[[[-99.203261,41.39414],[-98.751558,41.394084],[-98.74433,41.394178],[-98.748526,41.04664],[-99.207564,41.047003],[-99.203261,41.39414]]]}},{"type":"Feature","properties":{"fips":"55073","name":"Marathon","state":"WI"},"geometry":{"type":"Polygon","coordinates":[[[-90.315038,45.033829],[-90.197516,45.03364],[-90.197765,45.120604],[-90.043685,45.120214],[-89.425971,45.119098],[-89.224214,45.118567],[-89.223814,45.029246],[-89.223745,44.681365],[-89.844931,44.684945],[-89.964013,44.684829],[-90.316253,44.685154],[-90.315038,45.033829]]]}},{"type":"Feature","properties":{"fips":"31135","name":"Perkins","state":"NE"},"geometry":{"type":"Polygon","coordinates":[[[-102.051761,41.003874],[-102.026997,41.003194],[-101.249975,41.00395],[-101.247963,40.697802],[-101.345365,40.698093],[-102.051294151579,40.697546832389],[-102.051292,40.749591],[-102.051614,41.002377],[-102.051717521832,41.0023769676222],[-102.051761,41.003874]]]}},{"type":"Feature","properties":{"fips":"46057","name":"Hamlin","state":"SD"},"geometry":{"type":"Polygon","coordinates":[[[-97.491346,44.804035],[-96.88457,44.804436],[-96.885504,44.543773],[-97.128024,44.543126],[-97.492266,44.543884],[-97.491346,44.804035]]]}},{"type":"Feature","properties":{"fips":"27153","name":"Todd","state":"MN"},"geometry":{"type":"Polygon","coordinates":[[[-95.15557,46.36888],[-94.731442,46.368605],[-94.717126,46.351368],[-94.653462,46.348678],[-94.64399,45.77395],[-95.139731,45.773416],[-95.14588,46.106761],[-95.145791,46.282368],[-95.15557,46.36888]]]}},{"type":"Feature","properties":{"fips":"18171","name":"Warren","state":"IN"},"geometry":{"type":"Polygon","coordinates":[[[-87.530054,40.250671],[-87.5270652633992,40.4768822924615],[-87.093676,40.475745],[-87.092232,40.366583],[-87.244898,40.309252],[-87.438755,40.165694],[-87.404886,40.135557],[-87.406667,40.127508],[-87.49041,40.127406],[-87.531021612428,40.1480353967457],[-87.530054,40.250671]]]}},{"type":"Feature","properties":{"fips":"20149","name":"Pottawatomie","state":"KS"},"geometry":{"type":"Polygon","coordinates":[[[-96.70862,39.460374],[-96.580459,39.56621],[-96.238969,39.56622],[-96.035952,39.5661],[-96.035573,39.21652],[-96.035665,39.144083],[-96.03906,39.126527],[-96.083557,39.193504],[-96.233671,39.212279],[-96.331396,39.158885],[-96.389046,39.172878],[-96.460465,39.168295],[-96.549797,39.212856],[-96.654408,39.312952],[-96.726334,39.403353],[-96.70862,39.460374]]]}},{"type":"Feature","properties":{"fips":"18057","name":"Hamilton","state":"IN"},"geometry":{"type":"Polygon","coordinates":[[[-86.242743,40.215834],[-85.861903,40.218936],[-85.862489,39.943618],[-85.937587,39.927137],[-86.240736,39.926062],[-86.242365,40.180778],[-86.242743,40.215834]]]}},{"type":"Feature","properties":{"fips":"27005","name":"Becker","state":"MN"},"geometry":{"type":"Polygon","coordinates":[[[-96.194671,47.151149],[-96.067069,47.151813],[-95.551186,47.151453],[-95.169172,47.152515],[-95.1703,46.978175],[-95.162266,46.97824],[-95.16301,46.80472],[-95.16371,46.71764],[-95.247999,46.716255],[-96.174587,46.717854],[-96.174108,46.977375],[-96.194671,47.151149]]]}},{"type":"Feature","properties":{"fips":"38005","name":"Benson","state":"ND"},"geometry":{"type":"Polygon","coordinates":[[[-99.847046,48.3712],[-99.492919,48.370946],[-99.200306,48.370658],[-99.199911,48.155309],[-99.070443,48.107857],[-99.070351,48.021955],[-99.001038,48.053294],[-98.991253,47.99026],[-98.803893,48.059901],[-98.75061,47.982456],[-98.794312,47.951314],[-98.672086,48.0004],[-98.625384,47.916399],[-98.525555,47.915056],[-98.525516,47.846276],[-98.556378,47.847459],[-99.297202,47.846834],[-99.812167,47.847257],[-99.812133,48.021451],[-99.847046,48.3712]]]}},{"type":"Feature","properties":{"fips":"55141","name":"Wood","state":"WI"},"geometry":{"type":"Polygon","coordinates":[[[-90.316055,44.424502],[-90.316253,44.685154],[-89.964013,44.684829],[-89.844931,44.684945],[-89.844546,44.511503],[-89.726725,44.511192],[-89.724746,44.247678],[-89.902783,44.249473],[-90.080822,44.249011],[-90.31268,44.24875],[-90.317818,44.26595],[-90.316055,44.424502]]]}},{"type":"Feature","properties":{"fips":"20083","name":"Hodgeman","state":"KS"},"geometry":{"type":"Polygon","coordinates":[[[-100.227137,38.262237],[-99.584207,38.262179],[-99.570469,38.252576],[-99.569927,38.174902],[-99.569533,38.087372],[-99.569879,37.913016],[-100.22709,37.914018],[-100.22661,38.001015],[-100.227137,38.262237]]]}},{"type":"Feature","properties":{"fips":"31093","name":"Howard","state":"NE"},"geometry":{"type":"Polygon","coordinates":[[[-98.74433,41.394178],[-98.291419,41.393894],[-98.286584,41.393898],[-98.287168,41.046363],[-98.721975,41.046674],[-98.748526,41.04664],[-98.74433,41.394178]]]}},{"type":"Feature","properties":{"fips":"18031","name":"Decatur","state":"IN"},"geometry":{"type":"Polygon","coordinates":[[[-85.684515,39.350049],[-85.63063,39.350205],[-85.629327,39.45275],[-85.297575,39.453275],[-85.29654,39.268291],[-85.440054,39.195617],[-85.56632,39.132761],[-85.686783,39.130859],[-85.684515,39.350049]]]}},{"type":"Feature","properties":{"fips":"31021","name":"Burt","state":"NE"},"geometry":{"type":"Polygon","coordinates":[[[-96.554866,42.015875],[-96.309645,42.015187],[-96.272877,42.047238],[-96.223611,42.022652],[-96.132537,41.974625],[-96.159098,41.910057],[-96.1268212534654,41.8660952477016],[-96.107911,41.840339],[-96.064537,41.793002],[-96.0876,41.72218],[-96.1079378717465,41.6765089897621],[-96.134276,41.68273],[-96.444785,41.683633],[-96.444217,41.741775],[-96.555172,41.742018],[-96.554866,42.015875]]]}},{"type":"Feature","properties":{"fips":"31095","name":"Jefferson","state":"NE"},"geometry":{"type":"Polygon","coordinates":[[[-97.368688,40.350392],[-96.916055,40.349727],[-96.9164070054658,40.0014540910439],[-97.009165,40.001463],[-97.369199035315,40.0019393057605],[-97.368688,40.350392]]]}},{"type":"Feature","properties":{"fips":"20145","name":"Pawnee","state":"KS"},"geometry":{"type":"Polygon","coordinates":[[[-99.584794,38.349386],[-99.032408,38.348334],[-99.032318,38.270182],[-99.022472,38.261208],[-98.912583,38.261088],[-98.913136,38.000451],[-99.022136,38.000236],[-99.350289,38.000745],[-99.350359,38.087594],[-99.569533,38.087372],[-99.569927,38.174902],[-99.570469,38.252576],[-99.584207,38.262179],[-99.584794,38.349386]]]}},{"type":"Feature","properties":{"fips":"29109","name":"Lawrence","state":"MO"},"geometry":{"type":"Polygon","coordinates":[[[-94.059211,37.048127],[-94.052313,37.290078],[-93.625844,37.282011],[-93.605113,37.280253],[-93.608899,37.098153],[-93.610126,36.99581],[-93.611003,36.922831],[-94.06274,36.931775],[-94.059211,37.048127]]]}},{"type":"Feature","properties":{"fips":"29139","name":"Montgomery","state":"MO"},"geometry":{"type":"Polygon","coordinates":[[[-91.647171,38.703396],[-91.633998,39.059057],[-91.629598,39.147853],[-91.409033,39.142542],[-91.260232,39.139845],[-91.264287,38.992762],[-91.264931,38.84643],[-91.415832,38.8453],[-91.418637,38.709778],[-91.558185,38.676635],[-91.640372,38.703792],[-91.647171,38.703396]]]}},{"type":"Feature","properties":{"fips":"46115","name":"Spink","state":"SD"},"geometry":{"type":"Polygon","coordinates":[[[-98.717759,45.243732],[-97.981457,45.240415],[-97.981792,45.153295],[-97.977791,44.631602],[-98.705762,44.634159],[-98.705381,44.880529],[-98.716498,44.896925],[-98.717759,45.243732]]]}},{"type":"Feature","properties":{"fips":"38021","name":"Dickey","state":"ND"},"geometry":{"type":"Polygon","coordinates":[[[-99.0057543501525,45.9399443091284],[-99.003118,46.282898],[-98.034556,46.282657],[-98.006715,46.282626],[-98.0081017982778,45.9360126290493],[-98.070515,45.93618],[-98.414518,45.936504],[-98.625379,45.938228],[-98.7243744138881,45.9386747332615],[-99.005642,45.939944],[-99.0057543501525,45.9399443091284]]]}},{"type":"Feature","properties":{"fips":"31019","name":"Buffalo","state":"NE"},"geometry":{"type":"Polygon","coordinates":[[[-99.425986,41.046471],[-99.207564,41.047003],[-98.748526,41.04664],[-98.721975,41.046674],[-98.72143,40.698903],[-98.724387,40.689772],[-98.906096,40.652722],[-99.179248,40.660541],[-99.376036,40.664262],[-99.417316,40.670825],[-99.426353,40.699772],[-99.425986,41.046471]]]}},{"type":"Feature","properties":{"fips":"18029","name":"Dearborn","state":"IN"},"geometry":{"type":"Polygon","coordinates":[[[-85.132508,38.948055],[-85.065574,39.307232],[-84.8188774692751,39.3051435835594],[-84.820159,39.227225],[-84.820157,39.10548],[-84.860689,39.07814],[-84.897171,39.052407],[-84.8775702820623,39.0312628990423],[-84.998111,38.99654],[-85.097021,38.935351],[-85.132508,38.948055]]]}},{"type":"Feature","properties":{"fips":"17069","name":"Hardin","state":"IL"},"geometry":{"type":"Polygon","coordinates":[[[-88.412697,37.599625],[-88.375434,37.599595],[-88.179677,37.599228],[-88.1324310565063,37.5752826298727],[-88.131622,37.572968],[-88.072242,37.528826],[-88.0662484288003,37.5041305345896],[-88.062294,37.487837],[-88.157061,37.466937],[-88.281667,37.452596],[-88.358436,37.40486],[-88.358476490182,37.4048715275665],[-88.4161335687515,37.4212865145119],[-88.412697,37.599625]]]}},{"type":"Feature","properties":{"fips":"18017","name":"Cass","state":"IN"},"geometry":{"type":"Polygon","coordinates":[[[-86.581532,40.910925],[-86.468509,40.909889],[-86.468233,40.909884],[-86.169012,40.909836],[-86.165024,40.562649],[-86.346732,40.561331],[-86.374417,40.561361],[-86.373521,40.69246],[-86.525164,40.692419],[-86.581739,40.735765],[-86.581532,40.910925]]]}},{"type":"Feature","properties":{"fips":"31157","name":"Scotts Bluff","state":"NE"},"geometry":{"type":"Polygon","coordinates":[[[-104.053026,41.885464],[-104.052762109856,42.0017302658048],[-103.401522,42.003537],[-103.363337,42.00293],[-103.36262,41.743548],[-103.370391,41.69921],[-104.052825094979,41.6978228532141],[-104.053026,41.885464]]]}},{"type":"Feature","properties":{"fips":"20097","name":"Kiowa","state":"KS"},"geometry":{"type":"Polygon","coordinates":[[[-99.55958,37.734888],[-99.01355,37.73297],[-99.012598,37.470421],[-99.011499,37.384263],[-99.543189,37.381124],[-99.555495,37.391588],[-99.556119,37.467722],[-99.55958,37.734888]]]}},{"type":"Feature","properties":{"fips":"29103","name":"Knox","state":"MO"},"geometry":{"type":"Polygon","coordinates":[[[-92.347801,40.302756],[-91.949747,40.300832],[-91.950812,40.25721],[-91.947241,40.213799],[-91.952726,39.949426],[-92.287882,39.95249],[-92.344708,39.953297],[-92.345064,40.03721],[-92.347801,40.302756]]]}},{"type":"Feature","properties":{"fips":"39047","name":"Fayette","state":"OH"},"geometry":{"type":"Polygon","coordinates":[[[-83.65333,39.716876],[-83.252435,39.695438],[-83.266737,39.516249],[-83.372714,39.377416],[-83.590878,39.378736],[-83.58777,39.414665],[-83.576286,39.544547],[-83.670196,39.550254],[-83.65333,39.716876]]]}},{"type":"Feature","properties":{"fips":"19053","name":"Decatur","state":"IA"},"geometry":{"type":"Polygon","coordinates":[[[-94.014803,40.897031],[-93.55654,40.898295],[-93.5568966742717,40.5796594850605],[-93.597352,40.579496],[-93.7743442040303,40.5775304533911],[-93.84093,40.576791],[-94.015492,40.5740737070096],[-94.014803,40.897031]]]}},{"type":"Feature","properties":{"fips":"19105","name":"Jones","state":"IA"},"geometry":{"type":"Polygon","coordinates":[[[-91.363263,42.296445],[-91.130079,42.295761],[-90.89802,42.295236],[-90.898373,42.033548],[-90.898484,41.946245],[-91.365877,41.94741],[-91.363263,42.296445]]]}},{"type":"Feature","properties":{"fips":"29009","name":"Barry","state":"MO"},"geometry":{"type":"Polygon","coordinates":[[[-94.068898,36.747818],[-94.06274,36.931775],[-93.611003,36.922831],[-93.612929,36.820562],[-93.5738,36.820032],[-93.5842625342512,36.4989016403491],[-93.700171,36.499135],[-93.8666892118508,36.4988662760355],[-93.95919,36.498717],[-94.0770881248555,36.49897595691],[-94.068898,36.747818]]]}},{"type":"Feature","properties":{"fips":"26151","name":"Sanilac","state":"MI"},"geometry":{"type":"Polygon","coordinates":[[[-83.120396,43.327049],[-83.104136,43.338206],[-83.117844,43.675493],[-82.6064790828381,43.6904492707095],[-82.593785,43.581467],[-82.53993,43.422378],[-82.523086,43.225361],[-82.5060424049551,43.1688273713115],[-82.996257,43.154099],[-83.00043,43.284913],[-83.119027,43.28368],[-83.120396,43.327049]]]}},{"type":"Feature","properties":{"fips":"19003","name":"Adams","state":"IA"},"geometry":{"type":"Polygon","coordinates":[[[-94.927587,41.158508],[-94.700589,41.158085],[-94.470603,41.157566],[-94.470779,40.899502],[-94.928459,40.900653],[-94.927587,41.158508]]]}},{"type":"Feature","properties":{"fips":"31159","name":"Seward","state":"NE"},"geometry":{"type":"Polygon","coordinates":[[[-97.368118,41.046947],[-96.91094,41.046116],[-96.911049,40.714102],[-96.913493,40.697948],[-97.368401,40.698625],[-97.368118,41.046947]]]}},{"type":"Feature","properties":{"fips":"31143","name":"Polk","state":"NE"},"geometry":{"type":"Polygon","coordinates":[[[-97.828256,41.173439],[-97.679143,41.292563],[-97.598222,41.328037],[-97.598253,41.333119],[-97.522412,41.361934],[-97.368186,41.396416],[-97.368061,41.163014],[-97.368118,41.046947],[-97.826287,41.046581],[-97.828256,41.173439]]]}},{"type":"Feature","properties":{"fips":"19059","name":"Dickinson","state":"IA"},"geometry":{"type":"Polygon","coordinates":[[[-95.3877875940219,43.5004787289074],[-95.214938,43.500885],[-94.9146134847136,43.5005958729861],[-94.913723,43.255054],[-95.388078,43.255221],[-95.3877875940219,43.5004787289074]]]}},{"type":"Feature","properties":{"fips":"31155","name":"Saunders","state":"NE"},"geometry":{"type":"Polygon","coordinates":[[[-96.905862,41.453389],[-96.568677,41.432986],[-96.47072,41.393239],[-96.421439,41.364165],[-96.327399,41.189999],[-96.339805,41.082502],[-96.319191,41.044998],[-96.349471,41.015211],[-96.463861,41.016069],[-96.463869,41.045083],[-96.908507,41.046091],[-96.905862,41.453389]]]}},{"type":"Feature","properties":{"fips":"26085","name":"Lake","state":"MI"},"geometry":{"type":"Polygon","coordinates":[[[-86.043507,44.167088],[-85.821186,44.164197],[-85.564554,44.164861],[-85.562433,43.815483],[-86.037884,43.815611],[-86.043507,44.167088]]]}},{"type":"Feature","properties":{"fips":"27149","name":"Stevens","state":"MN"},"geometry":{"type":"Polygon","coordinates":[[[-96.254022,45.75982],[-95.758508,45.759932],[-95.747402,45.412313],[-96.117063,45.411992],[-96.241328,45.412667],[-96.253026,45.585526],[-96.254022,45.75982]]]}},{"type":"Feature","properties":{"fips":"26027","name":"Cass","state":"MI"},"geometry":{"type":"Polygon","coordinates":[[[-86.2260943449874,41.7600159591164],[-86.22294,42.071484],[-85.762943,42.069327],[-85.760186,41.798814],[-85.7913349619628,41.7590510395575],[-85.791363,41.759051],[-86.0625630290106,41.759653033158],[-86.22607,41.760016],[-86.2260943449874,41.7600159591164]]]}},{"type":"Feature","properties":{"fips":"31169","name":"Thayer","state":"NE"},"geometry":{"type":"Polygon","coordinates":[[[-97.820816,40.350545],[-97.368688,40.350392],[-97.369199035315,40.0019393057605],[-97.415833,40.002001],[-97.777155,40.002167],[-97.8215008122752,40.0021868820889],[-97.820816,40.350545]]]}},{"type":"Feature","properties":{"fips":"19039","name":"Clarke","state":"IA"},"geometry":{"type":"Polygon","coordinates":[[[-94.014189,41.156762],[-93.898813,41.15661],[-93.789196,41.162035],[-93.557556,41.161271],[-93.55654,40.898295],[-94.014803,40.897031],[-94.014189,41.156762]]]}},{"type":"Feature","properties":{"fips":"26079","name":"Kalkaska","state":"MI"},"geometry":{"type":"Polygon","coordinates":[[[-85.332836,44.812372],[-85.327696,44.850707],[-84.847309,44.858037],[-84.850929,44.511069],[-85.334,44.512303],[-85.332836,44.812372]]]}},{"type":"Feature","properties":{"fips":"55027","name":"Dodge","state":"WI"},"geometry":{"type":"Polygon","coordinates":[[[-89.009139,43.28483],[-89.006117,43.458759],[-89.006848,43.633045],[-88.886052,43.63354],[-88.401041,43.630933],[-88.400426,43.543532],[-88.418439,43.370175],[-88.417987,43.194697],[-88.535843,43.196048],[-89.008832,43.197724],[-89.009139,43.28483]]]}},{"type":"Feature","properties":{"fips":"20005","name":"Atchison","state":"KS"},"geometry":{"type":"Polygon","coordinates":[[[-95.570131,39.525528],[-95.564314,39.565858],[-95.564126,39.652872],[-95.33974,39.65298],[-95.115189,39.652549],[-95.0440507525704,39.6136682968209],[-95.047165,39.595117],[-95.076688,39.576764],[-95.113557,39.553941],[-95.091419402824,39.53325788521],[-95.049845,39.494415],[-94.982144,39.440552],[-94.9657474186335,39.4216817446564],[-94.997852,39.418858],[-95.180891,39.419218],[-95.570351,39.41905],[-95.570131,39.525528]]]}},{"type":"Feature","properties":{"fips":"20187","name":"Stanton","state":"KS"},"geometry":{"type":"Polygon","coordinates":[[[-102.041965658628,37.7385405736382],[-101.527063,37.736314],[-101.52581,37.388392],[-101.556606,37.388485],[-102.041938522874,37.3891900553938],[-102.041890869665,37.6442776852918],[-102.041876,37.723875],[-102.041965658628,37.7385405736382]]]}},{"type":"Feature","properties":{"fips":"19083","name":"Hardin","state":"IA"},"geometry":{"type":"Polygon","coordinates":[[[-93.499485,42.5577],[-93.027,42.55681],[-93.002902,42.470638],[-93.001674,42.209267],[-93.231722,42.208886],[-93.463043,42.209302],[-93.462635,42.470802],[-93.499485,42.5577]]]}},{"type":"Feature","properties":{"fips":"29167","name":"Polk","state":"MO"},"geometry":{"type":"Polygon","coordinates":[[[-93.628404,37.829435],[-93.573202,37.828035],[-93.563313,37.813031],[-93.187915,37.802737],[-93.173183,37.72966],[-93.182489,37.417204],[-93.621153,37.427423],[-93.616033,37.572689],[-93.609489,37.741755],[-93.628404,37.829435]]]}},{"type":"Feature","properties":{"fips":"27121","name":"Pope","state":"MN"},"geometry":{"type":"Polygon","coordinates":[[[-95.758508,45.759932],[-95.13967,45.758891],[-95.131879,45.412495],[-95.255266,45.412738],[-95.747402,45.412313],[-95.758508,45.759932]]]}},{"type":"Feature","properties":{"fips":"31113","name":"Logan","state":"NE"},"geometry":{"type":"Polygon","coordinates":[[[-100.711409,41.739759],[-100.265474,41.739856],[-100.251224,41.739817],[-100.251098,41.393298],[-100.713243,41.393511],[-100.711409,41.739759]]]}},{"type":"Feature","properties":{"fips":"18093","name":"Lawrence","state":"IN"},"geometry":{"type":"Polygon","coordinates":[[[-86.682853,38.904697],[-86.682277,38.992404],[-86.317474,38.99087],[-86.280389,38.991028],[-86.275281,38.763795],[-86.310055,38.733116],[-86.308701,38.688101],[-86.683102,38.686561],[-86.682853,38.904697]]]}},{"type":"Feature","properties":{"fips":"26075","name":"Jackson","state":"MI"},"geometry":{"type":"Polygon","coordinates":[[[-84.718493,42.42152],[-84.600403,42.421984],[-84.140713,42.424611],[-84.131136,42.424567],[-84.131963,42.071577],[-84.363297,42.073456],[-84.709556,42.070366],[-84.718493,42.42152]]]}},{"type":"Feature","properties":{"fips":"17115","name":"Macon","state":"IL"},"geometry":{"type":"Polygon","coordinates":[[[-89.217846,39.91699],[-89.143451,39.917647],[-89.143875,39.961368],[-89.144764,40.048853],[-88.745164,40.055191],[-88.745435,39.967568],[-88.745957,39.858136],[-88.745967,39.850887],[-88.745671,39.792146],[-88.812709,39.740486],[-88.810575,39.653222],[-89.02568,39.654183],[-89.138951,39.655136],[-89.141967,39.801273],[-89.217473,39.813666],[-89.217846,39.91699]]]}},{"type":"Feature","properties":{"fips":"19175","name":"Union","state":"IA"},"geometry":{"type":"Polygon","coordinates":[[[-94.470603,41.157566],[-94.241637,41.157134],[-94.014189,41.156762],[-94.014803,40.897031],[-94.470779,40.899502],[-94.470603,41.157566]]]}},{"type":"Feature","properties":{"fips":"17155","name":"Putnam","state":"IL"},"geometry":{"type":"Polygon","coordinates":[[[-89.466389,41.233872],[-89.350253,41.252554],[-89.348198,41.259284],[-89.33888,41.299134],[-89.163705,41.310187],[-89.162782,41.221379],[-89.16262,41.192312],[-89.162237,41.104008],[-89.358437,41.103849],[-89.32927,41.147931],[-89.466101,41.148524],[-89.466389,41.233872]]]}},{"type":"Feature","properties":{"fips":"17159","name":"Richland","state":"IL"},"geometry":{"type":"Polygon","coordinates":[[[-88.257783,38.731139],[-88.258583,38.847529],[-87.945919,38.850148],[-87.908113,38.850107],[-87.912286,38.570104],[-87.954675,38.57023],[-88.147803,38.569037],[-88.148194,38.597987],[-88.253978,38.599502],[-88.292421,38.626487],[-88.257783,38.731139]]]}},{"type":"Feature","properties":{"fips":"46043","name":"Douglas","state":"SD"},"geometry":{"type":"Polygon","coordinates":[[[-98.705782,43.499319],[-98.320595,43.498651],[-98.114758,43.498297],[-98.109492,43.196838],[-98.680688,43.373157],[-98.706855,43.370075],[-98.705782,43.499319]]]}},{"type":"Feature","properties":{"fips":"46107","name":"Potter","state":"SD"},"geometry":{"type":"Polygon","coordinates":[[[-100.391818,45.026006],[-100.27965,45.019558],[-100.325451,45.099337],[-100.260223,45.24681],[-99.708987,45.245866],[-99.57333,45.245364],[-99.572699,44.897263],[-99.674252,44.897503],[-100.404753,44.897695],[-100.391818,45.026006]]]}},{"type":"Feature","properties":{"fips":"18025","name":"Crawford","state":"IN"},"geometry":{"type":"Polygon","coordinates":[[[-86.681424,38.394767],[-86.308868,38.394069],[-86.308674,38.422875],[-86.255045,38.422685],[-86.253427,38.291422],[-86.321274,38.147418],[-86.387216,38.124632],[-86.4335700794087,38.0871478523782],[-86.460425,38.206825],[-86.571685,38.207539],[-86.570136,38.266328],[-86.679511,38.263086],[-86.681424,38.394767]]]}},{"type":"Feature","properties":{"fips":"18113","name":"Noble","state":"IN"},"geometry":{"type":"Polygon","coordinates":[[[-85.654747,41.523347],[-85.194084,41.526437],[-85.192094,41.264209],[-85.307781,41.264158],[-85.537209,41.26631],[-85.651928,41.294776],[-85.653507,41.436856],[-85.654747,41.523347]]]}},{"type":"Feature","properties":{"fips":"29059","name":"Dallas","state":"MO"},"geometry":{"type":"Polygon","coordinates":[[[-93.182706,37.904144],[-93.072447,37.902627],[-92.855384,37.895736],[-92.846281,37.721039],[-92.853481,37.48397],[-93.071584,37.487444],[-93.07338,37.414989],[-93.182489,37.417204],[-93.173183,37.72966],[-93.187915,37.802737],[-93.182706,37.904144]]]}},{"type":"Feature","properties":{"fips":"20057","name":"Ford","state":"KS"},"geometry":{"type":"Polygon","coordinates":[[[-100.22709,37.914018],[-99.569879,37.913016],[-99.570576,37.825634],[-99.55958,37.734888],[-99.556119,37.467722],[-100.107248,37.474836],[-100.216229,37.47519],[-100.214637,37.826808],[-100.22709,37.914018]]]}},{"type":"Feature","properties":{"fips":"18149","name":"Starke","state":"IN"},"geometry":{"type":"Polygon","coordinates":[[[-86.930079,41.236798],[-86.783473,41.285465],[-86.70063,41.401982],[-86.642542,41.432639],[-86.524711,41.432886],[-86.466603,41.432968],[-86.467046,41.171442],[-86.93017,41.172318],[-86.930079,41.236798]]]}},{"type":"Feature","properties":{"fips":"29117","name":"Livingston","state":"MO"},"geometry":{"type":"Polygon","coordinates":[[[-93.761973,39.959552],[-93.361957,39.967606],[-93.364808,39.703803],[-93.266968,39.703562],[-93.261386,39.623253],[-93.278098,39.615632],[-93.758357,39.611407],[-93.758992,39.784674],[-93.761973,39.959552]]]}},{"type":"Feature","properties":{"fips":"39007","name":"Ashtabula","state":"OH"},"geometry":{"type":"Polygon","coordinates":[[[-81.002929,41.714887],[-81.0022694065175,41.8491724664376],[-80.900342,41.868912],[-80.800794,41.909635],[-80.581882,41.95761],[-80.519425,41.977523],[-80.5193967266905,41.8495629905593],[-80.519357,41.669767],[-80.519176130571,41.4993400518638],[-81.003126,41.501478],[-81.002929,41.714887]]]}},{"type":"Feature","properties":{"fips":"29011","name":"Barton","state":"MO"},"geometry":{"type":"Polygon","coordinates":[[[-94.6178455243542,37.6535777966344],[-94.073524,37.639722],[-94.075385,37.58157],[-94.082083,37.349291],[-94.6176676047008,37.3641703270387],[-94.617511,37.410909],[-94.6178455243542,37.6535777966344]]]}},{"type":"Feature","properties":{"fips":"39023","name":"Clark","state":"OH"},"geometry":{"type":"Polygon","coordinates":[[[-84.051012,39.87981],[-84.036069,40.040182],[-83.516069,40.010818],[-83.589909,39.768812],[-83.647169,39.773029],[-83.72007,39.779902],[-83.740851,39.78151],[-83.829499,39.797782],[-83.827413,39.82265],[-83.941289,39.828838],[-83.939806,39.843449],[-84.053713,39.850714],[-84.051012,39.87981]]]}},{"type":"Feature","properties":{"fips":"31123","name":"Morrill","state":"NE"},"geometry":{"type":"Polygon","coordinates":[[[-103.370391,41.69921],[-103.36262,41.743548],[-103.363337,42.00293],[-102.697835,42.004843],[-102.677582,42.005282],[-102.6794,41.829053],[-102.635803,41.742834],[-102.636525,41.438809],[-103.369005,41.437766],[-103.370391,41.69921]]]}},{"type":"Feature","properties":{"fips":"31139","name":"Pierce","state":"NE"},"geometry":{"type":"Polygon","coordinates":[[[-97.834431,42.437684],[-97.485298,42.438578],[-97.36759,42.438775],[-97.367724,42.351861],[-97.368404,42.090922],[-97.834536,42.08975],[-97.834431,42.437684]]]}},{"type":"Feature","properties":{"fips":"31165","name":"Sioux","state":"NE"},"geometry":{"type":"Polygon","coordinates":[[[-104.053127,43.000585],[-103.505099916029,43.0007588128236],[-103.480335,42.784908],[-103.48001,42.437267],[-103.444278,42.437275],[-103.444108,42.090708],[-103.401591,42.090411],[-103.401522,42.003537],[-104.052762109856,42.0017302658048],[-104.052729,42.016318],[-104.052793,42.249962],[-104.053107,42.499964],[-104.052662191568,42.6117663005415],[-104.052586,42.630917],[-104.053127,43.000585]]]}},{"type":"Feature","properties":{"fips":"39079","name":"Jackson","state":"OH"},"geometry":{"type":"Polygon","coordinates":[[[-82.785891,39.168769],[-82.762892,39.207967],[-82.536306,39.180757],[-82.540282,39.144471],[-82.424677,39.137972],[-82.435309,39.035079],[-82.455179,38.844577],[-82.575583,38.844478],[-82.650039,38.849073],[-82.76069,38.854875],[-82.753391,38.945373],[-82.80709,38.948073],[-82.785891,39.168769]]]}},{"type":"Feature","properties":{"fips":"38069","name":"Pierce","state":"ND"},"geometry":{"type":"Polygon","coordinates":[[[-100.276619,48.544813],[-100.145858,48.545211],[-99.493189,48.544834],[-99.492919,48.370946],[-99.847046,48.3712],[-99.812133,48.021451],[-99.812167,47.847257],[-100.069311,47.847431],[-100.197996,47.847652],[-100.197558,48.021857],[-100.237099,48.371244],[-100.276614,48.371199],[-100.276619,48.544813]]]}},{"type":"Feature","properties":{"fips":"20061","name":"Geary","state":"KS"},"geometry":{"type":"Polygon","coordinates":[[[-96.963177,39.1323],[-96.961219,39.15112],[-96.961693,39.220076],[-96.849879,39.219012],[-96.851409,39.088176],[-96.500962,39.072681],[-96.501166,39.043666],[-96.501556,38.869704],[-96.890245,38.870067],[-96.926209,38.978941],[-96.96347,38.964901],[-96.963177,39.1323]]]}},{"type":"Feature","properties":{"fips":"19037","name":"Chickasaw","state":"IA"},"geometry":{"type":"Polygon","coordinates":[[[-92.554381,43.212813],[-92.080976,43.212947],[-92.081146,43.082794],[-92.081568,42.907013],[-92.554211,42.907112],[-92.554381,43.212813]]]}},{"type":"Feature","properties":{"fips":"46091","name":"Marshall","state":"SD"},"geometry":{"type":"Polygon","coordinates":[[[-97.9787778096234,45.9359339920987],[-97.77704,45.935393],[-97.542598,45.935258],[-97.228291,45.9356565956461],[-97.227089,45.558158],[-97.36464,45.558728],[-97.373366,45.587634],[-97.979592,45.588483],[-97.9787778096234,45.9359339920987]]]}},{"type":"Feature","properties":{"fips":"17049","name":"Effingham","state":"IL"},"geometry":{"type":"Polygon","coordinates":[[[-88.805325,39.216263],[-88.470906,39.215029],[-88.470865,39.171463],[-88.360654,39.171118],[-88.361745,38.910847],[-88.579581,38.915382],[-88.693531,38.914617],[-88.806795,38.911585],[-88.805325,39.216263]]]}},{"type":"Feature","properties":{"fips":"46013","name":"Brown","state":"SD"},"geometry":{"type":"Polygon","coordinates":[[[-98.7243744138881,45.9386747332615],[-98.625379,45.938228],[-98.414518,45.936504],[-98.070515,45.93618],[-98.0081017982778,45.9360126290493],[-97.9787778096234,45.9359339920987],[-97.979592,45.588483],[-97.981457,45.240415],[-98.717759,45.243732],[-98.722481,45.243764],[-98.722247,45.562648],[-98.725002,45.591252],[-98.7243744138881,45.9386747332615]]]}},{"type":"Feature","properties":{"fips":"46005","name":"Beadle","state":"SD"},"geometry":{"type":"Polygon","coordinates":[[[-98.705762,44.634159],[-97.977791,44.631602],[-97.856226,44.631178],[-97.853028,44.544398],[-97.85366,44.195233],[-98.33191,44.196687],[-98.700453,44.196727],[-98.705762,44.634159]]]}},{"type":"Feature","properties":{"fips":"46039","name":"Deuel","state":"SD"},"geometry":{"type":"Polygon","coordinates":[[[-96.88457,44.804436],[-96.882345,44.97687],[-96.4558401136336,44.97734524828],[-96.4548305155538,44.8055502040458],[-96.4538066996671,44.631335831948],[-96.4532913135987,44.543636801818],[-96.885504,44.543773],[-96.88457,44.804436]]]}},{"type":"Feature","properties":{"fips":"46047","name":"Fall River","state":"SD"},"geometry":{"type":"Polygon","coordinates":[[[-104.054684568427,43.477815541711],[-103.000913,43.476848],[-103.000609526033,43.0002592867744],[-103.476133,43.000768],[-103.505099916029,43.0007588128236],[-104.053127,43.000585],[-104.053876,43.289801],[-104.054684568427,43.477815541711]]]}},{"type":"Feature","properties":{"fips":"46077","name":"Kingsbury","state":"SD"},"geometry":{"type":"Polygon","coordinates":[[[-97.853028,44.544398],[-97.492266,44.543884],[-97.128024,44.543126],[-97.129671,44.195933],[-97.370115,44.194971],[-97.849492,44.195235],[-97.85366,44.195233],[-97.853028,44.544398]]]}},{"type":"Feature","properties":{"fips":"27081","name":"Lincoln","state":"MN"},"geometry":{"type":"Polygon","coordinates":[[[-96.4538066996671,44.631335831948],[-96.09295,44.630486],[-96.08041,44.54313],[-96.07858,44.19662],[-96.4524358245955,44.196801586665],[-96.452213,44.360149],[-96.4532913135987,44.543636801818],[-96.4538066996671,44.631335831948]]]}},{"type":"Feature","properties":{"fips":"31003","name":"Antelope","state":"NE"},"geometry":{"type":"Polygon","coordinates":[[[-98.300235,42.436913],[-97.834431,42.437684],[-97.834536,42.08975],[-97.833288,41.916286],[-98.295602,41.914954],[-98.295421,42.070495],[-98.300592,42.088853],[-98.300235,42.436913]]]}},{"type":"Feature","properties":{"fips":"55109","name":"St. Croix","state":"WI"},"geometry":{"type":"Polygon","coordinates":[[[-92.7897119873686,45.0755542806195],[-92.740509,45.113396],[-92.766932,45.195111],[-92.7660914086737,45.2100217024227],[-92.156465,45.209554],[-92.136113,45.121388],[-92.136348,44.857848],[-92.7670232657519,44.8619767370977],[-92.750802,44.941567],[-92.761904,45.022467],[-92.802911,45.065403],[-92.7897119873686,45.0755542806195]]]}},{"type":"Feature","properties":{"fips":"29031","name":"Cape Girardeau","state":"MO"},"geometry":{"type":"Polygon","coordinates":[[[-89.861123,37.599286],[-89.672802,37.583761],[-89.602828,37.603225],[-89.5017910494998,37.5588957193232],[-89.5124,37.52981],[-89.471201,37.466473],[-89.42594,37.407471],[-89.428185,37.356158],[-89.4744347243599,37.334500215676],[-89.49516,37.324795],[-89.517032,37.28192],[-89.482889284644,37.2609507184141],[-89.620256,37.233008],[-89.765211,37.126066],[-89.866627,37.126227],[-89.861123,37.599286]]]}},{"type":"Feature","properties":{"fips":"27147","name":"Steele","state":"MN"},"geometry":{"type":"Polygon","coordinates":[[[-93.406565,44.196377],[-93.404567,44.196393],[-93.045946,44.196716],[-93.045966,43.848467],[-93.049524,43.848443],[-93.406642,43.84812],[-93.406565,44.196377]]]}},{"type":"Feature","properties":{"fips":"17029","name":"Coles","state":"IL"},"geometry":{"type":"Polygon","coordinates":[[[-88.472073,39.651588],[-88.139551,39.652057],[-88.063013,39.681311],[-87.966347,39.685973],[-87.960179,39.481309],[-88.013944,39.48079],[-88.012121,39.378968],[-88.47083,39.374515],[-88.470351,39.432629],[-88.470505,39.447041],[-88.472073,39.651588]]]}},{"type":"Feature","properties":{"fips":"26045","name":"Eaton","state":"MI"},"geometry":{"type":"Polygon","coordinates":[[[-85.074245,42.770784],[-84.95583,42.77046],[-84.837085,42.770479],[-84.602761,42.76988],[-84.600403,42.421984],[-84.718493,42.42152],[-85.064855,42.421508],[-85.071609,42.421428],[-85.073813,42.509173],[-85.074245,42.770784]]]}},{"type":"Feature","properties":{"fips":"19027","name":"Carroll","state":"IA"},"geometry":{"type":"Polygon","coordinates":[[[-95.090851,42.210405],[-94.858412,42.209692],[-94.628806,42.209396],[-94.628724,41.862763],[-94.744876,41.862394],[-95.092861,41.863374],[-95.090851,42.210405]]]}},{"type":"Feature","properties":{"fips":"38043","name":"Kidder","state":"ND"},"geometry":{"type":"Polygon","coordinates":[[[-100.113261,47.327262],[-100.033292,47.327165],[-99.481095,47.327027],[-99.445891,46.980189],[-99.44972,46.63163],[-99.915586,46.632926],[-100.081198,46.633396],[-100.075331,46.981481],[-100.114637,46.981666],[-100.113261,47.327262]]]}},{"type":"Feature","properties":{"fips":"31043","name":"Dakota","state":"NE"},"geometry":{"type":"Polygon","coordinates":[[[-96.722231,42.524652],[-96.6279454569017,42.5270961391418],[-96.611489,42.506088],[-96.525142,42.510234],[-96.501321,42.482749],[-96.445508,42.49063],[-96.381307,42.461694],[-96.411808,42.410894],[-96.407998,42.337408],[-96.351957192496,42.2808947045433],[-96.380298,42.276351],[-96.726661,42.278005],[-96.722231,42.524652]]]}},{"type":"Feature","properties":{"fips":"20173","name":"Sedgwick","state":"KS"},"geometry":{"type":"Polygon","coordinates":[[[-97.807823,37.733855],[-97.698692,37.735056],[-97.701969,37.911325],[-97.152476,37.912733],[-97.153331,37.475544],[-97.8076,37.474184],[-97.807823,37.733855]]]}},{"type":"Feature","properties":{"fips":"19013","name":"Black Hawk","state":"IA"},"geometry":{"type":"Polygon","coordinates":[[[-92.554492,42.642314],[-92.081661,42.642056],[-92.064187,42.468221],[-92.064766,42.297259],[-92.298792,42.297527],[-92.53351,42.297001],[-92.534015,42.469592],[-92.5543,42.555854],[-92.554492,42.642314]]]}},{"type":"Feature","properties":{"fips":"55081","name":"Monroe","state":"WI"},"geometry":{"type":"Polygon","coordinates":[[[-90.977279,44.129608],[-90.904579,44.158298],[-90.553421,44.160215],[-90.312522,44.155198],[-90.312694,43.981384],[-90.312693,43.981335],[-90.312194,43.731479],[-90.910653,43.725334],[-90.912918,44.071522],[-90.973107,44.070882],[-90.977279,44.129608]]]}},{"type":"Feature","properties":{"fips":"55113","name":"Sawyer","state":"WI"},"geometry":{"type":"Polygon","coordinates":[[[-91.551282,46.157045],[-90.924583,46.154616],[-90.925174,45.981055],[-90.676968,45.981554],[-90.678749,45.638264],[-91.540294,45.637605],[-91.551282,46.157045]]]}},{"type":"Feature","properties":{"fips":"27113","name":"Pennington","state":"MN"},"geometry":{"type":"Polygon","coordinates":[[[-96.500843,48.174108],[-95.593918,48.172915],[-95.592398,48.03867],[-95.582889,48.02067],[-95.582155,47.933966],[-95.709619,47.935805],[-95.70984,47.96433],[-96.48255,47.963595],[-96.500901,48.021656],[-96.500843,48.174108]]]}},{"type":"Feature","properties":{"fips":"46035","name":"Davison","state":"SD"},"geometry":{"type":"Polygon","coordinates":[[[-98.325242,43.851058],[-97.967279,43.850686],[-97.964586,43.499041],[-98.114758,43.498297],[-98.320595,43.498651],[-98.325242,43.851058]]]}},{"type":"Feature","properties":{"fips":"39131","name":"Pike","state":"OH"},"geometry":{"type":"Polygon","coordinates":[[[-83.353531,39.197585],[-82.785891,39.168769],[-82.80709,38.948073],[-83.212107,38.960148],[-83.270817,39.015791],[-83.314589,39.052195],[-83.385637,39.055197],[-83.353531,39.197585]]]}},{"type":"Feature","properties":{"fips":"46017","name":"Buffalo","state":"SD"},"geometry":{"type":"Polygon","coordinates":[[[-99.576571,44.192421],[-99.30018,44.19483],[-98.925953,44.196575],[-98.926997,43.935143],[-99.355864,43.934371],[-99.345995,43.981446],[-99.562536,44.101519],[-99.576571,44.192421]]]}},{"type":"Feature","properties":{"fips":"46121","name":"Todd","state":"SD"},"geometry":{"type":"Polygon","coordinates":[[[-101.228234,43.389185],[-100.21406,43.390449],[-100.213846,43.128654],[-100.198412588721,42.9979768846442],[-100.198413799775,42.9979768839694],[-101.000429,42.99753],[-101.228013397794,42.9978687396475],[-101.228234,43.389185]]]}},{"type":"Feature","properties":{"fips":"20023","name":"Cheyenne","state":"KS"},"geometry":{"type":"Polygon","coordinates":[[[-102.051744,40.003078],[-101.832161,40.002933],[-101.542273,40.002609],[-101.411028987802,40.0025825695676],[-101.413913,39.568361],[-102.049961857828,39.5681789806731],[-102.049992135644,39.574056097421],[-102.051254,39.818992],[-102.051744,40.003078]]]}},{"type":"Feature","properties":{"fips":"19021","name":"Buena Vista","state":"IA"},"geometry":{"type":"Polygon","coordinates":[[[-95.388182,42.909897],[-94.91389,42.9097],[-94.914485,42.560309],[-95.38801,42.561742],[-95.388182,42.909897]]]}},{"type":"Feature","properties":{"fips":"20071","name":"Greeley","state":"KS"},"geometry":{"type":"Polygon","coordinates":[[[-102.045712903087,38.6975657700785],[-101.567094,38.699669],[-101.567482,38.263145],[-102.044634270291,38.2624115677495],[-102.044650359147,38.2687492225031],[-102.044944,38.384419],[-102.04551057457,38.6151645901775],[-102.045712903087,38.6975657700785]]]}},{"type":"Feature","properties":{"fips":"29229","name":"Wright","state":"MO"},"geometry":{"type":"Polygon","coordinates":[[[-92.686671,37.481545],[-92.252261,37.472944],[-92.251359,37.059653],[-92.685867,37.067051],[-92.679659,37.242363],[-92.692303,37.263514],[-92.686671,37.481545]]]}},{"type":"Feature","properties":{"fips":"39103","name":"Medina","state":"OH"},"geometry":{"type":"Polygon","coordinates":[[[-82.171492,41.063537],[-82.169875,41.137097],[-82.074266,41.136456],[-82.072465,41.19985],[-81.973895,41.199831],[-81.972485,41.274829],[-81.878053,41.275044],[-81.68495,41.277146],[-81.688491,40.98859],[-82.129334,40.991807],[-82.173359,40.992046],[-82.171492,41.063537]]]}},{"type":"Feature","properties":{"fips":"39107","name":"Mercer","state":"OH"},"geometry":{"type":"Polygon","coordinates":[[[-84.804119,40.352844],[-84.802547,40.50181],[-84.8024138785794,40.5722128806467],[-84.8021190322638,40.7281459368726],[-84.456172,40.728306],[-84.45618,40.684862],[-84.455532,40.363963],[-84.434387,40.354534],[-84.434631,40.354259],[-84.8041205270149,40.3527622302971],[-84.804119,40.352844]]]}},{"type":"Feature","properties":{"fips":"19065","name":"Fayette","state":"IA"},"geometry":{"type":"Polygon","coordinates":[[[-92.081568,42.907013],[-92.081146,43.082794],[-91.605307,43.081653],[-91.607059,42.643973],[-92.081661,42.642056],[-92.081568,42.907013]]]}},{"type":"Feature","properties":{"fips":"20113","name":"McPherson","state":"KS"},"geometry":{"type":"Polygon","coordinates":[[[-97.924795,38.60988],[-97.371911,38.609353],[-97.37175,38.173673],[-97.701841,38.173814],[-97.922136,38.173713],[-97.924269,38.522755],[-97.924795,38.60988]]]}},{"type":"Feature","properties":{"fips":"19089","name":"Howard","state":"IA"},"geometry":{"type":"Polygon","coordinates":[[[-92.5531280905188,43.5003000363123],[-92.4489479514378,43.5004149885627],[-92.178863,43.500713],[-92.0798019931283,43.5007048851766],[-92.080976,43.212947],[-92.554381,43.212813],[-92.5531280905188,43.5003000363123]]]}},{"type":"Feature","properties":{"fips":"20181","name":"Sherman","state":"KS"},"geometry":{"type":"Polygon","coordinates":[[[-102.049961857828,39.5681789806731],[-101.413913,39.568361],[-101.389068,39.568369],[-101.391717,39.135117],[-101.478195,39.134761],[-102.047200721701,39.1331467095112],[-102.04896,39.373712],[-102.049961857828,39.5681789806731]]]}},{"type":"Feature","properties":{"fips":"19143","name":"Osceola","state":"IA"},"geometry":{"type":"Polygon","coordinates":[[[-95.8609462015723,43.4999928849056],[-95.834421,43.499966],[-95.486803,43.500246],[-95.4544322386606,43.50032208525],[-95.3877875940219,43.5004787289074],[-95.388078,43.255221],[-95.861914,43.257566],[-95.8609462015723,43.4999928849056]]]}},{"type":"Feature","properties":{"fips":"17179","name":"Tazewell","state":"IL"},"geometry":{"type":"Polygon","coordinates":[[[-89.905582,40.451506],[-89.872462,40.513225],[-89.776897,40.552465],[-89.664309,40.562404],[-89.613756,40.665081],[-89.546543,40.722185],[-89.553433,40.747636],[-89.330092,40.748257],[-89.327343,40.615566],[-89.269397,40.594318],[-89.265404,40.42753],[-89.26374,40.325344],[-89.602979,40.320129],[-89.714927,40.319218],[-89.717104,40.435655],[-89.92468,40.435921],[-89.905582,40.451506]]]}},{"type":"Feature","properties":{"fips":"19153","name":"Polk","state":"IA"},"geometry":{"type":"Polygon","coordinates":[[[-93.815721,41.863419],[-93.698032,41.86337],[-93.347933,41.863104],[-93.348681,41.600999],[-93.328614,41.507824],[-93.328407,41.490794],[-93.344207,41.481929],[-93.413841,41.507415],[-93.790612,41.511916],[-93.814282,41.600456],[-93.815721,41.863419]]]}},{"type":"Feature","properties":{"fips":"19185","name":"Wayne","state":"IA"},"geometry":{"type":"Polygon","coordinates":[[[-93.55654,40.898295],[-93.097595,40.898451],[-93.0972912037498,40.5838234773251],[-93.135802,40.582854],[-93.345442,40.580514],[-93.3743862587638,40.5803970326092],[-93.5568966742717,40.5796594850605],[-93.55654,40.898295]]]}},{"type":"Feature","properties":{"fips":"17191","name":"Wayne","state":"IL"},"geometry":{"type":"Polygon","coordinates":[[[-88.698961,38.474914],[-88.698459,38.606062],[-88.253978,38.599502],[-88.148194,38.597987],[-88.147803,38.569037],[-88.150891,38.256156],[-88.370375,38.255319],[-88.702391,38.256661],[-88.698961,38.474914]]]}},{"type":"Feature","properties":{"fips":"39165","name":"Warren","state":"OH"},"geometry":{"type":"Polygon","coordinates":[[[-84.365232,39.589493],[-84.114174,39.57823],[-83.976987,39.569402],[-84.007454,39.255112],[-84.259431,39.27086],[-84.262172,39.288342],[-84.353209,39.292287],[-84.331682,39.549213],[-84.365232,39.589493]]]}},{"type":"Feature","properties":{"fips":"27143","name":"Sibley","state":"MN"},"geometry":{"type":"Polygon","coordinates":[[[-94.629489,44.716663],[-94.498074,44.717171],[-94.497835,44.629921],[-94.254719,44.630311],[-94.254076,44.717855],[-94.010494,44.717464],[-93.888636,44.717044],[-93.888831,44.673409],[-93.768176,44.67352],[-93.768039,44.640384],[-93.858449,44.620754],[-93.910425,44.543216],[-93.885426,44.518929],[-93.934852,44.456661],[-94.6242,44.45603],[-94.629489,44.716663]]]}},{"type":"Feature","properties":{"fips":"31001","name":"Adams","state":"NE"},"geometry":{"type":"Polygon","coordinates":[[[-98.724387,40.689772],[-98.72143,40.698903],[-98.282851,40.698284],[-98.278103,40.698291],[-98.27809,40.350347],[-98.723948,40.350391],[-98.724387,40.689772]]]}},{"type":"Feature","properties":{"fips":"27109","name":"Olmsted","state":"MN"},"geometry":{"type":"Polygon","coordinates":[[[-92.678268,43.862979],[-92.678717,44.195516],[-92.550871,44.194916],[-92.318986,44.194057],[-92.318971,44.107734],[-92.079498,44.106721],[-92.079141,43.847126],[-92.424336,43.848258],[-92.448965,43.834105],[-92.674231,43.833903],[-92.689391,43.84857],[-92.678268,43.862979]]]}},{"type":"Feature","properties":{"fips":"29129","name":"Mercer","state":"MO"},"geometry":{"type":"Polygon","coordinates":[[[-93.7743442040303,40.5775304533911],[-93.597352,40.579496],[-93.5568966742717,40.5796594850605],[-93.3743862587638,40.5803970326092],[-93.37484,40.472212],[-93.366935,40.382999],[-93.367214,40.266314],[-93.763324,40.263988],[-93.764823,40.472515],[-93.7743442040303,40.5775304533911]]]}},{"type":"Feature","properties":{"fips":"19127","name":"Marshall","state":"IA"},"geometry":{"type":"Polygon","coordinates":[[[-93.231722,42.208886],[-93.001674,42.209267],[-92.767463,42.21014],[-92.765999,41.862373],[-93.231858,41.862711],[-93.231722,42.208886]]]}},{"type":"Feature","properties":{"fips":"46093","name":"Meade","state":"SD"},"geometry":{"type":"Polygon","coordinates":[[[-103.567653,44.604098],[-102.964125,44.604287],[-102.957371,45.039569],[-101.999994,45.038274],[-102.000432,44.511663],[-102.001068,44.510926],[-102.112535,44.435886],[-102.189438,44.427194],[-102.282876,44.448626],[-102.300002,44.374986],[-102.341635,44.348772],[-102.393522,44.202966],[-102.388045,44.140183],[-103.452453,44.140772],[-103.453016,44.256609],[-103.574396,44.256077],[-103.567653,44.604098]]]}},{"type":"Feature","properties":{"fips":"20009","name":"Barton","state":"KS"},"geometry":{"type":"Polygon","coordinates":[[[-99.032971,38.696759],[-98.486108,38.696878],[-98.479927,38.676075],[-98.480377,38.521841],[-98.479841,38.26079],[-98.912583,38.261088],[-99.022472,38.261208],[-99.032318,38.270182],[-99.032408,38.348334],[-99.032971,38.696759]]]}},{"type":"Feature","properties":{"fips":"26031","name":"Cheboygan","state":"MI"},"geometry":{"type":"Polygon","coordinates":[[[-84.732687,45.289382],[-84.732242,45.780496853289],[-84.718904,45.777599],[-84.553311,45.698566],[-84.46168,45.652404],[-84.413642,45.669427],[-84.329537,45.66438],[-84.2108933451565,45.6262310177199],[-84.25202,45.625998],[-84.246634,45.198727],[-84.366614,45.198737],[-84.734303,45.201936],[-84.732687,45.289382]]]}},{"type":"Feature","properties":{"fips":"26129","name":"Ogemaw","state":"MI"},"geometry":{"type":"Polygon","coordinates":[[[-84.370643,44.507223],[-83.886634,44.508976],[-83.883977,44.161786],[-84.166107,44.161788],[-84.368039,44.160538],[-84.370643,44.507223]]]}},{"type":"Feature","properties":{"fips":"17007","name":"Boone","state":"IL"},"geometry":{"type":"Polygon","coordinates":[[[-88.940384860378,42.4954398274712],[-88.7765924457953,42.4941373692957],[-88.7074208350474,42.4935873247155],[-88.70561,42.327882],[-88.705585,42.153537],[-88.822419,42.153391],[-88.861515,42.153046],[-88.939732,42.15232],[-88.940384860378,42.4954398274712]]]}},{"type":"Feature","properties":{"fips":"18069","name":"Huntington","state":"IN"},"geometry":{"type":"Polygon","coordinates":[[[-85.643841,41.002305],[-85.335643,41.00525],[-85.33603,40.917082],[-85.334667,40.654413],[-85.448825,40.653607],[-85.638587,40.653129],[-85.643841,41.002305]]]}},{"type":"Feature","properties":{"fips":"18009","name":"Blackford","state":"IN"},"geometry":{"type":"Polygon","coordinates":[[[-85.447014,40.566929],[-85.201146,40.567242],[-85.200857,40.479495],[-85.206616,40.459019],[-85.219901,40.379034],[-85.44433,40.37914],[-85.447014,40.566929]]]}},{"type":"Feature","properties":{"fips":"18033","name":"DeKalb","state":"IN"},"geometry":{"type":"Polygon","coordinates":[[[-85.194084,41.526437],[-84.8049581562396,41.5301378133882],[-84.8042532576115,41.4260497115499],[-84.804133,41.408292],[-84.8037025496349,41.2709318889484],[-85.192094,41.264209],[-85.194084,41.526437]]]}},{"type":"Feature","properties":{"fips":"18053","name":"Grant","state":"IN"},"geometry":{"type":"Polygon","coordinates":[[[-85.864791,40.651693],[-85.638587,40.653129],[-85.448825,40.653607],[-85.447014,40.566929],[-85.44433,40.37914],[-85.578589,40.379524],[-85.862296,40.378367],[-85.862117,40.406889],[-85.863641,40.565525],[-85.864791,40.651693]]]}},{"type":"Feature","properties":{"fips":"38047","name":"Logan","state":"ND"},"geometry":{"type":"Polygon","coordinates":[[[-99.915586,46.632926],[-99.44972,46.63163],[-99.036625,46.630211],[-99.037289,46.282871],[-99.878354,46.282829],[-99.916758,46.283171],[-99.915586,46.632926]]]}},{"type":"Feature","properties":{"fips":"18133","name":"Putnam","state":"IN"},"geometry":{"type":"Polygon","coordinates":[[[-87.013062,39.604787],[-87.009477,39.866705],[-86.695127,39.864845],[-86.687406,39.630437],[-86.643014,39.618029],[-86.65665,39.601395],[-86.648319,39.565874],[-86.68571,39.470063],[-86.939981,39.473345],[-87.014533,39.473572],[-87.013062,39.604787]]]}},{"type":"Feature","properties":{"fips":"55077","name":"Marquette","state":"WI"},"geometry":{"type":"Polygon","coordinates":[[[-89.59795,43.9821],[-89.168612,43.982834],[-89.198299,43.812677],[-89.167886,43.765643],[-89.245375,43.759813],[-89.245437,43.643083],[-89.599547,43.642636],[-89.59795,43.9821]]]}},{"type":"Feature","properties":{"fips":"20089","name":"Jewell","state":"KS"},"geometry":{"type":"Polygon","coordinates":[[[-98.5044549836368,40.002379876736],[-98.2740170597529,40.0023374507299],[-98.076034,40.002301],[-97.9318249263172,40.0022363450196],[-97.931482,39.653767],[-97.931844,39.566921],[-98.487384,39.567492],[-98.505266,39.567603],[-98.5044549836368,40.002379876736]]]}},{"type":"Feature","properties":{"fips":"20171","name":"Scott","state":"KS"},"geometry":{"type":"Polygon","coordinates":[[[-101.128379,38.700603],[-100.818698,38.699861],[-100.688006,38.700021],[-100.684699,38.264137],[-101.103268,38.264557],[-101.125438,38.264509],[-101.128379,38.700603]]]}},{"type":"Feature","properties":{"fips":"55025","name":"Dane","state":"WI"},"geometry":{"type":"Polygon","coordinates":[[[-89.838135,43.206057],[-89.731738,43.252203],[-89.720463,43.293084],[-89.363085,43.281305],[-89.009139,43.28483],[-89.008832,43.197724],[-89.013582,42.84763],[-89.369128,42.845036],[-89.378262,42.856376],[-89.838167,42.857397],[-89.838135,43.206057]]]}},{"type":"Feature","properties":{"fips":"29037","name":"Cass","state":"MO"},"geometry":{"type":"Polygon","coordinates":[[[-94.6094896723458,38.7381017094732],[-94.609456,38.7407],[-94.6089603437495,38.847211315445],[-94.278167,38.835056],[-94.119096,38.833167],[-94.119664,38.568712],[-94.064317,38.56738],[-94.06782,38.466016],[-94.065713,38.447087],[-94.212023,38.446754],[-94.31217,38.471496],[-94.6128655959221,38.4776021802351],[-94.6094896723458,38.7381017094732]]]}},{"type":"Feature","properties":{"fips":"55103","name":"Richland","state":"WI"},"geometry":{"type":"Polygon","coordinates":[[[-90.671652,43.552856],[-90.311069,43.553991],[-90.191964,43.554996],[-90.191781,43.467383],[-90.193814,43.164464],[-90.297802,43.208211],[-90.429825,43.20094],[-90.545408,43.211455],[-90.666786,43.171777],[-90.668561,43.422994],[-90.671652,43.552856]]]}},{"type":"Feature","properties":{"fips":"29049","name":"Clinton","state":"MO"},"geometry":{"type":"Polygon","coordinates":[[[-94.602257,39.747195],[-94.205961,39.745841],[-94.208423,39.5272],[-94.210642,39.454682],[-94.600819,39.456155],[-94.601215,39.53017],[-94.602257,39.747195]]]}},{"type":"Feature","properties":{"fips":"26095","name":"Luce","state":"MI"},"geometry":{"type":"Polygon","coordinates":[[[-85.864932,46.504758],[-85.8646071413292,46.6865683155134],[-85.841057,46.688896],[-85.482096,46.680432],[-85.25686,46.75338],[-85.2378731773596,46.7557027812565],[-85.237839,46.24543],[-85.865025,46.244631],[-85.864932,46.504758]]]}},{"type":"Feature","properties":{"fips":"19011","name":"Benton","state":"IA"},"geometry":{"type":"Polygon","coordinates":[[[-92.298792,42.297527],[-92.064766,42.297259],[-91.831089,42.299063],[-91.831379,41.861851],[-92.298164,41.862779],[-92.298792,42.297527]]]}},{"type":"Feature","properties":{"fips":"29215","name":"Texas","state":"MO"},"geometry":{"type":"Polygon","coordinates":[[[-92.252261,37.472944],[-92.249463,37.604543],[-92.183261,37.605243],[-92.029258,37.602542],[-91.809105,37.598863],[-91.754795,37.598768],[-91.75504,37.42411],[-91.646626,37.422731],[-91.655607,37.048925],[-92.088708,37.056248],[-92.251359,37.059653],[-92.252261,37.472944]]]}},{"type":"Feature","properties":{"fips":"19131","name":"Mitchell","state":"IA"},"geometry":{"type":"Polygon","coordinates":[[[-93.0243479005419,43.49955616363],[-92.870277,43.499548],[-92.553161,43.5003],[-92.5531280905188,43.5003000363123],[-92.554381,43.212813],[-93.024092,43.212812],[-93.024143,43.255538],[-93.0243479005419,43.49955616363]]]}},{"type":"Feature","properties":{"fips":"19189","name":"Winnebago","state":"IA"},"geometry":{"type":"Polygon","coordinates":[[[-93.97076,43.499605],[-93.6485330311736,43.4995354896751],[-93.576728,43.49952],[-93.4973513252204,43.4995307245117],[-93.497635,43.255468],[-93.970415,43.255358],[-93.97076,43.499605]]]}},{"type":"Feature","properties":{"fips":"18041","name":"Fayette","state":"IN"},"geometry":{"type":"Polygon","coordinates":[[[-85.301584,39.787579],[-85.221118,39.788449],[-85.185089,39.715515],[-85.034575,39.714764],[-85.036087,39.526213],[-85.29811,39.525476],[-85.301584,39.787579]]]}},{"type":"Feature","properties":{"fips":"19187","name":"Webster","state":"IA"},"geometry":{"type":"Polygon","coordinates":[[[-94.443083,42.645164],[-93.971714,42.644707],[-93.971583,42.558139],[-93.931684,42.472011],[-93.93158,42.209908],[-94.164704,42.20992],[-94.397526,42.209161],[-94.397671,42.4733],[-94.443033,42.473378],[-94.443024,42.558843],[-94.443083,42.645164]]]}},{"type":"Feature","properties":{"fips":"29057","name":"Dade","state":"MO"},"geometry":{"type":"Polygon","coordinates":[[[-94.082083,37.349291],[-94.075385,37.58157],[-93.616033,37.572689],[-93.621153,37.427423],[-93.625844,37.282011],[-94.052313,37.290078],[-94.083833,37.290851],[-94.082083,37.349291]]]}},{"type":"Feature","properties":{"fips":"38091","name":"Steele","state":"ND"},"geometry":{"type":"Polygon","coordinates":[[[-97.984248,47.672303],[-97.882271,47.672179],[-97.472745,47.672051],[-97.473978,47.324542],[-97.451512,47.239061],[-97.705935,47.239977],[-97.961211,47.240325],[-97.986428,47.326201],[-97.984248,47.672303]]]}},{"type":"Feature","properties":{"fips":"19019","name":"Buchanan","state":"IA"},"geometry":{"type":"Polygon","coordinates":[[[-92.081661,42.642056],[-91.607059,42.643973],[-91.596981,42.296408],[-91.831089,42.299063],[-92.064766,42.297259],[-92.064187,42.468221],[-92.081661,42.642056]]]}},{"type":"Feature","properties":{"fips":"27101","name":"Murray","state":"MN"},"geometry":{"type":"Polygon","coordinates":[[[-96.063778,44.196425],[-95.59357,44.19553],[-95.462547,44.195942],[-95.462427,43.847911],[-96.05232,43.84907],[-96.06462,43.849039],[-96.063778,44.196425]]]}},{"type":"Feature","properties":{"fips":"20033","name":"Comanche","state":"KS"},"geometry":{"type":"Polygon","coordinates":[[[-99.543189,37.381124],[-99.011499,37.384263],[-99.001378,37.375022],[-99.0003010538842,36.9993580981444],[-99.129449,36.999422],[-99.407015,36.999579],[-99.4562024346753,36.9997002794079],[-99.5411149123609,36.9999096445655],[-99.543189,37.381124]]]}},{"type":"Feature","properties":{"fips":"17035","name":"Cumberland","state":"IL"},"geometry":{"type":"Polygon","coordinates":[[[-88.470906,39.215029],[-88.47083,39.374515],[-88.012121,39.378968],[-88.007766,39.173925],[-88.360654,39.171118],[-88.470865,39.171463],[-88.470906,39.215029]]]}},{"type":"Feature","properties":{"fips":"18107","name":"Montgomery","state":"IN"},"geometry":{"type":"Polygon","coordinates":[[[-87.092527,40.214654],[-86.695637,40.214367],[-86.695804,40.178657],[-86.695071,39.92277],[-86.695127,39.864845],[-87.009477,39.866705],[-87.091542,39.867265],[-87.091006,39.953009],[-87.092142,40.039019],[-87.092527,40.214654]]]}},{"type":"Feature","properties":{"fips":"29185","name":"St. Clair","state":"MO"},"geometry":{"type":"Polygon","coordinates":[[[-94.058285,38.036627],[-94.049895,38.213985],[-93.557009,38.201074],[-93.523484,38.207216],[-93.49728,38.199087],[-93.503946,38.073123],[-93.512103,37.913535],[-93.568709,37.914918],[-93.573202,37.828035],[-93.628404,37.829435],[-93.811402,37.834571],[-93.808648,37.892775],[-94.065675,37.900987],[-94.058285,38.036627]]]}},{"type":"Feature","properties":{"fips":"39115","name":"Morgan","state":"OH"},"geometry":{"type":"Polygon","coordinates":[[[-82.076639,39.77096],[-81.697442,39.755572],[-81.639886,39.75342],[-81.6432,39.665681],[-81.586132,39.663993],[-81.588185,39.586973],[-81.712706,39.585107],[-81.708527,39.480775],[-81.823158,39.494072],[-81.844863,39.450216],[-82.055779,39.460053],[-82.047528,39.550825],[-82.038272,39.56943],[-82.024219,39.724686],[-82.080224,39.727673],[-82.076639,39.77096]]]}},{"type":"Feature","properties":{"fips":"20015","name":"Butler","state":"KS"},"geometry":{"type":"Polygon","coordinates":[[[-97.152476,37.912733],[-97.152913,38.087704],[-96.840772,38.085622],[-96.522782,38.08637],[-96.5253,37.607015],[-96.52569,37.476405],[-97.153331,37.475544],[-97.152476,37.912733]]]}},{"type":"Feature","properties":{"fips":"31081","name":"Hamilton","state":"NE"},"geometry":{"type":"Polygon","coordinates":[[[-98.282578,40.868677],[-98.010548,41.072761],[-97.874073,41.123148],[-97.828256,41.173439],[-97.826287,41.046581],[-97.825723,40.698555],[-98.278103,40.698291],[-98.282851,40.698284],[-98.282578,40.868677]]]}},{"type":"Feature","properties":{"fips":"17121","name":"Marion","state":"IL"},"geometry":{"type":"Polygon","coordinates":[[[-89.143866,38.503089],[-89.138393,38.736331],[-89.138138,38.824209],[-88.695165,38.826299],[-88.698459,38.606062],[-88.698961,38.474914],[-89.144388,38.473878],[-89.143866,38.503089]]]}},{"type":"Feature","properties":{"fips":"19195","name":"Worth","state":"IA"},"geometry":{"type":"Polygon","coordinates":[[[-93.4973513252204,43.4995307245117],[-93.228861,43.499567],[-93.0491920078165,43.4995574800246],[-93.0243479005419,43.49955616363],[-93.024143,43.255538],[-93.497635,43.255468],[-93.4973513252204,43.4995307245117]]]}},{"type":"Feature","properties":{"fips":"18079","name":"Jennings","state":"IN"},"geometry":{"type":"Polygon","coordinates":[[[-85.799712,39.127453],[-85.774258,39.129146],[-85.686783,39.130859],[-85.56632,39.132761],[-85.440054,39.195617],[-85.444897,38.912998],[-85.5382,38.912217],[-85.537431,38.88278],[-85.628855,38.817583],[-85.683839,38.815406],[-85.733191,38.831812],[-85.795357,38.807508],[-85.798804,39.068536],[-85.799712,39.127453]]]}},{"type":"Feature","properties":{"fips":"20031","name":"Coffey","state":"KS"},"geometry":{"type":"Polygon","coordinates":[[[-95.958862,38.170939],[-95.95861,38.246302],[-95.949994,38.259706],[-95.950282,38.434105],[-95.508267,38.433933],[-95.508328,38.390278],[-95.51897,38.03823],[-95.959046,38.040195],[-95.958862,38.170939]]]}},{"type":"Feature","properties":{"fips":"31005","name":"Arthur","state":"NE"},"geometry":{"type":"Polygon","coordinates":[[[-101.985523,41.74229],[-101.42592,41.743059],[-101.406466,41.7432],[-101.40726,41.395416],[-101.984567,41.395012],[-101.985523,41.74229]]]}},{"type":"Feature","properties":{"fips":"18139","name":"Rush","state":"IN"},"geometry":{"type":"Polygon","coordinates":[[[-85.633491,39.786177],[-85.596916,39.786519],[-85.301584,39.787579],[-85.29811,39.525476],[-85.297575,39.453275],[-85.629327,39.45275],[-85.633228,39.698462],[-85.633491,39.786177]]]}},{"type":"Feature","properties":{"fips":"29067","name":"Douglas","state":"MO"},"geometry":{"type":"Polygon","coordinates":[[[-92.903273,37.070651],[-92.685867,37.067051],[-92.251359,37.059653],[-92.088708,37.056248],[-92.095841,36.798439],[-92.112346,36.794231],[-92.764869,36.806097],[-92.909336,36.809178],[-92.903273,37.070651]]]}},{"type":"Feature","properties":{"fips":"20203","name":"Wichita","state":"KS"},"geometry":{"type":"Polygon","coordinates":[[[-101.567094,38.699669],[-101.484383,38.700166],[-101.128379,38.700603],[-101.125438,38.264509],[-101.542312,38.263207],[-101.567482,38.263145],[-101.567094,38.699669]]]}},{"type":"Feature","properties":{"fips":"27055","name":"Houston","state":"MN"},"geometry":{"type":"Polygon","coordinates":[[[-91.730424,43.846935],[-91.2876556273671,43.847065],[-91.243955,43.773046],[-91.2570001560057,43.7256587372224],[-91.273252,43.666623],[-91.252926,43.600363],[-91.232812,43.564842],[-91.217706,43.50055],[-91.491042,43.50069],[-91.6108350005544,43.5006878467793],[-91.7302169978377,43.5006857009461],[-91.730424,43.846935]]]}},{"type":"Feature","properties":{"fips":"19179","name":"Wapello","state":"IA"},"geometry":{"type":"Polygon","coordinates":[[[-92.640376,41.161402],[-92.410233,41.161942],[-92.179974,41.162662],[-92.179072,40.89972],[-92.639091,40.898886],[-92.640376,41.161402]]]}},{"type":"Feature","properties":{"fips":"17165","name":"Saline","state":"IL"},"geometry":{"type":"Polygon","coordinates":[[[-88.708546,37.599277],[-88.706759,37.863457],[-88.706622,37.906797],[-88.37453,37.907678],[-88.375434,37.599595],[-88.412697,37.599625],[-88.708546,37.599059],[-88.708546,37.599277]]]}},{"type":"Feature","properties":{"fips":"19123","name":"Mahaska","state":"IA"},"geometry":{"type":"Polygon","coordinates":[[[-92.871421,41.508522],[-92.756508,41.508794],[-92.411995,41.509548],[-92.410233,41.161942],[-92.640376,41.161402],[-92.869771,41.161066],[-92.871421,41.508522]]]}},{"type":"Feature","properties":{"fips":"31091","name":"Hooker","state":"NE"},"geometry":{"type":"Polygon","coordinates":[[[-101.426557,42.092194],[-100.846129,42.088166],[-100.842459,41.740404],[-101.406466,41.7432],[-101.42592,41.743059],[-101.426557,42.092194]]]}},{"type":"Feature","properties":{"fips":"39019","name":"Carroll","state":"OH"},"geometry":{"type":"Polygon","coordinates":[[[-81.317739,40.651579],[-81.24125,40.650534],[-81.198737,40.729147],[-81.087289,40.727816],[-80.917172,40.726934],[-80.918125,40.643464],[-80.861994,40.599404],[-80.863567,40.555411],[-80.92092,40.556315],[-80.924566,40.467975],[-80.941911,40.4247],[-81.212309,40.433457],[-81.237687,40.432461],[-81.269951,40.433486],[-81.264744,40.565042],[-81.321659,40.566648],[-81.317739,40.651579]]]}},{"type":"Feature","properties":{"fips":"39021","name":"Champaign","state":"OH"},"geometry":{"type":"Polygon","coordinates":[[[-84.022919,40.183945],[-84.014763,40.273459],[-83.784196,40.260046],[-83.551338,40.22937],[-83.494498,40.225467],[-83.503714,40.111468],[-83.516069,40.010818],[-84.036069,40.040182],[-84.022919,40.183945]]]}},{"type":"Feature","properties":{"fips":"55049","name":"Iowa","state":"WI"},"geometry":{"type":"Polygon","coordinates":[[[-90.429825,43.20094],[-90.297802,43.208211],[-90.193814,43.164464],[-90.05866,43.145291],[-90.000123,43.194624],[-89.838135,43.206057],[-89.838167,42.857397],[-89.83841,42.813799],[-90.426902,42.812862],[-90.429825,43.20094]]]}},{"type":"Feature","properties":{"fips":"31029","name":"Chase","state":"NE"},"geometry":{"type":"Polygon","coordinates":[[[-102.051304798597,40.440007993377],[-102.051294151579,40.697546832389],[-101.345365,40.698093],[-101.342788,40.350444],[-102.051308551844,40.3492213568722],[-102.051304798597,40.440007993377]]]}},{"type":"Feature","properties":{"fips":"27043","name":"Faribault","state":"MN"},"geometry":{"type":"Polygon","coordinates":[[[-94.247123,43.847946],[-93.767761,43.847956],[-93.64829,43.848139],[-93.6485330311736,43.4995354896751],[-93.97076,43.499605],[-94.2479674415552,43.5001754767076],[-94.247123,43.847946]]]}},{"type":"Feature","properties":{"fips":"17039","name":"De Witt","state":"IL"},"geometry":{"type":"Polygon","coordinates":[[[-89.148764,40.282038],[-89.034711,40.282797],[-88.574885,40.281501],[-88.745344,40.098813],[-88.745164,40.055191],[-89.144764,40.048853],[-89.148764,40.282038]]]}},{"type":"Feature","properties":{"fips":"17045","name":"Edgar","state":"IL"},"geometry":{"type":"Polygon","coordinates":[[[-87.968777,39.79235],[-87.937645,39.879803],[-87.615161,39.881579],[-87.557533,39.868784],[-87.5324544938843,39.8829991187823],[-87.532703,39.664868],[-87.532385282791,39.6073049442215],[-87.5316666819743,39.4771109927429],[-87.687622,39.487363],[-87.960179,39.481309],[-87.966347,39.685973],[-87.968777,39.79235]]]}},{"type":"Feature","properties":{"fips":"17081","name":"Jefferson","state":"IL"},"geometry":{"type":"Polygon","coordinates":[[[-89.147597,38.212895],[-89.144388,38.473878],[-88.698961,38.474914],[-88.702391,38.256661],[-88.704606,38.125195],[-89.129632,38.124767],[-89.149841,38.125054],[-89.147597,38.212895]]]}},{"type":"Feature","properties":{"fips":"46007","name":"Bennett","state":"SD"},"geometry":{"type":"Polygon","coordinates":[[[-102.110819,43.389902],[-101.228234,43.389185],[-101.228013397794,42.9978687396475],[-102.082486319192,42.9991405485193],[-102.108892,43.129258],[-102.110819,43.389902]]]}},{"type":"Feature","properties":{"fips":"29075","name":"Gentry","state":"MO"},"geometry":{"type":"Polygon","coordinates":[[[-94.605942,40.126127],[-94.598487,40.386714],[-94.214278,40.384254],[-94.216696,40.136626],[-94.2188,40.034885],[-94.605377,40.039217],[-94.605942,40.126127]]]}},{"type":"Feature","properties":{"fips":"19117","name":"Lucas","state":"IA"},"geometry":{"type":"Polygon","coordinates":[[[-93.557556,41.161271],[-93.327886,41.160659],[-93.099217,41.160867],[-93.097595,40.898451],[-93.55654,40.898295],[-93.557556,41.161271]]]}},{"type":"Feature","properties":{"fips":"18177","name":"Wayne","state":"IN"},"geometry":{"type":"Polygon","coordinates":[[[-85.200945,39.873799],[-85.201473,40.004521],[-84.8101612384745,40.0050675438482],[-84.8114171063805,39.9169136295798],[-84.8141281379328,39.7266165116193],[-85.024233,39.729196],[-85.034575,39.714764],[-85.185089,39.715515],[-85.221118,39.788449],[-85.200945,39.873799]]]}},{"type":"Feature","properties":{"fips":"27107","name":"Norman","state":"MN"},"geometry":{"type":"Polygon","coordinates":[[[-96.8559593490532,47.499173229529],[-96.067621,47.499136],[-96.067069,47.151813],[-96.194671,47.151149],[-96.8265691272283,47.150539],[-96.8360095945419,47.2379818754871],[-96.84022,47.276981],[-96.85748,47.440457],[-96.8559593490532,47.499173229529]]]}},{"type":"Feature","properties":{"fips":"26155","name":"Shiawassee","state":"MI"},"geometry":{"type":"Polygon","coordinates":[[[-84.367891,43.128452],[-83.929079,43.132782],[-83.924315,42.816664],[-83.922516,42.780821],[-84.158189,42.776639],[-84.363659,42.775778],[-84.36776,43.117942],[-84.367891,43.128452]]]}},{"type":"Feature","properties":{"fips":"26049","name":"Genesee","state":"MI"},"geometry":{"type":"Polygon","coordinates":[[[-83.932071,43.220377],[-83.695621,43.221422],[-83.611107,43.222361],[-83.460733,43.223131],[-83.453364,42.880432],[-83.689384,42.871263],[-83.686493,42.783263],[-83.893978,42.78145],[-83.922516,42.780821],[-83.924315,42.816664],[-83.929079,43.132782],[-83.932071,43.220377]]]}},{"type":"Feature","properties":{"fips":"38039","name":"Griggs","state":"ND"},"geometry":{"type":"Polygon","coordinates":[[[-98.500181,47.672413],[-97.984248,47.672303],[-97.986428,47.326201],[-97.961211,47.240325],[-98.467066,47.240404],[-98.466957,47.312943],[-98.499246,47.326538],[-98.500085,47.587228],[-98.500181,47.672413]]]}},{"type":"Feature","properties":{"fips":"17177","name":"Stephenson","state":"IL"},"geometry":{"type":"Polygon","coordinates":[[[-89.9264658538311,42.5057868210378],[-89.8375948863256,42.5049103527915],[-89.493216,42.501514],[-89.4014168110406,42.5004419310737],[-89.397665,42.332022],[-89.397434,42.288722],[-89.396192,42.201916],[-89.688486,42.199112],[-89.919772,42.196881],[-89.923558,42.371416],[-89.9264658538311,42.5057868210378]]]}},{"type":"Feature","properties":{"fips":"19169","name":"Story","state":"IA"},"geometry":{"type":"Polygon","coordinates":[[[-93.69839,42.209339],[-93.463043,42.209302],[-93.231722,42.208886],[-93.231858,41.862711],[-93.347933,41.863104],[-93.698032,41.86337],[-93.69839,42.209339]]]}},{"type":"Feature","properties":{"fips":"39031","name":"Coshocton","state":"OH"},"geometry":{"type":"Polygon","coordinates":[[[-82.184277,40.456382],[-81.709132,40.444775],[-81.712383,40.370763],[-81.616307,40.368125],[-81.622351,40.221306],[-81.670899,40.150976],[-81.716276,40.152166],[-82.187105,40.16688],[-82.18354,40.226614],[-82.195911,40.239071],[-82.184277,40.456382]]]}},{"type":"Feature","properties":{"fips":"29027","name":"Callaway","state":"MO"},"geometry":{"type":"Polygon","coordinates":[[[-92.216388,38.714495],[-92.135158,38.814389],[-92.14979,38.954301],[-92.132301,39.060175],[-92.110387,39.064204],[-91.633998,39.059057],[-91.647171,38.703396],[-91.854867,38.670336],[-92.008983,38.5709],[-92.161663,38.578057],[-92.220661,38.643167],[-92.216388,38.714495]]]}},{"type":"Feature","properties":{"fips":"17129","name":"Menard","state":"IL"},"geometry":{"type":"Polygon","coordinates":[[[-89.99509,40.108908],[-89.969618,40.142358],[-89.749196,40.126852],[-89.638262,40.15487],[-89.601688,40.122378],[-89.579128,40.092415],[-89.578289,39.976127],[-89.698259,39.975309],[-89.701864,39.916787],[-89.769168,39.90235],[-89.994506,39.901925],[-89.99509,40.108908]]]}},{"type":"Feature","properties":{"fips":"20119","name":"Meade","state":"KS"},"geometry":{"type":"Polygon","coordinates":[[[-100.652642,37.474848],[-100.216229,37.47519],[-100.107248,37.474836],[-100.091529,37.386892],[-100.089481743903,37.0014794694635],[-100.552683,37.000735],[-100.633324986158,37.0001736090529],[-100.63392,37.381174],[-100.652728,37.387627],[-100.652642,37.474848]]]}},{"type":"Feature","properties":{"fips":"20193","name":"Thomas","state":"KS"},"geometry":{"type":"Polygon","coordinates":[[[-101.389068,39.568369],[-100.740873,39.568043],[-100.720213,39.568034],[-100.721296,39.133381],[-100.811858,39.13336],[-101.391717,39.135117],[-101.389068,39.568369]]]}},{"type":"Feature","properties":{"fips":"26055","name":"Grand Traverse","state":"MI"},"geometry":{"type":"Polygon","coordinates":[[[-85.815119,44.774534],[-85.618033,44.774557],[-85.5551427027088,45.0270345441369],[-85.520034,44.973996],[-85.475204,44.991053],[-85.4314154750083,45.0166494527177],[-85.473841,44.859449],[-85.381983,44.859568],[-85.332836,44.812372],[-85.334,44.512303],[-85.757222,44.512984],[-85.817802,44.512969],[-85.815119,44.774534]]]}},{"type":"Feature","properties":{"fips":"18081","name":"Johnson","state":"IN"},"geometry":{"type":"Polygon","coordinates":[[[-86.249885,39.633645],[-85.95208,39.638345],[-85.952005,39.347373],[-86.085601,39.344189],[-86.251684,39.341672],[-86.249885,39.633645]]]}},{"type":"Feature","properties":{"fips":"20161","name":"Riley","state":"KS"},"geometry":{"type":"Polygon","coordinates":[[[-96.958719,39.566432],[-96.806544,39.566423],[-96.580459,39.56621],[-96.70862,39.460374],[-96.726334,39.403353],[-96.654408,39.312952],[-96.549797,39.212856],[-96.460465,39.168295],[-96.389046,39.172878],[-96.390796,39.043257],[-96.501166,39.043666],[-96.500962,39.072681],[-96.851409,39.088176],[-96.849879,39.219012],[-96.961693,39.220076],[-96.958719,39.566432]]]}},{"type":"Feature","properties":{"fips":"27161","name":"Waseca","state":"MN"},"geometry":{"type":"Polygon","coordinates":[[[-93.767971,44.195836],[-93.525468,44.196131],[-93.406565,44.196377],[-93.406642,43.84812],[-93.64829,43.848139],[-93.767761,43.847956],[-93.767971,44.195836]]]}},{"type":"Feature","properties":{"fips":"46027","name":"Clay","state":"SD"},"geometry":{"type":"Polygon","coordinates":[[[-97.16036,42.811795],[-97.160543,43.083145],[-96.924142,43.083733],[-96.805682,43.08367],[-96.8073706000982,42.700678985373],[-96.906797,42.7338],[-96.965679,42.724532],[-97.0156311127472,42.7565254624882],[-97.02485,42.76243],[-97.131331,42.771929],[-97.1650703923738,42.7916166414677],[-97.16036,42.811795]]]}},{"type":"Feature","properties":{"fips":"31177","name":"Washington","state":"NE"},"geometry":{"type":"Polygon","coordinates":[[[-96.444785,41.683633],[-96.134276,41.68273],[-96.1079378717465,41.6765089897621],[-96.111483,41.668548],[-96.118105,41.613495],[-96.09182,41.561086],[-96.080493,41.528199],[-96.005079,41.544004],[-95.9940203930119,41.5068906409415],[-95.982962,41.469778],[-95.922529,41.455766],[-95.9273362423201,41.3899879374596],[-95.945045,41.393095],[-96.329012,41.393136],[-96.434792,41.494928],[-96.444785,41.683633]]]}},{"type":"Feature","properties":{"fips":"29131","name":"Miller","state":"MO"},"geometry":{"type":"Polygon","coordinates":[[[-92.689834,38.348472],[-92.633756,38.348082],[-92.625189,38.430778],[-92.495185,38.427829],[-92.403484,38.425331],[-92.408407,38.341344],[-92.194476,38.335536],[-92.195675,38.292237],[-92.181372,38.161238],[-92.18537,38.016338],[-92.406275,38.021179],[-92.515979,38.022336],[-92.569682,38.095934],[-92.596761,38.110754],[-92.604957,38.157688],[-92.640085,38.213032],[-92.695886,38.222031],[-92.689834,38.348472]]]}},{"type":"Feature","properties":{"fips":"26037","name":"Clinton","state":"MI"},"geometry":{"type":"Polygon","coordinates":[[[-84.836889,43.118851],[-84.36776,43.117942],[-84.363659,42.775778],[-84.38471,42.769882],[-84.602761,42.76988],[-84.837085,42.770479],[-84.836889,43.118851]]]}},{"type":"Feature","properties":{"fips":"19109","name":"Kossuth","state":"IA"},"geometry":{"type":"Polygon","coordinates":[[[-94.443137,43.255014],[-94.4428499897182,43.5004785076547],[-94.390597,43.500469],[-94.2479674415552,43.5001754767076],[-93.97076,43.499605],[-93.970415,43.255358],[-93.971238,42.907762],[-94.442954,42.908073],[-94.443137,43.255014]]]}},{"type":"Feature","properties":{"fips":"19095","name":"Iowa","state":"IA"},"geometry":{"type":"Polygon","coordinates":[[[-92.298164,41.862779],[-91.831379,41.861851],[-91.829231,41.511457],[-91.946043,41.510749],[-92.297494,41.50979],[-92.298164,41.862779]]]}},{"type":"Feature","properties":{"fips":"27115","name":"Pine","state":"MN"},"geometry":{"type":"Polygon","coordinates":[[[-93.142869,45.981005],[-93.055356,45.981344],[-93.053984,46.158256],[-93.054847,46.419269],[-92.2927598024283,46.41721950288],[-92.293619,46.244043],[-92.2938306085787,46.157321306496],[-92.294033,46.074377],[-92.338239,46.052149],[-92.35176,46.015685],[-92.392681,46.01954],[-92.44963,46.002252],[-92.472761,45.972952],[-92.545682,45.970118],[-92.580565,45.94625],[-92.656125,45.924442],[-92.721128,45.883805],[-92.759458,45.835341],[-92.776496,45.790014],[-92.826013,45.73665],[-92.8407421066255,45.7293967344697],[-93.141793,45.730657],[-93.142869,45.981005]]]}},{"type":"Feature","properties":{"fips":"55119","name":"Taylor","state":"WI"},"geometry":{"type":"Polygon","coordinates":[[[-90.925343,45.37935],[-90.678773,45.377907],[-90.042273,45.381866],[-90.043685,45.120214],[-90.197765,45.120604],[-90.197516,45.03364],[-90.315038,45.033829],[-90.923362,45.031143],[-90.925222,45.292061],[-90.925343,45.37935]]]}},{"type":"Feature","properties":{"fips":"26107","name":"Mecosta","state":"MI"},"geometry":{"type":"Polygon","coordinates":[[[-85.562433,43.815483],[-85.088811,43.813676],[-85.084996,43.46619],[-85.562348,43.46813],[-85.562433,43.815483]]]}},{"type":"Feature","properties":{"fips":"29510","name":"St. Louis","state":"MO"},"geometry":{"type":"Polygon","coordinates":[[[-90.306433,38.63359],[-90.251745,38.718887],[-90.1667566245041,38.7722766188072],[-90.20991,38.72605],[-90.19521,38.68755],[-90.1813411498458,38.6600090209705],[-90.18111,38.65955],[-90.18451,38.611551],[-90.248913,38.544752],[-90.2552985826054,38.5308696789927],[-90.320515,38.594152],[-90.306433,38.63359]]]}},{"type":"Feature","properties":{"fips":"29205","name":"Shelby","state":"MO"},"geometry":{"type":"Polygon","coordinates":[[[-92.287882,39.95249],[-91.952726,39.949426],[-91.840353,39.948235],[-91.846743,39.658513],[-92.184986,39.662932],[-92.186691,39.604082],[-92.299316,39.605344],[-92.287882,39.95249]]]}},{"type":"Feature","properties":{"fips":"39037","name":"Darke","state":"OH"},"geometry":{"type":"Polygon","coordinates":[[[-84.8101612384745,40.0050675438482],[-84.808706,40.107216],[-84.8073435215596,40.1801749828539],[-84.8049173025784,40.3100959150341],[-84.8041205270149,40.3527622302971],[-84.434631,40.354259],[-84.43461,40.325293],[-84.432575,40.197037],[-84.42986,40.094449],[-84.425902,39.919622],[-84.485367,39.918491],[-84.8114171063805,39.9169136295798],[-84.8101612384745,40.0050675438482]]]}},{"type":"Feature","properties":{"fips":"29079","name":"Grundy","state":"MO"},"geometry":{"type":"Polygon","coordinates":[[[-93.763324,40.263988],[-93.367214,40.266314],[-93.36661,40.051561],[-93.361951,40.033098],[-93.361957,39.967606],[-93.761973,39.959552],[-93.764021,40.132909],[-93.763324,40.263988]]]}},{"type":"Feature","properties":{"fips":"20121","name":"Miami","state":"KS"},"geometry":{"type":"Polygon","coordinates":[[[-95.065772,38.694903],[-95.056412,38.738587],[-94.6094896723458,38.7381017094732],[-94.6128655959221,38.4776021802351],[-94.612866,38.477571],[-94.6127726289929,38.3887184827318],[-95.065831,38.389945],[-95.065772,38.694903]]]}},{"type":"Feature","properties":{"fips":"19125","name":"Marion","state":"IA"},"geometry":{"type":"Polygon","coordinates":[[[-93.328614,41.507824],[-92.871421,41.508522],[-92.869771,41.161066],[-93.099217,41.160867],[-93.327886,41.160659],[-93.328407,41.490794],[-93.328614,41.507824]]]}},{"type":"Feature","properties":{"fips":"17195","name":"Whiteside","state":"IL"},"geometry":{"type":"Polygon","coordinates":[[[-90.2423682473972,41.7827687259846],[-90.180643,41.811979],[-90.181401,41.844647],[-90.165065,41.883777],[-90.1581530337095,41.9298432273761],[-90.128204,41.928977],[-89.685366,41.93034],[-89.62933,41.901617],[-89.631494,41.584949],[-89.862351,41.584005],[-90.185536,41.584574],[-90.161233,41.643927],[-90.229749,41.675375],[-90.2423682473972,41.7827687259846]]]}},{"type":"Feature","properties":{"fips":"18163","name":"Vanderburgh","state":"IN"},"geometry":{"type":"Polygon","coordinates":[[[-87.70027,37.907283],[-87.688374,38.168419],[-87.467284,38.165403],[-87.473011,38.035135],[-87.4487002885408,37.9338545298067],[-87.486347,37.920218],[-87.551277,37.925418],[-87.608479,37.898794],[-87.625851,37.851919],[-87.681633,37.855917],[-87.7131573360969,37.8830423995257],[-87.70027,37.907283]]]}},{"type":"Feature","properties":{"fips":"29213","name":"Taney","state":"MO"},"geometry":{"type":"Polygon","coordinates":[[[-93.304359,36.816866],[-92.909336,36.809178],[-92.764869,36.806097],[-92.7723338933721,36.4980831540794],[-92.838876,36.498033],[-92.8540081073941,36.4980234071379],[-93.125969,36.497851],[-93.2930675065906,36.4982584490195],[-93.3153233371857,36.4983127171069],[-93.304359,36.816866]]]}},{"type":"Feature","properties":{"fips":"39009","name":"Athens","state":"OH"},"geometry":{"type":"Polygon","coordinates":[[[-82.28041,39.472906],[-82.167379,39.466307],[-82.159161,39.556574],[-82.047528,39.550825],[-82.055779,39.460053],[-81.844863,39.450216],[-81.853668,39.318165],[-81.818361,39.272581],[-81.721808,39.269597],[-81.7214681391725,39.2109608092037],[-81.752754,39.184676],[-81.7522970367401,39.1810347474059],[-82.268583,39.20376],[-82.260243,39.292915],[-82.289663,39.384195],[-82.28041,39.472906]]]}},{"type":"Feature","properties":{"fips":"29063","name":"DeKalb","state":"MO"},"geometry":{"type":"Polygon","coordinates":[[[-94.605377,40.039217],[-94.2188,40.034885],[-94.203595,40.025048],[-94.205844,39.788954],[-94.205961,39.745841],[-94.602257,39.747195],[-94.60283,39.819906],[-94.605377,40.039217]]]}},{"type":"Feature","properties":{"fips":"29211","name":"Sullivan","state":"MO"},"geometry":{"type":"Polygon","coordinates":[[[-93.366935,40.382999],[-92.855313,40.385894],[-92.855629,40.342736],[-92.856191,40.037253],[-93.361951,40.033098],[-93.36661,40.051561],[-93.367214,40.266314],[-93.366935,40.382999]]]}},{"type":"Feature","properties":{"fips":"18035","name":"Delaware","state":"IN"},"geometry":{"type":"Polygon","coordinates":[[[-85.578589,40.379524],[-85.44433,40.37914],[-85.219901,40.379034],[-85.218758,40.306706],[-85.216391,40.17855],[-85.214386,40.076889],[-85.576197,40.077143],[-85.578589,40.379524]]]}},{"type":"Feature","properties":{"fips":"26063","name":"Huron","state":"MI"},"geometry":{"type":"Polygon","coordinates":[[[-83.479567,43.793625],[-83.43261,43.885273],[-83.407146,43.919807],[-83.28231,43.938031],[-83.26153,43.973525],[-83.134881,43.993147],[-83.046577,44.01571],[-83.024604,44.045174],[-82.928884,44.069389],[-82.793205,44.023247],[-82.709839,43.948226],[-82.633641,43.831224],[-82.612224,43.739771],[-82.6064790828381,43.6904492707095],[-83.117844,43.675493],[-83.466592,43.667621],[-83.5060855525428,43.7451572131399],[-83.479567,43.793625]]]}},{"type":"Feature","properties":{"fips":"18001","name":"Adams","state":"IN"},"geometry":{"type":"Polygon","coordinates":[[[-85.073861,40.917823],[-84.8026702061534,40.922568713921],[-84.802119,40.728163],[-84.8021190322638,40.7281459368726],[-84.8024138785794,40.5722128806467],[-85.068479,40.56824],[-85.073861,40.917823]]]}},{"type":"Feature","properties":{"fips":"18169","name":"Wabash","state":"IN"},"geometry":{"type":"Polygon","coordinates":[[[-85.945561,41.042876],[-85.684181,41.046716],[-85.683198,41.001909],[-85.643841,41.002305],[-85.638587,40.653129],[-85.864791,40.651693],[-85.939525,40.650991],[-85.946436,40.999195],[-85.945561,41.042876]]]}},{"type":"Feature","properties":{"fips":"19173","name":"Taylor","state":"IA"},"geometry":{"type":"Polygon","coordinates":[[[-94.928459,40.900653],[-94.470779,40.899502],[-94.4712077271232,40.570959458357],[-94.533878,40.570739],[-94.6320259176948,40.5717595874],[-94.819978,40.573714],[-94.9148978673616,40.5749211691113],[-94.928529,40.727399],[-94.928459,40.900653]]]}},{"type":"Feature","properties":{"fips":"27087","name":"Mahnomen","state":"MN"},"geometry":{"type":"Polygon","coordinates":[[[-96.067621,47.499136],[-95.554248,47.499893],[-95.551384,47.482366],[-95.551186,47.151453],[-96.067069,47.151813],[-96.067621,47.499136]]]}},{"type":"Feature","properties":{"fips":"27127","name":"Redwood","state":"MN"},"geometry":{"type":"Polygon","coordinates":[[[-95.594817,44.542305],[-95.3604,44.541762],[-95.360177,44.69854],[-95.244218,44.66706],[-95.132652,44.596443],[-94.880335,44.516794],[-94.865824,44.498218],[-94.866186,44.340249],[-94.866259,44.282372],[-95.10748,44.281768],[-95.108777,44.195044],[-95.462547,44.195942],[-95.59357,44.19553],[-95.594817,44.542305]]]}},{"type":"Feature","properties":{"fips":"18135","name":"Randolph","state":"IN"},"geometry":{"type":"Polygon","coordinates":[[[-85.218758,40.306706],[-84.8049173025784,40.3100959150341],[-84.8073435215596,40.1801749828539],[-84.808706,40.107216],[-84.8101612384745,40.0050675438482],[-85.201473,40.004521],[-85.213551,40.016026],[-85.214386,40.076889],[-85.216391,40.17855],[-85.218758,40.306706]]]}},{"type":"Feature","properties":{"fips":"31023","name":"Butler","state":"NE"},"geometry":{"type":"Polygon","coordinates":[[[-97.368186,41.396416],[-97.287761,41.400638],[-97.253519,41.384212],[-97.178464,41.376816],[-96.90591,41.456436],[-96.905862,41.453389],[-96.908507,41.046091],[-96.91094,41.046116],[-97.368118,41.046947],[-97.368061,41.163014],[-97.368186,41.396416]]]}},{"type":"Feature","properties":{"fips":"38073","name":"Ransom","state":"ND"},"geometry":{"type":"Polygon","coordinates":[[[-98.033862,46.630727],[-97.682006,46.629928],[-97.279948,46.629348],[-97.280566,46.282393],[-98.006715,46.282626],[-98.034556,46.282657],[-98.033862,46.630727]]]}},{"type":"Feature","properties":{"fips":"26001","name":"Alcona","state":"MI"},"geometry":{"type":"Polygon","coordinates":[[[-83.888484,44.856458],[-83.3162661085766,44.8585914505609],[-83.296971,44.758495],[-83.276836,44.689354],[-83.314517,44.608725],[-83.3169638754402,44.5116830117597],[-83.886634,44.508976],[-83.888484,44.856458]]]}},{"type":"Feature","properties":{"fips":"55051","name":"Iron","state":"WI"},"geometry":{"type":"Polygon","coordinates":[[[-90.5485785559661,46.5862362587505],[-90.505909,46.589614],[-90.437596,46.561492],[-90.418136,46.566094],[-90.387228,46.533663],[-90.331887,46.553278],[-90.285707,46.518846],[-90.214866,46.499947],[-90.158241,46.420485],[-90.120489,46.336852],[-89.9291256256648,46.2999157284081],[-89.928837,45.981967],[-90.043958,45.981948],[-90.302063,45.981349],[-90.303072,46.154849],[-90.426274,46.15405],[-90.425978,46.24045],[-90.552227,46.240851],[-90.5485785559661,46.5862362587505]]]}},{"type":"Feature","properties":{"fips":"27085","name":"McLeod","state":"MN"},"geometry":{"type":"Polygon","coordinates":[[[-94.501885,44.979784],[-94.256074,44.979465],[-94.012236,44.978712],[-94.010494,44.717464],[-94.254076,44.717855],[-94.254719,44.630311],[-94.497835,44.629921],[-94.498074,44.717171],[-94.498028,44.872516],[-94.502395,44.892295],[-94.501885,44.979784]]]}},{"type":"Feature","properties":{"fips":"31119","name":"Madison","state":"NE"},"geometry":{"type":"Polygon","coordinates":[[[-97.834536,42.08975],[-97.368404,42.090922],[-97.36807,41.743207],[-97.830493,41.742238],[-97.833288,41.916286],[-97.834536,42.08975]]]}},{"type":"Feature","properties":{"fips":"17145","name":"Perry","state":"IL"},"geometry":{"type":"Polygon","coordinates":[[[-89.592797,38.219271],[-89.147597,38.212895],[-89.149841,38.125054],[-89.129632,38.124767],[-89.118198,38.059961],[-89.177597,37.950311],[-89.595073,37.955343],[-89.592797,38.219271]]]}},{"type":"Feature","properties":{"fips":"39135","name":"Preble","state":"OH"},"geometry":{"type":"Polygon","coordinates":[[[-84.814129,39.726556],[-84.8141281379328,39.7266165116193],[-84.8114171063805,39.9169136295798],[-84.485367,39.918491],[-84.479213,39.591024],[-84.478927,39.56879],[-84.8157059432555,39.5677216640274],[-84.814129,39.726556]]]}},{"type":"Feature","properties":{"fips":"18021","name":"Clay","state":"IN"},"geometry":{"type":"Polygon","coordinates":[[[-87.240379,39.259064],[-87.238964,39.52062],[-87.199012,39.607137],[-87.013062,39.604787],[-87.014533,39.473572],[-86.939981,39.473345],[-86.942473,39.342043],[-87.053646,39.342621],[-87.054578,39.168086],[-87.240737,39.171773],[-87.240379,39.259064]]]}},{"type":"Feature","properties":{"fips":"31045","name":"Dawes","state":"NE"},"geometry":{"type":"Polygon","coordinates":[[[-103.505099916029,43.0007588128236],[-103.476133,43.000768],[-103.000609526033,43.0002592867744],[-102.792110939839,43.0000362357704],[-102.773369,42.785265],[-102.773366,42.439922],[-103.444278,42.437275],[-103.48001,42.437267],[-103.480335,42.784908],[-103.505099916029,43.0007588128236]]]}},{"type":"Feature","properties":{"fips":"26015","name":"Barry","state":"MI"},"geometry":{"type":"Polygon","coordinates":[[[-85.545564,42.768139],[-85.309626,42.769878],[-85.074245,42.770784],[-85.073813,42.509173],[-85.071609,42.421428],[-85.298879,42.419849],[-85.543191,42.421433],[-85.545564,42.768139]]]}},{"type":"Feature","properties":{"fips":"26023","name":"Branch","state":"MI"},"geometry":{"type":"Polygon","coordinates":[[[-85.293626,42.071553],[-84.826491,42.072468],[-84.8251282838768,41.7601990063519],[-85.196774200302,41.759870841803],[-85.232835,41.759839],[-85.2921788113335,41.7597552747018],[-85.293626,42.071553]]]}},{"type":"Feature","properties":{"fips":"29085","name":"Hickory","state":"MO"},"geometry":{"type":"Polygon","coordinates":[[[-93.568709,37.914918],[-93.512103,37.913535],[-93.503946,38.073123],[-93.065199,38.062479],[-93.072447,37.902627],[-93.182706,37.904144],[-93.187915,37.802737],[-93.563313,37.813031],[-93.573202,37.828035],[-93.568709,37.914918]]]}},{"type":"Feature","properties":{"fips":"17041","name":"Douglas","state":"IL"},"geometry":{"type":"Polygon","coordinates":[[[-88.473182,39.791837],[-88.462288,39.800795],[-88.462207,39.879092],[-88.406105,39.879235],[-87.937645,39.879803],[-87.968777,39.79235],[-87.966347,39.685973],[-88.063013,39.681311],[-88.139551,39.652057],[-88.472073,39.651588],[-88.473182,39.791837]]]}},{"type":"Feature","properties":{"fips":"39033","name":"Crawford","state":"OH"},"geometry":{"type":"Polygon","coordinates":[[[-83.112737,40.993447],[-82.855614,40.993666],[-82.829512,40.996624],[-82.724792,40.995638],[-82.727164,40.711203],[-82.838905,40.7126],[-82.858302,40.705019],[-83.11136,40.702915],[-83.112737,40.993447]]]}},{"type":"Feature","properties":{"fips":"20069","name":"Gray","state":"KS"},"geometry":{"type":"Polygon","coordinates":[[[-100.664166,38.00253],[-100.22661,38.001015],[-100.22709,37.914018],[-100.214637,37.826808],[-100.216229,37.47519],[-100.652642,37.474848],[-100.652251,37.736275],[-100.664166,38.00253]]]}},{"type":"Feature","properties":{"fips":"39163","name":"Vinton","state":"OH"},"geometry":{"type":"Polygon","coordinates":[[[-82.748591,39.368165],[-82.51758,39.369468],[-82.514479,39.395767],[-82.289663,39.384195],[-82.260243,39.292915],[-82.268583,39.20376],[-82.306669,39.205494],[-82.322874,39.027674],[-82.435309,39.035079],[-82.424677,39.137972],[-82.540282,39.144471],[-82.536306,39.180757],[-82.762892,39.207967],[-82.748591,39.368165]]]}},{"type":"Feature","properties":{"fips":"18073","name":"Jasper","state":"IN"},"geometry":{"type":"Polygon","coordinates":[[[-87.275882,41.218595],[-87.218862,41.242027],[-87.131339,41.286245],[-86.968125,41.219658],[-86.930079,41.236798],[-86.93017,41.172318],[-86.930759,40.912418],[-86.987438,40.912177],[-86.986438,40.837921],[-87.099765,40.837596],[-87.09839,40.736541],[-87.267298,40.736582],[-87.275882,41.218595]]]}},{"type":"Feature","properties":{"fips":"19033","name":"Cerro Gordo","state":"IA"},"geometry":{"type":"Polygon","coordinates":[[[-93.497635,43.255468],[-93.024143,43.255538],[-93.024092,43.212812],[-93.025144,42.907549],[-93.498617,42.908512],[-93.497635,43.255468]]]}},{"type":"Feature","properties":{"fips":"26133","name":"Osceola","state":"MI"},"geometry":{"type":"Polygon","coordinates":[[[-85.564554,44.164861],[-85.334777,44.165118],[-85.087403,44.164242],[-85.088811,43.813676],[-85.562433,43.815483],[-85.564554,44.164861]]]}},{"type":"Feature","properties":{"fips":"20037","name":"Crawford","state":"KS"},"geometry":{"type":"Polygon","coordinates":[[[-95.088012,37.674519],[-94.6178724508981,37.6731107003321],[-94.6178455243542,37.6535777966344],[-94.617511,37.410909],[-94.6176676047008,37.3641703270387],[-94.6177538916066,37.338418],[-95.075166,37.339937],[-95.088189,37.383837],[-95.088012,37.674519]]]}},{"type":"Feature","properties":{"fips":"19073","name":"Greene","state":"IA"},"geometry":{"type":"Polygon","coordinates":[[[-94.628806,42.209396],[-94.397526,42.209161],[-94.164704,42.20992],[-94.164428,41.863243],[-94.28034,41.862999],[-94.628724,41.862763],[-94.628806,42.209396]]]}},{"type":"Feature","properties":{"fips":"39097","name":"Madison","state":"OH"},"geometry":{"type":"Polygon","coordinates":[[[-83.647169,39.773029],[-83.589909,39.768812],[-83.516069,40.010818],[-83.503714,40.111468],[-83.206273,40.107733],[-83.25535,40.048247],[-83.243702,39.812503],[-83.252435,39.695438],[-83.65333,39.716876],[-83.647169,39.773029]]]}},{"type":"Feature","properties":{"fips":"20139","name":"Osage","state":"KS"},"geometry":{"type":"Polygon","coordinates":[[[-95.949654,38.695385],[-95.945924,38.739112],[-95.946587,38.869973],[-95.500724,38.869815],[-95.500738,38.738808],[-95.508042,38.695268],[-95.508267,38.433933],[-95.950282,38.434105],[-95.949654,38.695385]]]}},{"type":"Feature","properties":{"fips":"17199","name":"Williamson","state":"IL"},"geometry":{"type":"Polygon","coordinates":[[[-89.151176,37.861999],[-88.706759,37.863457],[-88.708546,37.599277],[-89.041401,37.596576],[-89.153617,37.600237],[-89.151176,37.861999]]]}},{"type":"Feature","properties":{"fips":"27035","name":"Crow Wing","state":"MN"},"geometry":{"type":"Polygon","coordinates":[[[-94.388922,46.238166],[-94.341679,46.277705],[-94.329287,46.285993],[-94.345387,46.631338],[-94.34291,46.805529],[-93.776024,46.802891],[-93.811464,46.584238],[-93.810357,46.250925],[-93.796281,46.243199],[-93.810757,46.232595],[-93.810362,46.156585],[-94.374592,46.157093],[-94.388922,46.238166]]]}},{"type":"Feature","properties":{"fips":"26119","name":"Montmorency","state":"MI"},"geometry":{"type":"Polygon","coordinates":[[[-84.366614,45.198737],[-84.246634,45.198727],[-84.022072,45.198424],[-83.881223,45.202071],[-83.888482,44.856635],[-84.371737,44.855039],[-84.366614,45.198737]]]}},{"type":"Feature","properties":{"fips":"19015","name":"Boone","state":"IA"},"geometry":{"type":"Polygon","coordinates":[[[-94.164704,42.20992],[-93.93158,42.209908],[-93.69839,42.209339],[-93.698032,41.86337],[-93.815721,41.863419],[-94.164428,41.863243],[-94.164704,42.20992]]]}},{"type":"Feature","properties":{"fips":"55005","name":"Barron","state":"WI"},"geometry":{"type":"Polygon","coordinates":[[[-92.154888,45.639742],[-92.031417,45.639928],[-91.540294,45.637605],[-91.541322,45.29222],[-91.542234,45.206538],[-91.665647,45.207991],[-92.156465,45.209554],[-92.154888,45.639742]]]}},{"type":"Feature","properties":{"fips":"46025","name":"Clark","state":"SD"},"geometry":{"type":"Polygon","coordinates":[[[-97.981792,45.153295],[-97.494254,45.151631],[-97.491346,44.804035],[-97.492266,44.543884],[-97.853028,44.544398],[-97.856226,44.631178],[-97.977791,44.631602],[-97.981792,45.153295]]]}},{"type":"Feature","properties":{"fips":"39133","name":"Portage","state":"OH"},"geometry":{"type":"Polygon","coordinates":[[[-81.393056,41.060666],[-81.391694,41.348272],[-81.003191,41.347859],[-81.002479,41.134187],[-81.002015,40.987785],[-81.086312,40.988031],[-81.299767,40.988511],[-81.344909,40.988657],[-81.393249,40.988531],[-81.393056,41.060666]]]}},{"type":"Feature","properties":{"fips":"18111","name":"Newton","state":"IN"},"geometry":{"type":"Polygon","coordinates":[[[-87.5266481580824,41.1660899445116],[-87.393796,41.162806],[-87.275882,41.218595],[-87.267298,40.736582],[-87.5261364904237,40.7368850814229],[-87.526014,40.895582],[-87.526463234368,41.0103365222041],[-87.52652,41.024837],[-87.5266481580824,41.1660899445116]]]}},{"type":"Feature","properties":{"fips":"19157","name":"Poweshiek","state":"IA"},"geometry":{"type":"Polygon","coordinates":[[[-92.765999,41.862373],[-92.298164,41.862779],[-92.297494,41.50979],[-92.411995,41.509548],[-92.756508,41.508794],[-92.766759,41.601355],[-92.765999,41.862373]]]}},{"type":"Feature","properties":{"fips":"39059","name":"Guernsey","state":"OH"},"geometry":{"type":"Polygon","coordinates":[[[-81.716276,40.152166],[-81.670899,40.150976],[-81.622351,40.221306],[-81.338064,40.214077],[-81.339565,40.171999],[-81.225924,40.170075],[-81.234053,39.95127],[-81.386006,39.950694],[-81.464108,39.89455],[-81.57859,39.897683],[-81.580313,39.839104],[-81.694146,39.842636],[-81.728611,39.931728],[-81.716276,40.152166]]]}},{"type":"Feature","properties":{"fips":"29039","name":"Cedar","state":"MO"},"geometry":{"type":"Polygon","coordinates":[[[-94.073524,37.639722],[-94.065675,37.900987],[-93.808648,37.892775],[-93.811402,37.834571],[-93.628404,37.829435],[-93.609489,37.741755],[-93.616033,37.572689],[-94.075385,37.58157],[-94.073524,37.639722]]]}},{"type":"Feature","properties":{"fips":"29147","name":"Nodaway","state":"MO"},"geometry":{"type":"Polygon","coordinates":[[[-95.2022660008303,40.578375628996],[-95.068921,40.57688],[-94.9148978673616,40.5749211691113],[-94.819978,40.573714],[-94.6320259176948,40.5717595874],[-94.631889,40.472513],[-94.60848,40.398763],[-94.598487,40.386714],[-94.605942,40.126127],[-95.04308,40.130096],[-95.064972,40.246589],[-95.180614,40.261706],[-95.177708,40.478903],[-95.2022660008303,40.578375628996]]]}},{"type":"Feature","properties":{"fips":"19197","name":"Wright","state":"IA"},"geometry":{"type":"Polygon","coordinates":[[[-93.971714,42.644707],[-93.971238,42.907762],[-93.498617,42.908512],[-93.499485,42.5577],[-93.971583,42.558139],[-93.971714,42.644707]]]}},{"type":"Feature","properties":{"fips":"20195","name":"Trego","state":"KS"},"geometry":{"type":"Polygon","coordinates":[[[-100.14794,39.132179],[-99.605187,39.132481],[-99.591776,39.132357],[-99.598323,38.696514],[-100.153823,38.697341],[-100.14794,39.132179]]]}},{"type":"Feature","properties":{"fips":"55123","name":"Vernon","state":"WI"},"geometry":{"type":"Polygon","coordinates":[[[-91.2570001560057,43.7256587372224],[-90.910653,43.725334],[-90.312194,43.731479],[-90.312404,43.640988],[-90.311069,43.553991],[-90.671652,43.552856],[-90.668561,43.422994],[-91.18346,43.423017],[-91.2106633577727,43.4194417829033],[-91.232276,43.450952],[-91.217706,43.50055],[-91.232812,43.564842],[-91.252926,43.600363],[-91.273252,43.666623],[-91.2570001560057,43.7256587372224]]]}},{"type":"Feature","properties":{"fips":"38067","name":"Pembina","state":"ND"},"geometry":{"type":"Polygon","coordinates":[[[-97.9500120193004,49.000515184076],[-97.77575,49.000574],[-97.229039,49.000687],[-97.227854,48.945864],[-97.187362,48.867598],[-97.152588,48.772602],[-97.121253,48.713593],[-97.100009,48.667926],[-97.142915,48.583733],[-97.1477235683009,48.5438916836506],[-97.1481034661336,48.5407440461867],[-97.927069,48.543124],[-97.94945,48.717693],[-97.9500120193004,49.000515184076]]]}},{"type":"Feature","properties":{"fips":"20137","name":"Norton","state":"KS"},"geometry":{"type":"Polygon","coordinates":[[[-100.177797545879,40.0015658138516],[-99.813401,40.0014],[-99.6282538492245,40.0017719472684],[-99.6253267263996,40.001777827647],[-99.627953,39.567437],[-100.161667,39.567277],[-100.180351,39.56689],[-100.177797545879,40.0015658138516]]]}},{"type":"Feature","properties":{"fips":"46099","name":"Minnehaha","state":"SD"},"geometry":{"type":"Polygon","coordinates":[[[-97.129089,43.847973],[-96.888664,43.848385],[-96.508064,43.847599],[-96.4529095743663,43.8495068930184],[-96.453315,43.552299],[-96.45326,43.50039],[-96.598928,43.500457],[-96.924841,43.500007],[-97.129478,43.499683],[-97.129089,43.847973]]]}},{"type":"Feature","properties":{"fips":"18161","name":"Union","state":"IN"},"geometry":{"type":"Polygon","coordinates":[[[-85.034575,39.714764],[-85.024233,39.729196],[-84.8141281379328,39.7266165116193],[-84.814129,39.726556],[-84.8157059432555,39.5677216640274],[-84.8161601949108,39.5219681089929],[-85.011882,39.524298],[-85.036087,39.526213],[-85.034575,39.714764]]]}},{"type":"Feature","properties":{"fips":"19091","name":"Humboldt","state":"IA"},"geometry":{"type":"Polygon","coordinates":[[[-94.442954,42.908073],[-93.971238,42.907762],[-93.971714,42.644707],[-94.443083,42.645164],[-94.442954,42.908073]]]}},{"type":"Feature","properties":{"fips":"18045","name":"Fountain","state":"IN"},"geometry":{"type":"Polygon","coordinates":[[[-87.440179,39.961176],[-87.406667,40.127508],[-87.404886,40.135557],[-87.438755,40.165694],[-87.244898,40.309252],[-87.092232,40.366583],[-87.092527,40.214654],[-87.092142,40.039019],[-87.091006,39.953009],[-87.420221,39.952452],[-87.440179,39.961176]]]}},{"type":"Feature","properties":{"fips":"18167","name":"Vigo","state":"IN"},"geometry":{"type":"Polygon","coordinates":[[[-87.600397,39.312904],[-87.578331,39.340343],[-87.531646,39.347888],[-87.531624,39.469378],[-87.5316666819743,39.4771109927429],[-87.532385282791,39.6073049442215],[-87.382418,39.607937],[-87.199012,39.607137],[-87.238964,39.52062],[-87.240379,39.259064],[-87.594745845406,39.259383616483],[-87.600397,39.312904]]]}},{"type":"Feature","properties":{"fips":"18015","name":"Carroll","state":"IN"},"geometry":{"type":"Polygon","coordinates":[[[-86.750011,40.736027],[-86.581739,40.735765],[-86.525164,40.692419],[-86.373521,40.69246],[-86.374417,40.561361],[-86.375762,40.431851],[-86.694665,40.432156],[-86.695353,40.561874],[-86.771293,40.562082],[-86.750011,40.736027]]]}},{"type":"Feature","properties":{"fips":"55035","name":"Eau Claire","state":"WI"},"geometry":{"type":"Polygon","coordinates":[[[-91.650455,44.855951],[-91.226829,44.85693],[-91.105122,44.857071],[-90.922247,44.857309],[-90.92235,44.596293],[-91.043815,44.59664],[-91.165619,44.596987],[-91.529101,44.596197],[-91.650248,44.596649],[-91.650361,44.683633],[-91.650455,44.855951]]]}},{"type":"Feature","properties":{"fips":"29153","name":"Ozark","state":"MO"},"geometry":{"type":"Polygon","coordinates":[[[-92.764869,36.806097],[-92.112346,36.794231],[-92.120391964917,36.4981931896223],[-92.150306261007,36.4981403333038],[-92.350277,36.497787],[-92.5291361751611,36.498165682126],[-92.564238,36.49824],[-92.7723338933721,36.4980831540794],[-92.764869,36.806097]]]}},{"type":"Feature","properties":{"fips":"55061","name":"Kewaunee","state":"WI"},"geometry":{"type":"Polygon","coordinates":[[[-87.7613076788851,44.6536977497349],[-87.748409,44.667122],[-87.7375708608663,44.6770118161559],[-87.3754915502194,44.675512109805],[-87.401629,44.631191],[-87.446963,44.586274],[-87.498662,44.460686],[-87.5433267854761,44.3275128561299],[-87.766026,44.327184],[-87.7613076788851,44.6536977497349]]]}},{"type":"Feature","properties":{"fips":"29035","name":"Carter","state":"MO"},"geometry":{"type":"Polygon","coordinates":[[[-91.22283,36.883857],[-91.21715,37.086197],[-91.017766,37.095677],[-90.964466,37.053584],[-90.779553,37.050324],[-90.729722,37.049534],[-90.678562,36.92649],[-90.661244,36.882909],[-90.662617,36.811453],[-91.115926,36.823672],[-91.224825,36.825679],[-91.22283,36.883857]]]}},{"type":"Feature","properties":{"fips":"31031","name":"Cherry","state":"NE"},"geometry":{"type":"Polygon","coordinates":[[[-102.082486319192,42.9991405485193],[-101.228013397794,42.9978687396475],[-101.000429,42.99753],[-100.198413799775,42.9979768839694],[-100.198478,42.846102],[-100.18327,42.781005],[-100.183167,42.43343],[-100.167605,42.085848],[-100.267622,42.086147],[-100.846129,42.088166],[-101.426557,42.092194],[-102.006428,42.096227],[-102.038169,42.443307],[-102.066905,42.78549],[-102.082548043072,42.99914064039],[-102.082486319192,42.9991405485193]]]}},{"type":"Feature","properties":{"fips":"31015","name":"Boyd","state":"NE"},"geometry":{"type":"Polygon","coordinates":[[[-99.2544550123166,42.9982209267867],[-98.847992,42.998255],[-98.49855,42.99856],[-98.478919,42.963539],[-98.434503,42.929227],[-98.386445,42.918407],[-98.3081868164513,42.8864892074256],[-98.310239,42.784618],[-98.305149,42.761207],[-98.58376,42.779736],[-98.656835,42.809021],[-98.892846,42.845792],[-98.982527,42.896436],[-99.257039,42.804296],[-99.2544550123166,42.9982209267867]]]}},{"type":"Feature","properties":{"fips":"20081","name":"Haskell","state":"KS"},"geometry":{"type":"Polygon","coordinates":[[[-101.089667,37.736337],[-100.652251,37.736275],[-100.652642,37.474848],[-100.652728,37.387627],[-101.068106,37.387779],[-101.089653,37.387721],[-101.089667,37.736337]]]}},{"type":"Feature","properties":{"fips":"26145","name":"Saginaw","state":"MI"},"geometry":{"type":"Polygon","coordinates":[[[-84.369876,43.466044],[-84.170576,43.481969],[-84.168127,43.568899],[-84.05,43.567324],[-84.050987,43.524064],[-83.817228,43.522345],[-83.817678,43.479052],[-83.698816,43.478957],[-83.695758,43.265566],[-83.695621,43.221422],[-83.932071,43.220377],[-83.929079,43.132782],[-84.367891,43.128452],[-84.369876,43.466044]]]}},{"type":"Feature","properties":{"fips":"29169","name":"Pulaski","state":"MO"},"geometry":{"type":"Polygon","coordinates":[[[-92.409226,37.85926],[-92.406275,38.021179],[-92.18537,38.016338],[-92.021165,38.010639],[-92.029258,37.602542],[-92.183261,37.605243],[-92.249463,37.604543],[-92.248865,37.648442],[-92.413669,37.713941],[-92.409226,37.85926]]]}},{"type":"Feature","properties":{"fips":"27039","name":"Dodge","state":"MN"},"geometry":{"type":"Polygon","coordinates":[[[-93.045946,44.196716],[-93.041159,44.196726],[-92.678717,44.195516],[-92.678268,43.862979],[-92.689391,43.84857],[-93.045966,43.848467],[-93.045946,44.196716]]]}},{"type":"Feature","properties":{"fips":"27129","name":"Renville","state":"MN"},"geometry":{"type":"Polygon","coordinates":[[[-95.482889,44.890712],[-95.24852,44.89131],[-94.758081,44.892097],[-94.502395,44.892295],[-94.498028,44.872516],[-94.498074,44.717171],[-94.629489,44.716663],[-94.6242,44.45603],[-94.78063,44.45665],[-94.81488,44.48445],[-94.865824,44.498218],[-94.880335,44.516794],[-95.132652,44.596443],[-95.244218,44.66706],[-95.360177,44.69854],[-95.415854,44.734505],[-95.482843,44.752505],[-95.482889,44.890712]]]}},{"type":"Feature","properties":{"fips":"20115","name":"Marion","state":"KS"},"geometry":{"type":"Polygon","coordinates":[[[-97.371911,38.609353],[-96.930286,38.609362],[-96.929969,38.522412],[-96.819509,38.522449],[-96.837654,38.348636],[-96.840772,38.085622],[-97.152913,38.087704],[-97.153093,38.174634],[-97.37175,38.173673],[-97.371911,38.609353]]]}},{"type":"Feature","properties":{"fips":"20013","name":"Brown","state":"KS"},"geometry":{"type":"Polygon","coordinates":[[[-95.7881109948917,40.0004667793653],[-95.784575,40.000463],[-95.3398959708503,40.0000288571054],[-95.33974,39.65298],[-95.564126,39.652872],[-95.788941,39.653001],[-95.7881109948917,40.0004667793653]]]}},{"type":"Feature","properties":{"fips":"31171","name":"Thomas","state":"NE"},"geometry":{"type":"Polygon","coordinates":[[[-100.846129,42.088166],[-100.267622,42.086147],[-100.265474,41.739856],[-100.711409,41.739759],[-100.842459,41.740404],[-100.846129,42.088166]]]}},{"type":"Feature","properties":{"fips":"38059","name":"Morton","state":"ND"},"geometry":{"type":"Polygon","coordinates":[[[-102.095904,46.981329],[-101.764392,46.981306],[-100.935983,46.98284],[-100.907902,46.904367],[-100.779477,46.736571],[-100.787809,46.69063],[-100.662015,46.6346],[-100.561035,46.587847],[-100.590199,46.427894],[-100.721261,46.390084],[-100.884552,46.409096],[-101.025691,46.284414],[-101.048527,46.37145],[-101.298989,46.371404],[-101.298823,46.630431],[-101.718462,46.631283],[-101.718228,46.717834],[-102.09624,46.717772],[-102.095904,46.981329]]]}},{"type":"Feature","properties":{"fips":"39149","name":"Shelby","state":"OH"},"geometry":{"type":"Polygon","coordinates":[[[-84.434631,40.354259],[-84.434387,40.354534],[-84.3386,40.379199],[-84.339137,40.481076],[-84.002372,40.483115],[-84.003921,40.329147],[-84.010101,40.3176],[-84.014763,40.273459],[-84.022919,40.183945],[-84.218658,40.200004],[-84.432575,40.197037],[-84.43461,40.325293],[-84.434631,40.354259]]]}},{"type":"Feature","properties":{"fips":"31103","name":"Keya Paha","state":"NE"},"geometry":{"type":"Polygon","coordinates":[[[-100.198413799775,42.9979768839694],[-100.198412588721,42.9979768846442],[-99.850037,42.998171],[-99.534055014809,42.9981974883181],[-99.2544550123166,42.9982209267867],[-99.257039,42.804296],[-99.415222,42.772098],[-99.537491,42.717626],[-99.677684,42.730903],[-100.11334,42.799683],[-100.198478,42.846102],[-100.198413799775,42.9979768839694]]]}},{"type":"Feature","properties":{"fips":"46123","name":"Tripp","state":"SD"},"geometry":{"type":"Polygon","coordinates":[[[-100.230845,43.713856],[-100.115169,43.685434],[-100.00693,43.704733],[-99.981465,43.687119],[-99.837825,43.689071],[-99.745836,43.710295],[-99.656634,43.766069],[-99.623587,43.742414],[-99.623578,43.499859],[-99.534481,43.499801],[-99.534055014809,42.9981974883181],[-99.850037,42.998171],[-100.198412588721,42.9979768846442],[-100.213846,43.128654],[-100.21406,43.390449],[-100.230991,43.477981],[-100.230845,43.713856]]]}},{"type":"Feature","properties":{"fips":"18075","name":"Jay","state":"IN"},"geometry":{"type":"Polygon","coordinates":[[[-85.219901,40.379034],[-85.206616,40.459019],[-85.200857,40.479495],[-85.201146,40.567242],[-85.068479,40.56824],[-84.8024138785794,40.5722128806467],[-84.802547,40.50181],[-84.804119,40.352844],[-84.8041205270149,40.3527622302971],[-84.8049173025784,40.3100959150341],[-85.218758,40.306706],[-85.219901,40.379034]]]}},{"type":"Feature","properties":{"fips":"20045","name":"Douglas","state":"KS"},"geometry":{"type":"Polygon","coordinates":[[[-95.500724,38.869815],[-95.500254,39.056656],[-95.430669,39.0693],[-95.387786,39.048824],[-95.345092,39.032191],[-95.187103,39.044109],[-95.186189,38.964542],[-95.085491,38.953944],[-95.056258,38.98212],[-95.056412,38.738587],[-95.500738,38.738808],[-95.500724,38.869815]]]}},{"type":"Feature","properties":{"fips":"19115","name":"Louisa","state":"IA"},"geometry":{"type":"Polygon","coordinates":[[[-91.483995,41.423848],[-91.460384,41.42418],[-91.368521,41.423178],[-91.369332,41.336063],[-91.0744154980196,41.3336315690407],[-91.114186,41.250029],[-91.081445,41.214429],[-91.041536,41.166138],[-90.997906,41.162564],[-90.957246,41.111085],[-90.9522654164822,41.07273174967],[-91.37071,41.074112],[-91.370298,41.161247],[-91.485717,41.162405],[-91.483995,41.423848]]]}},{"type":"Feature","properties":{"fips":"18091","name":"LaPorte","state":"IN"},"geometry":{"type":"Polygon","coordinates":[[[-86.9328490284944,41.7164969379022],[-86.90913,41.726938],[-86.824828,41.76024],[-86.6996808040417,41.7598546378772],[-86.640044,41.759671],[-86.5242197424429,41.7595721559735],[-86.526682,41.65044],[-86.487029,41.642125],[-86.524711,41.432886],[-86.642542,41.432639],[-86.70063,41.401982],[-86.783473,41.285465],[-86.930079,41.236798],[-86.929774,41.519019],[-86.9328490284944,41.7164969379022]]]}},{"type":"Feature","properties":{"fips":"39041","name":"Delaware","state":"OH"},"geometry":{"type":"Polygon","coordinates":[[[-83.248595,40.443989],[-83.020798,40.433795],[-82.924781,40.415004],[-82.929588,40.358123],[-82.744931,40.349603],[-82.750747,40.276996],[-82.761827,40.125855],[-82.884101,40.131247],[-83.063808,40.138282],[-83.169872,40.143077],[-83.17233,40.244257],[-83.248428,40.244466],[-83.248595,40.443989]]]}},{"type":"Feature","properties":{"fips":"39029","name":"Columbiana","state":"OH"},"geometry":{"type":"Polygon","coordinates":[[[-81.086679,40.901609],[-80.895813,40.930187],[-80.821923,40.900935],[-80.5198697076862,40.9003239342489],[-80.5197051125992,40.8513367786854],[-80.518991,40.638801],[-80.583633,40.61552],[-80.627171,40.619936],[-80.667957,40.582496],[-80.747112,40.596991],[-80.861994,40.599404],[-80.918125,40.643464],[-80.917172,40.726934],[-81.087289,40.727816],[-81.086679,40.901609]]]}},{"type":"Feature","properties":{"fips":"39083","name":"Knox","state":"OH"},"geometry":{"type":"Polygon","coordinates":[[[-82.744931,40.349603],[-82.646503,40.345076],[-82.623609,40.549879],[-82.374898,40.550871],[-82.336962,40.555001],[-82.220268,40.568187],[-82.17854,40.573102],[-82.184277,40.456382],[-82.195911,40.239071],[-82.477273,40.24581],[-82.476114,40.264703],[-82.750747,40.276996],[-82.744931,40.349603]]]}},{"type":"Feature","properties":{"fips":"46079","name":"Lake","state":"SD"},"geometry":{"type":"Polygon","coordinates":[[[-97.370115,44.194971],[-97.129671,44.195933],[-96.889216,44.195705],[-96.888664,43.848385],[-97.129089,43.847973],[-97.369463,43.848526],[-97.370115,44.194971]]]}},{"type":"Feature","properties":{"fips":"27075","name":"Lake","state":"MN"},"geometry":{"type":"Polygon","coordinates":[[[-91.7973140618676,48.2057860320392],[-91.781182,48.200432],[-91.714931,48.19913],[-91.692366,48.11933],[-91.559272,48.108268],[-91.542512,48.053268],[-91.465499,48.06677],[-91.336578,48.069627],[-91.250112,48.084087],[-91.156107,48.140475],[-91.03555,48.189459],[-91.0326551809553,48.1905357779605],[-91.020737,47.887995],[-91.023124,47.464964],[-91.146958,47.381464],[-91.262512,47.27929],[-91.387021,47.187293],[-91.456965,47.139156],[-91.573817,47.089917],[-91.644564,47.026491],[-91.737098,46.982853],[-91.7943601058784,46.9425241508697],[-91.788857,47.542616],[-91.7973140618676,48.2057860320392]]]}},{"type":"Feature","properties":{"fips":"55011","name":"Buffalo","state":"WI"},"geometry":{"type":"Polygon","coordinates":[[[-92.022788,44.590519],[-91.650248,44.596649],[-91.529101,44.596197],[-91.529741,44.246777],[-91.612994,44.172606],[-91.534229,44.096046],[-91.5592155630397,44.0242093165812],[-91.573283,44.026901],[-91.647873,44.064109],[-91.719097,44.128853],[-91.817302,44.164235],[-91.8544999752977,44.1972265195522],[-91.892698,44.231105],[-91.916191,44.318094],[-91.9636,44.362112],[-92.0845285804928,44.404614314801],[-92.022788,44.590519]]]}},{"type":"Feature","properties":{"fips":"39129","name":"Pickaway","state":"OH"},"geometry":{"type":"Polygon","coordinates":[[[-83.252435,39.695438],[-83.243702,39.812503],[-82.824254,39.794996],[-82.842953,39.56148],[-82.731518,39.554445],[-82.740729,39.46835],[-82.998204,39.480061],[-82.98456,39.506754],[-83.266737,39.516249],[-83.252435,39.695438]]]}},{"type":"Feature","properties":{"fips":"20059","name":"Franklin","state":"KS"},"geometry":{"type":"Polygon","coordinates":[[[-95.508267,38.433933],[-95.508042,38.695268],[-95.500738,38.738808],[-95.056412,38.738587],[-95.065772,38.694903],[-95.065831,38.389945],[-95.508328,38.390278],[-95.508267,38.433933]]]}},{"type":"Feature","properties":{"fips":"27139","name":"Scott","state":"MN"},"geometry":{"type":"Polygon","coordinates":[[[-93.858449,44.620754],[-93.768039,44.640384],[-93.629143,44.698379],[-93.579981,44.793645],[-93.520159,44.805037],[-93.438157,44.813074],[-93.329615,44.791087],[-93.318341,44.717536],[-93.278169,44.630751],[-93.281521,44.543957],[-93.524327,44.543618],[-93.910425,44.543216],[-93.858449,44.620754]]]}},{"type":"Feature","properties":{"fips":"18051","name":"Gibson","state":"IN"},"geometry":{"type":"Polygon","coordinates":[[[-87.968968,38.237389],[-87.908542,38.268581],[-87.831972,38.307241],[-87.779996,38.370842],[-87.7511059451205,38.4188492084548],[-87.494169,38.494622],[-87.462892,38.533519],[-87.462486,38.46561],[-87.407583,38.375501],[-87.316219,38.381474],[-87.316893,38.246077],[-87.31703,38.201753],[-87.467284,38.165403],[-87.688374,38.168419],[-87.799677,38.201944],[-87.799169,38.22858],[-87.9702008408039,38.2302710583858],[-87.968968,38.237389]]]}},{"type":"Feature","properties":{"fips":"19051","name":"Davis","state":"IA"},"geometry":{"type":"Polygon","coordinates":[[[-92.639091,40.898886],[-92.179072,40.89972],[-92.17978,40.600529],[-92.3508041867264,40.5972572763761],[-92.453745,40.595288],[-92.6379032935995,40.5909565470979],[-92.639091,40.898886]]]}},{"type":"Feature","properties":{"fips":"31173","name":"Thurston","state":"NE"},"geometry":{"type":"Polygon","coordinates":[[[-96.822497,42.264292],[-96.73778,42.264104],[-96.726661,42.278005],[-96.380298,42.276351],[-96.351957192496,42.2808947045433],[-96.336003,42.264806],[-96.336323,42.218922],[-96.3372160947059,42.2148495068956],[-96.347752,42.166806],[-96.2689,42.11359],[-96.272877,42.047238],[-96.309645,42.015187],[-96.554866,42.015875],[-96.555511,42.089957],[-96.82367,42.090411],[-96.822497,42.264292]]]}},{"type":"Feature","properties":{"fips":"19005","name":"Allamakee","state":"IA"},"geometry":{"type":"Polygon","coordinates":[[[-91.6108350005544,43.5006878467793],[-91.491042,43.50069],[-91.217706,43.50055],[-91.232276,43.450952],[-91.2106633577727,43.4194417829033],[-91.199408,43.403032],[-91.207367,43.373659],[-91.154806,43.334826],[-91.107237,43.313645],[-91.05791,43.253968],[-91.087456,43.221891],[-91.134173,43.174405],[-91.175253,43.134665],[-91.1749349139112,43.0802603718452],[-91.605307,43.081653],[-91.6108350005544,43.5006878467793]]]}},{"type":"Feature","properties":{"fips":"31151","name":"Saline","state":"NE"},"geometry":{"type":"Polygon","coordinates":[[[-97.368401,40.698625],[-96.913493,40.697948],[-96.912637,40.523625],[-96.913513,40.370371],[-96.916055,40.349727],[-97.368688,40.350392],[-97.368401,40.698625]]]}},{"type":"Feature","properties":{"fips":"26019","name":"Benzie","state":"MI"},"geometry":{"type":"Polygon","coordinates":[[[-86.248474,44.699046],[-86.160268,44.728189],[-86.089186,44.741496],[-86.0784981880303,44.7783307476609],[-85.937084,44.778345],[-85.815119,44.774534],[-85.817802,44.512969],[-86.2370208650165,44.5182985861447],[-86.220697,44.566742],[-86.25395,44.64808],[-86.248474,44.699046]]]}},{"type":"Feature","properties":{"fips":"27151","name":"Swift","state":"MN"},"geometry":{"type":"Polygon","coordinates":[[[-96.117063,45.411992],[-95.747402,45.412313],[-95.255266,45.412738],[-95.255196,45.238712],[-95.246489,45.152431],[-96.036693,45.152142],[-96.103829,45.176742],[-96.117729,45.239783],[-96.117063,45.411992]]]}},{"type":"Feature","properties":{"fips":"17103","name":"Lee","state":"IL"},"geometry":{"type":"Polygon","coordinates":[[[-89.62933,41.901617],[-89.421901,41.904932],[-89.41454,41.885549],[-88.941279,41.891752],[-88.938679,41.628316],[-89.16715,41.628657],[-89.166561,41.585289],[-89.631494,41.584949],[-89.62933,41.901617]]]}},{"type":"Feature","properties":{"fips":"19041","name":"Clay","state":"IA"},"geometry":{"type":"Polygon","coordinates":[[[-95.388078,43.255221],[-94.913723,43.255054],[-94.91389,42.9097],[-95.388182,42.909897],[-95.388078,43.255221]]]}},{"type":"Feature","properties":{"fips":"38027","name":"Eddy","state":"ND"},"geometry":{"type":"Polygon","coordinates":[[[-99.297202,47.846834],[-98.556378,47.847459],[-98.525516,47.846276],[-98.525391,47.672318],[-98.500181,47.672413],[-98.500085,47.587228],[-99.265798,47.5876],[-99.297318,47.673004],[-99.297202,47.846834]]]}},{"type":"Feature","properties":{"fips":"39155","name":"Trumbull","state":"OH"},"geometry":{"type":"Polygon","coordinates":[[[-81.003126,41.501478],[-80.519176130571,41.4993400518638],[-80.5191652733637,41.4891096844823],[-80.518893,41.232556],[-80.5191972048065,41.1332184995725],[-81.002479,41.134187],[-81.003191,41.347859],[-81.003126,41.501478]]]}},{"type":"Feature","properties":{"fips":"26041","name":"Delta","state":"MI"},"geometry":{"type":"Polygon","coordinates":[[[-87.367849,45.985321],[-87.242885,45.985117],[-87.241506,46.159103],[-87.116138,46.15905],[-86.615601,46.158691],[-86.490142,46.158178],[-86.49025,45.896337],[-86.4598805177494,45.750226550596],[-86.54143,45.70811],[-86.616972,45.620581],[-86.636895,45.542053],[-86.712328,45.610939],[-86.705184,45.690901],[-86.647319,45.732618],[-86.773279,45.811385],[-86.838746,45.722307],[-86.964275,45.672761],[-87.070442,45.718779],[-87.172241,45.661788],[-87.2534496287802,45.5501155908891],[-87.327502,45.55125],[-87.325391,45.898665],[-87.367849,45.985321]]]}},{"type":"Feature","properties":{"fips":"18047","name":"Franklin","state":"IN"},"geometry":{"type":"Polygon","coordinates":[[[-85.29811,39.525476],[-85.036087,39.526213],[-85.011882,39.524298],[-84.8161601949108,39.5219681089929],[-84.817453,39.391753],[-84.8188770978104,39.3051661690523],[-84.8188774692751,39.3051435835594],[-85.065574,39.307232],[-85.217883,39.308474],[-85.29654,39.268291],[-85.297575,39.453275],[-85.29811,39.525476]]]}},{"type":"Feature","properties":{"fips":"19119","name":"Lyon","state":"IA"},"geometry":{"type":"Polygon","coordinates":[[[-96.598928,43.500457],[-96.45326,43.50039],[-96.198484,43.500335],[-96.05316283451,43.5001877081575],[-95.8609462015723,43.4999928849056],[-95.861914,43.257566],[-96.531027,43.259725],[-96.5590273427097,43.257555675618],[-96.578823,43.291095],[-96.530392,43.300034],[-96.524289,43.347214],[-96.521572,43.38564],[-96.594254,43.434153],[-96.584603,43.46961],[-96.598928,43.500457]]]}},{"type":"Feature","properties":{"fips":"31133","name":"Pawnee","state":"NE"},"geometry":{"type":"Polygon","coordinates":[[[-96.463667,40.262173],[-96.066736,40.262038],[-96.010176,40.261482],[-96.0106788179345,40.000704665772],[-96.02409,40.000719],[-96.154365,40.000495],[-96.239172,40.000691],[-96.2392078784111,40.0006910427544],[-96.4637120767748,40.0009585725545],[-96.463667,40.262173]]]}},{"type":"Feature","properties":{"fips":"26039","name":"Crawford","state":"MI"},"geometry":{"type":"Polygon","coordinates":[[[-84.847309,44.858037],[-84.371737,44.855039],[-84.370643,44.507223],[-84.850929,44.511069],[-84.847309,44.858037]]]}},{"type":"Feature","properties":{"fips":"31109","name":"Lancaster","state":"NE"},"geometry":{"type":"Polygon","coordinates":[[[-96.913493,40.697948],[-96.911049,40.714102],[-96.91094,41.046116],[-96.908507,41.046091],[-96.463869,41.045083],[-96.463861,41.016069],[-96.463764,40.78396],[-96.463632,40.523013],[-96.912637,40.523625],[-96.913493,40.697948]]]}},{"type":"Feature","properties":{"fips":"17079","name":"Jasper","state":"IL"},"geometry":{"type":"Polygon","coordinates":[[[-88.361745,38.910847],[-88.360654,39.171118],[-88.007766,39.173925],[-87.950385,39.174882],[-87.945919,38.850148],[-88.258583,38.847529],[-88.361758,38.852124],[-88.361745,38.910847]]]}},{"type":"Feature","properties":{"fips":"17095","name":"Knox","state":"IL"},"geometry":{"type":"Polygon","coordinates":[[[-90.44176,40.88906],[-90.439423,41.063995],[-90.437652,41.151463],[-90.096311,41.14988],[-89.984559,41.149394],[-89.985479,40.974495],[-89.985333,40.800074],[-89.986064,40.712361],[-90.444339,40.714868],[-90.44176,40.88906]]]}},{"type":"Feature","properties":{"fips":"18037","name":"Dubois","state":"IN"},"geometry":{"type":"Polygon","coordinates":[[[-87.072369,38.5147],[-86.947663,38.490453],[-86.924186,38.505358],[-86.885716,38.494866],[-86.837462,38.526468],[-86.682359,38.526378],[-86.681424,38.394767],[-86.679511,38.263086],[-86.792152,38.2491],[-86.791497,38.20513],[-87.01749,38.20358],[-87.073067,38.232596],[-87.072369,38.5147]]]}},{"type":"Feature","properties":{"fips":"31061","name":"Franklin","state":"NE"},"geometry":{"type":"Polygon","coordinates":[[[-99.179403,40.350681],[-98.726827,40.350398],[-98.726372963939,40.0023362731669],[-99.0670183498981,40.0021435130522],[-99.085597,40.002133],[-99.1791331508611,40.0021089526949],[-99.179403,40.350681]]]}},{"type":"Feature","properties":{"fips":"29047","name":"Clay","state":"MO"},"geometry":{"type":"Polygon","coordinates":[[[-94.591933,39.155003],[-94.6019379819211,39.1555032334638],[-94.600765,39.333149],[-94.600819,39.456155],[-94.210642,39.454682],[-94.212515,39.207086],[-94.289873,39.237107],[-94.36154,39.164656],[-94.407228,39.195303],[-94.419475,39.149318],[-94.46159,39.120372],[-94.484112,39.145009],[-94.512679,39.150451],[-94.607354,39.113444],[-94.591933,39.155003]]]}},{"type":"Feature","properties":{"fips":"17087","name":"Johnson","state":"IL"},"geometry":{"type":"Polygon","coordinates":[[[-89.044799,37.329717],[-89.041401,37.596576],[-88.708546,37.599277],[-88.708546,37.599059],[-88.710738,37.337081],[-88.905071,37.335743],[-88.928757,37.302848],[-89.044691,37.293933],[-89.044799,37.329717]]]}},{"type":"Feature","properties":{"fips":"18085","name":"Kosciusko","state":"IN"},"geometry":{"type":"Polygon","coordinates":[[[-86.077551,41.172868],[-86.054116,41.176368],[-86.05923,41.435812],[-85.768708,41.435745],[-85.653507,41.436856],[-85.651928,41.294776],[-85.652715,41.178489],[-85.686574,41.178376],[-85.684181,41.046716],[-85.945561,41.042876],[-86.075939,41.084878],[-86.077551,41.172868]]]}},{"type":"Feature","properties":{"fips":"29089","name":"Howard","state":"MO"},"geometry":{"type":"Polygon","coordinates":[[[-92.94385,39.121738],[-92.849224,39.226218],[-92.790369,39.343586],[-92.707367,39.321614],[-92.430229,39.248795],[-92.554586,39.015985],[-92.564481,38.992783],[-92.558086,38.970692],[-92.852628,38.982183],[-92.934569,39.064547],[-92.94385,39.121738]]]}},{"type":"Feature","properties":{"fips":"46125","name":"Turner","state":"SD"},"geometry":{"type":"Polygon","coordinates":[[[-97.40145,43.499783],[-97.129478,43.499683],[-96.924841,43.500007],[-96.924142,43.083733],[-97.160543,43.083145],[-97.160544,43.169978],[-97.399191,43.169419],[-97.40145,43.499783]]]}},{"type":"Feature","properties":{"fips":"55063","name":"La Crosse","state":"WI"},"geometry":{"type":"Polygon","coordinates":[[[-91.4235686998173,43.9842968803226],[-91.322143,43.984462],[-91.307478,44.064876],[-91.151932,44.079665],[-91.136059,44.07102],[-90.973107,44.070882],[-90.912918,44.071522],[-90.910653,43.725334],[-91.2570001560057,43.7256587372224],[-91.243955,43.773046],[-91.2876556273671,43.847065],[-91.291002,43.852733],[-91.357426,43.917231],[-91.4235686998173,43.9842968803226]]]}},{"type":"Feature","properties":{"fips":"20107","name":"Linn","state":"KS"},"geometry":{"type":"Polygon","coordinates":[[[-95.065831,38.389945],[-94.6127726289929,38.3887184827318],[-94.612614,38.237766],[-94.6139299610557,38.0600529598965],[-94.6141002487054,38.0370565833813],[-95.077876,38.037706],[-95.065831,38.389945]]]}},{"type":"Feature","properties":{"fips":"20109","name":"Logan","state":"KS"},"geometry":{"type":"Polygon","coordinates":[[[-101.478195,39.134761],[-101.391717,39.135117],[-100.811858,39.13336],[-100.818698,38.699861],[-101.128379,38.700603],[-101.484383,38.700166],[-101.478195,39.134761]]]}},{"type":"Feature","properties":{"fips":"26153","name":"Schoolcraft","state":"MI"},"geometry":{"type":"Polygon","coordinates":[[[-86.615397,46.333263],[-86.364989,46.331927],[-86.364953,46.505852],[-85.864932,46.504758],[-85.865025,46.244631],[-85.8658399219427,45.9475710731853],[-85.913769,45.919439],[-86.072067,45.965313],[-86.278007,45.942057],[-86.349134,45.83416],[-86.439661,45.760669],[-86.4598805177494,45.750226550596],[-86.49025,45.896337],[-86.490142,46.158178],[-86.615601,46.158691],[-86.615397,46.333263]]]}},{"type":"Feature","properties":{"fips":"29189","name":"St. Louis","state":"MO"},"geometry":{"type":"Polygon","coordinates":[[[-90.733059,38.639295],[-90.681677,38.664289],[-90.662613,38.687074],[-90.545806,38.684129],[-90.482455,38.764013],[-90.436059,38.828454],[-90.373697,38.822291],[-90.32134,38.891579],[-90.117707,38.805748],[-90.166409,38.772649],[-90.1667566245041,38.7722766188072],[-90.251745,38.718887],[-90.306433,38.63359],[-90.320515,38.594152],[-90.2552985826054,38.5308696789927],[-90.2610973860555,38.518263021789],[-90.271314,38.496052],[-90.288815,38.438453],[-90.3410952558139,38.3862448217446],[-90.350639,38.458082],[-90.404969,38.500598],[-90.512523,38.501344],[-90.655561,38.486737],[-90.6805,38.445659],[-90.736167,38.466869],[-90.733059,38.639295]]]}},{"type":"Feature","properties":{"fips":"19161","name":"Sac","state":"IA"},"geometry":{"type":"Polygon","coordinates":[[[-95.38801,42.561742],[-94.914485,42.560309],[-94.914487,42.47419],[-94.856689,42.473996],[-94.858412,42.209692],[-95.090851,42.210405],[-95.323497,42.210932],[-95.322357,42.474737],[-95.387445,42.474796],[-95.38801,42.561742]]]}},{"type":"Feature","properties":{"fips":"46031","name":"Corson","state":"SD"},"geometry":{"type":"Polygon","coordinates":[[[-102.000679921018,45.9445383927274],[-101.998733079552,45.9445370569484],[-101.794606,45.944397],[-101.557276,45.9441],[-101.365283,45.944092],[-101.106826,45.943984],[-100.76211,45.943767],[-100.511949026151,45.9436540704345],[-100.511793,45.943654],[-100.499354215384,45.9436319988143],[-100.387036,45.869142],[-100.308849,45.689634],[-100.406438,45.650011],[-100.430079,45.594823],[-100.486561,45.536521],[-100.341924,45.472904],[-101.47019,45.472416],[-101.99979,45.472414],[-102.000679921018,45.9445383927274]]]}},{"type":"Feature","properties":{"fips":"29179","name":"Reynolds","state":"MO"},"geometry":{"type":"Polygon","coordinates":[[[-91.312458,37.592824],[-91.155073,37.588092],[-90.987055,37.603852],[-90.768695,37.603011],[-90.772949,37.373659],[-90.735453,37.27104],[-90.737146,37.166413],[-90.779025,37.13792],[-90.779553,37.050324],[-90.964466,37.053584],[-91.017766,37.095677],[-91.034346,37.169343],[-91.126028,37.19948],[-91.159323,37.254936],[-91.175405,37.414805],[-91.211863,37.415277],[-91.210984,37.501911],[-91.314236,37.505132],[-91.312458,37.592824]]]}},{"type":"Feature","properties":{"fips":"29115","name":"Linn","state":"MO"},"geometry":{"type":"Polygon","coordinates":[[[-93.361957,39.967606],[-93.361951,40.033098],[-92.856191,40.037253],[-92.847477,40.037301],[-92.85792,39.699985],[-93.266968,39.703562],[-93.364808,39.703803],[-93.361957,39.967606]]]}},{"type":"Feature","properties":{"fips":"18183","name":"Whitley","state":"IN"},"geometry":{"type":"Polygon","coordinates":[[[-85.686574,41.178376],[-85.652715,41.178489],[-85.651928,41.294776],[-85.537209,41.26631],[-85.307781,41.264158],[-85.338276,41.179065],[-85.335643,41.00525],[-85.643841,41.002305],[-85.683198,41.001909],[-85.684181,41.046716],[-85.686574,41.178376]]]}},{"type":"Feature","properties":{"fips":"27167","name":"Wilkin","state":"MN"},"geometry":{"type":"Polygon","coordinates":[[[-96.7857861825985,46.6295908492609],[-96.281196,46.630779],[-96.28,46.28222],[-96.265366,46.10861],[-96.26614,46.02161],[-96.572697494194,46.0218916713577],[-96.554507,46.083978],[-96.59567,46.21985],[-96.60104,46.319554],[-96.647296,46.358499],[-96.709095,46.435294],[-96.744436,46.56596],[-96.7857861825985,46.6295908492609]]]}},{"type":"Feature","properties":{"fips":"46105","name":"Perkins","state":"SD"},"geometry":{"type":"Polygon","coordinates":[[[-102.957281,45.212851],[-102.942069961191,45.9450944113531],[-102.880252,45.945069],[-102.704871,45.945072],[-102.550947,45.945015],[-102.32823,45.944806],[-102.087555,45.944598],[-102.000679921018,45.9445383927274],[-101.99979,45.472414],[-101.999994,45.038274],[-102.957371,45.039569],[-102.957281,45.212851]]]}},{"type":"Feature","properties":{"fips":"20117","name":"Marshall","state":"KS"},"geometry":{"type":"Polygon","coordinates":[[[-96.805768,40.0013684550954],[-96.469945,40.000966],[-96.4637120767748,40.0009585725545],[-96.2392078784111,40.0006910427544],[-96.238969,39.56622],[-96.580459,39.56621],[-96.806544,39.566423],[-96.805768,40.0013684550954]]]}},{"type":"Feature","properties":{"fips":"46135","name":"Yankton","state":"SD"},"geometry":{"type":"Polygon","coordinates":[[[-97.637496,43.16877],[-97.399191,43.169419],[-97.160544,43.169978],[-97.160543,43.083145],[-97.16036,42.811795],[-97.1650703923738,42.7916166414677],[-97.213957,42.820143],[-97.237868,42.853139],[-97.302075,42.86566],[-97.341181,42.855882],[-97.417066,42.865918],[-97.452177,42.846048],[-97.484916876342,42.8500032148679],[-97.515948,42.853752],[-97.59926,42.856229],[-97.6354420904415,42.8518090751855],[-97.637496,43.16877]]]}},{"type":"Feature","properties":{"fips":"31041","name":"Custer","state":"NE"},"geometry":{"type":"Polygon","coordinates":[[[-100.251224,41.739817],[-99.686834,41.740326],[-99.22183,41.740792],[-99.212016,41.740613],[-99.212394,41.408678],[-99.203261,41.39414],[-99.207564,41.047003],[-99.425986,41.046471],[-100.224235,41.046597],[-100.238117,41.06102],[-100.251098,41.393298],[-100.251224,41.739817]]]}},{"type":"Feature","properties":{"fips":"39127","name":"Perry","state":"OH"},"geometry":{"type":"Polygon","coordinates":[[[-82.462813,39.93038],[-82.418666,39.922447],[-82.233974,39.91326],[-82.162385,39.909371],[-82.170047,39.82075],[-82.072934,39.816227],[-82.076639,39.77096],[-82.080224,39.727673],[-82.024219,39.724686],[-82.038272,39.56943],[-82.047528,39.550825],[-82.159161,39.556574],[-82.263566,39.562137],[-82.261954,39.590592],[-82.37989,39.596738],[-82.374531,39.654959],[-82.396594,39.833057],[-82.472402,39.837223],[-82.462813,39.93038]]]}},{"type":"Feature","properties":{"fips":"26105","name":"Mason","state":"MI"},"geometry":{"type":"Polygon","coordinates":[[[-86.514702,44.058119],[-86.429871,44.119782],[-86.3878373602652,44.178694],[-86.043507,44.167088],[-86.037884,43.815611],[-86.4354850382583,43.8194291980042],[-86.431198,43.84072],[-86.447915,43.918089],[-86.463136,43.970976],[-86.501738,44.021912],[-86.514702,44.058119]]]}},{"type":"Feature","properties":{"fips":"26043","name":"Dickinson","state":"MI"},"geometry":{"type":"Polygon","coordinates":[[[-88.135067,45.821694],[-88.073944,45.875593],[-88.115346,45.922211],[-88.1168565373761,45.9228112422627],[-88.117407,46.246618],[-87.615597,46.246653],[-87.617091,45.986014],[-87.617396,45.898846],[-87.696946,45.898842],[-87.697159,45.72296],[-87.8330494680353,45.7227525753469],[-87.879812,45.754843],[-87.96697,45.764021],[-87.995876,45.795435],[-88.048514,45.782549],[-88.057010465949,45.7849770301437],[-88.105518,45.798839],[-88.135067,45.821694]]]}},{"type":"Feature","properties":{"fips":"18101","name":"Martin","state":"IN"},"geometry":{"type":"Polygon","coordinates":[[[-86.922943,38.817238],[-86.904252,38.904204],[-86.682853,38.904697],[-86.683102,38.686561],[-86.682359,38.526378],[-86.837462,38.526468],[-86.885716,38.494866],[-86.924186,38.505358],[-86.922943,38.817238]]]}},{"type":"Feature","properties":{"fips":"20095","name":"Kingman","state":"KS"},"geometry":{"type":"Polygon","coordinates":[[[-98.464663,37.471013],[-98.464804,37.732675],[-97.807823,37.733855],[-97.8076,37.474184],[-97.807057,37.386293],[-98.349804,37.384056],[-98.464933,37.384144],[-98.464663,37.471013]]]}},{"type":"Feature","properties":{"fips":"26161","name":"Washtenaw","state":"MI"},"geometry":{"type":"Polygon","coordinates":[[[-84.131136,42.424567],[-83.664808,42.431179],[-83.551907,42.435166],[-83.539396,42.085598],[-83.66157,42.084525],[-83.711872,42.083639],[-83.773922,42.08243],[-84.131963,42.071577],[-84.131136,42.424567]]]}},{"type":"Feature","properties":{"fips":"38023","name":"Divide","state":"ND"},"geometry":{"type":"Polygon","coordinates":[[[-104.048736,48.999877],[-103.375467,48.998951],[-102.938957018364,48.9993500857184],[-102.939932,48.720469],[-102.885686,48.720488],[-102.885775,48.633298],[-104.048087180484,48.6339103786847],[-104.0489,48.847387],[-104.048736,48.999877]]]}},{"type":"Feature","properties":{"fips":"20189","name":"Stevens","state":"KS"},"geometry":{"type":"Polygon","coordinates":[[[-101.556606,37.388485],[-101.52581,37.388392],[-101.089653,37.387721],[-101.068106,37.387779],[-101.06645021566,36.9977361751404],[-101.211486,36.997124],[-101.485326,36.995611],[-101.555258848691,36.9952909392776],[-101.556606,37.388485]]]}},{"type":"Feature","properties":{"fips":"31025","name":"Cass","state":"NE"},"geometry":{"type":"Polygon","coordinates":[[[-96.463861,41.016069],[-96.349471,41.015211],[-96.319191,41.044998],[-96.218939,40.994308],[-96.056256,41.065356],[-96.005191,41.060624],[-95.978778,41.053362],[-95.8647847640853,41.0528455046135],[-95.865878,41.017403],[-95.828329,40.972378],[-95.837774,40.924712],[-95.8187272785699,40.8979480664065],[-95.810709,40.886681],[-95.841309,40.845604],[-95.8342438167144,40.7837843870431],[-96.463764,40.78396],[-96.463861,41.016069]]]}},{"type":"Feature","properties":{"fips":"17013","name":"Calhoun","state":"IL"},"geometry":{"type":"Polygon","coordinates":[[[-90.9352871462396,39.3994805728603],[-90.613775,39.395416],[-90.59123,39.198624],[-90.61454,39.14229],[-90.603569,39.117592],[-90.534657,38.958499],[-90.467766,38.969208],[-90.4509699408919,38.9613950033245],[-90.467784,38.961809],[-90.500117,38.910408],[-90.555693,38.870785],[-90.595354,38.87505],[-90.657254,38.92027],[-90.6615829068768,38.9347033077532],[-90.676397,38.984096],[-90.713629,39.053977],[-90.681086,39.10059],[-90.707902,39.15086],[-90.7232836234127,39.2241029700576],[-90.72996,39.255894],[-90.840106,39.340438],[-90.9352871462396,39.3994805728603]]]}},{"type":"Feature","properties":{"fips":"18151","name":"Steuben","state":"IN"},"geometry":{"type":"Polygon","coordinates":[[[-85.196774200302,41.759870841803],[-84.8251282838768,41.7601990063519],[-84.805883,41.760216],[-84.806082,41.696089],[-84.8049581562396,41.5301378133882],[-85.194084,41.526437],[-85.196774200302,41.759870841803]]]}},{"type":"Feature","properties":{"fips":"55001","name":"Adams","state":"WI"},"geometry":{"type":"Polygon","coordinates":[[[-90.025953,44.091748],[-89.970482,44.167114],[-89.923387,44.152416],[-89.902783,44.249473],[-89.724746,44.247678],[-89.59798,44.245725],[-89.59795,43.9821],[-89.599547,43.642636],[-89.784901,43.641051],[-89.787005,43.667091],[-89.865132,43.783414],[-89.980676,43.905623],[-90.025953,44.091748]]]}},{"type":"Feature","properties":{"fips":"18083","name":"Knox","state":"IN"},"geometry":{"type":"Polygon","coordinates":[[[-87.74104,38.435576],[-87.714047,38.47988],[-87.654166,38.511911],[-87.660732,38.541092],[-87.6483567630745,38.5666287160576],[-87.637752,38.588512],[-87.62012,38.639489],[-87.545538,38.677613],[-87.498948,38.757774],[-87.521681,38.826576],[-87.5352570508085,38.8524914649674],[-87.54737,38.875614],[-87.5287176636979,38.9059437862892],[-87.259256,38.901649],[-87.241027,38.907874],[-87.129882,38.907315],[-87.098771,38.903974],[-87.213267,38.807977],[-87.241463,38.817476],[-87.238551,38.743235],[-87.278553,38.691343],[-87.242097,38.54493],[-87.288884,38.51156],[-87.351833,38.542247],[-87.462892,38.533519],[-87.494169,38.494622],[-87.7511059451205,38.4188492084548],[-87.74104,38.435576]]]}},{"type":"Feature","properties":{"fips":"19107","name":"Keokuk","state":"IA"},"geometry":{"type":"Polygon","coordinates":[[[-92.411995,41.509548],[-92.297494,41.50979],[-91.946043,41.510749],[-91.945571,41.163578],[-92.179974,41.162662],[-92.410233,41.161942],[-92.411995,41.509548]]]}},{"type":"Feature","properties":{"fips":"17101","name":"Lawrence","state":"IL"},"geometry":{"type":"Polygon","coordinates":[[[-87.908113,38.850107],[-87.787011,38.848857],[-87.5352570508085,38.8524914649674],[-87.521681,38.826576],[-87.498948,38.757774],[-87.545538,38.677613],[-87.62012,38.639489],[-87.637752,38.588512],[-87.6483567630745,38.5666287160576],[-87.912286,38.570104],[-87.908113,38.850107]]]}},{"type":"Feature","properties":{"fips":"18077","name":"Jefferson","state":"IN"},"geometry":{"type":"Polygon","coordinates":[[[-85.683839,38.815406],[-85.628855,38.817583],[-85.537431,38.88278],[-85.5382,38.912217],[-85.444897,38.912998],[-85.203166,38.913803],[-85.2017606225486,38.6974407918463],[-85.238665,38.722494],[-85.275454,38.741172],[-85.3326407337514,38.7348167543477],[-85.340953,38.733893],[-85.400481,38.73598],[-85.448862,38.713368],[-85.438742,38.659319],[-85.43617,38.598292],[-85.4314160707522,38.5862856131089],[-85.496666,38.606736],[-85.56998,38.606155],[-85.57093,38.678706],[-85.683338,38.736731],[-85.683839,38.815406]]]}},{"type":"Feature","properties":{"fips":"18129","name":"Posey","state":"IN"},"geometry":{"type":"Polygon","coordinates":[[[-88.0594711307875,37.8666875964907],[-88.040861,37.891767],[-88.016311,37.961574],[-88.030884,38.030713],[-87.98877,38.055591],[-87.96221,38.100054],[-87.927468,38.151946],[-87.975819,38.197834],[-87.9702008408039,38.2302710583858],[-87.799169,38.22858],[-87.799677,38.201944],[-87.688374,38.168419],[-87.70027,37.907283],[-87.7131573360969,37.8830423995257],[-87.723635,37.892058],[-87.808013,37.875191],[-87.87254,37.920999],[-87.921744,37.907885],[-87.9253933817098,37.8995914771373],[-87.938128,37.870651],[-87.903804,37.817762],[-87.935861,37.789703],[-87.970262,37.781856],[-88.02803,37.799224],[-88.067364,37.856051],[-88.0594711307875,37.8666875964907]]]}},{"type":"Feature","properties":{"fips":"27073","name":"Lac qui Parle","state":"MN"},"geometry":{"type":"Polygon","coordinates":[[[-96.457553498485,45.2688979287184],[-96.311413,45.251597],[-96.103829,45.176742],[-96.036693,45.152142],[-95.824614,44.986884],[-95.804281,44.949197],[-95.743846,44.944467],[-95.736696,44.93604],[-95.737309,44.891479],[-95.847452,44.891799],[-95.849009,44.805347],[-96.4548305155538,44.8055502040458],[-96.4558401136336,44.97734524828],[-96.457553498485,45.2688979287184]]]}},{"type":"Feature","properties":{"fips":"29119","name":"McDonald","state":"MO"},"geometry":{"type":"Polygon","coordinates":[[[-94.618307,36.76656],[-94.068898,36.747818],[-94.0770881248555,36.49897595691],[-94.361203,36.4996],[-94.617919,36.499414],[-94.617815,36.612604],[-94.6179917784172,36.6679212723442],[-94.618307,36.76656]]]}},{"type":"Feature","properties":{"fips":"19141","name":"O'Brien","state":"IA"},"geometry":{"type":"Polygon","coordinates":[[[-95.861914,43.257566],[-95.388078,43.255221],[-95.388182,42.909897],[-95.859377,42.909097],[-95.861914,43.257566]]]}},{"type":"Feature","properties":{"fips":"17019","name":"Champaign","state":"IL"},"geometry":{"type":"Polygon","coordinates":[[[-88.463174,40.142196],[-88.460418,40.281935],[-88.460269,40.310991],[-88.459957,40.39885],[-88.346987,40.398417],[-87.932387,40.3994],[-87.929992,40.313376],[-87.928827,40.233533],[-87.942103,40.225482],[-87.939632,40.083616],[-87.937645,39.879803],[-88.406105,39.879235],[-88.462207,39.879092],[-88.46302,40.05503],[-88.463174,40.142196]]]}},{"type":"Feature","properties":{"fips":"17021","name":"Christian","state":"IL"},"geometry":{"type":"Polygon","coordinates":[[[-89.535028,39.641138],[-89.425051,39.683696],[-89.425171,39.762022],[-89.392858,39.74385],[-89.217473,39.813666],[-89.141967,39.801273],[-89.138951,39.655136],[-89.02568,39.654183],[-89.025533,39.345845],[-89.139807,39.348888],[-89.530836,39.348864],[-89.533526,39.524592],[-89.535028,39.641138]]]}},{"type":"Feature","properties":{"fips":"38055","name":"McLean","state":"ND"},"geometry":{"type":"Polygon","coordinates":[[[-102.385647,47.847772],[-101.871862,47.847589],[-100.971158,47.848696],[-100.585179,47.847761],[-100.585062,47.674088],[-100.672408,47.674038],[-100.67321,47.327646],[-100.749334,47.327685],[-100.74937,47.157245],[-100.96544,47.157134],[-100.977629,47.249992],[-101.034623,47.286393],[-101.257031,47.264895],[-101.345735,47.291897],[-101.362536,47.367998],[-101.440139,47.477299],[-101.370866,47.518696],[-101.428037,47.561986],[-101.641696,47.528379],[-101.707537,47.538278],[-101.813848,47.496502],[-102.036648,47.572705],[-102.20535,47.574506],[-102.265452,47.624307],[-102.262051,47.782009],[-102.335554,47.80111],[-102.385758,47.758008],[-102.385647,47.847772]]]}},{"type":"Feature","properties":{"fips":"20177","name":"Shawnee","state":"KS"},"geometry":{"type":"Polygon","coordinates":[[[-96.035665,39.144083],[-96.035573,39.21652],[-95.589472,39.216081],[-95.596759,39.064672],[-95.500254,39.056656],[-95.500724,38.869815],[-95.946587,38.869973],[-95.946754,39.098685],[-95.993738,39.133817],[-96.03906,39.126527],[-96.035665,39.144083]]]}},{"type":"Feature","properties":{"fips":"29161","name":"Phelps","state":"MO"},"geometry":{"type":"Polygon","coordinates":[[[-92.021165,38.010639],[-91.895347,38.051199],[-91.632431,38.050951],[-91.630554,38.153519],[-91.534384,38.152593],[-91.52499,38.14082],[-91.528797,37.788989],[-91.806219,37.791286],[-91.809105,37.598863],[-92.029258,37.602542],[-92.021165,38.010639]]]}},{"type":"Feature","properties":{"fips":"29019","name":"Boone","state":"MO"},"geometry":{"type":"Polygon","coordinates":[[[-92.564481,38.992783],[-92.554586,39.015985],[-92.430229,39.248795],[-92.314471,39.246454],[-92.104374,39.239809],[-92.110387,39.064204],[-92.132301,39.060175],[-92.14979,38.954301],[-92.135158,38.814389],[-92.216388,38.714495],[-92.220661,38.643167],[-92.357813,38.679517],[-92.394866,38.73913],[-92.381304,38.808732],[-92.498377,38.922084],[-92.558086,38.970692],[-92.564481,38.992783]]]}},{"type":"Feature","properties":{"fips":"20153","name":"Rawlins","state":"KS"},"geometry":{"type":"Polygon","coordinates":[[[-101.411028987802,40.0025825695676],[-101.324036026572,40.0025650505849],[-101.293991,40.002559],[-101.060317,40.002307],[-100.75883,40.002302],[-100.738824713191,40.0022629565677],[-100.740873,39.568043],[-101.389068,39.568369],[-101.413913,39.568361],[-101.411028987802,40.0025825695676]]]}},{"type":"Feature","properties":{"fips":"17173","name":"Shelby","state":"IL"},"geometry":{"type":"Polygon","coordinates":[[[-89.139807,39.348888],[-89.025533,39.345845],[-89.02568,39.654183],[-88.810575,39.653222],[-88.809051,39.580241],[-88.717438,39.579334],[-88.716875,39.521209],[-88.641468,39.520958],[-88.584273,39.447582],[-88.470505,39.447041],[-88.470351,39.432629],[-88.47083,39.374515],[-88.470906,39.215029],[-88.805325,39.216263],[-89.027762,39.215467],[-89.139464,39.217773],[-89.139807,39.348888]]]}},{"type":"Feature","properties":{"fips":"18005","name":"Bartholomew","state":"IN"},"geometry":{"type":"Polygon","coordinates":[[[-86.085601,39.344189],[-85.952005,39.347373],[-85.684515,39.350049],[-85.686783,39.130859],[-85.774258,39.129146],[-85.799712,39.127453],[-85.798804,39.068536],[-85.860573,39.04091],[-86.080272,39.05027],[-86.080294,39.152543],[-86.085601,39.344189]]]}},{"type":"Feature","properties":{"fips":"27053","name":"Hennepin","state":"MN"},"geometry":{"type":"Polygon","coordinates":[[[-93.767532,44.977646],[-93.761874,45.081244],[-93.676267,45.151044],[-93.667203,45.154443],[-93.661545,45.153274],[-93.647747,45.158609],[-93.645168,45.161561],[-93.638622,45.16562],[-93.638653,45.174161],[-93.65881,45.194116],[-93.521653,45.246618],[-93.51219,45.245683],[-93.501598,45.241594],[-93.425922,45.214732],[-93.296092,45.121736],[-93.280815,45.071716],[-93.283426,45.035365],[-93.226929,45.035671],[-93.208092,45.035744],[-93.200367,44.909625],[-93.178539,44.888338],[-93.19794,44.862],[-93.251873,44.811476],[-93.329615,44.791087],[-93.438157,44.813074],[-93.520159,44.805037],[-93.520706,44.891502],[-93.768385,44.89087],[-93.767532,44.977646]]]}},{"type":"Feature","properties":{"fips":"29225","name":"Webster","state":"MO"},"geometry":{"type":"Polygon","coordinates":[[[-93.07338,37.414989],[-93.071584,37.487444],[-92.853481,37.48397],[-92.686671,37.481545],[-92.692303,37.263514],[-92.679659,37.242363],[-92.685867,37.067051],[-92.903273,37.070651],[-92.911057,37.085572],[-93.065274,37.088694],[-93.061911,37.252164],[-93.076775,37.270599],[-93.07338,37.414989]]]}},{"type":"Feature","properties":{"fips":"46065","name":"Hughes","state":"SD"},"geometry":{"type":"Polygon","coordinates":[[[-100.526498,44.547422],[-99.676398,44.548111],[-99.66371,44.539099],[-99.663508,44.217517],[-99.695752,44.172375],[-99.610311,44.148887],[-99.612249,44.103694],[-99.768681,44.135743],[-99.884485,44.129582],[-99.938217,44.195195],[-99.892101,44.241881],[-100.08533,44.308451],[-100.36539,44.355524],[-100.386376,44.440008],[-100.580034,44.461842],[-100.526498,44.547422]]]}},{"type":"Feature","properties":{"fips":"19001","name":"Adair","state":"IA"},"geometry":{"type":"Polygon","coordinates":[[[-94.700629,41.504148],[-94.241593,41.503679],[-94.241637,41.157134],[-94.470603,41.157566],[-94.700589,41.158085],[-94.700629,41.504148]]]}},{"type":"Feature","properties":{"fips":"38075","name":"Renville","state":"ND"},"geometry":{"type":"Polygon","coordinates":[[[-102.021643,48.807108],[-102.021217638045,48.998756534494],[-101.625438,48.999168],[-101.496550279613,48.9991448003959],[-101.496684,48.720078],[-101.451275,48.546079],[-101.059663,48.545419],[-101.059833,48.458448],[-101.842841,48.459439],[-101.842244,48.720064],[-102.021428,48.720283],[-102.021643,48.807108]]]}},{"type":"Feature","properties":{"fips":"39147","name":"Seneca","state":"OH"},"geometry":{"type":"Polygon","coordinates":[[[-83.421054,41.16678],[-83.419843,41.254003],[-82.840087,41.255337],[-82.829512,40.996624],[-82.855614,40.993666],[-83.112737,40.993447],[-83.420319,40.991889],[-83.421054,41.16678]]]}},{"type":"Feature","properties":{"fips":"39105","name":"Meigs","state":"OH"},"geometry":{"type":"Polygon","coordinates":[[[-82.306669,39.205494],[-82.268583,39.20376],[-81.7522970367401,39.1810347474059],[-81.742953,39.106578],[-81.7502668434263,39.1040311930998],[-81.807855,39.083978],[-81.793304,39.040353],[-81.775734,38.980737],[-81.827354,38.945898],[-81.89847,38.929603],[-81.941829,38.993295],[-82.007062,39.029578],[-82.041563,39.017878],[-82.089065,38.975978],[-82.0988666505543,38.9608792844933],[-82.095465,39.002778],[-82.322874,39.027674],[-82.306669,39.205494]]]}},{"type":"Feature","properties":{"fips":"27037","name":"Dakota","state":"MN"},"geometry":{"type":"Polygon","coordinates":[[[-93.329615,44.791087],[-93.251873,44.811476],[-93.19794,44.862],[-93.178539,44.888338],[-93.096041,44.923287],[-93.020044,44.89075],[-93.015961,44.775564],[-92.7923607996705,44.7589838136971],[-92.7316238513032,44.7149227852596],[-92.732043,44.629493],[-92.792584,44.629722],[-92.7926,44.542971],[-93.039344,44.51535],[-93.039485,44.471871],[-93.281686,44.471998],[-93.281521,44.543957],[-93.278169,44.630751],[-93.318341,44.717536],[-93.329615,44.791087]]]}},{"type":"Feature","properties":{"fips":"26147","name":"St. Clair","state":"MI"},"geometry":{"type":"Polygon","coordinates":[[[-82.996257,43.154099],[-82.5060424049551,43.1688273713115],[-82.486042,43.102486],[-82.415937,43.005555],[-82.428603,42.952001],[-82.469912,42.887459],[-82.467483,42.76191],[-82.509935,42.637294],[-82.583996,42.554041],[-82.679059,42.52221],[-82.706371,42.621107],[-82.639701,42.661233],[-82.707885,42.675497],[-82.729277,42.706059],[-82.73901,42.897541],[-82.983647,42.893741],[-82.996257,43.154099]]]}},{"type":"Feature","properties":{"fips":"38033","name":"Golden Valley","state":"ND"},"geometry":{"type":"Polygon","coordinates":[[[-104.045542,46.933887],[-104.044788,47.12743],[-104.045308341358,47.3301401263698],[-103.666675,47.329256],[-103.667073,46.979775],[-103.609592,46.979854],[-103.609273,46.629822],[-103.800873,46.629731],[-103.80088,46.540671],[-104.045125235308,46.5408609881557],[-104.045385111108,46.6415039321916],[-104.045572,46.713881],[-104.045542,46.933887]]]}},{"type":"Feature","properties":{"fips":"55033","name":"Dunn","state":"WI"},"geometry":{"type":"Polygon","coordinates":[[[-92.156465,45.209554],[-91.665647,45.207991],[-91.666402,45.120823],[-91.65139,45.029781],[-91.650455,44.855951],[-91.650361,44.683633],[-92.135202,44.684374],[-92.136348,44.857848],[-92.136113,45.121388],[-92.156465,45.209554]]]}},{"type":"Feature","properties":{"fips":"20017","name":"Chase","state":"KS"},"geometry":{"type":"Polygon","coordinates":[[[-96.837654,38.348636],[-96.819509,38.522449],[-96.35378,38.521657],[-96.357277,38.17266],[-96.358099,38.085817],[-96.522782,38.08637],[-96.840772,38.085622],[-96.837654,38.348636]]]}},{"type":"Feature","properties":{"fips":"17009","name":"Brown","state":"IL"},"geometry":{"type":"Polygon","coordinates":[[[-90.913469,40.104455],[-90.696007,40.103967],[-90.607134,39.981658],[-90.513747,39.987891],[-90.512616,39.965285],[-90.583534,39.87675],[-90.571424,39.838961],[-90.8894,39.841002],[-90.916669,39.844927],[-90.913469,40.104455]]]}},{"type":"Feature","properties":{"fips":"18099","name":"Marshall","state":"IN"},"geometry":{"type":"Polygon","coordinates":[[[-86.467108,41.476459],[-86.059451,41.479154],[-86.05923,41.435812],[-86.054116,41.176368],[-86.077551,41.172868],[-86.467046,41.171442],[-86.466603,41.432968],[-86.467108,41.476459]]]}},{"type":"Feature","properties":{"fips":"20099","name":"Labette","state":"KS"},"geometry":{"type":"Polygon","coordinates":[[[-95.52113,37.38399],[-95.088189,37.383837],[-95.075166,37.339937],[-95.0735039666303,36.9994881346791],[-95.322565,36.999358],[-95.407733005873,36.9993417150323],[-95.5224145523987,36.9993197867829],[-95.52113,37.38399]]]}},{"type":"Feature","properties":{"fips":"20165","name":"Rush","state":"KS"},"geometry":{"type":"Polygon","coordinates":[[[-99.585087,38.696537],[-99.042626,38.696807],[-99.032971,38.696759],[-99.032408,38.348334],[-99.584794,38.349386],[-99.585087,38.696537]]]}},{"type":"Feature","properties":{"fips":"31131","name":"Otoe","state":"NE"},"geometry":{"type":"Polygon","coordinates":[[[-96.463764,40.78396],[-95.8342438167144,40.7837843870431],[-95.834156,40.783016],[-95.888697,40.736292],[-95.846034,40.682605],[-95.781909,40.653272],[-95.748626,40.603355],[-95.765645,40.585208],[-95.75711,40.52599],[-95.714291,40.527208],[-95.7122801670449,40.5237540745061],[-96.067012,40.523148],[-96.463632,40.523013],[-96.463764,40.78396]]]}},{"type":"Feature","properties":{"fips":"38071","name":"Ramsey","state":"ND"},"geometry":{"type":"Polygon","coordinates":[[[-99.200306,48.370658],[-98.970842,48.370414],[-98.970392,48.544232],[-98.318036,48.543773],[-98.31838,48.369722],[-98.291852,48.369694],[-98.292184,48.195177],[-98.422057,48.194782],[-98.422474,48.02108],[-98.525609,48.021121],[-98.525555,47.915056],[-98.625384,47.916399],[-98.672086,48.0004],[-98.794312,47.951314],[-98.75061,47.982456],[-98.803893,48.059901],[-98.991253,47.99026],[-99.001038,48.053294],[-99.070351,48.021955],[-99.070443,48.107857],[-99.199911,48.155309],[-99.200306,48.370658]]]}},{"type":"Feature","properties":{"fips":"26017","name":"Bay","state":"MI"},"geometry":{"type":"Polygon","coordinates":[[[-84.167318,43.825902],[-84.166377,43.996901],[-84.045409,43.996974],[-84.044843,43.911146],[-83.901329352181,43.9084270508442],[-83.910613,43.89322],[-83.929375,43.777091],[-83.94774,43.735165],[-83.909479,43.672622],[-83.817894,43.673789],[-83.731005,43.623369],[-83.6994170918811,43.6016371502565],[-83.698816,43.478957],[-83.817678,43.479052],[-83.817228,43.522345],[-84.050987,43.524064],[-84.05,43.567324],[-84.168127,43.568899],[-84.167318,43.825902]]]}},{"type":"Feature","properties":{"fips":"20131","name":"Nemaha","state":"KS"},"geometry":{"type":"Polygon","coordinates":[[[-96.239172,40.000691],[-96.154365,40.000495],[-96.02409,40.000719],[-96.0106788179345,40.000704665772],[-95.7881109948917,40.0004667793653],[-95.788941,39.653001],[-95.789098,39.565943],[-96.035952,39.5661],[-96.238969,39.56622],[-96.2392078784111,40.0006910427544],[-96.239172,40.000691]]]}},{"type":"Feature","properties":{"fips":"17139","name":"Moultrie","state":"IL"},"geometry":{"type":"Polygon","coordinates":[[[-88.812709,39.740486],[-88.745671,39.792146],[-88.473182,39.791837],[-88.472073,39.651588],[-88.470505,39.447041],[-88.584273,39.447582],[-88.641468,39.520958],[-88.716875,39.521209],[-88.717438,39.579334],[-88.809051,39.580241],[-88.810575,39.653222],[-88.812709,39.740486]]]}},{"type":"Feature","properties":{"fips":"19047","name":"Crawford","state":"IA"},"geometry":{"type":"Polygon","coordinates":[[[-95.670822,42.211408],[-95.323497,42.210932],[-95.090851,42.210405],[-95.092861,41.863374],[-95.557277,41.863449],[-95.672771,41.863147],[-95.670822,42.211408]]]}},{"type":"Feature","properties":{"fips":"19031","name":"Cedar","state":"IA"},"geometry":{"type":"Polygon","coordinates":[[[-91.366221,41.860069],[-91.365877,41.94741],[-90.898484,41.946245],[-90.898373,41.771392],[-90.899853,41.597133],[-91.366448,41.598373],[-91.366221,41.860069]]]}},{"type":"Feature","properties":{"fips":"19191","name":"Winneshiek","state":"IA"},"geometry":{"type":"Polygon","coordinates":[[[-92.080976,43.212947],[-92.0798019931283,43.5007048851766],[-91.824848,43.500684],[-91.7302169978377,43.5006857009461],[-91.6108350005544,43.5006878467793],[-91.605307,43.081653],[-92.081146,43.082794],[-92.080976,43.212947]]]}},{"type":"Feature","properties":{"fips":"20065","name":"Graham","state":"KS"},"geometry":{"type":"Polygon","coordinates":[[[-100.161667,39.567277],[-99.627953,39.567437],[-99.602176,39.567328],[-99.605187,39.132481],[-100.14794,39.132179],[-100.1642,39.132071],[-100.161667,39.567277]]]}},{"type":"Feature","properties":{"fips":"20151","name":"Pratt","state":"KS"},"geometry":{"type":"Polygon","coordinates":[[[-99.013318,37.825336],[-98.472257,37.824497],[-98.464824,37.810943],[-98.464804,37.732675],[-98.464663,37.471013],[-99.012598,37.470421],[-99.01355,37.73297],[-99.013318,37.825336]]]}},{"type":"Feature","properties":{"fips":"38045","name":"LaMoure","state":"ND"},"geometry":{"type":"Polygon","coordinates":[[[-99.036625,46.630211],[-98.439056,46.63112],[-98.033862,46.630727],[-98.034556,46.282657],[-99.003118,46.282898],[-99.037289,46.282871],[-99.036625,46.630211]]]}},{"type":"Feature","properties":{"fips":"55121","name":"Trempealeau","state":"WI"},"geometry":{"type":"Polygon","coordinates":[[[-91.612994,44.172606],[-91.529741,44.246777],[-91.529101,44.596197],[-91.165619,44.596987],[-91.165548,44.247445],[-91.151932,44.079665],[-91.307478,44.064876],[-91.322143,43.984462],[-91.4235686998173,43.9842968803226],[-91.440536,44.001501],[-91.5592155630397,44.0242093165812],[-91.534229,44.096046],[-91.612994,44.172606]]]}},{"type":"Feature","properties":{"fips":"31125","name":"Nance","state":"NE"},"geometry":{"type":"Polygon","coordinates":[[[-98.291344,41.480727],[-98.099523,41.480777],[-98.041328,41.510534],[-97.829846,41.526174],[-97.703627,41.526796],[-97.703765,41.394876],[-97.705497,41.309134],[-98.053137,41.293123],[-98.101546,41.264041],[-98.275408,41.264341],[-98.286584,41.393898],[-98.291419,41.393894],[-98.291344,41.480727]]]}},{"type":"Feature","properties":{"fips":"31145","name":"Red Willow","state":"NE"},"geometry":{"type":"Polygon","coordinates":[[[-100.758435,40.349507],[-100.197807,40.350027],[-100.19359,40.001573],[-100.477018,40.001752],[-100.738824713191,40.0022629565677],[-100.75883,40.002302],[-100.758435,40.349507]]]}},{"type":"Feature","properties":{"fips":"31055","name":"Douglas","state":"NE"},"geometry":{"type":"Polygon","coordinates":[[[-96.47072,41.393239],[-96.329012,41.393136],[-95.945045,41.393095],[-95.9273362423201,41.3899879374596],[-95.92879,41.370096],[-95.92569,41.322197],[-95.890152,41.278308],[-95.911391,41.237998],[-95.9099128702696,41.1914208374192],[-96.174312,41.190645],[-96.327399,41.189999],[-96.421439,41.364165],[-96.47072,41.393239]]]}},{"type":"Feature","properties":{"fips":"55137","name":"Waushara","state":"WI"},"geometry":{"type":"Polygon","coordinates":[[[-89.59798,44.245725],[-89.224813,44.243393],[-88.886673,44.242622],[-88.886193,43.983233],[-89.168612,43.982834],[-89.59795,43.9821],[-89.59798,44.245725]]]}},{"type":"Feature","properties":{"fips":"19071","name":"Fremont","state":"IA"},"geometry":{"type":"Polygon","coordinates":[[[-95.888697,40.736292],[-95.834156,40.783016],[-95.8342438167144,40.7837843870431],[-95.841309,40.845604],[-95.810709,40.886681],[-95.8187272785699,40.8979480664065],[-95.795156,40.901625],[-95.384964,40.90155],[-95.370618,40.728241],[-95.3739250533987,40.5803323779415],[-95.533182,40.582249],[-95.765645,40.585208],[-95.748626,40.603355],[-95.781909,40.653272],[-95.846034,40.682605],[-95.888697,40.736292]]]}},{"type":"Feature","properties":{"fips":"17001","name":"Adams","state":"IL"},"geometry":{"type":"Polygon","coordinates":[[[-91.5062615151283,40.2001550699717],[-90.911969,40.193088],[-90.913469,40.104455],[-90.916669,39.844927],[-90.915961,39.7572],[-91.3646166033233,39.7587182263223],[-91.361571,39.787548],[-91.397853,39.821122],[-91.436051,39.84551],[-91.428956,39.907729],[-91.4368432685991,39.9452434636785],[-91.43709,39.946417],[-91.484064,40.019332],[-91.497663,40.078257],[-91.511956,40.170441],[-91.5062615151283,40.2001550699717]]]}},{"type":"Feature","properties":{"fips":"39055","name":"Geauga","state":"OH"},"geometry":{"type":"Polygon","coordinates":[[[-81.391764,41.424269],[-81.37481,41.431061],[-81.391005,41.569716],[-81.29588,41.56995],[-81.294669,41.640889],[-81.101422,41.641457],[-81.102258,41.714307],[-81.002929,41.714887],[-81.003126,41.501478],[-81.003191,41.347859],[-81.391694,41.348272],[-81.391764,41.424269]]]}},{"type":"Feature","properties":{"fips":"20055","name":"Finney","state":"KS"},"geometry":{"type":"Polygon","coordinates":[[[-101.103268,38.264557],[-100.684699,38.264137],[-100.244393,38.26229],[-100.227137,38.262237],[-100.22661,38.001015],[-100.664166,38.00253],[-100.652251,37.736275],[-101.089667,37.736337],[-101.103778,37.829035],[-101.103268,38.264557]]]}},{"type":"Feature","properties":{"fips":"31047","name":"Dawson","state":"NE"},"geometry":{"type":"Polygon","coordinates":[[[-100.224235,41.046597],[-99.425986,41.046471],[-99.426353,40.699772],[-99.417316,40.670825],[-99.444401,40.677892],[-99.643462,40.684911],[-99.699269,40.699969],[-99.981743,40.700003],[-100.223311,40.700254],[-100.224235,41.046597]]]}},{"type":"Feature","properties":{"fips":"55091","name":"Pepin","state":"WI"},"geometry":{"type":"Polygon","coordinates":[[[-92.3169331334058,44.5392760122027],[-92.1353,44.53958],[-92.135202,44.684374],[-91.650361,44.683633],[-91.650248,44.596649],[-92.022788,44.590519],[-92.0845285804928,44.404614314801],[-92.111085,44.413948],[-92.232472,44.445434],[-92.2453646490054,44.4542511243518],[-92.291005,44.485464],[-92.314071,44.538014],[-92.3169331334058,44.5392760122027]]]}},{"type":"Feature","properties":{"fips":"17151","name":"Pope","state":"IL"},"geometry":{"type":"Polygon","coordinates":[[[-88.708546,37.599059],[-88.412697,37.599625],[-88.4161335687515,37.4212865145119],[-88.418594,37.421987],[-88.465861,37.400547],[-88.486947,37.339596],[-88.514661,37.290948],[-88.471753,37.220155],[-88.424776,37.149901],[-88.444605,37.098601],[-88.476127,37.068223],[-88.48380327698,37.0680802698954],[-88.4904810043425,37.0679561064856],[-88.49033,37.159462],[-88.710738,37.337081],[-88.708546,37.599059]]]}},{"type":"Feature","properties":{"fips":"18143","name":"Scott","state":"IN"},"geometry":{"type":"Polygon","coordinates":[[[-85.888334,38.734443],[-85.880674,38.725049],[-85.795357,38.807508],[-85.733191,38.831812],[-85.683839,38.815406],[-85.683338,38.736731],[-85.57093,38.678706],[-85.56998,38.606155],[-85.793584,38.604814],[-85.847893,38.561269],[-85.860996,38.575907],[-85.885643,38.575412],[-85.888334,38.734443]]]}},{"type":"Feature","properties":{"fips":"55043","name":"Grant","state":"WI"},"geometry":{"type":"Polygon","coordinates":[[[-91.1590843059475,42.9874777913228],[-91.062211,42.992552],[-90.940087,43.061882],[-90.845746,43.077625],[-90.666786,43.171777],[-90.545408,43.211455],[-90.429825,43.20094],[-90.426902,42.812862],[-90.4263769607361,42.5071777352237],[-90.437011,42.507147],[-90.642843,42.508481],[-90.672727,42.576599],[-90.700856,42.626445],[-90.743677,42.64556],[-90.852497,42.664822],[-90.8969620271584,42.6743180564343],[-90.941567,42.683844],[-91.017239,42.719566],[-91.070716,42.775502],[-91.09882,42.864421],[-91.138,42.903772],[-91.155519,42.975774],[-91.1590843059475,42.9874777913228]]]}},{"type":"Feature","properties":{"fips":"55111","name":"Sauk","state":"WI"},"geometry":{"type":"Polygon","coordinates":[[[-90.312404,43.640988],[-90.072392,43.641729],[-89.785809,43.641049],[-89.732238,43.571826],[-89.599357,43.558041],[-89.60073,43.380666],[-89.677613,43.361197],[-89.720463,43.293084],[-89.731738,43.252203],[-89.838135,43.206057],[-90.000123,43.194624],[-90.05866,43.145291],[-90.193814,43.164464],[-90.191781,43.467383],[-90.191964,43.554996],[-90.311069,43.553991],[-90.312404,43.640988]]]}},{"type":"Feature","properties":{"fips":"31183","name":"Wheeler","state":"NE"},"geometry":{"type":"Polygon","coordinates":[[[-98.761155,42.088518],[-98.300592,42.088853],[-98.295421,42.070495],[-98.295602,41.914954],[-98.29576,41.741178],[-98.752225,41.740372],[-98.759133,41.740382],[-98.761155,42.088518]]]}},{"type":"Feature","properties":{"fips":"55101","name":"Racine","state":"WI"},"geometry":{"type":"Polygon","coordinates":[[[-88.306384,42.842095],[-88.069924,42.843323],[-87.821162938034,42.8422735467354],[-87.766675,42.784896],[-87.785074,42.700819],[-87.8020150551096,42.6683110611767],[-88.188306,42.669709],[-88.188173,42.611456],[-88.305891,42.610817],[-88.307945,42.761553],[-88.306384,42.842095]]]}},{"type":"Feature","properties":{"fips":"20025","name":"Clark","state":"KS"},"geometry":{"type":"Polygon","coordinates":[[[-100.107248,37.474836],[-99.556119,37.467722],[-99.555495,37.391588],[-99.543189,37.381124],[-99.5411149123609,36.9999096445655],[-99.657658,37.000197],[-99.995201,37.001631],[-100.002571514322,37.001619153912],[-100.089481743903,37.0014794694635],[-100.091529,37.386892],[-100.107248,37.474836]]]}},{"type":"Feature","properties":{"fips":"55069","name":"Lincoln","state":"WI"},"geometry":{"type":"Polygon","coordinates":[[[-90.042273,45.381866],[-90.043414,45.555082],[-89.428258,45.555353],[-89.424824,45.467166],[-89.425971,45.119098],[-90.043685,45.120214],[-90.042273,45.381866]]]}},{"type":"Feature","properties":{"fips":"19113","name":"Linn","state":"IA"},"geometry":{"type":"Polygon","coordinates":[[[-91.831089,42.299063],[-91.596981,42.296408],[-91.363263,42.296445],[-91.365877,41.94741],[-91.366221,41.860069],[-91.831379,41.861851],[-91.831089,42.299063]]]}},{"type":"Feature","properties":{"fips":"39153","name":"Summit","state":"OH"},"geometry":{"type":"Polygon","coordinates":[[[-81.68495,41.277146],[-81.565139,41.277758],[-81.598052,41.351157],[-81.391694,41.348272],[-81.393056,41.060666],[-81.393249,40.988531],[-81.420363,40.906502],[-81.647735,40.914016],[-81.647689,40.988563],[-81.688491,40.98859],[-81.68495,41.277146]]]}},{"type":"Feature","properties":{"fips":"20159","name":"Rice","state":"KS"},"geometry":{"type":"Polygon","coordinates":[[[-98.480377,38.521841],[-97.924269,38.522755],[-97.922136,38.173713],[-98.215924,38.15875],[-98.216032,38.173498],[-98.472794,38.172757],[-98.472455,38.238647],[-98.479841,38.26079],[-98.480377,38.521841]]]}},{"type":"Feature","properties":{"fips":"27031","name":"Cook","state":"MN"},"geometry":{"type":"Polygon","coordinates":[[[-91.0326551809553,48.1905357779605],[-90.906829,48.237339],[-90.843624,48.243576],[-90.804207,48.177833],[-90.775962,48.122229],[-90.703702,48.096009],[-90.566113,48.12262],[-90.471019,48.106076],[-90.31723,48.103793],[-90.136191,48.112136],[-90.029626,48.087588],[-89.973433,48.02035],[-89.868153,47.989898],[-89.749314,48.023325],[-89.625087,48.011517],[-89.489226,48.014528],[-89.555015,47.974849],[-89.660616,47.951216],[-89.737539,47.918183],[-89.793539,47.891358],[-89.923649,47.862062],[-89.974296,47.830514],[-90.072025,47.811105],[-90.187636,47.77813],[-90.323446,47.753771],[-90.42139,47.73515],[-90.537105,47.703055],[-90.647837,47.656176],[-90.735927,47.624343],[-90.86827,47.5569],[-91.023124,47.464964],[-91.020737,47.887995],[-91.0326551809553,48.1905357779605]]]}},{"type":"Feature","properties":{"fips":"19135","name":"Monroe","state":"IA"},"geometry":{"type":"Polygon","coordinates":[[[-93.099217,41.160867],[-92.869771,41.161066],[-92.640376,41.161402],[-92.639091,40.898886],[-93.097595,40.898451],[-93.099217,41.160867]]]}},{"type":"Feature","properties":{"fips":"31035","name":"Clay","state":"NE"},"geometry":{"type":"Polygon","coordinates":[[[-98.278103,40.698291],[-97.825723,40.698555],[-97.82478,40.698537],[-97.824114,40.350541],[-98.273571,40.350359],[-98.27809,40.350347],[-98.278103,40.698291]]]}},{"type":"Feature","properties":{"fips":"20047","name":"Edwards","state":"KS"},"geometry":{"type":"Polygon","coordinates":[[[-99.569879,37.913016],[-99.569533,38.087372],[-99.350359,38.087594],[-99.350289,38.000745],[-99.022136,38.000236],[-99.022547,37.839899],[-99.013318,37.825336],[-99.01355,37.73297],[-99.55958,37.734888],[-99.570576,37.825634],[-99.569879,37.913016]]]}},{"type":"Feature","properties":{"fips":"31009","name":"Blaine","state":"NE"},"geometry":{"type":"Polygon","coordinates":[[[-100.267622,42.086147],[-100.167605,42.085848],[-99.686959,42.086075],[-99.686834,41.740326],[-100.251224,41.739817],[-100.265474,41.739856],[-100.267622,42.086147]]]}},{"type":"Feature","properties":{"fips":"27045","name":"Fillmore","state":"MN"},"geometry":{"type":"Polygon","coordinates":[[[-92.448965,43.834105],[-92.424336,43.848258],[-92.079141,43.847126],[-91.730424,43.846935],[-91.7302169978377,43.5006857009461],[-91.824848,43.500684],[-92.0798019931283,43.5007048851766],[-92.178863,43.500713],[-92.4489479514378,43.5004149885627],[-92.448965,43.834105]]]}},{"type":"Feature","properties":{"fips":"31099","name":"Kearney","state":"NE"},"geometry":{"type":"Polygon","coordinates":[[[-99.179248,40.660541],[-98.906096,40.652722],[-98.724387,40.689772],[-98.723948,40.350391],[-98.726827,40.350398],[-99.179403,40.350681],[-99.179248,40.660541]]]}},{"type":"Feature","properties":{"fips":"17061","name":"Greene","state":"IL"},"geometry":{"type":"Polygon","coordinates":[[[-90.61454,39.14229],[-90.59123,39.198624],[-90.613775,39.395416],[-90.610502,39.457447],[-90.581055,39.521728],[-90.301831,39.520344],[-90.153782,39.520315],[-90.148121,39.261947],[-90.31393,39.225128],[-90.313289,39.174289],[-90.580587,39.184895],[-90.603569,39.117592],[-90.61454,39.14229]]]}},{"type":"Feature","properties":{"fips":"31105","name":"Kimball","state":"NE"},"geometry":{"type":"Polygon","coordinates":[[[-104.053142,41.114457],[-104.052453,41.278202],[-104.052287134121,41.3932140001934],[-103.37762,41.394633],[-103.375691,41.047623],[-103.38249165189,41.001926146621],[-103.573774006195,41.0017217990841],[-103.574522,41.001721],[-104.053249,41.001406],[-104.053142,41.114457]]]}},{"type":"Feature","properties":{"fips":"20191","name":"Sumner","state":"KS"},"geometry":{"type":"Polygon","coordinates":[[[-97.8076,37.474184],[-97.153331,37.475544],[-97.1477209669227,36.9989723356215],[-97.384925,36.998843],[-97.4623460298641,36.9988242387969],[-97.768704,36.99875],[-97.8023129703503,36.998698609394],[-97.804337,37.366069],[-97.807057,37.386293],[-97.8076,37.474184]]]}},{"type":"Feature","properties":{"fips":"31153","name":"Sarpy","state":"NE"},"geometry":{"type":"Polygon","coordinates":[[[-96.327399,41.189999],[-96.174312,41.190645],[-95.9099128702696,41.1914208374192],[-95.90969,41.184398],[-95.856788,41.187098],[-95.8618980682094,41.1603023482127],[-95.868688,41.124698],[-95.863839,41.083507],[-95.8647847640853,41.0528455046135],[-95.978778,41.053362],[-96.005191,41.060624],[-96.056256,41.065356],[-96.218939,40.994308],[-96.319191,41.044998],[-96.339805,41.082502],[-96.327399,41.189999]]]}},{"type":"Feature","properties":{"fips":"29151","name":"Osage","state":"MO"},"geometry":{"type":"Polygon","coordinates":[[[-92.194476,38.335536],[-92.114977,38.401937],[-92.167357,38.469687],[-92.043489,38.466479],[-92.008983,38.5709],[-91.854867,38.670336],[-91.647171,38.703396],[-91.640372,38.703792],[-91.644729,38.28851],[-92.195675,38.292237],[-92.194476,38.335536]]]}},{"type":"Feature","properties":{"fips":"27105","name":"Nobles","state":"MN"},"geometry":{"type":"Polygon","coordinates":[[[-96.05232,43.84907],[-95.462427,43.847911],[-95.452502,43.847953],[-95.4544322386606,43.50032208525],[-95.486803,43.500246],[-95.834421,43.499966],[-95.8609462015723,43.4999928849056],[-96.05316283451,43.5001877081575],[-96.05232,43.84907]]]}},{"type":"Feature","properties":{"fips":"38103","name":"Wells","state":"ND"},"geometry":{"type":"Polygon","coordinates":[[[-100.069311,47.847431],[-99.812167,47.847257],[-99.297202,47.846834],[-99.297318,47.673004],[-99.265798,47.5876],[-99.266215,47.326999],[-99.481095,47.327027],[-100.033292,47.327165],[-100.032807,47.673669],[-100.069311,47.847431]]]}},{"type":"Feature","properties":{"fips":"26117","name":"Montcalm","state":"MI"},"geometry":{"type":"Polygon","coordinates":[[[-85.562348,43.46813],[-85.084996,43.46619],[-84.845962,43.466158],[-84.836889,43.118851],[-85.312513,43.118793],[-85.312376,43.294205],[-85.562538,43.294271],[-85.562348,43.46813]]]}},{"type":"Feature","properties":{"fips":"17183","name":"Vermilion","state":"IL"},"geometry":{"type":"Polygon","coordinates":[[[-87.942103,40.225482],[-87.928827,40.233533],[-87.929992,40.313376],[-87.932387,40.3994],[-87.935309,40.485923],[-87.5268757732538,40.4912244096904],[-87.5270652633992,40.4768822924615],[-87.530054,40.250671],[-87.531021612428,40.1480353967457],[-87.5318629009431,40.0587990953503],[-87.532308,40.011587],[-87.5324544938843,39.8829991187823],[-87.557533,39.868784],[-87.615161,39.881579],[-87.937645,39.879803],[-87.939632,40.083616],[-87.942103,40.225482]]]}},{"type":"Feature","properties":{"fips":"17023","name":"Clark","state":"IL"},"geometry":{"type":"Polygon","coordinates":[[[-88.013944,39.48079],[-87.960179,39.481309],[-87.687622,39.487363],[-87.5316666819743,39.4771109927429],[-87.531624,39.469378],[-87.531646,39.347888],[-87.578331,39.340343],[-87.600397,39.312904],[-87.594745845406,39.259383616483],[-87.593486,39.247452],[-87.577029,39.211123],[-87.640435,39.166727],[-87.6383674685664,39.1578118692748],[-87.656919,39.172179],[-87.950385,39.174882],[-88.007766,39.173925],[-88.012121,39.378968],[-88.013944,39.48079]]]}},{"type":"Feature","properties":{"fips":"19081","name":"Hancock","state":"IA"},"geometry":{"type":"Polygon","coordinates":[[[-93.970415,43.255358],[-93.497635,43.255468],[-93.498617,42.908512],[-93.971238,42.907762],[-93.970415,43.255358]]]}},{"type":"Feature","properties":{"fips":"39125","name":"Paulding","state":"OH"},"geometry":{"type":"Polygon","coordinates":[[[-84.8036449822555,41.2525616835482],[-84.457217,41.253485],[-84.457059,41.209434],[-84.341601,41.20903],[-84.341602,41.165524],[-84.341911,40.990692],[-84.399486,40.990315],[-84.8028596219514,40.9893740520086],[-84.803234,41.121414],[-84.8036449822555,41.2525616835482]]]}},{"type":"Feature","properties":{"fips":"55095","name":"Polk","state":"WI"},"geometry":{"type":"Polygon","coordinates":[[[-92.886697124409,45.644148],[-92.529107,45.642076],[-92.528198,45.72868],[-92.154443,45.725616],[-92.154888,45.639742],[-92.156465,45.209554],[-92.7660914086737,45.2100217024227],[-92.761868,45.284938],[-92.7482676746859,45.2960593865098],[-92.698967,45.336374],[-92.658486,45.396058],[-92.646768,45.437929],[-92.686793,45.472271],[-92.728023,45.525652],[-92.756906,45.557499],[-92.801503,45.562854],[-92.881136,45.573409],[-92.887929,45.639006],[-92.886697124409,45.644148]]]}},{"type":"Feature","properties":{"fips":"20073","name":"Greenwood","state":"KS"},"geometry":{"type":"Polygon","coordinates":[[[-96.522782,38.08637],[-96.358099,38.085817],[-96.357277,38.17266],[-95.958862,38.170939],[-95.959046,38.040195],[-95.960876,37.734304],[-95.961002,37.603761],[-96.5253,37.607015],[-96.522782,38.08637]]]}},{"type":"Feature","properties":{"fips":"55085","name":"Oneida","state":"WI"},"geometry":{"type":"Polygon","coordinates":[[[-90.042857,45.897263],[-89.300473,45.901463],[-89.300943,45.860689],[-89.175245,45.856579],[-89.17785,45.899312],[-89.047601,45.895355],[-89.04649,45.464439],[-89.364049,45.469886],[-89.424824,45.467166],[-89.428258,45.555353],[-90.043414,45.555082],[-90.042857,45.897263]]]}},{"type":"Feature","properties":{"fips":"38065","name":"Oliver","state":"ND"},"geometry":{"type":"Polygon","coordinates":[[[-101.764647,47.241518],[-101.257633,47.241343],[-101.257031,47.264895],[-101.034623,47.286393],[-100.977629,47.249992],[-100.96544,47.157134],[-100.880487,47.019413],[-100.935983,46.98284],[-101.764392,46.981306],[-101.764647,47.241518]]]}},{"type":"Feature","properties":{"fips":"18165","name":"Vermillion","state":"IN"},"geometry":{"type":"Polygon","coordinates":[[[-87.5324544938843,39.8829991187823],[-87.532308,40.011587],[-87.5318629009431,40.0587990953503],[-87.531021612428,40.1480353967457],[-87.49041,40.127406],[-87.406667,40.127508],[-87.440179,39.961176],[-87.420221,39.952452],[-87.353863,39.862077],[-87.395982,39.652866],[-87.382418,39.607937],[-87.532385282791,39.6073049442215],[-87.532703,39.664868],[-87.5324544938843,39.8829991187823]]]}},{"type":"Feature","properties":{"fips":"20199","name":"Wallace","state":"KS"},"geometry":{"type":"Polygon","coordinates":[[[-102.047200721701,39.1331467095112],[-101.478195,39.134761],[-101.484383,38.700166],[-101.567094,38.699669],[-102.045712903087,38.6975657700785],[-102.046571,39.047038],[-102.047200721701,39.1331467095112]]]}},{"type":"Feature","properties":{"fips":"38019","name":"Cavalier","state":"ND"},"geometry":{"type":"Polygon","coordinates":[[[-98.9998170456132,48.9999862727847],[-98.869037,49.000205],[-97.9500120193004,49.000515184076],[-97.94945,48.717693],[-97.927069,48.543124],[-98.318036,48.543773],[-98.970392,48.544232],[-98.970368,48.718089],[-98.99989,48.718129],[-98.9998170456132,48.9999862727847]]]}},{"type":"Feature","properties":{"fips":"19165","name":"Shelby","state":"IA"},"geometry":{"type":"Polygon","coordinates":[[[-95.557277,41.863449],[-95.092861,41.863374],[-95.09252,41.602055],[-95.040748,41.602152],[-95.04077,41.50469],[-95.154722,41.505211],[-95.497997,41.506074],[-95.497793,41.602333],[-95.558143,41.602383],[-95.557277,41.863449]]]}},{"type":"Feature","properties":{"fips":"27095","name":"Mille Lacs","state":"MN"},"geometry":{"type":"Polygon","coordinates":[[[-93.810757,46.232595],[-93.796281,46.243199],[-93.430648,46.246412],[-93.431835,46.153881],[-93.432491,45.981464],[-93.518083,45.981721],[-93.513683,45.734318],[-93.510704,45.558772],[-93.75945,45.559618],[-93.763948,45.822143],[-93.810321,45.98308],[-93.810362,46.156585],[-93.810757,46.232595]]]}},{"type":"Feature","properties":{"fips":"18125","name":"Pike","state":"IN"},"geometry":{"type":"Polygon","coordinates":[[[-87.462892,38.533519],[-87.351833,38.542247],[-87.288884,38.51156],[-87.242097,38.54493],[-87.10636,38.537234],[-87.072369,38.5147],[-87.073067,38.232596],[-87.298388,38.231671],[-87.316893,38.246077],[-87.316219,38.381474],[-87.407583,38.375501],[-87.462486,38.46561],[-87.462892,38.533519]]]}},{"type":"Feature","properties":{"fips":"38009","name":"Bottineau","state":"ND"},"geometry":{"type":"Polygon","coordinates":[[[-101.496550279613,48.9991448003959],[-101.125434,48.999078],[-100.431676,48.999398],[-100.182606092555,48.9992301566536],[-100.183034,48.718909],[-100.145494,48.718875],[-100.145858,48.545211],[-100.276619,48.544813],[-100.406513,48.544627],[-100.40678,48.631878],[-101.059624,48.632361],[-101.059663,48.545419],[-101.451275,48.546079],[-101.496684,48.720078],[-101.496550279613,48.9991448003959]]]}},{"type":"Feature","properties":{"fips":"17003","name":"Alexander","state":"IL"},"geometry":{"type":"Polygon","coordinates":[[[-89.49516,37.324795],[-89.4744347243599,37.334500215676],[-89.248566,37.335298],[-89.261779,37.105742],[-89.1666202120197,37.0721103437999],[-89.128899,37.017908],[-89.132915,36.982057],[-89.195039,36.989768],[-89.257608,37.015496],[-89.3081469138122,37.0289484973829],[-89.359456,37.042606],[-89.384175,37.103267],[-89.456105,37.18812],[-89.470525,37.253357],[-89.482889284644,37.2609507184141],[-89.517032,37.28192],[-89.49516,37.324795]]]}},{"type":"Feature","properties":{"fips":"17053","name":"Ford","state":"IL"},"geometry":{"type":"Polygon","coordinates":[[[-88.45926,40.530039],[-88.459475,40.617345],[-88.23495,40.618208],[-88.2473,40.99456],[-88.131935,40.997777],[-88.1179,40.487856],[-87.935309,40.485923],[-87.932387,40.3994],[-88.346987,40.398417],[-88.459957,40.39885],[-88.45926,40.530039]]]}},{"type":"Feature","properties":{"fips":"18059","name":"Hancock","state":"IN"},"geometry":{"type":"Polygon","coordinates":[[[-85.954013,39.869646],[-85.937587,39.927137],[-85.862489,39.943618],[-85.576192,39.945756],[-85.596678,39.872926],[-85.596916,39.786519],[-85.633491,39.786177],[-85.633228,39.698462],[-85.951721,39.697136],[-85.951699,39.726419],[-85.954013,39.869646]]]}},{"type":"Feature","properties":{"fips":"20127","name":"Morris","state":"KS"},"geometry":{"type":"Polygon","coordinates":[[[-96.930286,38.609362],[-96.927234,38.81216],[-96.890245,38.870067],[-96.501556,38.869704],[-96.501397,38.826188],[-96.390398,38.825858],[-96.389749,38.738984],[-96.352613,38.739021],[-96.35378,38.521657],[-96.819509,38.522449],[-96.929969,38.522412],[-96.930286,38.609362]]]}},{"type":"Feature","properties":{"fips":"39175","name":"Wyandot","state":"OH"},"geometry":{"type":"Polygon","coordinates":[[[-83.514728,40.905115],[-83.45785,40.991671],[-83.420319,40.991889],[-83.112737,40.993447],[-83.11136,40.702915],[-83.304687,40.702006],[-83.310556,40.687109],[-83.419836,40.686823],[-83.495798,40.701515],[-83.496296,40.81794],[-83.515883,40.818134],[-83.514728,40.905115]]]}},{"type":"Feature","properties":{"fips":"39099","name":"Mahoning","state":"OH"},"geometry":{"type":"Polygon","coordinates":[[[-81.086312,40.988031],[-81.002015,40.987785],[-81.002479,41.134187],[-80.5191972048065,41.1332184995725],[-80.5192220860809,41.1250935667958],[-80.519891,40.906661],[-80.5198697076862,40.9003239342489],[-80.821923,40.900935],[-80.895813,40.930187],[-81.086679,40.901609],[-81.086312,40.988031]]]}},{"type":"Feature","properties":{"fips":"17097","name":"Lake","state":"IL"},"geometry":{"type":"Polygon","coordinates":[[[-88.199378,42.202966],[-88.198494,42.241561],[-88.19855,42.284586],[-88.198488,42.343153],[-88.198454,42.357962],[-88.1993830245505,42.4957546124404],[-87.800477,42.49192],[-87.80337,42.420621],[-87.820858,42.361584],[-87.834769,42.301522],[-87.833377771567,42.2977737051545],[-87.8006461090443,42.209586949469],[-87.800066,42.208024],[-87.7592491186898,42.1522561642711],[-87.961974,42.153546],[-87.968951,42.153589],[-87.981571,42.153621],[-87.984994,42.153626],[-88.004466,42.153645],[-88.062827,42.153855],[-88.199584,42.15426],[-88.199378,42.202966]]]}},{"type":"Feature","properties":{"fips":"17105","name":"Livingston","state":"IL"},"geometry":{"type":"Polygon","coordinates":[[[-88.930881,41.1059],[-88.58624,41.108293],[-88.58461,41.10831],[-88.251501,41.114218],[-88.2473,40.99456],[-88.23495,40.618208],[-88.459475,40.617345],[-88.574502,40.61655],[-88.58215,40.670604],[-88.584272,40.757608],[-88.929331,40.753337],[-88.93139,40.92774],[-88.930881,41.1059]]]}},{"type":"Feature","properties":{"fips":"18109","name":"Morgan","state":"IN"},"geometry":{"type":"Polygon","coordinates":[[[-86.648319,39.565874],[-86.65665,39.601395],[-86.465605,39.600769],[-86.326341,39.632177],[-86.249885,39.633645],[-86.251684,39.341672],[-86.381395,39.339752],[-86.609912,39.340205],[-86.630818,39.346948],[-86.632206,39.470214],[-86.68571,39.470063],[-86.648319,39.565874]]]}},{"type":"Feature","properties":{"fips":"20075","name":"Hamilton","state":"KS"},"geometry":{"type":"Polygon","coordinates":[[[-102.044634270291,38.2624115677495],[-101.567482,38.263145],[-101.542312,38.263207],[-101.542757,37.827594],[-101.527063,37.736314],[-102.041965658628,37.7385405736382],[-102.044255,38.113011],[-102.044634270291,38.2624115677495]]]}},{"type":"Feature","properties":{"fips":"26121","name":"Muskegon","state":"MI"},"geometry":{"type":"Polygon","coordinates":[[[-86.4635168866811,43.4723296995067],[-86.039491,43.467447],[-86.038953,43.293519],[-85.790448,43.293003],[-85.790662,43.205167],[-85.908388,43.20592],[-85.907435,43.118911],[-86.2739282786714,43.1183679687078],[-86.316259,43.195114],[-86.3480562518982,43.2448802601045],[-86.407832,43.338436],[-86.448743,43.432013],[-86.4635168866811,43.4723296995067]]]}},{"type":"Feature","properties":{"fips":"39117","name":"Morrow","state":"OH"},"geometry":{"type":"Polygon","coordinates":[[[-82.958401,40.490664],[-82.957817,40.645148],[-82.859753,40.646395],[-82.858302,40.705019],[-82.838905,40.7126],[-82.727164,40.711203],[-82.627767,40.709352],[-82.644977,40.666425],[-82.623609,40.549879],[-82.646503,40.345076],[-82.744931,40.349603],[-82.929588,40.358123],[-82.924781,40.415004],[-83.020798,40.433795],[-82.958401,40.490664]]]}},{"type":"Feature","properties":{"fips":"17133","name":"Monroe","state":"IL"},"geometry":{"type":"Polygon","coordinates":[[[-90.372519,38.323354],[-90.349743,38.377609],[-90.3410952558139,38.3862448217446],[-90.288815,38.438453],[-90.271314,38.496052],[-90.2610973860555,38.518263021789],[-90.219031,38.484994],[-90.036113,38.323377],[-89.901248,38.287548],[-89.899043,38.220755],[-90.036316,38.223246],[-90.035867,38.135736],[-90.2038911808417,38.0873651230282],[-90.218708,38.094365],[-90.252484,38.127571],[-90.2527463239757,38.1277738262293],[-90.322353,38.181593],[-90.363926,38.236355],[-90.372519,38.323354]]]}},{"type":"Feature","properties":{"fips":"39161","name":"Van Wert","state":"OH"},"geometry":{"type":"Polygon","coordinates":[[[-84.8028596219514,40.9893740520086],[-84.399486,40.990315],[-84.398407,40.903265],[-84.340531,40.859099],[-84.397374,40.815941],[-84.396778,40.684926],[-84.45618,40.684862],[-84.456172,40.728306],[-84.8021190322638,40.7281459368726],[-84.802119,40.728163],[-84.8026702061534,40.922568713921],[-84.8028596219514,40.9893740520086]]]}},{"type":"Feature","properties":{"fips":"29149","name":"Oregon","state":"MO"},"geometry":{"type":"Polygon","coordinates":[[[-91.674237,36.787832],[-91.658111,36.888724],[-91.22283,36.883857],[-91.224825,36.825679],[-91.115926,36.823672],[-91.1265376607175,36.4977977039745],[-91.404915,36.49712],[-91.4068712895641,36.4971382315405],[-91.450023110521,36.4975403827277],[-91.64259,36.499335],[-91.6723336435146,36.4992566570116],[-91.674237,36.787832]]]}},{"type":"Feature","properties":{"fips":"29053","name":"Cooper","state":"MO"},"geometry":{"type":"Polygon","coordinates":[[[-93.050453,38.928244],[-93.048471,38.972418],[-92.934569,39.064547],[-92.852628,38.982183],[-92.558086,38.970692],[-92.498377,38.922084],[-92.617147,38.680013],[-92.839837,38.683974],[-93.059974,38.693077],[-93.050453,38.928244]]]}},{"type":"Feature","properties":{"fips":"46119","name":"Sully","state":"SD"},"geometry":{"type":"Polygon","coordinates":[[[-100.676387,44.823162],[-100.609036,44.769428],[-100.529636,44.766301],[-100.418682,44.843366],[-100.404753,44.897695],[-99.674252,44.897503],[-99.676398,44.548111],[-100.526498,44.547422],[-100.620897,44.566698],[-100.613805,44.707135],[-100.717644,44.77093],[-100.676387,44.823162]]]}},{"type":"Feature","properties":{"fips":"29091","name":"Howell","state":"MO"},"geometry":{"type":"Polygon","coordinates":[[[-92.112346,36.794231],[-92.095841,36.798439],[-92.088708,37.056248],[-91.655607,37.048925],[-91.658111,36.888724],[-91.674237,36.787832],[-91.6723336435146,36.4992566570116],[-91.985802,36.498431],[-92.120391964917,36.4981931896223],[-92.112346,36.794231]]]}},{"type":"Feature","properties":{"fips":"29183","name":"St. Charles","state":"MO"},"geometry":{"type":"Polygon","coordinates":[[[-90.96104,38.81622],[-90.961,38.81635],[-90.958536,38.870865],[-90.707249,38.902722],[-90.6615829068768,38.9347033077532],[-90.657254,38.92027],[-90.595354,38.87505],[-90.555693,38.870785],[-90.500117,38.910408],[-90.467784,38.961809],[-90.4509699408919,38.9613950033245],[-90.395816,38.960037],[-90.298711,38.923395],[-90.2764739288339,38.9193183391288],[-90.230336,38.91086],[-90.1912067304162,38.8902755743579],[-90.113327,38.849306],[-90.117707,38.805748],[-90.32134,38.891579],[-90.373697,38.822291],[-90.436059,38.828454],[-90.482455,38.764013],[-90.545806,38.684129],[-90.662613,38.687074],[-90.681677,38.664289],[-90.733059,38.639295],[-90.773622,38.594617],[-90.916554,38.534725],[-90.964469,38.547241],[-90.96104,38.81622]]]}},{"type":"Feature","properties":{"fips":"39151","name":"Stark","state":"OH"},"geometry":{"type":"Polygon","coordinates":[[[-81.648921,40.667771],[-81.648417,40.737122],[-81.647735,40.914016],[-81.420363,40.906502],[-81.393249,40.988531],[-81.344909,40.988657],[-81.299767,40.988511],[-81.086312,40.988031],[-81.086679,40.901609],[-81.087289,40.727816],[-81.198737,40.729147],[-81.24125,40.650534],[-81.317739,40.651579],[-81.45905,40.666953],[-81.508912,40.650415],[-81.64911,40.634525],[-81.648921,40.667771]]]}},{"type":"Feature","properties":{"fips":"20077","name":"Harper","state":"KS"},"geometry":{"type":"Polygon","coordinates":[[[-98.349804,37.384056],[-97.807057,37.386293],[-97.804337,37.366069],[-97.8023129703503,36.998698609394],[-98.045342,36.998327],[-98.1119851837458,36.9982479946353],[-98.3471487797447,36.9979692086496],[-98.349804,37.384056]]]}},{"type":"Feature","properties":{"fips":"17153","name":"Pulaski","state":"IL"},"geometry":{"type":"Polygon","coordinates":[[[-89.248566,37.335298],[-89.044799,37.329717],[-89.044691,37.293933],[-88.928757,37.302848],[-88.9278935494308,37.226353966835],[-88.931745,37.227593],[-88.9335100599741,37.2275116098343],[-89.000968,37.224401],[-89.058036,37.188767],[-89.099047,37.140967],[-89.168087,37.074218],[-89.1666202120197,37.0721103437999],[-89.261779,37.105742],[-89.248566,37.335298]]]}},{"type":"Feature","properties":{"fips":"27059","name":"Isanti","state":"MN"},"geometry":{"type":"Polygon","coordinates":[[[-93.513683,45.734318],[-93.141793,45.730657],[-93.141974,45.558109],[-93.022274,45.557154],[-93.019563,45.41177],[-93.51007,45.414798],[-93.510704,45.558772],[-93.513683,45.734318]]]}},{"type":"Feature","properties":{"fips":"29221","name":"Washington","state":"MO"},"geometry":{"type":"Polygon","coordinates":[[[-91.095765,38.204083],[-90.780185,38.204112],[-90.684776,38.08627],[-90.63998,38.076548],[-90.645135,37.734813],[-91.100017,37.740012],[-91.095765,38.204083]]]}},{"type":"Feature","properties":{"fips":"38105","name":"Williams","state":"ND"},"geometry":{"type":"Polygon","coordinates":[[[-104.048087180484,48.6339103786847],[-102.885775,48.633298],[-102.885763,48.54639],[-102.885862,48.372702],[-102.828163,48.372641],[-102.828477,48.123664],[-103.107083,48.146494],[-103.20189,48.135208],[-103.252497,48.092974],[-103.234865,48.061923],[-103.485072,48.006725],[-103.584774,48.054124],[-103.548572,48.087724],[-103.597044,48.13441],[-103.742216,48.093403],[-103.709454,48.065462],[-103.784394,48.059491],[-103.800817,47.994269],[-103.856306,48.015072],[-103.919789,47.95595],[-104.044093106669,47.9960816799606],[-104.044093214262,47.9960981889019],[-104.045692,48.241415],[-104.046782142047,48.3892980643109],[-104.047555,48.49414],[-104.048087180484,48.6339103786847]]]}},{"type":"Feature","properties":{"fips":"31085","name":"Hayes","state":"NE"},"geometry":{"type":"Polygon","coordinates":[[[-101.345365,40.698093],[-101.247963,40.697802],[-100.777833,40.700135],[-100.777376,40.349466],[-101.323353,40.350553],[-101.342788,40.350444],[-101.345365,40.698093]]]}},{"type":"Feature","properties":{"fips":"19139","name":"Muscatine","state":"IA"},"geometry":{"type":"Polygon","coordinates":[[[-91.368521,41.423178],[-91.366448,41.598373],[-90.899853,41.597133],[-90.783812,41.596531],[-90.786282,41.452888],[-90.867282,41.448215],[-90.924343,41.42286],[-90.966662,41.430051],[-91.027787,41.423603],[-91.065058,41.369101],[-91.071552,41.339651],[-91.0740876236741,41.3343208019205],[-91.0744154980196,41.3336315690407],[-91.369332,41.336063],[-91.368521,41.423178]]]}},{"type":"Feature","properties":{"fips":"18103","name":"Miami","state":"IN"},"geometry":{"type":"Polygon","coordinates":[[[-86.168459,40.996097],[-85.946436,40.999195],[-85.939525,40.650991],[-85.864791,40.651693],[-85.863641,40.565525],[-86.165024,40.562649],[-86.169012,40.909836],[-86.168459,40.996097]]]}},{"type":"Feature","properties":{"fips":"31057","name":"Dundy","state":"NE"},"geometry":{"type":"Polygon","coordinates":[[[-102.051309,40.338381],[-102.051308551844,40.3492213568722],[-101.342788,40.350444],[-101.323353,40.350553],[-101.324036026572,40.0025650505849],[-101.411028987802,40.0025825695676],[-101.542273,40.002609],[-101.832161,40.002933],[-102.051744,40.003078],[-102.051309,40.338381]]]}},{"type":"Feature","properties":{"fips":"46051","name":"Grant","state":"SD"},"geometry":{"type":"Polygon","coordinates":[[[-97.226244,45.297647],[-97.007543,45.296866],[-96.992946,45.32688],[-96.4700776030493,45.3267996493923],[-96.457781,45.30761],[-96.457553498485,45.2688979287184],[-96.4558401136336,44.97734524828],[-96.882345,44.97687],[-96.883948,45.150224],[-97.226281,45.151826],[-97.226244,45.297647]]]}},{"type":"Feature","properties":{"fips":"46011","name":"Brookings","state":"SD"},"geometry":{"type":"Polygon","coordinates":[[[-97.128024,44.543126],[-96.885504,44.543773],[-96.4532913135987,44.543636801818],[-96.452213,44.360149],[-96.4524358245955,44.196801586665],[-96.4524358546695,44.1967795400951],[-96.889216,44.195705],[-97.129671,44.195933],[-97.128024,44.543126]]]}},{"type":"Feature","properties":{"fips":"46081","name":"Lawrence","state":"SD"},"geometry":{"type":"Polygon","coordinates":[[[-104.055695199261,44.5709903771422],[-103.820639,44.604777],[-103.567653,44.604098],[-103.574396,44.256077],[-103.453016,44.256609],[-103.452453,44.140772],[-104.055416190705,44.1410812067834],[-104.055406377827,44.1803828740957],[-104.055389,44.249983],[-104.055695199261,44.5709903771422]]]}},{"type":"Feature","properties":{"fips":"29007","name":"Audrain","state":"MO"},"geometry":{"type":"Polygon","coordinates":[[[-92.310028,39.347795],[-91.874651,39.337794],[-91.717968,39.339122],[-91.706049,39.324458],[-91.438235,39.318716],[-91.409033,39.142542],[-91.629598,39.147853],[-91.633998,39.059057],[-92.110387,39.064204],[-92.104374,39.239809],[-92.314471,39.246454],[-92.310028,39.347795]]]}},{"type":"Feature","properties":{"fips":"46009","name":"Bon Homme","state":"SD"},"geometry":{"type":"Polygon","coordinates":[[[-98.1525866548382,42.8411533810637],[-98.117047,42.869386],[-98.109534,43.087477],[-98.077108,43.16833],[-97.637496,43.16877],[-97.6354420904415,42.8518090751855],[-97.70103,42.843797],[-97.801344,42.858003],[-97.857957,42.865093],[-97.876887,42.852663],[-97.905001,42.798872],[-97.950147,42.769619],[-98.035034,42.764205],[-98.1047,42.808475],[-98.14806,42.840013],[-98.1525866548382,42.8411533810637]]]}},{"type":"Feature","properties":{"fips":"19103","name":"Johnson","state":"IA"},"geometry":{"type":"Polygon","coordinates":[[[-91.831379,41.861851],[-91.366221,41.860069],[-91.366448,41.598373],[-91.368521,41.423178],[-91.460384,41.42418],[-91.483995,41.423848],[-91.519828,41.51101],[-91.829231,41.511457],[-91.831379,41.861851]]]}},{"type":"Feature","properties":{"fips":"55071","name":"Manitowoc","state":"WI"},"geometry":{"type":"Polygon","coordinates":[[[-88.04324,44.241018],[-87.888087,44.240461],[-87.887526,44.327589],[-87.766026,44.327184],[-87.5433267854761,44.3275128561299],[-87.545382,44.321385],[-87.521755,44.259957],[-87.507419,44.210803],[-87.53994,44.15969],[-87.600882,44.131695],[-87.655183,44.081894],[-87.69892,43.965936],[-87.7285795423089,43.8922088874568],[-88.041794,43.891692],[-88.042138,43.979181],[-88.04324,44.241018]]]}},{"type":"Feature","properties":{"fips":"29165","name":"Platte","state":"MO"},"geometry":{"type":"Polygon","coordinates":[[[-95.091419402824,39.53325788521],[-94.601215,39.53017],[-94.600819,39.456155],[-94.600765,39.333149],[-94.6019379819211,39.1555032334638],[-94.623934,39.156603],[-94.680336,39.184303],[-94.741938,39.170203],[-94.7919946737433,39.2012602502402],[-94.799663,39.206018],[-94.825663,39.241729],[-94.857072,39.273825],[-94.908065,39.323663],[-94.888972,39.392432],[-94.946662,39.399717],[-94.9657474186335,39.4216817446564],[-94.982144,39.440552],[-95.049845,39.494415],[-95.091419402824,39.53325788521]]]}},{"type":"Feature","properties":{"fips":"55013","name":"Burnett","state":"WI"},"geometry":{"type":"Polygon","coordinates":[[[-92.869689,45.715142],[-92.8407421066255,45.7293967344697],[-92.826013,45.73665],[-92.776496,45.790014],[-92.759458,45.835341],[-92.721128,45.883805],[-92.656125,45.924442],[-92.580565,45.94625],[-92.545682,45.970118],[-92.472761,45.972952],[-92.44963,46.002252],[-92.392681,46.01954],[-92.35176,46.015685],[-92.338239,46.052149],[-92.294033,46.074377],[-92.2938306085787,46.157321306496],[-92.049636,46.157597],[-92.033404,45.98387],[-92.031417,45.639928],[-92.154888,45.639742],[-92.154443,45.725616],[-92.528198,45.72868],[-92.529107,45.642076],[-92.886697124409,45.644148],[-92.869689,45.715142]]]}},{"type":"Feature","properties":{"fips":"29197","name":"Schuyler","state":"MO"},"geometry":{"type":"Polygon","coordinates":[[[-92.686693,40.589809],[-92.6379032935995,40.5909565470979],[-92.453745,40.595288],[-92.3508041867264,40.5972572763761],[-92.349975,40.346505],[-92.684167,40.343466],[-92.70932,40.445893],[-92.683402,40.560937],[-92.714597263045,40.5895828338363],[-92.686693,40.589809]]]}},{"type":"Feature","properties":{"fips":"55133","name":"Waukesha","state":"WI"},"geometry":{"type":"Polygon","coordinates":[[[-88.535843,43.196048],[-88.417987,43.194697],[-88.063353,43.192117],[-88.066993,43.030885],[-88.06929,42.952374],[-88.069924,42.843323],[-88.306384,42.842095],[-88.42407,42.842587],[-88.541535,42.842996],[-88.535843,43.196048]]]}},{"type":"Feature","properties":{"fips":"20111","name":"Lyon","state":"KS"},"geometry":{"type":"Polygon","coordinates":[[[-96.35378,38.521657],[-96.352613,38.739021],[-95.945924,38.739112],[-95.949654,38.695385],[-95.950282,38.434105],[-95.949994,38.259706],[-95.95861,38.246302],[-95.958862,38.170939],[-96.357277,38.17266],[-96.35378,38.521657]]]}},{"type":"Feature","properties":{"fips":"31027","name":"Cedar","state":"NE"},"geometry":{"type":"Polygon","coordinates":[[[-97.484916876342,42.8500032148679],[-97.452177,42.846048],[-97.417066,42.865918],[-97.341181,42.855882],[-97.302075,42.86566],[-97.237868,42.853139],[-97.213957,42.820143],[-97.1650703923738,42.7916166414677],[-97.131331,42.771929],[-97.02485,42.76243],[-97.0156311127472,42.7565254624882],[-97.017789,42.351347],[-97.367724,42.351861],[-97.36759,42.438775],[-97.485298,42.438578],[-97.484916876342,42.8500032148679]]]}},{"type":"Feature","properties":{"fips":"29061","name":"Daviess","state":"MO"},"geometry":{"type":"Polygon","coordinates":[[[-94.216696,40.136626],[-93.764021,40.132909],[-93.761973,39.959552],[-93.758992,39.784674],[-94.205844,39.788954],[-94.203595,40.025048],[-94.2188,40.034885],[-94.216696,40.136626]]]}},{"type":"Feature","properties":{"fips":"18043","name":"Floyd","state":"IN"},"geometry":{"type":"Polygon","coordinates":[[[-86.032769,38.417897],[-85.99462,38.418345],[-85.807726,38.404313],[-85.76103,38.350349],[-85.794501505519,38.2779525587226],[-85.816164,38.282969],[-85.839664,38.23977],[-85.894764,38.188469],[-85.8959128763279,38.1799188193363],[-85.958023,38.185939],[-85.955199,38.25774],[-86.032557,38.330825],[-86.032769,38.417897]]]}},{"type":"Feature","properties":{"fips":"17125","name":"Mason","state":"IL"},"geometry":{"type":"Polygon","coordinates":[[[-90.354524,40.124217],[-90.206144,40.155789],[-90.199635,40.183812],[-90.118966,40.235263],[-90.03795,40.375041],[-89.92468,40.435921],[-89.717104,40.435655],[-89.714927,40.319218],[-89.602979,40.320129],[-89.601688,40.122378],[-89.638262,40.15487],[-89.749196,40.126852],[-89.969618,40.142358],[-89.99509,40.108908],[-90.194667,40.05377],[-90.285192,40.055369],[-90.354524,40.124217]]]}},{"type":"Feature","properties":{"fips":"31181","name":"Webster","state":"NE"},"geometry":{"type":"Polygon","coordinates":[[[-98.726827,40.350398],[-98.723948,40.350391],[-98.27809,40.350347],[-98.273571,40.350359],[-98.2740170597529,40.0023374507299],[-98.5044549836368,40.002379876736],[-98.613755,40.0024],[-98.726372963939,40.0023362731669],[-98.726827,40.350398]]]}},{"type":"Feature","properties":{"fips":"18175","name":"Washington","state":"IN"},"geometry":{"type":"Polygon","coordinates":[[[-86.310055,38.733116],[-86.275281,38.763795],[-86.091705,38.783399],[-85.909677,38.757112],[-85.888334,38.734443],[-85.885643,38.575412],[-85.860996,38.575907],[-85.847893,38.561269],[-85.884776,38.503469],[-85.993317,38.48854],[-85.99462,38.418345],[-86.032769,38.417897],[-86.255045,38.422685],[-86.308674,38.422875],[-86.308701,38.688101],[-86.310055,38.733116]]]}},{"type":"Feature","properties":{"fips":"27029","name":"Clearwater","state":"MN"},"geometry":{"type":"Polygon","coordinates":[[[-95.582889,48.02067],[-95.229108,48.020052],[-95.272454,47.959639],[-95.255142,47.88794],[-95.193483,47.8722],[-95.183216,47.412773],[-95.169633,47.325399],[-95.169172,47.152515],[-95.551186,47.151453],[-95.551384,47.482366],[-95.554248,47.499893],[-95.553392,47.67361],[-95.578839,47.673677],[-95.582155,47.933966],[-95.582889,48.02067]]]}},{"type":"Feature","properties":{"fips":"27007","name":"Beltrami","state":"MN"},"geometry":{"type":"Polygon","coordinates":[[[-95.602315,48.538887],[-95.34254,48.540211],[-95.211965,48.539938],[-95.210953,48.365971],[-94.428704,48.367441],[-94.425213,48.352036],[-94.418543,47.845816],[-94.416214,47.44486],[-94.416387,47.411829],[-94.670214,47.410151],[-95.183216,47.412773],[-95.193483,47.8722],[-95.255142,47.88794],[-95.272454,47.959639],[-95.229108,48.020052],[-95.582889,48.02067],[-95.592398,48.03867],[-95.593918,48.172915],[-95.602315,48.538887]]]}},{"type":"Feature","properties":{"fips":"19149","name":"Plymouth","state":"IA"},"geometry":{"type":"Polygon","coordinates":[[[-96.621875,42.779255],[-96.577937,42.827645],[-96.537851,42.878475],[-96.5404723291933,42.908595697956],[-95.859377,42.909097],[-95.859949,42.56062],[-96.48002247898,42.5613247765607],[-96.526766,42.641184],[-96.591602,42.688081],[-96.624704,42.725497],[-96.621875,42.779255]]]}},{"type":"Feature","properties":{"fips":"19181","name":"Warren","state":"IA"},"geometry":{"type":"Polygon","coordinates":[[[-93.790612,41.511916],[-93.413841,41.507415],[-93.344207,41.481929],[-93.328407,41.490794],[-93.327886,41.160659],[-93.557556,41.161271],[-93.789196,41.162035],[-93.790612,41.511916]]]}},{"type":"Feature","properties":{"fips":"55041","name":"Forest","state":"WI"},"geometry":{"type":"Polygon","coordinates":[[[-89.047795,45.982345],[-88.933222,45.982276],[-88.9327684510096,46.072107163776],[-88.811948,46.021609],[-88.739994,46.027308],[-88.6832322084994,46.0144656703203],[-88.675821,45.7229],[-88.425302,45.722426],[-88.428102,45.37701],[-88.677996,45.378683],[-88.926025,45.378637],[-88.923062,45.465137],[-89.04649,45.464439],[-89.047601,45.895355],[-89.047795,45.982345]]]}},{"type":"Feature","properties":{"fips":"29121","name":"Macon","state":"MO"},"geometry":{"type":"Polygon","coordinates":[[[-92.847477,40.037301],[-92.345064,40.03721],[-92.344708,39.953297],[-92.287882,39.95249],[-92.299316,39.605344],[-92.300871,39.605348],[-92.692149,39.610265],[-92.689331,39.698094],[-92.85792,39.699985],[-92.847477,40.037301]]]}},{"type":"Feature","properties":{"fips":"31087","name":"Hitchcock","state":"NE"},"geometry":{"type":"Polygon","coordinates":[[[-101.323353,40.350553],[-100.777376,40.349466],[-100.758435,40.349507],[-100.75883,40.002302],[-101.060317,40.002307],[-101.293991,40.002559],[-101.324036026572,40.0025650505849],[-101.323353,40.350553]]]}},{"type":"Feature","properties":{"fips":"17185","name":"Wabash","state":"IL"},"geometry":{"type":"Polygon","coordinates":[[[-87.990628,38.259629],[-87.951092,38.290935],[-87.977134,38.377266],[-87.941944,38.461025],[-87.954675,38.57023],[-87.912286,38.570104],[-87.6483567630745,38.5666287160576],[-87.660732,38.541092],[-87.654166,38.511911],[-87.714047,38.47988],[-87.74104,38.435576],[-87.7511059451205,38.4188492084548],[-87.779996,38.370842],[-87.831972,38.307241],[-87.908542,38.268581],[-87.968968,38.237389],[-87.990628,38.259629]]]}},{"type":"Feature","properties":{"fips":"46103","name":"Pennington","state":"SD"},"geometry":{"type":"Polygon","coordinates":[[[-104.055416190705,44.1410812067834],[-103.452453,44.140772],[-102.388045,44.140183],[-102.393522,44.202966],[-102.341635,44.348772],[-102.300002,44.374986],[-102.282876,44.448626],[-102.189438,44.427194],[-102.112535,44.435886],[-102.001068,44.510926],[-102.007336,43.99453],[-102.018887,43.708618],[-102.033477,43.689342],[-102.139158,43.700948],[-102.175231,43.687756],[-102.809398,43.68756],[-102.695526,43.79815],[-102.687192,43.855415],[-104.055488,43.853477],[-104.055416190705,44.1410812067834]]]}},{"type":"Feature","properties":{"fips":"38037","name":"Grant","state":"ND"},"geometry":{"type":"Polygon","coordinates":[[[-102.09624,46.717772],[-101.718228,46.717834],[-101.718462,46.631283],[-101.298823,46.630431],[-101.298989,46.371404],[-101.048527,46.37145],[-101.025691,46.284414],[-101.198073,46.18377],[-101.189747,46.148693],[-101.301698,46.133269],[-101.299917,46.104844],[-101.554185,46.006836],[-101.622717,46.037028],[-101.664528,46.011636],[-101.749591,46.041667],[-101.83837,46.033043],[-101.849355,46.073275],[-101.998327,46.053274],[-101.99793,46.205324],[-102.046789,46.283746],[-102.05124,46.630917],[-102.096744,46.631026],[-102.09624,46.717772]]]}},{"type":"Feature","properties":{"fips":"29001","name":"Adair","state":"MO"},"geometry":{"type":"Polygon","coordinates":[[[-92.855629,40.342736],[-92.684167,40.343466],[-92.349975,40.346505],[-92.347801,40.302756],[-92.345064,40.03721],[-92.847477,40.037301],[-92.856191,40.037253],[-92.855629,40.342736]]]}},{"type":"Feature","properties":{"fips":"17091","name":"Kankakee","state":"IL"},"geometry":{"type":"Polygon","coordinates":[[[-88.251501,41.114218],[-88.2414,41.128981],[-88.244144,41.201566],[-88.01181,41.205508],[-88.013919,41.292447],[-87.842535,41.295101],[-87.781662,41.295863],[-87.5267678862275,41.2980516024792],[-87.5266481580824,41.1660899445116],[-87.52652,41.024837],[-87.526463234368,41.0103365222041],[-88.131935,40.997777],[-88.2473,40.99456],[-88.251501,41.114218]]]}},{"type":"Feature","properties":{"fips":"27133","name":"Rock","state":"MN"},"geometry":{"type":"Polygon","coordinates":[[[-96.453315,43.552299],[-96.4529095743663,43.8495068930184],[-96.4529095716932,43.8495088526372],[-96.06462,43.849039],[-96.05232,43.84907],[-96.05316283451,43.5001877081575],[-96.198484,43.500335],[-96.45326,43.50039],[-96.453315,43.552299]]]}},{"type":"Feature","properties":{"fips":"29041","name":"Chariton","state":"MO"},"geometry":{"type":"Polygon","coordinates":[[[-93.278098,39.615632],[-93.261386,39.623253],[-93.266968,39.703562],[-92.85792,39.699985],[-92.689331,39.698094],[-92.692149,39.610265],[-92.697228,39.597699],[-92.707367,39.321614],[-92.790369,39.343586],[-92.849224,39.226218],[-92.911669,39.223946],[-92.959801,39.312526],[-93.072915,39.33552],[-93.104485,39.383656],[-93.11882,39.417102],[-93.275848,39.458302],[-93.278098,39.615632]]]}},{"type":"Feature","properties":{"fips":"27049","name":"Goodhue","state":"MN"},"geometry":{"type":"Polygon","coordinates":[[[-93.039896,44.428749],[-93.039485,44.471871],[-93.039344,44.51535],[-92.7926,44.542971],[-92.792584,44.629722],[-92.732043,44.629493],[-92.7316238513032,44.7149227852596],[-92.696491,44.689436],[-92.618025,44.61287],[-92.54928,44.577704],[-92.399281,44.558292],[-92.361518,44.558935],[-92.3169331334058,44.5392760122027],[-92.314071,44.538014],[-92.291005,44.485464],[-92.2453646490054,44.4542511243518],[-92.430277,44.455321],[-92.430629,44.368291],[-92.550733,44.368521],[-92.550871,44.194916],[-92.678717,44.195516],[-93.041159,44.196726],[-93.039896,44.428749]]]}},{"type":"Feature","properties":{"fips":"29051","name":"Cole","state":"MO"},"geometry":{"type":"Polygon","coordinates":[[[-92.495185,38.427829],[-92.394866,38.73913],[-92.357813,38.679517],[-92.220661,38.643167],[-92.161663,38.578057],[-92.008983,38.5709],[-92.043489,38.466479],[-92.167357,38.469687],[-92.114977,38.401937],[-92.194476,38.335536],[-92.408407,38.341344],[-92.403484,38.425331],[-92.495185,38.427829]]]}},{"type":"Feature","properties":{"fips":"26021","name":"Berrien","state":"MI"},"geometry":{"type":"Polygon","coordinates":[[[-86.824828,41.76024],[-86.693267,41.835403],[-86.597899,41.918291],[-86.5281140302125,42.03841982407],[-86.501322,42.08454],[-86.466262,42.134406],[-86.3663791270383,42.2431077271809],[-86.223563,42.243379],[-86.22294,42.071484],[-86.2260943449874,41.7600159591164],[-86.501773,41.759553],[-86.5242197424429,41.7595721559735],[-86.640044,41.759671],[-86.6996808040417,41.7598546378772],[-86.824828,41.76024]]]}},{"type":"Feature","properties":{"fips":"27155","name":"Traverse","state":"MN"},"geometry":{"type":"Polygon","coordinates":[[[-96.851621,45.619412],[-96.82616,45.654164],[-96.745086,45.701576],[-96.672665,45.732336],[-96.630512,45.781157],[-96.587093,45.816445],[-96.571871,45.871846],[-96.563672,45.935245],[-96.574264,46.016545],[-96.572697494194,46.0218916713577],[-96.26614,46.02161],[-96.253675,45.934648],[-96.254022,45.75982],[-96.253026,45.585526],[-96.8354191619781,45.5861286928808],[-96.843957,45.594003],[-96.851621,45.619412]]]}},{"type":"Feature","properties":{"fips":"19129","name":"Mills","state":"IA"},"geometry":{"type":"Polygon","coordinates":[[[-95.868688,41.124698],[-95.8618980682094,41.1603023482127],[-95.384349,41.160011],[-95.384964,40.90155],[-95.795156,40.901625],[-95.8187272785699,40.8979480664065],[-95.837774,40.924712],[-95.828329,40.972378],[-95.865878,41.017403],[-95.8647847640853,41.0528455046135],[-95.863839,41.083507],[-95.868688,41.124698]]]}},{"type":"Feature","properties":{"fips":"39141","name":"Ross","state":"OH"},"geometry":{"type":"Polygon","coordinates":[[[-83.372714,39.377416],[-83.266737,39.516249],[-82.98456,39.506754],[-82.998204,39.480061],[-82.740729,39.46835],[-82.748591,39.368165],[-82.762892,39.207967],[-82.785891,39.168769],[-83.353531,39.197585],[-83.393794,39.268048],[-83.372714,39.377416]]]}},{"type":"Feature","properties":{"fips":"39143","name":"Sandusky","state":"OH"},"geometry":{"type":"Polygon","coordinates":[[[-83.414626,41.500228],[-83.338196,41.457508],[-82.952224,41.458239],[-82.847706,41.430495],[-82.841475,41.290023],[-82.840087,41.255337],[-83.419843,41.254003],[-83.414626,41.500228]]]}},{"type":"Feature","properties":{"fips":"17203","name":"Woodford","state":"IL"},"geometry":{"type":"Polygon","coordinates":[[[-89.562558,40.786895],[-89.472522,40.921205],[-89.047718,40.925749],[-88.93139,40.92774],[-88.929331,40.753337],[-88.986896,40.752297],[-88.984722,40.664953],[-89.044368,40.627428],[-89.133752,40.596734],[-89.269397,40.594318],[-89.327343,40.615566],[-89.330092,40.748257],[-89.553433,40.747636],[-89.556595,40.760244],[-89.562558,40.786895]]]}},{"type":"Feature","properties":{"fips":"19009","name":"Audubon","state":"IA"},"geometry":{"type":"Polygon","coordinates":[[[-95.092861,41.863374],[-94.744876,41.862394],[-94.744204,41.602185],[-94.700745,41.602184],[-94.700629,41.504148],[-95.04077,41.50469],[-95.040748,41.602152],[-95.09252,41.602055],[-95.092861,41.863374]]]}},{"type":"Feature","properties":{"fips":"26111","name":"Midland","state":"MI"},"geometry":{"type":"Polygon","coordinates":[[[-84.606037,43.815365],[-84.366676,43.81356],[-84.357878,43.828344],[-84.167318,43.825902],[-84.168127,43.568899],[-84.170576,43.481969],[-84.369876,43.466044],[-84.488684,43.466168],[-84.60754,43.466006],[-84.606037,43.815365]]]}},{"type":"Feature","properties":{"fips":"20183","name":"Smith","state":"KS"},"geometry":{"type":"Polygon","coordinates":[[[-99.0670183498981,40.0021435130522],[-98.726372963939,40.0023362731669],[-98.613755,40.0024],[-98.5044549836368,40.002379876736],[-98.505266,39.567603],[-99.044398,39.568035],[-99.06622,39.568125],[-99.0670183498981,40.0021435130522]]]}},{"type":"Feature","properties":{"fips":"26047","name":"Emmet","state":"MI"},"geometry":{"type":"Polygon","coordinates":[[[-85.119737,45.569026],[-85.061488,45.639505],[-84.97095,45.686334],[-85.014509,45.760329],[-84.866976,45.752066],[-84.772765,45.789301],[-84.732242,45.780496853289],[-84.732687,45.289382],[-84.964787,45.291601],[-85.001803,45.272328],[-85.096056872271,45.3630880404348],[-85.054805,45.364091],[-84.959119,45.375973],[-84.912956,45.409776],[-84.980953,45.429382],[-85.040936,45.436701],[-85.109252,45.521626],[-85.119737,45.569026]]]}},{"type":"Feature","properties":{"fips":"31039","name":"Cuming","state":"NE"},"geometry":{"type":"Polygon","coordinates":[[[-97.019359,42.090577],[-96.82367,42.090411],[-96.555511,42.089957],[-96.554866,42.015875],[-96.555172,41.742018],[-96.905922,41.742763],[-97.019911,41.74298],[-97.019359,42.090577]]]}},{"type":"Feature","properties":{"fips":"38041","name":"Hettinger","state":"ND"},"geometry":{"type":"Polygon","coordinates":[[[-102.927451,46.63002],[-102.096744,46.631026],[-102.05124,46.630917],[-102.046789,46.283746],[-101.99793,46.205324],[-102.497137,46.205904],[-102.497642,46.283195],[-102.924547,46.281518],[-102.927451,46.63002]]]}},{"type":"Feature","properties":{"fips":"18159","name":"Tipton","state":"IN"},"geometry":{"type":"Polygon","coordinates":[[[-86.242992,40.373661],[-86.236438,40.402971],[-85.862117,40.406889],[-85.862296,40.378367],[-85.861903,40.218936],[-86.242743,40.215834],[-86.242992,40.373661]]]}},{"type":"Feature","properties":{"fips":"19057","name":"Des Moines","state":"IA"},"geometry":{"type":"Polygon","coordinates":[[[-91.372095,40.812631],[-91.37071,41.074112],[-90.9522654164822,41.07273174967],[-90.9518941426813,41.0698727358664],[-90.945324,41.019279],[-90.952233,40.954047],[-90.985462,40.912141],[-91.044653,40.868356],[-91.092993,40.821079],[-91.091703,40.779708],[-91.115735,40.725168],[-91.1182229383975,40.6995346508191],[-91.208185,40.71358],[-91.409453,40.812905],[-91.372095,40.812631]]]}},{"type":"Feature","properties":{"fips":"19145","name":"Page","state":"IA"},"geometry":{"type":"Polygon","coordinates":[[[-95.384964,40.90155],[-94.928459,40.900653],[-94.928529,40.727399],[-94.9148978673616,40.5749211691113],[-95.068921,40.57688],[-95.2022660008303,40.578375628996],[-95.335588,40.579871],[-95.3739250533987,40.5803323779415],[-95.370618,40.728241],[-95.384964,40.90155]]]}},{"type":"Feature","properties":{"fips":"20101","name":"Lane","state":"KS"},"geometry":{"type":"Polygon","coordinates":[[[-100.688006,38.700021],[-100.2472,38.698165],[-100.244393,38.26229],[-100.684699,38.264137],[-100.688006,38.700021]]]}},{"type":"Feature","properties":{"fips":"20123","name":"Mitchell","state":"KS"},"geometry":{"type":"Polygon","coordinates":[[[-98.487384,39.567492],[-97.931844,39.566921],[-97.928623,39.55146],[-97.929097,39.306397],[-97.931614,39.277094],[-97.929746,39.219273],[-98.490149,39.21978],[-98.487384,39.567492]]]}},{"type":"Feature","properties":{"fips":"17015","name":"Carroll","state":"IL"},"geometry":{"type":"Polygon","coordinates":[[[-90.3151462239686,42.1937168744807],[-89.919772,42.196881],[-89.688486,42.199112],[-89.685366,41.93034],[-90.128204,41.928977],[-90.1581530337095,41.9298432273761],[-90.156902,41.938181],[-90.140613,41.995999],[-90.1596824511227,42.0330872575859],[-90.163446,42.040407],[-90.161159,42.106372],[-90.207421,42.149109],[-90.26908,42.1745],[-90.3151462239686,42.1937168744807]]]}},{"type":"Feature","properties":{"fips":"39169","name":"Wayne","state":"OH"},"geometry":{"type":"Polygon","coordinates":[[[-82.129334,40.991807],[-81.688491,40.98859],[-81.647689,40.988563],[-81.647735,40.914016],[-81.648417,40.737122],[-81.648921,40.667771],[-81.784152,40.667862],[-82.126196,40.668357],[-82.129334,40.991807]]]}},{"type":"Feature","properties":{"fips":"38053","name":"McKenzie","state":"ND"},"geometry":{"type":"Polygon","coordinates":[[[-104.045313,47.331955],[-104.044976739577,47.3970647144107],[-104.043912,47.603229],[-104.042384,47.803256],[-104.043933,47.971515],[-104.044093106669,47.9960816799606],[-103.919789,47.95595],[-103.856306,48.015072],[-103.800817,47.994269],[-103.784394,48.059491],[-103.709454,48.065462],[-103.742216,48.093403],[-103.597044,48.13441],[-103.548572,48.087724],[-103.584774,48.054124],[-103.485072,48.006725],[-103.234865,48.061923],[-103.252497,48.092974],[-103.20189,48.135208],[-103.107083,48.146494],[-102.828477,48.123664],[-102.663487,48.076651],[-102.551964,47.997149],[-102.644764,47.906715],[-102.642266,47.823713],[-102.642669,47.674012],[-103.09967,47.674518],[-103.099197,47.328714],[-103.666675,47.329256],[-104.045308341358,47.3301401263698],[-104.045313,47.331955]]]}},{"type":"Feature","properties":{"fips":"19163","name":"Scott","state":"IA"},"geometry":{"type":"Polygon","coordinates":[[[-90.898373,41.771392],[-90.685383,41.757205],[-90.471723,41.773603],[-90.3118568504162,41.7285328921536],[-90.314687,41.69483],[-90.336729,41.664532],[-90.339528,41.598633],[-90.364128,41.579633],[-90.41583,41.562933],[-90.461432,41.523533],[-90.513134,41.519533],[-90.571136,41.516332],[-90.618537,41.485032],[-90.701159,41.454743],[-90.786282,41.452888],[-90.783812,41.596531],[-90.899853,41.597133],[-90.898373,41.771392]]]}},{"type":"Feature","properties":{"fips":"18097","name":"Marion","state":"IN"},"geometry":{"type":"Polygon","coordinates":[[[-86.326588,39.719838],[-86.326293,39.924029],[-86.240736,39.926062],[-85.937587,39.927137],[-85.954013,39.869646],[-85.951699,39.726419],[-85.951721,39.697136],[-85.95208,39.638345],[-86.249885,39.633645],[-86.326341,39.632177],[-86.326588,39.719838]]]}},{"type":"Feature","properties":{"fips":"20179","name":"Sheridan","state":"KS"},"geometry":{"type":"Polygon","coordinates":[[[-100.720213,39.568034],[-100.180351,39.56689],[-100.161667,39.567277],[-100.1642,39.132071],[-100.721296,39.133381],[-100.720213,39.568034]]]}},{"type":"Feature","properties":{"fips":"18123","name":"Perry","state":"IN"},"geometry":{"type":"Polygon","coordinates":[[[-86.8135795707459,37.9960671327985],[-86.798293,38.015528],[-86.772367,37.998165],[-86.791497,38.20513],[-86.792152,38.2491],[-86.679511,38.263086],[-86.570136,38.266328],[-86.571685,38.207539],[-86.460425,38.206825],[-86.4335700794087,38.0871478523782],[-86.434046,38.086763],[-86.471903,38.046218],[-86.4880524671283,38.0436653088997],[-86.521825,38.038327],[-86.525174,37.968228],[-86.509368,37.902887],[-86.599848,37.906754],[-86.615215,37.852857],[-86.6467093891411,37.8649113991803],[-86.658374,37.869376],[-86.722247,37.892648],[-86.779993,37.956522],[-86.810913,37.99715],[-86.8135795707459,37.9960671327985]]]}},{"type":"Feature","properties":{"fips":"27063","name":"Jackson","state":"MN"},"geometry":{"type":"Polygon","coordinates":[[[-95.452502,43.847953],[-94.859388,43.848093],[-94.854444,43.848099],[-94.8545550676107,43.5005534191522],[-94.874235,43.500557],[-94.9146134847136,43.5005958729861],[-95.214938,43.500885],[-95.3877875940219,43.5004787289074],[-95.4544322386606,43.50032208525],[-95.452502,43.847953]]]}},{"type":"Feature","properties":{"fips":"17127","name":"Massac","state":"IL"},"geometry":{"type":"Polygon","coordinates":[[[-88.928757,37.302848],[-88.905071,37.335743],[-88.710738,37.337081],[-88.49033,37.159462],[-88.4904810043425,37.0679561064856],[-88.531576,37.067192],[-88.5610581316174,37.0840080816083],[-88.61144,37.112745],[-88.693983,37.141155],[-88.753068,37.154701],[-88.835051,37.196486],[-88.9278935494308,37.226353966835],[-88.928757,37.302848]]]}},{"type":"Feature","properties":{"fips":"55087","name":"Outagamie","state":"WI"},"geometry":{"type":"Polygon","coordinates":[[[-88.736802,44.590605],[-88.606083,44.590515],[-88.245204,44.584746],[-88.190465,44.586799],[-88.192611,44.241947],[-88.40407,44.244102],[-88.564981,44.24371],[-88.73977,44.243303],[-88.736802,44.590605]]]}},{"type":"Feature","properties":{"fips":"19155","name":"Pottawattamie","state":"IA"},"geometry":{"type":"Polygon","coordinates":[[[-95.9940203930119,41.5068906409415],[-95.497997,41.506074],[-95.154722,41.505211],[-95.155851,41.159236],[-95.384349,41.160011],[-95.8618980682094,41.1603023482127],[-95.856788,41.187098],[-95.90969,41.184398],[-95.9099128702696,41.1914208374192],[-95.911391,41.237998],[-95.890152,41.278308],[-95.92569,41.322197],[-95.92879,41.370096],[-95.9273362423201,41.3899879374596],[-95.922529,41.455766],[-95.982962,41.469778],[-95.9940203930119,41.5068906409415]]]}},{"type":"Feature","properties":{"fips":"19017","name":"Bremer","state":"IA"},"geometry":{"type":"Polygon","coordinates":[[[-92.554211,42.907112],[-92.081568,42.907013],[-92.081661,42.642056],[-92.554492,42.642314],[-92.554211,42.907112]]]}},{"type":"Feature","properties":{"fips":"17147","name":"Piatt","state":"IL"},"geometry":{"type":"Polygon","coordinates":[[[-88.745957,39.858136],[-88.745435,39.967568],[-88.745164,40.055191],[-88.745344,40.098813],[-88.574885,40.281501],[-88.491052,40.281219],[-88.460418,40.281935],[-88.463174,40.142196],[-88.46302,40.05503],[-88.462207,39.879092],[-88.462288,39.800795],[-88.473182,39.791837],[-88.745671,39.792146],[-88.745967,39.850887],[-88.745957,39.858136]]]}},{"type":"Feature","properties":{"fips":"17169","name":"Schuyler","state":"IL"},"geometry":{"type":"Polygon","coordinates":[[[-90.911969,40.193088],[-90.909756,40.284394],[-90.450227,40.276335],[-90.451916,40.188803],[-90.199635,40.183812],[-90.206144,40.155789],[-90.354524,40.124217],[-90.435852,40.020562],[-90.513747,39.987891],[-90.607134,39.981658],[-90.696007,40.103967],[-90.913469,40.104455],[-90.911969,40.193088]]]}},{"type":"Feature","properties":{"fips":"46069","name":"Hyde","state":"SD"},"geometry":{"type":"Polygon","coordinates":[[[-99.674252,44.897503],[-99.572699,44.897263],[-99.311754,44.897227],[-99.300495,44.54738],[-99.30018,44.19483],[-99.576571,44.192421],[-99.663508,44.217517],[-99.66371,44.539099],[-99.676398,44.548111],[-99.674252,44.897503]]]}},{"type":"Feature","properties":{"fips":"31111","name":"Lincoln","state":"NE"},"geometry":{"type":"Polygon","coordinates":[[[-101.269695,41.394934],[-100.713243,41.393511],[-100.251098,41.393298],[-100.238117,41.06102],[-100.224235,41.046597],[-100.223311,40.700254],[-100.777833,40.700135],[-101.247963,40.697802],[-101.249975,41.00395],[-101.270381,41.047392],[-101.269695,41.394934]]]}},{"type":"Feature","properties":{"fips":"31117","name":"McPherson","state":"NE"},"geometry":{"type":"Polygon","coordinates":[[[-101.406466,41.7432],[-100.842459,41.740404],[-100.711409,41.739759],[-100.713243,41.393511],[-101.269695,41.394934],[-101.40726,41.395416],[-101.406466,41.7432]]]}},{"type":"Feature","properties":{"fips":"29013","name":"Bates","state":"MO"},"geometry":{"type":"Polygon","coordinates":[[[-94.612614,38.237766],[-94.6127726289929,38.3887184827318],[-94.612866,38.477571],[-94.6128655959221,38.4776021802351],[-94.31217,38.471496],[-94.212023,38.446754],[-94.065713,38.447087],[-94.075182,38.21544],[-94.049895,38.213985],[-94.058285,38.036627],[-94.135238,38.058118],[-94.237787,38.026017],[-94.6139299610557,38.0600529598965],[-94.612614,38.237766]]]}},{"type":"Feature","properties":{"fips":"29083","name":"Henry","state":"MO"},"geometry":{"type":"Polygon","coordinates":[[[-94.065713,38.447087],[-94.06782,38.466016],[-94.064317,38.56738],[-93.51103,38.55621],[-93.512743,38.512476],[-93.523484,38.207216],[-93.557009,38.201074],[-94.049895,38.213985],[-94.075182,38.21544],[-94.065713,38.447087]]]}},{"type":"Feature","properties":{"fips":"18157","name":"Tippecanoe","state":"IN"},"geometry":{"type":"Polygon","coordinates":[[[-87.095357,40.562895],[-86.771293,40.562082],[-86.695353,40.561874],[-86.694665,40.432156],[-86.695637,40.214367],[-87.092527,40.214654],[-87.092232,40.366583],[-87.093676,40.475745],[-87.095357,40.562895]]]}},{"type":"Feature","properties":{"fips":"38085","name":"Sioux","state":"ND"},"geometry":{"type":"Polygon","coordinates":[[[-101.998327,46.053274],[-101.849355,46.073275],[-101.83837,46.033043],[-101.749591,46.041667],[-101.664528,46.011636],[-101.622717,46.037028],[-101.554185,46.006836],[-101.299917,46.104844],[-101.301698,46.133269],[-101.189747,46.148693],[-101.198073,46.18377],[-101.025691,46.284414],[-100.884552,46.409096],[-100.721261,46.390084],[-100.590199,46.427894],[-100.551199,46.363494],[-100.558549,46.249993],[-100.629145,46.145608],[-100.614504,46.071796],[-100.511949026151,45.9436540704345],[-100.76211,45.943767],[-101.106826,45.943984],[-101.365283,45.944092],[-101.557276,45.9441],[-101.794606,45.944397],[-101.998733079552,45.9445370569484],[-101.998327,46.053274]]]}},{"type":"Feature","properties":{"fips":"18063","name":"Hendricks","state":"IN"},"geometry":{"type":"Polygon","coordinates":[[[-86.695071,39.92277],[-86.326293,39.924029],[-86.326588,39.719838],[-86.326341,39.632177],[-86.465605,39.600769],[-86.65665,39.601395],[-86.643014,39.618029],[-86.687406,39.630437],[-86.695127,39.864845],[-86.695071,39.92277]]]}},{"type":"Feature","properties":{"fips":"19075","name":"Grundy","state":"IA"},"geometry":{"type":"Polygon","coordinates":[[[-93.027,42.55681],[-92.5543,42.555854],[-92.534015,42.469592],[-92.53351,42.297001],[-92.76809,42.29668],[-92.767463,42.21014],[-93.001674,42.209267],[-93.002902,42.470638],[-93.027,42.55681]]]}},{"type":"Feature","properties":{"fips":"39005","name":"Ashland","state":"OH"},"geometry":{"type":"Polygon","coordinates":[[[-82.436916,41.065379],[-82.336496,41.065761],[-82.171492,41.063537],[-82.173359,40.992046],[-82.129334,40.991807],[-82.126196,40.668357],[-82.221118,40.667356],[-82.220433,40.594524],[-82.220268,40.568187],[-82.336962,40.555001],[-82.339211,40.726683],[-82.420836,40.823514],[-82.432852,40.992944],[-82.436916,41.065379]]]}},{"type":"Feature","properties":{"fips":"39123","name":"Ottawa","state":"OH"},"geometry":{"type":"MultiPolygon","coordinates":[[[[-82.863342,41.693693],[-82.82572,41.72281],[-82.782719,41.694003],[-82.788876,41.643047],[-82.842099,41.628323],[-82.863342,41.693693]]],[[[-83.415941,41.61911],[-83.1638214175228,41.624130312974],[-83.066593,41.59534],[-83.028072,41.555656],[-82.934369,41.514353],[-82.859531,41.576371],[-82.834101,41.587587],[-82.717878,41.54193],[-82.6905671606649,41.4967057954382],[-82.73044,41.479343],[-82.952224,41.458239],[-83.338196,41.457508],[-83.414626,41.500228],[-83.414577,41.515001],[-83.415941,41.61911]]]]}},{"type":"Feature","properties":{"fips":"46021","name":"Campbell","state":"SD"},"geometry":{"type":"Polygon","coordinates":[[[-100.499354215384,45.9436319988143],[-100.294126,45.943269],[-100.152084,45.942486],[-99.880292,45.941672],[-99.8800619701871,45.9416709152146],[-99.718073,45.940907],[-99.717466,45.593428],[-100.430079,45.594823],[-100.406438,45.650011],[-100.308849,45.689634],[-100.387036,45.869142],[-100.499354215384,45.9436319988143]]]}},{"type":"Feature","properties":{"fips":"55015","name":"Calumet","state":"WI"},"geometry":{"type":"Polygon","coordinates":[[[-88.40351,44.001286],[-88.40407,44.244102],[-88.192611,44.241947],[-88.04324,44.241018],[-88.042138,43.979181],[-88.041794,43.891692],[-88.162274,43.891511],[-88.161654,43.937683],[-88.404187,43.9382],[-88.40351,44.001286]]]}},{"type":"Feature","properties":{"fips":"20205","name":"Wilson","state":"KS"},"geometry":{"type":"Polygon","coordinates":[[[-95.961002,37.603761],[-95.960876,37.734304],[-95.525499,37.732759],[-95.52556,37.383979],[-95.961605,37.386636],[-95.961002,37.603761]]]}},{"type":"Feature","properties":{"fips":"39001","name":"Adams","state":"OH"},"geometry":{"type":"Polygon","coordinates":[[[-83.7058575510284,38.6380366259831],[-83.673018,39.02043],[-83.611592,39.01889],[-83.385637,39.055197],[-83.314589,39.052195],[-83.270817,39.015791],[-83.268292,38.634012],[-83.2642676908446,38.6131319856547],[-83.286514,38.599241],[-83.320531,38.622713],[-83.376302,38.661473],[-83.440404,38.669361],[-83.533339,38.702105],[-83.626922,38.679387],[-83.642994,38.643273],[-83.6469615501443,38.6418337437309],[-83.679484,38.630036],[-83.7058575510284,38.6380366259831]]]}},{"type":"Feature","properties":{"fips":"27145","name":"Stearns","state":"MN"},"geometry":{"type":"Polygon","coordinates":[[[-95.139731,45.773416],[-94.64399,45.77395],[-94.271776,45.775208],[-94.203049,45.678153],[-94.189822,45.673531],[-94.203666,45.619556],[-94.149467,45.559066],[-94.141989,45.493243],[-94.048021,45.423274],[-94.156705,45.303953],[-94.26152,45.297688],[-94.261131,45.283941],[-94.383449,45.282797],[-94.383613,45.326635],[-94.76308,45.3261],[-94.762934,45.412861],[-95.131879,45.412495],[-95.13967,45.758891],[-95.139731,45.773416]]]}},{"type":"Feature","properties":{"fips":"27141","name":"Sherburne","state":"MN"},"geometry":{"type":"Polygon","coordinates":[[[-94.149467,45.559066],[-93.75945,45.559618],[-93.510704,45.558772],[-93.51007,45.414798],[-93.51219,45.245683],[-93.521653,45.246618],[-93.56377,45.301154],[-93.758764,45.295228],[-94.048021,45.423274],[-94.141989,45.493243],[-94.149467,45.559066]]]}},{"type":"Feature","properties":{"fips":"17017","name":"Cass","state":"IL"},"geometry":{"type":"Polygon","coordinates":[[[-90.512616,39.965285],[-90.513747,39.987891],[-90.435852,40.020562],[-90.354524,40.124217],[-90.285192,40.055369],[-90.194667,40.05377],[-89.99509,40.108908],[-89.994506,39.901925],[-89.994405,39.87286],[-90.583534,39.87675],[-90.512616,39.965285]]]}},{"type":"Feature","properties":{"fips":"29099","name":"Jefferson","state":"MO"},"geometry":{"type":"Polygon","coordinates":[[[-90.73763,38.415453],[-90.736167,38.466869],[-90.6805,38.445659],[-90.655561,38.486737],[-90.512523,38.501344],[-90.404969,38.500598],[-90.350639,38.458082],[-90.3410952558139,38.3862448217446],[-90.349743,38.377609],[-90.372519,38.323354],[-90.363926,38.236355],[-90.322353,38.181593],[-90.2527463239757,38.1277738262293],[-90.253076,38.115538],[-90.416022,38.042315],[-90.628084,38.007743],[-90.618065,38.073322],[-90.63998,38.076548],[-90.684776,38.08627],[-90.780185,38.204112],[-90.73763,38.415453]]]}},{"type":"Feature","properties":{"fips":"38017","name":"Cass","state":"ND"},"geometry":{"type":"Polygon","coordinates":[[[-97.705935,47.239977],[-97.451512,47.239061],[-96.8360095945419,47.2379818754871],[-96.8265691272283,47.150539],[-96.819078,47.081152],[-96.833504,47.01011],[-96.763973,46.912507],[-96.788803,46.777575],[-96.786845,46.692805],[-96.790523,46.63688],[-96.7897865130498,46.6357466727167],[-96.816308,46.630185],[-97.279948,46.629348],[-97.682006,46.629928],[-97.681508,46.978481],[-97.705935,47.239977]]]}},{"type":"Feature","properties":{"fips":"26029","name":"Charlevoix","state":"MI"},"geometry":{"type":"MultiPolygon","coordinates":[[[[-85.371593,45.270834],[-85.294848,45.316408],[-85.196704,45.360641],[-85.096056872271,45.3630880404348],[-85.001803,45.272328],[-84.964787,45.291601],[-84.732687,45.289382],[-84.734303,45.201936],[-84.734799,45.114903],[-84.857452,45.116707],[-85.223681,45.117861],[-85.222707,45.20556],[-85.377824295933,45.2076444024869],[-85.371593,45.270834]]],[[[-85.701809,45.736129],[-85.651866,45.743139],[-85.524448,45.829794],[-85.360952,45.817554],[-85.377132,45.769013],[-85.509276,45.596475],[-85.561634,45.572213],[-85.622741,45.586028],[-85.696872,45.69725],[-85.701809,45.736129]]]]}},{"type":"Feature","properties":{"fips":"55065","name":"Lafayette","state":"WI"},"geometry":{"type":"Polygon","coordinates":[[[-90.426902,42.812862],[-89.83841,42.813799],[-89.8375948863256,42.5049103527915],[-89.9264658538311,42.5057868210378],[-89.926484,42.505787],[-90.22319,42.507765],[-90.4263769607361,42.5071777352237],[-90.426902,42.812862]]]}},{"type":"Feature","properties":{"fips":"55057","name":"Juneau","state":"WI"},"geometry":{"type":"Polygon","coordinates":[[[-90.312694,43.981384],[-90.312522,44.155198],[-90.31268,44.24875],[-90.080822,44.249011],[-89.902783,44.249473],[-89.923387,44.152416],[-89.970482,44.167114],[-90.025953,44.091748],[-89.980676,43.905623],[-89.865132,43.783414],[-89.787005,43.667091],[-89.784901,43.641051],[-89.785809,43.641049],[-90.072392,43.641729],[-90.312404,43.640988],[-90.312194,43.731479],[-90.312693,43.981335],[-90.312694,43.981384]]]}},{"type":"Feature","properties":{"fips":"29065","name":"Dent","state":"MO"},"geometry":{"type":"Polygon","coordinates":[[[-91.806219,37.791286],[-91.528797,37.788989],[-91.308311,37.787186],[-91.310655,37.700048],[-91.153345,37.69734],[-91.155073,37.588092],[-91.312458,37.592824],[-91.314236,37.505132],[-91.210984,37.501911],[-91.211863,37.415277],[-91.646626,37.422731],[-91.75504,37.42411],[-91.754795,37.598768],[-91.809105,37.598863],[-91.806219,37.791286]]]}},{"type":"Feature","properties":{"fips":"29123","name":"Madison","state":"MO"},"geometry":{"type":"Polygon","coordinates":[[[-90.547406,37.59841],[-90.535016,37.643641],[-90.146778,37.641618],[-90.146763,37.597434],[-90.145699,37.312091],[-90.217657,37.314967],[-90.549729,37.317594],[-90.547406,37.59841]]]}},{"type":"Feature","properties":{"fips":"18023","name":"Clinton","state":"IN"},"geometry":{"type":"Polygon","coordinates":[[[-86.695637,40.214367],[-86.694665,40.432156],[-86.375762,40.431851],[-86.309249,40.431712],[-86.309325,40.388372],[-86.242992,40.373661],[-86.242743,40.215834],[-86.242365,40.180778],[-86.695804,40.178657],[-86.695637,40.214367]]]}},{"type":"Feature","properties":{"fips":"20135","name":"Ness","state":"KS"},"geometry":{"type":"Polygon","coordinates":[[[-100.2472,38.698165],[-100.153823,38.697341],[-99.598323,38.696514],[-99.585087,38.696537],[-99.584794,38.349386],[-99.584207,38.262179],[-100.227137,38.262237],[-100.244393,38.26229],[-100.2472,38.698165]]]}},{"type":"Feature","properties":{"fips":"18119","name":"Owen","state":"IN"},"geometry":{"type":"Polygon","coordinates":[[[-87.053646,39.342621],[-86.942473,39.342043],[-86.939981,39.473345],[-86.68571,39.470063],[-86.632206,39.470214],[-86.630818,39.346948],[-86.68561,39.336043],[-86.683002,39.165746],[-87.054578,39.168086],[-87.053646,39.342621]]]}},{"type":"Feature","properties":{"fips":"18089","name":"Lake","state":"IN"},"geometry":{"type":"Polygon","coordinates":[[[-87.526768,41.298177],[-87.5254093533475,41.4702806660617],[-87.52494,41.529735],[-87.524044,41.708335],[-87.470742,41.672835],[-87.415816,41.688183],[-87.365439,41.629536],[-87.261536,41.620336],[-87.2227999491184,41.62888983896],[-87.218862,41.242027],[-87.275882,41.218595],[-87.393796,41.162806],[-87.5266481580824,41.1660899445116],[-87.5267678862275,41.2980516024792],[-87.526768,41.298177]]]}},{"type":"Feature","properties":{"fips":"20143","name":"Ottawa","state":"KS"},"geometry":{"type":"Polygon","coordinates":[[[-97.931614,39.277094],[-97.929097,39.306397],[-97.369839,39.306011],[-97.371154,39.131961],[-97.371614,38.957852],[-97.92856,38.958395],[-97.929746,39.219273],[-97.931614,39.277094]]]}},{"type":"Feature","properties":{"fips":"46015","name":"Brule","state":"SD"},"geometry":{"type":"Polygon","coordinates":[[[-99.406961,43.705277],[-99.41015,43.774619],[-99.310826,43.855216],[-99.355864,43.934371],[-98.926997,43.935143],[-98.807771,43.935223],[-98.796965,43.848575],[-98.794588,43.499187],[-99.297882,43.499856],[-99.375378,43.656869],[-99.469097,43.672803],[-99.406961,43.705277]]]}},{"type":"Feature","properties":{"fips":"39113","name":"Montgomery","state":"OH"},"geometry":{"type":"Polygon","coordinates":[[[-84.485367,39.918491],[-84.425902,39.919622],[-84.274822,39.921763],[-84.157671,39.92297],[-84.157217,39.885994],[-84.051012,39.87981],[-84.053713,39.850714],[-84.092938,39.838345],[-84.114174,39.57823],[-84.365232,39.589493],[-84.479213,39.591024],[-84.485367,39.918491]]]}},{"type":"Feature","properties":{"fips":"29186","name":"Ste. Genevieve","state":"MO"},"geometry":{"type":"Polygon","coordinates":[[[-90.32287,37.981731],[-90.416022,38.042315],[-90.253076,38.115538],[-90.2527463239757,38.1277738262293],[-90.252484,38.127571],[-90.218708,38.094365],[-90.2038911808417,38.0873651230282],[-90.126006,38.05057],[-90.080959,38.015428],[-90.008353,37.970179],[-89.95491,37.966647],[-89.974221,37.919217],[-89.933095790915,37.8800990582524],[-89.999923,37.821523],[-90.110537,37.67134],[-90.200208,37.669628],[-90.459133,37.878924],[-90.32287,37.981731]]]}},{"type":"Feature","properties":{"fips":"26127","name":"Oceana","state":"MI"},"geometry":{"type":"Polygon","coordinates":[[[-86.540787,43.644593],[-86.510319,43.698625],[-86.445123,43.771564],[-86.4354850382583,43.8194291980042],[-86.037884,43.815611],[-86.039491,43.467447],[-86.4635168866811,43.4723296995067],[-86.479276,43.515335],[-86.529507,43.593462],[-86.540787,43.644593]]]}},{"type":"Feature","properties":{"fips":"26149","name":"St. Joseph","state":"MI"},"geometry":{"type":"Polygon","coordinates":[[[-85.760186,41.798814],[-85.762943,42.069327],[-85.293626,42.071553],[-85.2921788113335,41.7597552747018],[-85.6597502379909,41.759236686047],[-85.7913349619628,41.7590510395575],[-85.760186,41.798814]]]}},{"type":"Feature","properties":{"fips":"27041","name":"Douglas","state":"MN"},"geometry":{"type":"Polygon","coordinates":[[[-95.76975,46.10745],[-95.14588,46.106761],[-95.139731,45.773416],[-95.13967,45.758891],[-95.758508,45.759932],[-95.76975,46.10745]]]}},{"type":"Feature","properties":{"fips":"29107","name":"Lafayette","state":"MO"},"geometry":{"type":"Polygon","coordinates":[[[-94.106764,39.091703],[-94.104823,39.143507],[-94.024206,39.154537],[-93.980088,39.205874],[-93.988892,39.152786],[-93.840147,39.215467],[-93.758463,39.207021],[-93.650526,39.248214],[-93.49196,39.223461],[-93.477233,39.292796],[-93.496377,38.942837],[-93.497278,38.92843],[-93.834719,38.937909],[-94.114175,38.917304],[-94.106764,39.091703]]]}},{"type":"Feature","properties":{"fips":"19151","name":"Pocahontas","state":"IA"},"geometry":{"type":"Polygon","coordinates":[[[-94.91389,42.9097],[-94.442954,42.908073],[-94.443083,42.645164],[-94.443024,42.558843],[-94.914485,42.560309],[-94.91389,42.9097]]]}},{"type":"Feature","properties":{"fips":"29133","name":"Mississippi","state":"MO"},"geometry":{"type":"Polygon","coordinates":[[[-89.519809,36.869617],[-89.501526,36.906262],[-89.375064,36.964947],[-89.3081469138122,37.0289484973829],[-89.257608,37.015496],[-89.195039,36.989768],[-89.132915,36.982057],[-89.098843,36.95785],[-89.1031354483266,36.9447609003223],[-89.120472,36.891896],[-89.147674,36.847148],[-89.155891,36.789126],[-89.1559849090704,36.7862926633714],[-89.15699,36.755968],[-89.202511,36.716618],[-89.165488,36.662426],[-89.1756497723469,36.6513192625535],[-89.199136,36.625649],[-89.227319,36.569375],[-89.278935,36.577699],[-89.324658,36.624032],[-89.327319777009,36.6239462887705],[-89.373741,36.702948],[-89.519701,36.847896],[-89.519809,36.869617]]]}},{"type":"Feature","properties":{"fips":"38079","name":"Rolette","state":"ND"},"geometry":{"type":"Polygon","coordinates":[[[-100.182606092555,48.9992301566536],[-99.91378,48.999049],[-99.5257738863997,48.9992712488674],[-99.525895,48.718384],[-99.493002,48.718359],[-99.493189,48.544834],[-100.145858,48.545211],[-100.145494,48.718875],[-100.183034,48.718909],[-100.182606092555,48.9992301566536]]]}},{"type":"Feature","properties":{"fips":"38063","name":"Nelson","state":"ND"},"geometry":{"type":"Polygon","coordinates":[[[-98.525609,48.021121],[-98.422474,48.02108],[-98.422057,48.194782],[-98.292184,48.195177],[-97.903313,48.194845],[-97.882065,48.020844],[-97.882271,47.672179],[-97.984248,47.672303],[-98.500181,47.672413],[-98.525391,47.672318],[-98.525516,47.846276],[-98.525555,47.915056],[-98.525609,48.021121]]]}},{"type":"Feature","properties":{"fips":"20169","name":"Saline","state":"KS"},"geometry":{"type":"Polygon","coordinates":[[[-97.92856,38.958395],[-97.371614,38.957852],[-97.381205,38.9289],[-97.371911,38.609353],[-97.924795,38.60988],[-97.928592,38.871099],[-97.92856,38.958395]]]}},{"type":"Feature","properties":{"fips":"17193","name":"White","state":"IL"},"geometry":{"type":"Polygon","coordinates":[[[-88.370375,38.255319],[-88.150891,38.256156],[-88.027749,38.255661],[-87.990628,38.259629],[-87.968968,38.237389],[-87.9702008408039,38.2302710583858],[-87.975819,38.197834],[-87.927468,38.151946],[-87.96221,38.100054],[-87.98877,38.055591],[-88.030884,38.030713],[-88.016311,37.961574],[-88.040861,37.891767],[-88.0594711307875,37.8666875964907],[-88.135887,37.916118],[-88.374521,37.908391],[-88.370375,38.255319]]]}},{"type":"Feature","properties":{"fips":"26003","name":"Alger","state":"MI"},"geometry":{"type":"Polygon","coordinates":[[[-87.1163595894707,46.5061514021205],[-86.976958,46.526581],[-86.903742,46.466138],[-86.810967,46.449663],[-86.750157,46.479109],[-86.695645,46.555026],[-86.62738,46.53371],[-86.557731,46.487434],[-86.45993,46.551928],[-86.188024,46.654008],[-86.138295,46.672935],[-85.995044,46.673676],[-85.8646071413292,46.6865683155134],[-85.864932,46.504758],[-86.364953,46.505852],[-86.364989,46.331927],[-86.615397,46.333263],[-86.615601,46.158691],[-87.116138,46.15905],[-87.1163595894707,46.5061514021205]]]}},{"type":"Feature","properties":{"fips":"20207","name":"Woodson","state":"KS"},"geometry":{"type":"Polygon","coordinates":[[[-95.959046,38.040195],[-95.51897,38.03823],[-95.519308,37.820259],[-95.525499,37.732759],[-95.960876,37.734304],[-95.959046,38.040195]]]}},{"type":"Feature","properties":{"fips":"20079","name":"Harvey","state":"KS"},"geometry":{"type":"Polygon","coordinates":[[[-97.701841,38.173814],[-97.37175,38.173673],[-97.153093,38.174634],[-97.152913,38.087704],[-97.152476,37.912733],[-97.701969,37.911325],[-97.701841,38.173814]]]}},{"type":"Feature","properties":{"fips":"31073","name":"Gosper","state":"NE"},"geometry":{"type":"Polygon","coordinates":[[[-100.095095,40.438656],[-99.981193,40.438291],[-99.981743,40.700003],[-99.699269,40.699969],[-99.643462,40.684911],[-99.642209,40.3512],[-100.094798,40.351245],[-100.095095,40.438656]]]}},{"type":"Feature","properties":{"fips":"29069","name":"Dunklin","state":"MO"},"geometry":{"type":"Polygon","coordinates":[[[-90.339343,36.047112],[-90.294492,36.112949],[-90.235585,36.139474],[-90.220425,36.184764],[-90.1891019136628,36.1989984552544],[-90.155928,36.214074],[-90.114922,36.265595],[-90.06398,36.303038],[-90.063526,36.356911],[-90.066136,36.386272],[-90.131038,36.415069],[-90.141399,36.459874],[-90.153871,36.495344],[-90.2207490539154,36.4959375921945],[-90.209954,36.542034],[-90.148398,36.630656],[-90.120573,36.631109],[-89.958786,36.629331],[-89.96799,36.403275],[-89.96131,36.388803],[-89.9593746319162,35.9990141141563],[-90.103842,35.998143],[-90.2890769140827,35.9965128689775],[-90.368718,35.995812],[-90.339343,36.047112]]]}},{"type":"Feature","properties":{"fips":"39045","name":"Fairfield","state":"OH"},"geometry":{"type":"Polygon","coordinates":[[[-82.824254,39.794996],[-82.794383,39.910785],[-82.811476,39.932116],[-82.782495,39.939662],[-82.493407,39.926063],[-82.462813,39.93038],[-82.472402,39.837223],[-82.396594,39.833057],[-82.374531,39.654959],[-82.490329,39.661704],[-82.496123,39.602849],[-82.617546,39.608605],[-82.620088,39.563987],[-82.731518,39.554445],[-82.842953,39.56148],[-82.824254,39.794996]]]}},{"type":"Feature","properties":{"fips":"38095","name":"Towner","state":"ND"},"geometry":{"type":"Polygon","coordinates":[[[-99.5257738863997,48.9992712488674],[-99.376068,48.999357],[-98.9998170456132,48.9999862727847],[-98.99989,48.718129],[-98.970368,48.718089],[-98.970392,48.544232],[-98.970842,48.370414],[-99.200306,48.370658],[-99.492919,48.370946],[-99.493189,48.544834],[-99.493002,48.718359],[-99.525895,48.718384],[-99.5257738863997,48.9992712488674]]]}},{"type":"Feature","properties":{"fips":"39069","name":"Henry","state":"OH"},"geometry":{"type":"Polygon","coordinates":[[[-84.341902,41.485519],[-83.882943,41.487543],[-83.883234,41.414503],[-83.881149,41.167824],[-84.228222,41.165862],[-84.228454,41.42781],[-84.341664,41.427568],[-84.341902,41.485519]]]}},{"type":"Feature","properties":{"fips":"46089","name":"McPherson","state":"SD"},"geometry":{"type":"Polygon","coordinates":[[[-99.718073,45.940907],[-99.61116,45.941098],[-99.490254,45.940362],[-99.34496,45.940299],[-99.092868,45.940184],[-99.0057543501525,45.9399443091284],[-99.005642,45.939944],[-98.7243744138881,45.9386747332615],[-98.725002,45.591252],[-99.707705,45.593391],[-99.717466,45.593428],[-99.718073,45.940907]]]}},{"type":"Feature","properties":{"fips":"27111","name":"Otter Tail","state":"MN"},"geometry":{"type":"Polygon","coordinates":[[[-96.281196,46.630779],[-96.172405,46.630649],[-96.174587,46.717854],[-95.247999,46.716255],[-95.16371,46.71764],[-95.15554,46.62994],[-95.15557,46.36888],[-95.145791,46.282368],[-95.14588,46.106761],[-95.76975,46.10745],[-96.265366,46.10861],[-96.28,46.28222],[-96.281196,46.630779]]]}},{"type":"Feature","properties":{"fips":"18061","name":"Harrison","state":"IN"},"geometry":{"type":"Polygon","coordinates":[[[-86.321274,38.147418],[-86.253427,38.291422],[-86.255045,38.422685],[-86.032769,38.417897],[-86.032557,38.330825],[-85.955199,38.25774],[-85.958023,38.185939],[-85.8959128763279,38.1799188193363],[-85.905164,38.11107],[-85.922395,38.028679],[-85.9517264381006,38.0149416294697],[-85.976028,38.00356],[-85.9973516597543,37.9912256022991],[-86.033386,37.970382],[-86.095766,38.00893],[-86.206439,38.021876],[-86.278656,38.098509],[-86.321274,38.147418]]]}},{"type":"Feature","properties":{"fips":"26059","name":"Hillsdale","state":"MI"},"geometry":{"type":"Polygon","coordinates":[[[-84.826491,42.072468],[-84.709556,42.070366],[-84.363297,42.073456],[-84.3604190413973,41.7069558826335],[-84.3995487854742,41.7059213574056],[-84.438067,41.704903],[-84.806082,41.696089],[-84.805883,41.760216],[-84.8251282838768,41.7601990063519],[-84.826491,42.072468]]]}},{"type":"Feature","properties":{"fips":"19183","name":"Washington","state":"IA"},"geometry":{"type":"Polygon","coordinates":[[[-91.946043,41.510749],[-91.829231,41.511457],[-91.519828,41.51101],[-91.483995,41.423848],[-91.485717,41.162405],[-91.716042,41.162808],[-91.838931,41.161514],[-91.945571,41.163578],[-91.946043,41.510749]]]}},{"type":"Feature","properties":{"fips":"39013","name":"Belmont","state":"OH"},"geometry":{"type":"Polygon","coordinates":[[[-81.234053,39.95127],[-81.225924,40.170075],[-81.195889,40.172138],[-81.089702,40.166998],[-80.882892,40.159495],[-80.766269,40.155111],[-80.7025753036226,40.1571413980097],[-80.705994,40.151591],[-80.736804,40.080072],[-80.7382226130315,40.033405951395],[-80.740126,39.970793],[-80.764479,39.95025],[-80.803394,39.918762],[-80.8234381047859,39.8500320873964],[-81.237316,39.867828],[-81.234053,39.95127]]]}},{"type":"Feature","properties":{"fips":"39053","name":"Gallia","state":"OH"},"geometry":{"type":"Polygon","coordinates":[[[-82.575583,38.844478],[-82.455179,38.844577],[-82.435309,39.035079],[-82.322874,39.027674],[-82.095465,39.002778],[-82.0988666505543,38.9608792844933],[-82.134766,38.905579],[-82.16157,38.824632],[-82.20929,38.802672],[-82.201537,38.760372],[-82.185567,38.659583],[-82.175167,38.608484],[-82.218967,38.591683],[-82.27427,38.593683],[-82.2821333440281,38.5798607964035],[-82.361674,38.585182],[-82.354468,38.67607],[-82.472478,38.682279],[-82.483579,38.772278],[-82.582683,38.779077],[-82.575583,38.844478]]]}},{"type":"Feature","properties":{"fips":"29143","name":"New Madrid","state":"MO"},"geometry":{"type":"Polygon","coordinates":[[[-89.96799,36.403275],[-89.958786,36.629331],[-89.700952,36.627453],[-89.691603,36.859517],[-89.56757,36.870909],[-89.519809,36.869617],[-89.519701,36.847896],[-89.373741,36.702948],[-89.327319777009,36.6239462887705],[-89.378694,36.622292],[-89.407906,36.562345],[-89.479346,36.566253],[-89.544434,36.57451],[-89.571481,36.538087],[-89.539232,36.497934],[-89.521021,36.461934],[-89.542337,36.420103],[-89.51038,36.378356],[-89.522695,36.344789],[-89.5450313339691,36.344271398663],[-89.611308,36.411273],[-89.728855,36.427504],[-89.752147,36.386396],[-89.96131,36.388803],[-89.96799,36.403275]]]}},{"type":"Feature","properties":{"fips":"26089","name":"Leelanau","state":"MI"},"geometry":{"type":"MultiPolygon","coordinates":[[[[-86.065966,44.821522],[-86.058862,44.911012],[-85.980219,44.906136],[-85.9316,44.968788],[-85.854304,44.938147],[-85.780439,44.977932],[-85.746444,45.051229],[-85.681096,45.092693],[-85.633124,45.170899],[-85.551072,45.210742],[-85.531461,45.177247],[-85.56613,45.043633],[-85.5551427027088,45.0270345441369],[-85.618033,44.774557],[-85.815119,44.774534],[-85.937084,44.778345],[-86.0784981880303,44.7783307476609],[-86.065966,44.821522]]],[[[-86.138095,45.043038],[-86.04443,45.159582],[-85.989412,45.151069],[-85.954021,45.119281],[-85.976883,45.06266],[-86.081487,44.990096],[-86.154824,45.002394],[-86.138095,45.043038]]]]}},{"type":"Feature","properties":{"fips":"31179","name":"Wayne","state":"NE"},"geometry":{"type":"Polygon","coordinates":[[[-97.367724,42.351861],[-97.017789,42.351347],[-97.01773,42.264453],[-96.822497,42.264292],[-96.82367,42.090411],[-97.019359,42.090577],[-97.368404,42.090922],[-97.367724,42.351861]]]}},{"type":"Feature","properties":{"fips":"20209","name":"Wyandotte","state":"KS"},"geometry":{"type":"Polygon","coordinates":[[[-94.908465,39.116001],[-94.900191,39.202911],[-94.7919946737433,39.2012602502402],[-94.741938,39.170203],[-94.680336,39.184303],[-94.623934,39.156603],[-94.6019379819211,39.1555032334638],[-94.591933,39.155003],[-94.607354,39.113444],[-94.6075301405959,39.0897840043202],[-94.607870353374,39.0440850964785],[-94.874802,39.058045],[-94.908765,38.991401],[-94.908465,39.116001]]]}},{"type":"Feature","properties":{"fips":"27173","name":"Yellow Medicine","state":"MN"},"geometry":{"type":"Polygon","coordinates":[[[-96.4548305155538,44.8055502040458],[-95.849009,44.805347],[-95.847452,44.891799],[-95.737309,44.891479],[-95.736696,44.93604],[-95.498078,44.789461],[-95.482843,44.752505],[-95.415854,44.734505],[-95.360177,44.69854],[-95.3604,44.541762],[-95.594817,44.542305],[-95.604001,44.629945],[-96.09295,44.630486],[-96.4538066996671,44.631335831948],[-96.4548305155538,44.8055502040458]]]}},{"type":"Feature","properties":{"fips":"31053","name":"Dodge","state":"NE"},"geometry":{"type":"Polygon","coordinates":[[[-96.905922,41.742763],[-96.555172,41.742018],[-96.444217,41.741775],[-96.444785,41.683633],[-96.434792,41.494928],[-96.329012,41.393136],[-96.47072,41.393239],[-96.568677,41.432986],[-96.905862,41.453389],[-96.90591,41.456436],[-96.905922,41.742763]]]}},{"type":"Feature","properties":{"fips":"39111","name":"Monroe","state":"OH"},"geometry":{"type":"Polygon","coordinates":[[[-81.313591,39.869471],[-81.237316,39.867828],[-80.8234381047859,39.8500320873964],[-80.824276,39.847159],[-80.824969,39.801092],[-80.869933,39.763555],[-80.8355216930075,39.7192518022001],[-80.829764,39.711839],[-80.865575,39.662751],[-80.943782,39.606926],[-81.0373650419871,39.5380557124726],[-81.036783,39.572249],[-81.283079,39.605663],[-81.280597,39.706936],[-81.313591,39.869471]]]}},{"type":"Feature","properties":{"fips":"26103","name":"Marquette","state":"MI"},"geometry":{"type":"Polygon","coordinates":[[[-88.116571,46.419951],[-88.115843,46.678381],[-87.991546,46.679113],[-87.991389,46.765159],[-88.044709,46.765353],[-88.0445216822815,46.9174499452762],[-87.900339,46.909686],[-87.77693,46.876726],[-87.687164,46.841742],[-87.595307,46.78295],[-87.573203,46.720471],[-87.503025,46.647497],[-87.381649,46.580059],[-87.366767,46.507303],[-87.175065,46.497548],[-87.1163595894707,46.5061514021205],[-87.116138,46.15905],[-87.241506,46.159103],[-87.242885,45.985117],[-87.367849,45.985321],[-87.617091,45.986014],[-87.615597,46.246653],[-88.117407,46.246618],[-88.116571,46.419951]]]}},{"type":"Feature","properties":{"fips":"27123","name":"Ramsey","state":"MN"},"geometry":{"type":"Polygon","coordinates":[[[-93.227696,45.124533],[-93.020518,45.123866],[-92.984619,45.123622],[-92.98421,44.894594],[-93.020044,44.89075],[-93.096041,44.923287],[-93.178539,44.888338],[-93.200367,44.909625],[-93.208092,45.035744],[-93.226929,45.035671],[-93.227059,45.049937],[-93.227696,45.124533]]]}},{"type":"Feature","properties":{"fips":"31007","name":"Banner","state":"NE"},"geometry":{"type":"Polygon","coordinates":[[[-104.052825094979,41.6978228532141],[-103.370391,41.69921],[-103.369005,41.437766],[-103.37762,41.394633],[-104.052287134121,41.3932140001934],[-104.052287,41.393307],[-104.052634571633,41.5642757795737],[-104.052735,41.613676],[-104.052825094979,41.6978228532141]]]}},{"type":"Feature","properties":{"fips":"17189","name":"Washington","state":"IL"},"geometry":{"type":"Polygon","coordinates":[[[-89.704245,38.415779],[-89.572447,38.482831],[-89.48188,38.46859],[-89.3513,38.518809],[-89.143866,38.503089],[-89.144388,38.473878],[-89.147597,38.212895],[-89.592797,38.219271],[-89.703256,38.219404],[-89.704245,38.415779]]]}},{"type":"Feature","properties":{"fips":"39091","name":"Logan","state":"OH"},"geometry":{"type":"Polygon","coordinates":[[[-84.010101,40.3176],[-84.003921,40.329147],[-84.002372,40.483115],[-83.993699,40.535201],[-83.880039,40.538694],[-83.880001,40.531893],[-83.520227,40.504077],[-83.551338,40.22937],[-83.784196,40.260046],[-84.014763,40.273459],[-84.010101,40.3176]]]}},{"type":"Feature","properties":{"fips":"46097","name":"Miner","state":"SD"},"geometry":{"type":"Polygon","coordinates":[[[-97.849492,44.195235],[-97.370115,44.194971],[-97.369463,43.848526],[-97.608517,43.849059],[-97.85111,43.849857],[-97.849492,44.195235]]]}},{"type":"Feature","properties":{"fips":"55053","name":"Jackson","state":"WI"},"geometry":{"type":"Polygon","coordinates":[[[-91.165619,44.596987],[-91.043815,44.59664],[-90.92235,44.596293],[-90.922889,44.50984],[-90.801525,44.509681],[-90.801918,44.422442],[-90.558746,44.42221],[-90.316055,44.424502],[-90.317818,44.26595],[-90.31268,44.24875],[-90.312522,44.155198],[-90.553421,44.160215],[-90.904579,44.158298],[-90.977279,44.129608],[-90.973107,44.070882],[-91.136059,44.07102],[-91.151932,44.079665],[-91.165548,44.247445],[-91.165619,44.596987]]]}},{"type":"Feature","properties":{"fips":"29025","name":"Caldwell","state":"MO"},"geometry":{"type":"Polygon","coordinates":[[[-94.205961,39.745841],[-94.205844,39.788954],[-93.758992,39.784674],[-93.758357,39.611407],[-93.759183,39.524558],[-94.208423,39.5272],[-94.205961,39.745841]]]}},{"type":"Feature","properties":{"fips":"39039","name":"Defiance","state":"OH"},"geometry":{"type":"Polygon","coordinates":[[[-84.8042532576115,41.4260497115499],[-84.341664,41.427568],[-84.228454,41.42781],[-84.228222,41.165862],[-84.341602,41.165524],[-84.341601,41.20903],[-84.457059,41.209434],[-84.457217,41.253485],[-84.8036449822555,41.2525616835482],[-84.8037025496349,41.2709318889484],[-84.804133,41.408292],[-84.8042532576115,41.4260497115499]]]}},{"type":"Feature","properties":{"fips":"17201","name":"Winnebago","state":"IL"},"geometry":{"type":"Polygon","coordinates":[[[-89.4014168110406,42.5004419310737],[-89.3657986076635,42.5000259669515],[-89.0674411431083,42.4965416249841],[-89.042898,42.496255],[-88.940384860378,42.4954398274712],[-88.939732,42.15232],[-89.172803,42.150417],[-89.173,42.204241],[-89.396192,42.201916],[-89.397434,42.288722],[-89.397665,42.332022],[-89.4014168110406,42.5004419310737]]]}},{"type":"Feature","properties":{"fips":"27025","name":"Chisago","state":"MN"},"geometry":{"type":"Polygon","coordinates":[[[-93.141793,45.730657],[-92.8407421066255,45.7293967344697],[-92.869689,45.715142],[-92.886697124409,45.644148],[-92.887929,45.639006],[-92.881136,45.573409],[-92.801503,45.562854],[-92.756906,45.557499],[-92.728023,45.525652],[-92.686793,45.472271],[-92.646768,45.437929],[-92.658486,45.396058],[-92.698967,45.336374],[-92.7482676746859,45.2960593865098],[-93.01944,45.296929],[-93.019563,45.41177],[-93.022274,45.557154],[-93.141974,45.558109],[-93.141793,45.730657]]]}},{"type":"Feature","properties":{"fips":"26159","name":"Van Buren","state":"MI"},"geometry":{"type":"Polygon","coordinates":[[[-86.356218,42.254166],[-86.284448,42.394563],[-86.2769940445315,42.4193103159263],[-85.764697,42.420715],[-85.764605,42.157254],[-85.762943,42.069327],[-86.22294,42.071484],[-86.223563,42.243379],[-86.3663791270383,42.2431077271809],[-86.356218,42.254166]]]}},{"type":"Feature","properties":{"fips":"17051","name":"Fayette","state":"IL"},"geometry":{"type":"Polygon","coordinates":[[[-89.25736,38.99917],[-89.250309,39.028185],[-89.250513,39.217512],[-89.139464,39.217773],[-89.027762,39.215467],[-88.805325,39.216263],[-88.806795,38.911585],[-88.693531,38.914617],[-88.695165,38.826299],[-89.138138,38.824209],[-89.138393,38.736331],[-89.254185,38.742018],[-89.25736,38.99917]]]}},{"type":"Feature","properties":{"fips":"17197","name":"Will","state":"IL"},"geometry":{"type":"Polygon","coordinates":[[[-88.261275,41.724656],[-88.148194,41.726117],[-88.030352,41.728894],[-88.028973,41.685242],[-88.028557,41.669915],[-88.027688,41.641506],[-87.91193,41.643933],[-87.909377,41.556819],[-87.792793,41.55854],[-87.790408,41.528041],[-87.787302,41.469839],[-87.5254093533475,41.4702806660617],[-87.526768,41.298177],[-87.5267678862275,41.2980516024792],[-87.781662,41.295863],[-87.842535,41.295101],[-88.013919,41.292447],[-88.01181,41.205508],[-88.244144,41.201566],[-88.252219,41.462753],[-88.252231,41.463066],[-88.261275,41.724656]]]}},{"type":"Feature","properties":{"fips":"19063","name":"Emmet","state":"IA"},"geometry":{"type":"Polygon","coordinates":[[[-94.9146134847136,43.5005958729861],[-94.874235,43.500557],[-94.8545550676107,43.5005534191522],[-94.4428499897182,43.5004785076547],[-94.443137,43.255014],[-94.913723,43.255054],[-94.9146134847136,43.5005958729861]]]}},{"type":"Feature","properties":{"fips":"29087","name":"Holt","state":"MO"},"geometry":{"type":"Polygon","coordinates":[[[-95.5481820011801,40.2644146728427],[-95.180614,40.261706],[-95.064972,40.246589],[-95.04308,40.130096],[-95.06071,40.069866],[-95.010542,40.046761],[-94.9933742397144,39.8985652599923],[-95.018743,39.897372],[-95.081534,39.861718],[-95.142445,39.89542],[-95.231114,39.943784],[-95.30829,39.999998],[-95.348777,40.029297],[-95.382957,40.027112],[-95.414734,40.06982],[-95.394216,40.108263],[-95.432165,40.141025],[-95.48102,40.188524],[-95.472548,40.236078],[-95.54716,40.259066],[-95.5478703162703,40.2627834608198],[-95.5481820011801,40.2644146728427]]]}},{"type":"Feature","properties":{"fips":"39093","name":"Lorain","state":"OH"},"geometry":{"type":"Polygon","coordinates":[[[-82.3480192068912,41.4272633087345],[-82.268479,41.430842],[-82.181598,41.471634],[-81.994565,41.51444],[-81.968480702529,41.5038610079018],[-81.971262,41.351268],[-81.87696,41.350685],[-81.878053,41.275044],[-81.972485,41.274829],[-81.973895,41.199831],[-82.072465,41.19985],[-82.074266,41.136456],[-82.169875,41.137097],[-82.171492,41.063537],[-82.336496,41.065761],[-82.342337,41.284244],[-82.3480192068912,41.4272633087345]]]}},{"type":"Feature","properties":{"fips":"31107","name":"Knox","state":"NE"},"geometry":{"type":"Polygon","coordinates":[[[-98.3081868164513,42.8864892074256],[-98.280007,42.874996],[-98.231922,42.86114],[-98.1525866548382,42.8411533810637],[-98.14806,42.840013],[-98.1047,42.808475],[-98.035034,42.764205],[-97.950147,42.769619],[-97.905001,42.798872],[-97.876887,42.852663],[-97.857957,42.865093],[-97.801344,42.858003],[-97.70103,42.843797],[-97.6354420904415,42.8518090751855],[-97.59926,42.856229],[-97.515948,42.853752],[-97.484916876342,42.8500032148679],[-97.485298,42.438578],[-97.834431,42.437684],[-98.300235,42.436913],[-98.30544,42.451422],[-98.305149,42.761207],[-98.310239,42.784618],[-98.3081868164513,42.8864892074256]]]}},{"type":"Feature","properties":{"fips":"27009","name":"Benton","state":"MN"},"geometry":{"type":"Polygon","coordinates":[[[-94.353112,45.821967],[-93.763948,45.822143],[-93.75945,45.559618],[-94.149467,45.559066],[-94.203666,45.619556],[-94.189822,45.673531],[-94.203049,45.678153],[-94.271776,45.775208],[-94.353112,45.821967]]]}},{"type":"Feature","properties":{"fips":"27019","name":"Carver","state":"MN"},"geometry":{"type":"Polygon","coordinates":[[[-94.012236,44.978712],[-93.767532,44.977646],[-93.768385,44.89087],[-93.520706,44.891502],[-93.520159,44.805037],[-93.579981,44.793645],[-93.629143,44.698379],[-93.768039,44.640384],[-93.768176,44.67352],[-93.888831,44.673409],[-93.888636,44.717044],[-94.010494,44.717464],[-94.012236,44.978712]]]}},{"type":"Feature","properties":{"fips":"46083","name":"Lincoln","state":"SD"},"geometry":{"type":"Polygon","coordinates":[[[-96.924841,43.500007],[-96.598928,43.500457],[-96.584603,43.46961],[-96.594254,43.434153],[-96.521572,43.38564],[-96.524289,43.347214],[-96.530392,43.300034],[-96.578823,43.291095],[-96.5590273427097,43.257555675618],[-96.552963,43.247281],[-96.522084,43.22096],[-96.475571,43.221054],[-96.458854,43.143356],[-96.439335,43.113916],[-96.4520975160537,43.0825529251945],[-96.805682,43.08367],[-96.924142,43.083733],[-96.924841,43.500007]]]}},{"type":"Feature","properties":{"fips":"20063","name":"Gove","state":"KS"},"geometry":{"type":"Polygon","coordinates":[[[-100.811858,39.13336],[-100.721296,39.133381],[-100.1642,39.132071],[-100.14794,39.132179],[-100.153823,38.697341],[-100.2472,38.698165],[-100.688006,38.700021],[-100.818698,38.699861],[-100.811858,39.13336]]]}},{"type":"Feature","properties":{"fips":"46137","name":"Ziebach","state":"SD"},"geometry":{"type":"Polygon","coordinates":[[[-101.999994,45.038274],[-101.99979,45.472414],[-101.47019,45.472416],[-101.486348,45.38559],[-101.486593,45.038374],[-101.500512,44.99378],[-101.136162,44.994074],[-101.136838,44.747126],[-101.229495,44.692287],[-101.361918,44.687825],[-101.38146,44.653667],[-101.456072,44.636203],[-101.531035,44.567875],[-101.715038,44.579483],[-101.811198,44.522373],[-101.889038,44.538458],[-102.000432,44.511663],[-101.999994,45.038274]]]}},{"type":"Feature","properties":{"fips":"39061","name":"Hamilton","state":"OH"},"geometry":{"type":"Polygon","coordinates":[[[-84.820159,39.227225],[-84.8188774692751,39.3051435835594],[-84.8188770978104,39.3051661690523],[-84.630047,39.312056],[-84.370755,39.294398],[-84.353209,39.292287],[-84.262172,39.288342],[-84.259431,39.27086],[-84.319984,39.223703],[-84.299448,39.173875],[-84.3212072268568,39.0205863526894],[-84.326539,39.027463],[-84.40094,39.046362],[-84.432941,39.083961],[-84.445242,39.114461],[-84.462042,39.12176],[-84.480943,39.11676],[-84.493743,39.10246],[-84.5065187374369,39.101766408188],[-84.550844,39.09936],[-84.607928,39.073238],[-84.6220474364107,39.0783346767822],[-84.677247,39.09826],[-84.7119293134928,39.130678600088],[-84.714048,39.132659],[-84.750749,39.147358],[-84.820157,39.10548],[-84.820159,39.227225]]]}},{"type":"Feature","properties":{"fips":"17011","name":"Bureau","state":"IL"},"geometry":{"type":"Polygon","coordinates":[[[-89.862351,41.584005],[-89.631494,41.584949],[-89.166561,41.585289],[-89.166542,41.495832],[-89.163705,41.310187],[-89.33888,41.299134],[-89.348198,41.259284],[-89.350253,41.252554],[-89.466389,41.233872],[-89.466101,41.148524],[-89.638536,41.148545],[-89.638708,41.233862],[-89.857616,41.234479],[-89.856619,41.320967],[-89.862351,41.584005]]]}},{"type":"Feature","properties":{"fips":"17057","name":"Fulton","state":"IL"},"geometry":{"type":"Polygon","coordinates":[[[-90.450227,40.276335],[-90.447461,40.452055],[-90.446883,40.539839],[-90.445627,40.627638],[-90.444339,40.714868],[-89.986064,40.712361],[-89.989018,40.625835],[-89.87368,40.624975],[-89.872462,40.513225],[-89.905582,40.451506],[-89.92468,40.435921],[-90.03795,40.375041],[-90.118966,40.235263],[-90.199635,40.183812],[-90.451916,40.188803],[-90.450227,40.276335]]]}},{"type":"Feature","properties":{"fips":"20021","name":"Cherokee","state":"KS"},"geometry":{"type":"Polygon","coordinates":[[[-95.075166,37.339937],[-94.6177538916066,37.338418],[-94.618351,37.160211],[-94.618102891103,37.0567963908729],[-94.617964,36.998905],[-94.71277,36.998794],[-94.995293,36.999529],[-95.0076200044721,36.9995225591258],[-95.0735039666303,36.9994881346791],[-95.075166,37.339937]]]}},{"type":"Feature","properties":{"fips":"17137","name":"Morgan","state":"IL"},"geometry":{"type":"Polygon","coordinates":[[[-90.571424,39.838961],[-90.583534,39.87675],[-89.994405,39.87286],[-89.993539,39.785393],[-89.926037,39.522104],[-90.153782,39.520315],[-90.301831,39.520344],[-90.300666,39.636541],[-90.372969,39.665781],[-90.371256,39.753122],[-90.483063,39.78924],[-90.599105,39.79006],[-90.571424,39.838961]]]}},{"type":"Feature","properties":{"fips":"46003","name":"Aurora","state":"SD"},"geometry":{"type":"Polygon","coordinates":[[[-98.807771,43.935223],[-98.331508,43.937708],[-98.331545,43.868519],[-98.325242,43.851058],[-98.320595,43.498651],[-98.705782,43.499319],[-98.794588,43.499187],[-98.796965,43.848575],[-98.807771,43.935223]]]}},{"type":"Feature","properties":{"fips":"17033","name":"Crawford","state":"IL"},"geometry":{"type":"Polygon","coordinates":[[[-87.950385,39.174882],[-87.656919,39.172179],[-87.6383674685664,39.1578118692748],[-87.625379,39.101806],[-87.572588,39.057286],[-87.579117,39.001607],[-87.529496,38.971925],[-87.527645,38.907688],[-87.5287176636979,38.9059437862892],[-87.54737,38.875614],[-87.5352570508085,38.8524914649674],[-87.787011,38.848857],[-87.908113,38.850107],[-87.945919,38.850148],[-87.950385,39.174882]]]}},{"type":"Feature","properties":{"fips":"18087","name":"LaGrange","state":"IN"},"geometry":{"type":"Polygon","coordinates":[[[-85.6597502379909,41.759236686047],[-85.2921788113335,41.7597552747018],[-85.232835,41.759839],[-85.196774200302,41.759870841803],[-85.194084,41.526437],[-85.654747,41.523347],[-85.6597502379909,41.759236686047]]]}},{"type":"Feature","properties":{"fips":"19025","name":"Calhoun","state":"IA"},"geometry":{"type":"Polygon","coordinates":[[[-94.914485,42.560309],[-94.443024,42.558843],[-94.443033,42.473378],[-94.397671,42.4733],[-94.397526,42.209161],[-94.628806,42.209396],[-94.858412,42.209692],[-94.856689,42.473996],[-94.914487,42.47419],[-94.914485,42.560309]]]}},{"type":"Feature","properties":{"fips":"18121","name":"Parke","state":"IN"},"geometry":{"type":"Polygon","coordinates":[[[-87.420221,39.952452],[-87.091006,39.953009],[-87.091542,39.867265],[-87.009477,39.866705],[-87.013062,39.604787],[-87.199012,39.607137],[-87.382418,39.607937],[-87.395982,39.652866],[-87.353863,39.862077],[-87.420221,39.952452]]]}},{"type":"Feature","properties":{"fips":"18141","name":"St. Joseph","state":"IN"},"geometry":{"type":"Polygon","coordinates":[[[-86.5242197424429,41.7595721559735],[-86.501773,41.759553],[-86.2260943449874,41.7600159591164],[-86.22607,41.760016],[-86.0625630290106,41.759653033158],[-86.059451,41.479154],[-86.467108,41.476459],[-86.466603,41.432968],[-86.524711,41.432886],[-86.487029,41.642125],[-86.526682,41.65044],[-86.5242197424429,41.7595721559735]]]}},{"type":"Feature","properties":{"fips":"27021","name":"Cass","state":"MN"},"geometry":{"type":"Polygon","coordinates":[[[-94.787126,46.803943],[-94.659942,46.803716],[-94.663855,47.03549],[-94.670214,47.410151],[-94.416387,47.411829],[-94.416214,47.44486],[-94.327531,47.415844],[-94.095115,47.477972],[-94.027858,47.408633],[-94.027108,47.352277],[-93.93327,47.304639],[-93.888213,47.318856],[-93.77401,47.30506],[-93.80882,47.232622],[-93.77393,47.211335],[-93.775257,47.030418],[-93.776024,46.802891],[-94.34291,46.805529],[-94.345387,46.631338],[-94.329287,46.285993],[-94.341679,46.277705],[-94.426529,46.332336],[-94.534724,46.302797],[-94.653462,46.348678],[-94.717126,46.351368],[-94.731442,46.368605],[-94.779121,46.394215],[-94.787126,46.803943]]]}},{"type":"Feature","properties":{"fips":"38101","name":"Ward","state":"ND"},"geometry":{"type":"Polygon","coordinates":[[[-102.2336,48.72029],[-102.152545,48.720294],[-102.152164,48.8072],[-102.021643,48.807108],[-102.021428,48.720283],[-101.842244,48.720064],[-101.842841,48.459439],[-101.059833,48.458448],[-101.014232,48.371432],[-100.970456,48.022777],[-100.971158,47.848696],[-101.871862,47.847589],[-101.871537,48.023176],[-101.922123,48.023173],[-101.922237,48.37233],[-101.973542,48.372275],[-101.973282,48.546485],[-102.233892,48.546339],[-102.2336,48.72029]]]}},{"type":"Feature","properties":{"fips":"31101","name":"Keith","state":"NE"},"geometry":{"type":"Polygon","coordinates":[[[-102.055256,41.395162],[-101.984567,41.395012],[-101.40726,41.395416],[-101.269695,41.394934],[-101.270381,41.047392],[-101.249975,41.00395],[-102.026997,41.003194],[-102.051761,41.003874],[-102.055599,41.221547],[-102.055256,41.395162]]]}},{"type":"Feature","properties":{"fips":"18173","name":"Warrick","state":"IN"},"geometry":{"type":"Polygon","coordinates":[[[-87.467284,38.165403],[-87.31703,38.201753],[-87.316893,38.246077],[-87.298388,38.231671],[-87.073067,38.232596],[-87.01749,38.20358],[-87.017453,38.118301],[-87.072332,38.11828],[-87.268003,37.924766],[-87.270387407739,37.87542282659],[-87.304057452442,37.8934325491223],[-87.331765,37.908253],[-87.418585,37.944763],[-87.4487002885408,37.9338545298067],[-87.473011,38.035135],[-87.467284,38.165403]]]}},{"type":"Feature","properties":{"fips":"17113","name":"McLean","state":"IL"},"geometry":{"type":"Polygon","coordinates":[[[-89.269397,40.594318],[-89.133752,40.596734],[-89.044368,40.627428],[-88.984722,40.664953],[-88.986896,40.752297],[-88.929331,40.753337],[-88.584272,40.757608],[-88.58215,40.670604],[-88.574502,40.61655],[-88.459475,40.617345],[-88.45926,40.530039],[-88.459957,40.39885],[-88.460269,40.310991],[-88.460418,40.281935],[-88.491052,40.281219],[-88.574885,40.281501],[-89.034711,40.282797],[-89.148764,40.282038],[-89.26265,40.280919],[-89.26374,40.325344],[-89.265404,40.42753],[-89.269397,40.594318]]]}},{"type":"Feature","properties":{"fips":"27061","name":"Itasca","state":"MN"},"geometry":{"type":"Polygon","coordinates":[[[-94.418543,47.845816],[-93.776173,47.846404],[-93.775772,47.89895],[-93.080906,47.891864],[-93.061497,47.720406],[-93.069636,47.400174],[-93.056761,47.026406],[-93.775257,47.030418],[-93.77393,47.211335],[-93.80882,47.232622],[-93.77401,47.30506],[-93.888213,47.318856],[-93.93327,47.304639],[-94.027108,47.352277],[-94.027858,47.408633],[-94.095115,47.477972],[-94.327531,47.415844],[-94.416214,47.44486],[-94.418543,47.845816]]]}},{"type":"Feature","properties":{"fips":"20185","name":"Stafford","state":"KS"},"geometry":{"type":"Polygon","coordinates":[[[-99.022136,38.000236],[-98.913136,38.000451],[-98.912583,38.261088],[-98.479841,38.26079],[-98.472455,38.238647],[-98.472794,38.172757],[-98.472257,37.824497],[-99.013318,37.825336],[-99.022547,37.839899],[-99.022136,38.000236]]]}},{"type":"Feature","properties":{"fips":"27091","name":"Martin","state":"MN"},"geometry":{"type":"Polygon","coordinates":[[[-94.854444,43.848099],[-94.368974,43.848047],[-94.247123,43.847946],[-94.2479674415552,43.5001754767076],[-94.390597,43.500469],[-94.4428499897182,43.5004785076547],[-94.8545550676107,43.5005534191522],[-94.854444,43.848099]]]}},{"type":"Feature","properties":{"fips":"55093","name":"Pierce","state":"WI"},"geometry":{"type":"Polygon","coordinates":[[[-92.805287,44.768361],[-92.768574,44.854368],[-92.7671173343572,44.8615151858759],[-92.7670232657519,44.8619767370977],[-92.136348,44.857848],[-92.135202,44.684374],[-92.1353,44.53958],[-92.3169331334058,44.5392760122027],[-92.361518,44.558935],[-92.399281,44.558292],[-92.54928,44.577704],[-92.618025,44.61287],[-92.696491,44.689436],[-92.7316238513032,44.7149227852596],[-92.7923607996705,44.7589838136971],[-92.805287,44.768361]]]}},{"type":"Feature","properties":{"fips":"55097","name":"Portage","state":"WI"},"geometry":{"type":"Polygon","coordinates":[[[-89.844931,44.684945],[-89.223745,44.681365],[-89.224813,44.243393],[-89.59798,44.245725],[-89.724746,44.247678],[-89.726725,44.511192],[-89.844546,44.511503],[-89.844931,44.684945]]]}},{"type":"Feature","properties":{"fips":"55117","name":"Sheboygan","state":"WI"},"geometry":{"type":"Polygon","coordinates":[[[-88.162274,43.891511],[-88.041794,43.891692],[-87.7285795423089,43.8922088874568],[-87.736017,43.873721],[-87.726407,43.810445],[-87.700251,43.76735],[-87.708185,43.722895],[-87.706204,43.679542],[-87.790135,43.563054],[-87.7910201400285,43.543015444928],[-88.040528,43.542361],[-88.160873,43.542943],[-88.162274,43.891511]]]}},{"type":"Feature","properties":{"fips":"29073","name":"Gasconade","state":"MO"},"geometry":{"type":"Polygon","coordinates":[[[-91.644729,38.28851],[-91.640372,38.703792],[-91.558185,38.676635],[-91.418637,38.709778],[-91.369192,38.699324],[-91.367482,38.209741],[-91.535115,38.210976],[-91.534384,38.152593],[-91.630554,38.153519],[-91.644847,38.164737],[-91.644729,38.28851]]]}},{"type":"Feature","properties":{"fips":"55139","name":"Winnebago","state":"WI"},"geometry":{"type":"Polygon","coordinates":[[[-88.886673,44.242622],[-88.7662,44.243366],[-88.73977,44.243303],[-88.564981,44.24371],[-88.40407,44.244102],[-88.40351,44.001286],[-88.404187,43.9382],[-88.403195,43.892977],[-88.885697,43.895184],[-88.886193,43.983233],[-88.886673,44.242622]]]}},{"type":"Feature","properties":{"fips":"39057","name":"Greene","state":"OH"},"geometry":{"type":"Polygon","coordinates":[[[-84.092938,39.838345],[-84.053713,39.850714],[-83.939806,39.843449],[-83.941289,39.828838],[-83.827413,39.82265],[-83.829499,39.797782],[-83.740851,39.78151],[-83.72007,39.779902],[-83.647169,39.773029],[-83.65333,39.716876],[-83.670196,39.550254],[-83.976987,39.569402],[-84.114174,39.57823],[-84.092938,39.838345]]]}},{"type":"Feature","properties":{"fips":"39119","name":"Muskingum","state":"OH"},"geometry":{"type":"Polygon","coordinates":[[[-82.198728,39.950196],[-82.187105,40.16688],[-81.716276,40.152166],[-81.728611,39.931728],[-81.694146,39.842636],[-81.697442,39.755572],[-82.076639,39.77096],[-82.072934,39.816227],[-82.170047,39.82075],[-82.162385,39.909371],[-82.233974,39.91326],[-82.198728,39.950196]]]}},{"type":"Feature","properties":{"fips":"19097","name":"Jackson","state":"IA"},"geometry":{"type":"Polygon","coordinates":[[[-90.89802,42.295236],[-90.665551,42.294699],[-90.665029,42.382155],[-90.4843456727163,42.3815977781919],[-90.44632,42.357041],[-90.417125,42.319943],[-90.430884,42.27823],[-90.400653,42.239293],[-90.338169,42.203321],[-90.3151462239686,42.1937168744807],[-90.26908,42.1745],[-90.207421,42.149109],[-90.161159,42.106372],[-90.163446,42.040407],[-90.1596824511227,42.0330872575859],[-90.898373,42.033548],[-90.89802,42.295236]]]}},{"type":"Feature","properties":{"fips":"19101","name":"Jefferson","state":"IA"},"geometry":{"type":"Polygon","coordinates":[[[-92.179974,41.162662],[-91.945571,41.163578],[-91.838931,41.161514],[-91.716042,41.162808],[-91.71818,40.901087],[-92.179072,40.89972],[-92.179974,41.162662]]]}},{"type":"Feature","properties":{"fips":"19137","name":"Montgomery","state":"IA"},"geometry":{"type":"Polygon","coordinates":[[[-95.384349,41.160011],[-95.155851,41.159236],[-94.927587,41.158508],[-94.928459,40.900653],[-95.384964,40.90155],[-95.384349,41.160011]]]}},{"type":"Feature","properties":{"fips":"17175","name":"Stark","state":"IL"},"geometry":{"type":"Polygon","coordinates":[[[-89.984559,41.149394],[-89.868152,41.149493],[-89.857616,41.234479],[-89.638708,41.233862],[-89.638536,41.148545],[-89.638727,40.973707],[-89.985479,40.974495],[-89.984559,41.149394]]]}},{"type":"Feature","properties":{"fips":"55131","name":"Washington","state":"WI"},"geometry":{"type":"Polygon","coordinates":[[[-88.418439,43.370175],[-88.400426,43.543532],[-88.160873,43.542943],[-88.040528,43.542361],[-88.039983,43.367883],[-88.062426,43.367289],[-88.063353,43.192117],[-88.417987,43.194697],[-88.418439,43.370175]]]}},{"type":"Feature","properties":{"fips":"38097","name":"Traill","state":"ND"},"geometry":{"type":"Polygon","coordinates":[[[-97.472745,47.672051],[-96.8934933013398,47.6721269594437],[-96.882376,47.649025],[-96.854073,47.57201],[-96.8559593490532,47.499173229529],[-96.85748,47.440457],[-96.84022,47.276981],[-96.8360095945419,47.2379818754871],[-97.451512,47.239061],[-97.473978,47.324542],[-97.472745,47.672051]]]}},{"type":"Feature","properties":{"fips":"39049","name":"Franklin","state":"OH"},"geometry":{"type":"Polygon","coordinates":[[[-83.25535,40.048247],[-83.206273,40.107733],[-83.169872,40.143077],[-83.063808,40.138282],[-82.884101,40.131247],[-82.761827,40.125855],[-82.773825,39.976125],[-82.782495,39.939662],[-82.811476,39.932116],[-82.794383,39.910785],[-82.824254,39.794996],[-83.243702,39.812503],[-83.25535,40.048247]]]}},{"type":"Feature","properties":{"fips":"26135","name":"Oscoda","state":"MI"},"geometry":{"type":"Polygon","coordinates":[[[-84.371737,44.855039],[-83.888482,44.856635],[-83.888484,44.856458],[-83.886634,44.508976],[-84.370643,44.507223],[-84.371737,44.855039]]]}},{"type":"Feature","properties":{"fips":"46127","name":"Union","state":"SD"},"geometry":{"type":"Polygon","coordinates":[[[-96.805682,43.08367],[-96.4520975160537,43.0825529251945],[-96.458201,43.067554],[-96.511605,43.039927],[-96.492693,43.005089],[-96.520246,42.977643],[-96.500308,42.959391],[-96.541689,42.922576],[-96.5404723291933,42.908595697956],[-96.537851,42.878475],[-96.577937,42.827645],[-96.621875,42.779255],[-96.624704,42.725497],[-96.591602,42.688081],[-96.526766,42.641184],[-96.48002247898,42.5613247765607],[-96.476952,42.556079],[-96.49297,42.517282],[-96.477454,42.509589],[-96.445508,42.49063],[-96.501321,42.482749],[-96.525142,42.510234],[-96.611489,42.506088],[-96.6279454569017,42.5270961391418],[-96.658754,42.566426],[-96.7093,42.603753],[-96.697639,42.659143],[-96.778182,42.662993],[-96.801652,42.698774],[-96.8073706000982,42.700678985373],[-96.805682,43.08367]]]}},{"type":"Feature","properties":{"fips":"27157","name":"Wabasha","state":"MN"},"geometry":{"type":"Polygon","coordinates":[[[-92.550733,44.368521],[-92.430629,44.368291],[-92.430277,44.455321],[-92.2453646490054,44.4542511243518],[-92.232472,44.445434],[-92.111085,44.413948],[-92.0845285804928,44.404614314801],[-91.9636,44.362112],[-91.916191,44.318094],[-91.892698,44.231105],[-91.8544999752977,44.1972265195522],[-92.079236,44.192966],[-92.079498,44.106721],[-92.318971,44.107734],[-92.318986,44.194057],[-92.550871,44.194916],[-92.550733,44.368521]]]}},{"type":"Feature","properties":{"fips":"39027","name":"Clinton","state":"OH"},"geometry":{"type":"Polygon","coordinates":[[[-84.007454,39.255112],[-83.976987,39.569402],[-83.670196,39.550254],[-83.576286,39.544547],[-83.58777,39.414665],[-83.590878,39.378736],[-83.784793,39.262888],[-83.813873,39.223044],[-83.865679,39.247333],[-83.989921,39.254096],[-84.007454,39.255112]]]}},{"type":"Feature","properties":{"fips":"46102","name":"Oglala Lakota","state":"SD"},"geometry":{"type":"Polygon","coordinates":[[[-103.001017,43.605816],[-102.9025,43.674888],[-102.809398,43.68756],[-102.175231,43.687756],[-102.139158,43.700948],[-102.139051,43.476676],[-102.110819,43.389902],[-102.108892,43.129258],[-102.082486319192,42.9991405485193],[-102.082548043072,42.99914064039],[-102.40864,42.999626],[-102.792110939839,43.0000362357704],[-103.000609526033,43.0002592867744],[-103.000913,43.476848],[-103.001017,43.605816]]]}},{"type":"Feature","properties":{"fips":"17149","name":"Pike","state":"IL"},"geometry":{"type":"Polygon","coordinates":[[[-91.3646166033233,39.7587182263223],[-90.915961,39.7572],[-90.916669,39.844927],[-90.8894,39.841002],[-90.571424,39.838961],[-90.599105,39.79006],[-90.64599,39.703368],[-90.581055,39.521728],[-90.610502,39.457447],[-90.613775,39.395416],[-90.9352871462396,39.3994805728603],[-90.937419,39.400803],[-91.03827,39.448436],[-91.064305,39.494643],[-91.100307,39.538695],[-91.148275,39.545798],[-91.174232,39.591975],[-91.1828755008197,39.5982331157954],[-91.27614,39.665759],[-91.3057603349652,39.6862154700779],[-91.367753,39.729029],[-91.3646166033233,39.7587182263223]]]}},{"type":"Feature","properties":{"fips":"20053","name":"Ellsworth","state":"KS"},"geometry":{"type":"Polygon","coordinates":[[[-98.484861,38.870791],[-97.928592,38.871099],[-97.924795,38.60988],[-97.924269,38.522755],[-98.480377,38.521841],[-98.479927,38.676075],[-98.486108,38.696878],[-98.484861,38.870791]]]}},{"type":"Feature","properties":{"fips":"20027","name":"Clay","state":"KS"},"geometry":{"type":"Polygon","coordinates":[[[-97.369839,39.306011],[-97.368574,39.567018],[-96.958719,39.566432],[-96.961693,39.220076],[-96.961219,39.15112],[-96.963177,39.1323],[-97.371154,39.131961],[-97.369839,39.306011]]]}},{"type":"Feature","properties":{"fips":"29157","name":"Perry","state":"MO"},"geometry":{"type":"Polygon","coordinates":[[[-90.146778,37.641618],[-90.110537,37.67134],[-89.999923,37.821523],[-89.933095790915,37.8800990582524],[-89.923185,37.870672],[-89.851048,37.90398],[-89.782035,37.855092],[-89.696559,37.814337],[-89.6872324838884,37.7964280387079],[-89.667993,37.759484],[-89.591289,37.723599],[-89.521948,37.696475],[-89.506563,37.62505],[-89.494051,37.580116],[-89.4977459260392,37.5699859139282],[-89.5017910494998,37.5588957193232],[-89.602828,37.603225],[-89.672802,37.583761],[-89.861123,37.599286],[-90.146763,37.597434],[-90.146778,37.641618]]]}},{"type":"Feature","properties":{"fips":"26083","name":"Keweenaw","state":"MI"},"geometry":{"type":"MultiPolygon","coordinates":[[[[-88.50078,47.293503],[-88.418673,47.371188],[-88.285195,47.422392],[-88.217822,47.448738],[-88.085252,47.468961],[-87.929269,47.478737],[-87.801184,47.473301],[-87.680067,47.455685],[-87.591498,47.424113],[-87.604704,47.388625],[-87.800294,47.392148],[-87.941613,47.390073],[-87.94336,47.335899],[-88.016478,47.306275],[-88.096851,47.261351],[-88.194218,47.209242],[-88.2004506759337,47.199716895982],[-88.298436,47.199782],[-88.298992,47.286097],[-88.5129465056361,47.286107247715],[-88.50078,47.293503]]],[[[-89.221332,47.908069],[-89.179154,47.93503],[-89.018303,47.992525],[-88.940886,48.01959],[-88.893701,48.03477],[-88.816084,48.057006],[-88.728198,48.101914],[-88.631908,48.148307],[-88.547033,48.174891],[-88.425162,48.21065],[-88.427373,48.166764],[-88.55044,48.102111],[-88.579172,48.040758],[-88.718555,47.995134],[-88.852923,47.965322],[-88.898986,47.900685],[-89.044463,47.85575],[-89.157738,47.824015],[-89.201812,47.850243],[-89.255202,47.876102],[-89.221332,47.908069]]]]}},{"type":"Feature","properties":{"fips":"19159","name":"Ringgold","state":"IA"},"geometry":{"type":"Polygon","coordinates":[[[-94.470779,40.899502],[-94.014803,40.897031],[-94.015492,40.5740737070096],[-94.091085,40.572897],[-94.2322407102083,40.5720146121266],[-94.310724,40.571524],[-94.4712077271232,40.570959458357],[-94.470779,40.899502]]]}},{"type":"Feature","properties":{"fips":"17119","name":"Madison","state":"IL"},"geometry":{"type":"Polygon","coordinates":[[[-90.273959,38.999036],[-90.145984,38.999303],[-90.118014,38.999027],[-89.92698,38.998766],[-89.698555,38.998979],[-89.639265,38.999129],[-89.636874,38.874278],[-89.599593,38.87453],[-89.597321,38.743236],[-89.595103,38.655948],[-89.706949,38.655019],[-89.983178,38.658189],[-89.98589,38.658205],[-90.1813411498458,38.6600090209705],[-90.19521,38.68755],[-90.20991,38.72605],[-90.1667566245041,38.7722766188072],[-90.166409,38.772649],[-90.117707,38.805748],[-90.113327,38.849306],[-90.1912067304162,38.8902755743579],[-90.230336,38.91086],[-90.2764739288339,38.9193183391288],[-90.273959,38.999036]]]}},{"type":"Feature","properties":{"fips":"20197","name":"Wabaunsee","state":"KS"},"geometry":{"type":"Polygon","coordinates":[[[-96.501556,38.869704],[-96.501166,39.043666],[-96.390796,39.043257],[-96.389046,39.172878],[-96.331396,39.158885],[-96.233671,39.212279],[-96.083557,39.193504],[-96.03906,39.126527],[-95.993738,39.133817],[-95.946754,39.098685],[-95.946587,38.869973],[-95.945924,38.739112],[-96.352613,38.739021],[-96.389749,38.738984],[-96.390398,38.825858],[-96.501397,38.826188],[-96.501556,38.869704]]]}},{"type":"Feature","properties":{"fips":"18095","name":"Madison","state":"IN"},"geometry":{"type":"Polygon","coordinates":[[[-85.861903,40.218936],[-85.862296,40.378367],[-85.578589,40.379524],[-85.576197,40.077143],[-85.576192,39.945756],[-85.862489,39.943618],[-85.861903,40.218936]]]}},{"type":"Feature","properties":{"fips":"19099","name":"Jasper","state":"IA"},"geometry":{"type":"Polygon","coordinates":[[[-93.347933,41.863104],[-93.231858,41.862711],[-92.765999,41.862373],[-92.766759,41.601355],[-92.756508,41.508794],[-92.871421,41.508522],[-93.328614,41.507824],[-93.348681,41.600999],[-93.347933,41.863104]]]}},{"type":"Feature","properties":{"fips":"55031","name":"Douglas","state":"WI"},"geometry":{"type":"Polygon","coordinates":[[[-92.293619,46.244043],[-92.2927598024283,46.41721950288],[-92.292371,46.495585],[-92.292192,46.663242],[-92.205492,46.664741],[-92.183091,46.695241],[-92.143338,46.731596],[-92.100255,46.734446],[-92.050819,46.710517],[-92.01529,46.706469],[-91.961889,46.682539],[-91.886963,46.690211],[-91.820027,46.690176],[-91.645502,46.734733],[-91.574291,46.757488],[-91.5513415356564,46.7574752934595],[-91.551936,46.748111],[-91.551282,46.157045],[-92.049636,46.157597],[-92.2938306085787,46.157321306496],[-92.293619,46.244043]]]}},{"type":"Feature","properties":{"fips":"39025","name":"Clermont","state":"OH"},"geometry":{"type":"Polygon","coordinates":[[[-84.299448,39.173875],[-84.319984,39.223703],[-84.259431,39.27086],[-84.007454,39.255112],[-83.989921,39.254096],[-84.0526095475065,38.7716067284387],[-84.135088,38.789485],[-84.212904,38.805707],[-84.226155212983,38.8297636689604],[-84.233265,38.842671],[-84.2323050454035,38.8747078960317],[-84.232132,38.880483],[-84.288164,38.955789],[-84.297255,38.989694],[-84.3212072268568,39.0205863526894],[-84.299448,39.173875]]]}},{"type":"Feature","properties":{"fips":"26025","name":"Calhoun","state":"MI"},"geometry":{"type":"Polygon","coordinates":[[[-85.298879,42.419849],[-85.071609,42.421428],[-85.064855,42.421508],[-84.718493,42.42152],[-84.709556,42.070366],[-84.826491,42.072468],[-85.293626,42.071553],[-85.295351,42.15825],[-85.296996,42.246071],[-85.298879,42.419849]]]}},{"type":"Feature","properties":{"fips":"31121","name":"Merrick","state":"NE"},"geometry":{"type":"Polygon","coordinates":[[[-98.286584,41.393898],[-98.275408,41.264341],[-98.101546,41.264041],[-98.053137,41.293123],[-97.705497,41.309134],[-97.703765,41.394876],[-97.598461,41.395068],[-97.598253,41.333119],[-97.598222,41.328037],[-97.679143,41.292563],[-97.828256,41.173439],[-97.874073,41.123148],[-98.010548,41.072761],[-98.282578,40.868677],[-98.282395,41.026597],[-98.287168,41.046363],[-98.286584,41.393898]]]}},{"type":"Feature","properties":{"fips":"27051","name":"Grant","state":"MN"},"geometry":{"type":"Polygon","coordinates":[[[-96.265366,46.10861],[-95.76975,46.10745],[-95.758508,45.759932],[-96.254022,45.75982],[-96.253675,45.934648],[-96.26614,46.02161],[-96.265366,46.10861]]]}},{"type":"Feature","properties":{"fips":"38001","name":"Adams","state":"ND"},"geometry":{"type":"Polygon","coordinates":[[[-102.995245,46.280651],[-102.924547,46.281518],[-102.497642,46.283195],[-102.497137,46.205904],[-101.99793,46.205324],[-101.998327,46.053274],[-101.998733079552,45.9445370569484],[-102.000679921018,45.9445383927274],[-102.087555,45.944598],[-102.32823,45.944806],[-102.550947,45.945015],[-102.704871,45.945072],[-102.880252,45.945069],[-102.942069961191,45.9450944113531],[-102.995248020853,45.9451162711238],[-102.995245,46.280651]]]}},{"type":"Feature","properties":{"fips":"17157","name":"Randolph","state":"IL"},"geometry":{"type":"Polygon","coordinates":[[[-90.2038911808417,38.0873651230282],[-90.035867,38.135736],[-90.036316,38.223246],[-89.899043,38.220755],[-89.703256,38.219404],[-89.592797,38.219271],[-89.595073,37.955343],[-89.664448,37.829273],[-89.6872324838884,37.7964280387079],[-89.696559,37.814337],[-89.782035,37.855092],[-89.851048,37.90398],[-89.923185,37.870672],[-89.933095790915,37.8800990582524],[-89.974221,37.919217],[-89.95491,37.966647],[-90.008353,37.970179],[-90.080959,38.015428],[-90.126006,38.05057],[-90.2038911808417,38.0873651230282]]]}},{"type":"Feature","properties":{"fips":"29135","name":"Moniteau","state":"MO"},"geometry":{"type":"Polygon","coordinates":[[[-92.839837,38.683974],[-92.617147,38.680013],[-92.498377,38.922084],[-92.381304,38.808732],[-92.394866,38.73913],[-92.495185,38.427829],[-92.625189,38.430778],[-92.841871,38.596792],[-92.839837,38.683974]]]}},{"type":"Feature","properties":{"fips":"39073","name":"Hocking","state":"OH"},"geometry":{"type":"Polygon","coordinates":[[[-82.740729,39.46835],[-82.731518,39.554445],[-82.620088,39.563987],[-82.617546,39.608605],[-82.496123,39.602849],[-82.490329,39.661704],[-82.374531,39.654959],[-82.37989,39.596738],[-82.261954,39.590592],[-82.263566,39.562137],[-82.159161,39.556574],[-82.167379,39.466307],[-82.28041,39.472906],[-82.289663,39.384195],[-82.514479,39.395767],[-82.51758,39.369468],[-82.748591,39.368165],[-82.740729,39.46835]]]}},{"type":"Feature","properties":{"fips":"29159","name":"Pettis","state":"MO"},"geometry":{"type":"Polygon","coordinates":[[[-93.51103,38.55621],[-93.49311,38.899016],[-93.497278,38.92843],[-93.496377,38.942837],[-93.050453,38.928244],[-93.059974,38.693077],[-93.067291,38.529995],[-93.290454,38.535388],[-93.291851,38.506321],[-93.512743,38.512476],[-93.51103,38.55621]]]}},{"type":"Feature","properties":{"fips":"19193","name":"Woodbury","state":"IA"},"geometry":{"type":"Polygon","coordinates":[[[-96.49297,42.517282],[-96.476952,42.556079],[-96.48002247898,42.5613247765607],[-95.859949,42.56062],[-95.741611,42.561285],[-95.741821,42.474865],[-95.669265,42.474645],[-95.670822,42.211408],[-96.3372160947059,42.2148495068956],[-96.336323,42.218922],[-96.336003,42.264806],[-96.351957192496,42.2808947045433],[-96.407998,42.337408],[-96.411808,42.410894],[-96.381307,42.461694],[-96.445508,42.49063],[-96.477454,42.509589],[-96.49297,42.517282]]]}},{"type":"Feature","properties":{"fips":"46059","name":"Hand","state":"SD"},"geometry":{"type":"Polygon","coordinates":[[[-99.311754,44.897227],[-98.716498,44.896925],[-98.705381,44.880529],[-98.705762,44.634159],[-98.700453,44.196727],[-98.925953,44.196575],[-99.30018,44.19483],[-99.300495,44.54738],[-99.311754,44.897227]]]}},{"type":"Feature","properties":{"fips":"20155","name":"Reno","state":"KS"},"geometry":{"type":"Polygon","coordinates":[[[-98.472794,38.172757],[-98.216032,38.173498],[-98.215924,38.15875],[-97.922136,38.173713],[-97.701841,38.173814],[-97.701969,37.911325],[-97.698692,37.735056],[-97.807823,37.733855],[-98.464804,37.732675],[-98.464824,37.810943],[-98.472257,37.824497],[-98.472794,38.172757]]]}},{"type":"Feature","properties":{"fips":"26067","name":"Ionia","state":"MI"},"geometry":{"type":"Polygon","coordinates":[[[-85.312513,43.118793],[-84.836889,43.118851],[-84.837085,42.770479],[-84.95583,42.77046],[-85.074245,42.770784],[-85.309626,42.769878],[-85.312513,43.118793]]]}},{"type":"Feature","properties":{"fips":"38093","name":"Stutsman","state":"ND"},"geometry":{"type":"Polygon","coordinates":[[[-99.481095,47.327027],[-99.266215,47.326999],[-98.499246,47.326538],[-98.466957,47.312943],[-98.467066,47.240404],[-98.46753,46.979594],[-98.439734,46.979631],[-98.439056,46.63112],[-99.036625,46.630211],[-99.44972,46.63163],[-99.445891,46.980189],[-99.481095,47.327027]]]}},{"type":"Feature","properties":{"fips":"29043","name":"Christian","state":"MO"},"geometry":{"type":"Polygon","coordinates":[[[-93.608899,37.098153],[-93.065274,37.088694],[-92.911057,37.085572],[-92.903273,37.070651],[-92.909336,36.809178],[-93.304359,36.816866],[-93.337451,36.992494],[-93.610126,36.99581],[-93.608899,37.098153]]]}},{"type":"Feature","properties":{"fips":"55099","name":"Price","state":"WI"},"geometry":{"type":"Polygon","coordinates":[[[-90.678749,45.638264],[-90.676968,45.981554],[-90.302063,45.981349],[-90.043958,45.981948],[-90.042857,45.897263],[-90.043414,45.555082],[-90.042273,45.381866],[-90.678773,45.377907],[-90.678749,45.638264]]]}},{"type":"Feature","properties":{"fips":"17083","name":"Jersey","state":"IL"},"geometry":{"type":"Polygon","coordinates":[[[-90.580587,39.184895],[-90.313289,39.174289],[-90.31393,39.225128],[-90.148121,39.261947],[-90.145984,38.999303],[-90.273959,38.999036],[-90.2764739288339,38.9193183391288],[-90.298711,38.923395],[-90.395816,38.960037],[-90.4509699408919,38.9613950033245],[-90.467766,38.969208],[-90.534657,38.958499],[-90.603569,39.117592],[-90.580587,39.184895]]]}},{"type":"Feature","properties":{"fips":"29145","name":"Newton","state":"MO"},"geometry":{"type":"Polygon","coordinates":[[[-94.617964,36.998905],[-94.618102891103,37.0567963908729],[-94.059211,37.048127],[-94.06274,36.931775],[-94.068898,36.747818],[-94.618307,36.76656],[-94.617964,36.998905]]]}},{"type":"Feature","properties":{"fips":"31147","name":"Richardson","state":"NE"},"geometry":{"type":"Polygon","coordinates":[[[-96.010176,40.261482],[-95.5478703162703,40.2627834608198],[-95.54716,40.259066],[-95.472548,40.236078],[-95.48102,40.188524],[-95.432165,40.141025],[-95.394216,40.108263],[-95.414734,40.06982],[-95.382957,40.027112],[-95.348777,40.029297],[-95.30829,39.999998],[-95.3398959708503,40.0000288571054],[-95.784575,40.000463],[-95.7881109948917,40.0004667793653],[-96.0106788179345,40.000704665772],[-96.010176,40.261482]]]}},{"type":"Feature","properties":{"fips":"19055","name":"Delaware","state":"IA"},"geometry":{"type":"Polygon","coordinates":[[[-91.607059,42.643973],[-91.132766,42.645844],[-91.130079,42.295761],[-91.363263,42.296445],[-91.596981,42.296408],[-91.607059,42.643973]]]}},{"type":"Feature","properties":{"fips":"46019","name":"Butte","state":"SD"},"geometry":{"type":"Polygon","coordinates":[[[-104.057698,44.997431],[-104.039138,44.99852],[-104.039977,45.124988],[-104.040135756493,45.2128907620416],[-102.957281,45.212851],[-102.957371,45.039569],[-102.964125,44.604287],[-103.567653,44.604098],[-103.820639,44.604777],[-104.055695199261,44.5709903771422],[-104.05581,44.691343],[-104.057698,44.997431]]]}},{"type":"Feature","properties":{"fips":"27067","name":"Kandiyohi","state":"MN"},"geometry":{"type":"Polygon","coordinates":[[[-95.255266,45.412738],[-95.131879,45.412495],[-94.762934,45.412861],[-94.76308,45.3261],[-94.758081,44.892097],[-95.24852,44.89131],[-95.246489,45.152431],[-95.255196,45.238712],[-95.255266,45.412738]]]}},{"type":"Feature","properties":{"fips":"27057","name":"Hubbard","state":"MN"},"geometry":{"type":"Polygon","coordinates":[[[-95.183216,47.412773],[-94.670214,47.410151],[-94.663855,47.03549],[-94.659942,46.803716],[-94.787126,46.803943],[-95.16301,46.80472],[-95.162266,46.97824],[-95.1703,46.978175],[-95.169172,47.152515],[-95.169633,47.325399],[-95.183216,47.412773]]]}},{"type":"Feature","properties":{"fips":"46129","name":"Walworth","state":"SD"},"geometry":{"type":"Polygon","coordinates":[[[-100.430079,45.594823],[-99.717466,45.593428],[-99.707705,45.593391],[-99.708987,45.245866],[-100.260223,45.24681],[-100.307384,45.291909],[-100.274176,45.381845],[-100.341924,45.472904],[-100.486561,45.536521],[-100.430079,45.594823]]]}},{"type":"Feature","properties":{"fips":"26099","name":"Macomb","state":"MI"},"geometry":{"type":"Polygon","coordinates":[[[-83.102891,42.888647],[-82.983647,42.893741],[-82.73901,42.897541],[-82.729277,42.706059],[-82.707885,42.675497],[-82.801022,42.629545],[-82.766004,42.600051],[-82.755927,42.564415],[-82.859316,42.541935],[-82.8703322691976,42.4510095842051],[-83.083393,42.447153],[-83.091449,42.624208],[-83.095441,42.712499],[-83.102891,42.888647]]]}},{"type":"Feature","properties":{"fips":"46075","name":"Jones","state":"SD"},"geometry":{"type":"Polygon","coordinates":[[[-101.064068,43.994929],[-101.046786,43.99497],[-101.046916,44.168484],[-100.367207,44.168694],[-100.366174,43.846978],[-100.33897,43.716942],[-100.587903,43.769285],[-100.735003,43.707621],[-100.789635,43.725438],[-100.795732,43.754055],[-100.841307,43.760178],[-100.930768,43.831159],[-101.064326,43.84109],[-101.064068,43.994929]]]}},{"type":"Feature","properties":{"fips":"31141","name":"Platte","state":"NE"},"geometry":{"type":"Polygon","coordinates":[[[-97.830493,41.742238],[-97.36807,41.743207],[-97.252425,41.743085],[-97.253519,41.384212],[-97.287761,41.400638],[-97.368186,41.396416],[-97.522412,41.361934],[-97.598253,41.333119],[-97.598461,41.395068],[-97.703765,41.394876],[-97.703627,41.526796],[-97.829846,41.526174],[-97.830493,41.742238]]]}},{"type":"Feature","properties":{"fips":"39089","name":"Licking","state":"OH"},"geometry":{"type":"Polygon","coordinates":[[[-82.773825,39.976125],[-82.761827,40.125855],[-82.750747,40.276996],[-82.476114,40.264703],[-82.477273,40.24581],[-82.195911,40.239071],[-82.18354,40.226614],[-82.187105,40.16688],[-82.198728,39.950196],[-82.233974,39.91326],[-82.418666,39.922447],[-82.462813,39.93038],[-82.493407,39.926063],[-82.782495,39.939662],[-82.773825,39.976125]]]}},{"type":"Feature","properties":{"fips":"29029","name":"Camden","state":"MO"},"geometry":{"type":"Polygon","coordinates":[[[-93.077692,38.263092],[-93.01499,38.189775],[-92.775377,38.189925],[-92.749044,38.21756],[-92.695886,38.222031],[-92.640085,38.213032],[-92.604957,38.157688],[-92.596761,38.110754],[-92.569682,38.095934],[-92.515979,38.022336],[-92.406275,38.021179],[-92.409226,37.85926],[-92.549074,37.800539],[-92.620181,37.892521],[-92.855384,37.895736],[-93.072447,37.902627],[-93.065199,38.062479],[-93.059073,38.185685],[-93.077692,38.263092]]]}},{"type":"Feature","properties":{"fips":"27103","name":"Nicollet","state":"MN"},"geometry":{"type":"Polygon","coordinates":[[[-94.78063,44.45665],[-94.6242,44.45603],[-93.934852,44.456661],[-93.932806,44.344007],[-94.011868,44.23952],[-94.004726,44.168471],[-94.055349,44.154018],[-94.371731,44.264448],[-94.491333,44.359676],[-94.666062,44.394048],[-94.78063,44.45665]]]}},{"type":"Feature","properties":{"fips":"29021","name":"Buchanan","state":"MO"},"geometry":{"type":"Polygon","coordinates":[[[-95.113557,39.553941],[-95.076688,39.576764],[-95.047165,39.595117],[-95.0440507525704,39.6136682968209],[-95.037464,39.652905],[-94.971317,39.68641],[-94.971078,39.723146],[-94.899316,39.724042],[-94.860371,39.74953],[-94.871144,39.772994],[-94.8778576828861,39.8207000955167],[-94.60283,39.819906],[-94.602257,39.747195],[-94.601215,39.53017],[-95.091419402824,39.53325788521],[-95.113557,39.553941]]]}},{"type":"Feature","properties":{"fips":"20105","name":"Lincoln","state":"KS"},"geometry":{"type":"Polygon","coordinates":[[[-98.490149,39.21978],[-97.929746,39.219273],[-97.92856,38.958395],[-97.928592,38.871099],[-98.484861,38.870791],[-98.483813,39.114229],[-98.489997,39.132697],[-98.490149,39.21978]]]}},{"type":"Feature","properties":{"fips":"38049","name":"McHenry","state":"ND"},"geometry":{"type":"Polygon","coordinates":[[[-101.059663,48.545419],[-101.059624,48.632361],[-100.40678,48.631878],[-100.406513,48.544627],[-100.276619,48.544813],[-100.276614,48.371199],[-100.237099,48.371244],[-100.197558,48.021857],[-100.197996,47.847652],[-100.585179,47.847761],[-100.971158,47.848696],[-100.970456,48.022777],[-101.014232,48.371432],[-101.059833,48.458448],[-101.059663,48.545419]]]}},{"type":"Feature","properties":{"fips":"19043","name":"Clayton","state":"IA"},"geometry":{"type":"Polygon","coordinates":[[[-91.605307,43.081653],[-91.1749349139112,43.0802603718452],[-91.174692,43.038713],[-91.1590843059475,42.9874777913228],[-91.155519,42.975774],[-91.138,42.903772],[-91.09882,42.864421],[-91.070716,42.775502],[-91.017239,42.719566],[-90.941567,42.683844],[-90.8969620271584,42.6743180564343],[-90.897415,42.645714],[-91.132766,42.645844],[-91.607059,42.643973],[-91.605307,43.081653]]]}},{"type":"Feature","properties":{"fips":"19121","name":"Madison","state":"IA"},"geometry":{"type":"Polygon","coordinates":[[[-94.241593,41.503679],[-93.896807,41.503098],[-93.790612,41.511916],[-93.789196,41.162035],[-93.898813,41.15661],[-94.014189,41.156762],[-94.241637,41.157134],[-94.241593,41.503679]]]}},{"type":"Feature","properties":{"fips":"38029","name":"Emmons","state":"ND"},"geometry":{"type":"Polygon","coordinates":[[[-100.662015,46.6346],[-100.081198,46.633396],[-99.915586,46.632926],[-99.916758,46.283171],[-99.878354,46.282829],[-99.8800619701871,45.9416709152146],[-99.880292,45.941672],[-100.152084,45.942486],[-100.294126,45.943269],[-100.499354215384,45.9436319988143],[-100.511793,45.943654],[-100.511949026151,45.9436540704345],[-100.614504,46.071796],[-100.629145,46.145608],[-100.558549,46.249993],[-100.551199,46.363494],[-100.590199,46.427894],[-100.561035,46.587847],[-100.662015,46.6346]]]}},{"type":"Feature","properties":{"fips":"39071","name":"Highland","state":"OH"},"geometry":{"type":"Polygon","coordinates":[[[-83.865679,39.247333],[-83.813873,39.223044],[-83.784793,39.262888],[-83.590878,39.378736],[-83.372714,39.377416],[-83.393794,39.268048],[-83.353531,39.197585],[-83.385637,39.055197],[-83.611592,39.01889],[-83.673018,39.02043],[-83.872214,39.021304],[-83.865679,39.247333]]]}},{"type":"Feature","properties":{"fips":"29081","name":"Harrison","state":"MO"},"geometry":{"type":"Polygon","coordinates":[[[-94.2322407102083,40.5720146121266],[-94.091085,40.572897],[-94.015492,40.5740737070096],[-93.84093,40.576791],[-93.7743442040303,40.5775304533911],[-93.764823,40.472515],[-93.763324,40.263988],[-93.764021,40.132909],[-94.216696,40.136626],[-94.214278,40.384254],[-94.231565,40.470357],[-94.2322407102083,40.5720146121266]]]}},{"type":"Feature","properties":{"fips":"39087","name":"Lawrence","state":"OH"},"geometry":{"type":"Polygon","coordinates":[[[-82.8115423846504,38.5723695895619],[-82.740383,38.597167],[-82.763895,38.679974],[-82.706823,38.677495],[-82.662886,38.747977],[-82.650039,38.849073],[-82.575583,38.844478],[-82.582683,38.779077],[-82.483579,38.772278],[-82.472478,38.682279],[-82.354468,38.67607],[-82.361674,38.585182],[-82.2821333440281,38.5798607964035],[-82.293271,38.560283],[-82.304223,38.496308],[-82.323999,38.449268],[-82.381773,38.434783],[-82.447076,38.426982],[-82.5089669497313,38.4146439126517],[-82.560664,38.404338],[-82.593673,38.421809],[-82.618474,38.477089],[-82.6641207909684,38.5077181960708],[-82.675724,38.515504],[-82.724846,38.5576],[-82.800112,38.563183],[-82.8115423846504,38.5723695895619]]]}},{"type":"Feature","properties":{"fips":"26157","name":"Tuscola","state":"MI"},"geometry":{"type":"Polygon","coordinates":[[[-83.6994170918811,43.6016371502565],[-83.683351,43.590584],[-83.51234,43.733726],[-83.5060855525428,43.7451572131399],[-83.466592,43.667621],[-83.117844,43.675493],[-83.104136,43.338206],[-83.120396,43.327049],[-83.354418,43.322257],[-83.351709,43.235193],[-83.460733,43.223131],[-83.611107,43.222361],[-83.695621,43.221422],[-83.695758,43.265566],[-83.698816,43.478957],[-83.6994170918811,43.6016371502565]]]}},{"type":"Feature","properties":{"fips":"29003","name":"Andrew","state":"MO"},"geometry":{"type":"Polygon","coordinates":[[[-95.04308,40.130096],[-94.605942,40.126127],[-94.605377,40.039217],[-94.60283,39.819906],[-94.8778576828861,39.8207000955167],[-94.878677,39.826522],[-94.928466,39.876344],[-94.95154,39.900533],[-94.9933742397144,39.8985652599923],[-95.010542,40.046761],[-95.06071,40.069866],[-95.04308,40.130096]]]}},{"type":"Feature","properties":{"fips":"27001","name":"Aitkin","state":"MN"},"geometry":{"type":"Polygon","coordinates":[[[-93.811464,46.584238],[-93.776024,46.802891],[-93.775257,47.030418],[-93.056761,47.026406],[-93.061332,46.76655],[-93.064867,46.677801],[-93.062678,46.59331],[-93.055844,46.579055],[-93.054847,46.419269],[-93.053984,46.158256],[-93.282889,46.15942],[-93.431835,46.153881],[-93.430648,46.246412],[-93.796281,46.243199],[-93.810357,46.250925],[-93.811464,46.584238]]]}},{"type":"Feature","properties":{"fips":"17089","name":"Kane","state":"IL"},"geometry":{"type":"Polygon","coordinates":[[[-88.602566,41.806847],[-88.60156,42.017925],[-88.58833,42.066462],[-88.588657,42.15359],[-88.432487,42.153823],[-88.354416,42.154],[-88.265152,42.153667],[-88.238449,42.154249],[-88.238257,42.092348],[-88.263546,42.05898],[-88.262875,41.986378],[-88.262552,41.871154],[-88.262787,41.815632],[-88.26212,41.760446],[-88.261952,41.724652],[-88.601933,41.719563],[-88.602566,41.806847]]]}},{"type":"Feature","properties":{"fips":"38011","name":"Bowman","state":"ND"},"geometry":{"type":"Polygon","coordinates":[[[-104.045465951587,46.2800809626881],[-102.995245,46.280651],[-102.995248020853,45.9451162711238],[-103.218396,45.945208],[-103.434851,45.945291],[-103.660779,45.945241],[-104.045443,45.94531],[-104.045465951587,46.2800809626881]]]}},{"type":"Feature","properties":{"fips":"20039","name":"Decatur","state":"KS"},"geometry":{"type":"Polygon","coordinates":[[[-100.738824713191,40.0022629565677],[-100.477018,40.001752],[-100.19359,40.001573],[-100.177797545879,40.0015658138516],[-100.180351,39.56689],[-100.720213,39.568034],[-100.740873,39.568043],[-100.738824713191,40.0022629565677]]]}},{"type":"Feature","properties":{"fips":"26061","name":"Houghton","state":"MI"},"geometry":{"type":"Polygon","coordinates":[[[-88.989529,46.680119],[-88.864473,46.679311],[-88.863906,46.765013],[-88.93248,46.764787],[-88.9333684513417,47.033599097856],[-88.924492,47.042156],[-88.88914,47.100575],[-88.814834,47.141399],[-88.69966,47.204831],[-88.584912,47.242361],[-88.5129465056361,47.286107247715],[-88.298992,47.286097],[-88.298436,47.199782],[-88.2004506759337,47.199716895982],[-88.239895,47.139436],[-88.340052,47.080494],[-88.385606,47.004522],[-88.4393631859438,46.9419824250004],[-88.552185,46.938533],[-88.551943,46.851795],[-88.678879,46.851801],[-88.679392,46.420139],[-88.991236,46.419704],[-88.989529,46.680119]]]}},{"type":"Feature","properties":{"fips":"26005","name":"Allegan","state":"MI"},"geometry":{"type":"Polygon","coordinates":[[[-86.240642,42.54],[-86.226638,42.644922],[-86.208309,42.762789],[-86.2085385029097,42.7675438719157],[-85.782498,42.7682],[-85.545564,42.768139],[-85.543191,42.421433],[-85.764697,42.420715],[-86.2769940445315,42.4193103159263],[-86.240642,42.54]]]}},{"type":"Feature","properties":{"fips":"46071","name":"Jackson","state":"SD"},"geometry":{"type":"Polygon","coordinates":[[[-102.139158,43.700948],[-102.033477,43.689342],[-102.018887,43.708618],[-102.007336,43.99453],[-101.064068,43.994929],[-101.064326,43.84109],[-101.217768,43.803847],[-101.228234,43.389185],[-102.110819,43.389902],[-102.139051,43.476676],[-102.139158,43.700948]]]}},{"type":"Feature","properties":{"fips":"55055","name":"Jefferson","state":"WI"},"geometry":{"type":"Polygon","coordinates":[[[-89.013582,42.84763],[-89.008832,43.197724],[-88.535843,43.196048],[-88.541535,42.842996],[-88.777076,42.842694],[-89.013518,42.847628],[-89.013582,42.84763]]]}},{"type":"Feature","properties":{"fips":"31089","name":"Holt","state":"NE"},"geometry":{"type":"Polygon","coordinates":[[[-99.257039,42.804296],[-98.982527,42.896436],[-98.892846,42.845792],[-98.656835,42.809021],[-98.58376,42.779736],[-98.305149,42.761207],[-98.30544,42.451422],[-98.300235,42.436913],[-98.300592,42.088853],[-98.761155,42.088518],[-99.222733,42.087916],[-99.234629,42.087995],[-99.245803,42.782499],[-99.257039,42.804296]]]}},{"type":"Feature","properties":{"fips":"19023","name":"Butler","state":"IA"},"geometry":{"type":"Polygon","coordinates":[[[-93.025144,42.907549],[-92.554211,42.907112],[-92.554492,42.642314],[-92.5543,42.555854],[-93.027,42.55681],[-93.025144,42.907549]]]}},{"type":"Feature","properties":{"fips":"31077","name":"Greeley","state":"NE"},"geometry":{"type":"Polygon","coordinates":[[[-98.752225,41.740372],[-98.29576,41.741178],[-98.29096,41.725965],[-98.291344,41.480727],[-98.291419,41.393894],[-98.74433,41.394178],[-98.751558,41.394084],[-98.752225,41.740372]]]}},{"type":"Feature","properties":{"fips":"29203","name":"Shannon","state":"MO"},"geometry":{"type":"Polygon","coordinates":[[[-91.655607,37.048925],[-91.646626,37.422731],[-91.211863,37.415277],[-91.175405,37.414805],[-91.159323,37.254936],[-91.126028,37.19948],[-91.034346,37.169343],[-91.017766,37.095677],[-91.21715,37.086197],[-91.22283,36.883857],[-91.658111,36.888724],[-91.655607,37.048925]]]}},{"type":"Feature","properties":{"fips":"29111","name":"Lewis","state":"MO"},"geometry":{"type":"Polygon","coordinates":[[[-91.947241,40.213799],[-91.950812,40.25721],[-91.4969574903395,40.2487038763728],[-91.5062615151283,40.2001550699717],[-91.511956,40.170441],[-91.497663,40.078257],[-91.484064,40.019332],[-91.43709,39.946417],[-91.4368432685991,39.9452434636785],[-91.840353,39.948235],[-91.952726,39.949426],[-91.947241,40.213799]]]}},{"type":"Feature","properties":{"fips":"17043","name":"DuPage","state":"IL"},"geometry":{"type":"Polygon","coordinates":[[[-88.262875,41.986378],[-88.184215,41.987599],[-88.145101,41.988242],[-87.970353,41.993001],[-87.938967,41.993515],[-87.920229,41.97184],[-87.920244,41.943126],[-87.920288,41.9313],[-87.920423,41.906843],[-87.920606,41.882701],[-87.918952,41.833149],[-87.91672,41.781733],[-87.916658,41.780224],[-87.91461,41.723888],[-87.914264,41.716598],[-87.966674,41.686742],[-88.028973,41.685242],[-88.030352,41.728894],[-88.148194,41.726117],[-88.261275,41.724656],[-88.261952,41.724652],[-88.26212,41.760446],[-88.262787,41.815632],[-88.262552,41.871154],[-88.262875,41.986378]]]}},{"type":"Feature","properties":{"fips":"46067","name":"Hutchinson","state":"SD"},"geometry":{"type":"Polygon","coordinates":[[[-98.114758,43.498297],[-97.964586,43.499041],[-97.607012,43.499826],[-97.40145,43.499783],[-97.399191,43.169419],[-97.637496,43.16877],[-98.077108,43.16833],[-98.109492,43.196838],[-98.114758,43.498297]]]}},{"type":"Feature","properties":{"fips":"46087","name":"McCook","state":"SD"},"geometry":{"type":"Polygon","coordinates":[[[-97.608517,43.849059],[-97.369463,43.848526],[-97.129089,43.847973],[-97.129478,43.499683],[-97.40145,43.499783],[-97.607012,43.499826],[-97.608517,43.849059]]]}},{"type":"Feature","properties":{"fips":"46073","name":"Jerauld","state":"SD"},"geometry":{"type":"Polygon","coordinates":[[[-98.925953,44.196575],[-98.700453,44.196727],[-98.33191,44.196687],[-98.331508,43.937708],[-98.807771,43.935223],[-98.926997,43.935143],[-98.925953,44.196575]]]}},{"type":"Feature","properties":{"fips":"27069","name":"Kittson","state":"MN"},"geometry":{"type":"Polygon","coordinates":[[[-97.229039,49.000687],[-96.93096,48.999984],[-96.405411,48.999984],[-96.404924,48.71707],[-96.387835,48.544308],[-97.1477235683009,48.5438916836506],[-97.142915,48.583733],[-97.100009,48.667926],[-97.121253,48.713593],[-97.152588,48.772602],[-97.187362,48.867598],[-97.227854,48.945864],[-97.229039,49.000687]]]}},{"type":"Feature","properties":{"fips":"27093","name":"Meeker","state":"MN"},"geometry":{"type":"Polygon","coordinates":[[[-94.76308,45.3261],[-94.383613,45.326635],[-94.383449,45.282797],[-94.261131,45.283941],[-94.256751,45.239272],[-94.256074,44.979465],[-94.501885,44.979784],[-94.502395,44.892295],[-94.758081,44.892097],[-94.76308,45.3261]]]}},{"type":"Feature","properties":{"fips":"55135","name":"Waupaca","state":"WI"},"geometry":{"type":"Polygon","coordinates":[[[-89.223745,44.681365],[-88.605159,44.678331],[-88.606083,44.590515],[-88.736802,44.590605],[-88.73977,44.243303],[-88.7662,44.243366],[-88.886673,44.242622],[-89.224813,44.243393],[-89.223745,44.681365]]]}},{"type":"Feature","properties":{"fips":"26077","name":"Kalamazoo","state":"MI"},"geometry":{"type":"Polygon","coordinates":[[[-85.764697,42.420715],[-85.543191,42.421433],[-85.298879,42.419849],[-85.296996,42.246071],[-85.295351,42.15825],[-85.293626,42.071553],[-85.762943,42.069327],[-85.764605,42.157254],[-85.764697,42.420715]]]}},{"type":"Feature","properties":{"fips":"20201","name":"Washington","state":"KS"},"geometry":{"type":"Polygon","coordinates":[[[-97.369199035315,40.0019393057605],[-97.009165,40.001463],[-96.9164070054658,40.0014540910439],[-96.873812,40.00145],[-96.805768,40.0013684550954],[-96.806544,39.566423],[-96.958719,39.566432],[-97.368574,39.567018],[-97.36867,39.654043],[-97.369199035315,40.0019393057605]]]}},{"type":"Feature","properties":{"fips":"26011","name":"Arenac","state":"MI"},"geometry":{"type":"Polygon","coordinates":[[[-84.166107,44.161788],[-83.883977,44.161786],[-83.5646457924967,44.163524818403],[-83.567744,44.155899],[-83.58409,44.056748],[-83.679654,44.036365],[-83.693214,43.98877],[-83.787863,43.985279],[-83.869406,43.960719],[-83.901329352181,43.9084270508442],[-84.044843,43.911146],[-84.045409,43.996974],[-84.166377,43.996901],[-84.166107,44.161788]]]}},{"type":"Feature","properties":{"fips":"27079","name":"Le Sueur","state":"MN"},"geometry":{"type":"Polygon","coordinates":[[[-93.932806,44.344007],[-93.934852,44.456661],[-93.885426,44.518929],[-93.910425,44.543216],[-93.524327,44.543618],[-93.525468,44.196131],[-93.767971,44.195836],[-93.768031,44.239384],[-94.011868,44.23952],[-93.932806,44.344007]]]}},{"type":"Feature","properties":{"fips":"27083","name":"Lyon","state":"MN"},"geometry":{"type":"Polygon","coordinates":[[[-96.09295,44.630486],[-95.604001,44.629945],[-95.594817,44.542305],[-95.59357,44.19553],[-96.063778,44.196425],[-96.07858,44.19662],[-96.08041,44.54313],[-96.09295,44.630486]]]}},{"type":"Feature","properties":{"fips":"17141","name":"Ogle","state":"IL"},"geometry":{"type":"Polygon","coordinates":[[[-89.688486,42.199112],[-89.396192,42.201916],[-89.173,42.204241],[-89.172803,42.150417],[-88.939732,42.15232],[-88.941883,41.97888],[-88.941279,41.891752],[-89.41454,41.885549],[-89.421901,41.904932],[-89.62933,41.901617],[-89.685366,41.93034],[-89.688486,42.199112]]]}},{"type":"Feature","properties":{"fips":"29207","name":"Stoddard","state":"MO"},"geometry":{"type":"Polygon","coordinates":[[[-90.258563,36.922043],[-90.186327,36.993345],[-90.111247,37.041205],[-89.99572,37.04011],[-89.959576,37.127353],[-89.866627,37.126227],[-89.765211,37.126066],[-89.786867,37.087102],[-89.685544,36.921917],[-89.691603,36.859517],[-89.700952,36.627453],[-89.958786,36.629331],[-90.120573,36.631109],[-90.148398,36.630656],[-90.139804,36.696072],[-90.204205,36.772262],[-90.258563,36.922043]]]}},{"type":"Feature","properties":{"fips":"46049","name":"Faulk","state":"SD"},"geometry":{"type":"Polygon","coordinates":[[[-99.57333,45.245364],[-98.722481,45.243764],[-98.717759,45.243732],[-98.716498,44.896925],[-99.311754,44.897227],[-99.572699,44.897263],[-99.57333,45.245364]]]}},{"type":"Feature","properties":{"fips":"27159","name":"Wadena","state":"MN"},"geometry":{"type":"Polygon","coordinates":[[[-95.16301,46.80472],[-94.787126,46.803943],[-94.779121,46.394215],[-94.731442,46.368605],[-95.15557,46.36888],[-95.15554,46.62994],[-95.16371,46.71764],[-95.16301,46.80472]]]}},{"type":"Feature","properties":{"fips":"19147","name":"Palo Alto","state":"IA"},"geometry":{"type":"Polygon","coordinates":[[[-94.913723,43.255054],[-94.443137,43.255014],[-94.442954,42.908073],[-94.91389,42.9097],[-94.913723,43.255054]]]}},{"type":"Feature","properties":{"fips":"31063","name":"Frontier","state":"NE"},"geometry":{"type":"Polygon","coordinates":[[[-100.777833,40.700135],[-100.223311,40.700254],[-99.981743,40.700003],[-99.981193,40.438291],[-100.095095,40.438656],[-100.094798,40.351245],[-100.197807,40.350027],[-100.758435,40.349507],[-100.777376,40.349466],[-100.777833,40.700135]]]}},{"type":"Feature","properties":{"fips":"38087","name":"Slope","state":"ND"},"geometry":{"type":"Polygon","coordinates":[[[-104.045469,46.324545],[-104.045045,46.509788],[-104.045125235308,46.5408609881557],[-103.80088,46.540671],[-103.800873,46.629731],[-103.609273,46.629822],[-103.231656,46.629764],[-102.927451,46.63002],[-102.924547,46.281518],[-102.995245,46.280651],[-104.045465951587,46.2800809626881],[-104.045469,46.324545]]]}},{"type":"Feature","properties":{"fips":"55037","name":"Florence","state":"WI"},"geometry":{"type":"Polygon","coordinates":[[[-88.679132,46.013538],[-88.65776,45.989287],[-88.613063,45.990627],[-88.59386,46.015132],[-88.526673,46.020822],[-88.409864,45.979688],[-88.380183,45.991654],[-88.30952,45.959369],[-88.246307,45.962983],[-88.178008,45.947111],[-88.1168565373761,45.9228112422627],[-88.115346,45.922211],[-88.073944,45.875593],[-88.135067,45.821694],[-88.105518,45.798839],[-88.057010465949,45.7849770301437],[-88.059246,45.713063],[-88.425302,45.722426],[-88.675821,45.7229],[-88.6832322084994,46.0144656703203],[-88.679132,46.013538]]]}},{"type":"Feature","properties":{"fips":"20001","name":"Allen","state":"KS"},"geometry":{"type":"Polygon","coordinates":[[[-95.519308,37.820259],[-95.51897,38.03823],[-95.077876,38.037706],[-95.079692,37.8198],[-95.088082,37.732476],[-95.124987,37.733924],[-95.525499,37.732759],[-95.519308,37.820259]]]}},{"type":"Feature","properties":{"fips":"26057","name":"Gratiot","state":"MI"},"geometry":{"type":"Polygon","coordinates":[[[-84.845962,43.466158],[-84.60754,43.466006],[-84.488684,43.466168],[-84.369876,43.466044],[-84.367891,43.128452],[-84.36776,43.117942],[-84.836889,43.118851],[-84.845962,43.466158]]]}},{"type":"Feature","properties":{"fips":"20035","name":"Cowley","state":"KS"},"geometry":{"type":"Polygon","coordinates":[[[-97.153331,37.475544],[-96.52569,37.476405],[-96.524873,37.30273],[-96.5255820442829,36.9986779687248],[-96.749838,36.998988],[-97.100652,36.998998],[-97.1477209669227,36.9989723356215],[-97.153331,37.475544]]]}},{"type":"Feature","properties":{"fips":"26073","name":"Isabella","state":"MI"},"geometry":{"type":"Polygon","coordinates":[[[-85.088811,43.813676],[-84.606037,43.815365],[-84.60754,43.466006],[-84.845962,43.466158],[-85.084996,43.46619],[-85.088811,43.813676]]]}},{"type":"Feature","properties":{"fips":"17059","name":"Gallatin","state":"IL"},"geometry":{"type":"Polygon","coordinates":[[[-88.37453,37.907678],[-88.374521,37.908391],[-88.135887,37.916118],[-88.0594711307875,37.8666875964907],[-88.067364,37.856051],[-88.02803,37.799224],[-88.059588,37.742608],[-88.132341,37.697142],[-88.160062,37.654332],[-88.1324310565063,37.5752826298727],[-88.179677,37.599228],[-88.375434,37.599595],[-88.37453,37.907678]]]}},{"type":"Feature","properties":{"fips":"29209","name":"Stone","state":"MO"},"geometry":{"type":"Polygon","coordinates":[[[-93.611003,36.922831],[-93.610126,36.99581],[-93.337451,36.992494],[-93.304359,36.816866],[-93.3153233371857,36.4983127171069],[-93.426989,36.498585],[-93.5842625342512,36.4989016403491],[-93.5738,36.820032],[-93.612929,36.820562],[-93.611003,36.922831]]]}},{"type":"Feature","properties":{"fips":"55075","name":"Marinette","state":"WI"},"geometry":{"type":"Polygon","coordinates":[[[-88.425302,45.722426],[-88.059246,45.713063],[-88.057010465949,45.7849770301437],[-88.048514,45.782549],[-87.995876,45.795435],[-87.96697,45.764021],[-87.879812,45.754843],[-87.8330494680353,45.7227525753469],[-87.805076,45.703556],[-87.781007,45.673934],[-87.824676,45.653211],[-87.777671,45.609204],[-87.787292,45.574906],[-87.804203,45.524676],[-87.805773,45.473139],[-87.847429,45.444177],[-87.85683,45.393106],[-87.863489,45.35302],[-87.800464,45.353608],[-87.750928,45.355037],[-87.706767,45.383827],[-87.657349,45.368752],[-87.667423,45.31636],[-87.71148,45.245224],[-87.741805,45.197051],[-87.695055,45.150522],[-87.648191,45.106368],[-87.590208,45.095264],[-87.625748,45.045157],[-87.630298,44.976865],[-87.696492,44.974233],[-87.7626384909711,44.9627521717603],[-87.944436,44.993057],[-88.121152,45.023581],[-88.118879,45.110197],[-88.189247,45.111844],[-88.186355,45.197974],[-88.309063,45.20158],[-88.305811,45.37461],[-88.428102,45.37701],[-88.425302,45.722426]]]}},{"type":"Feature","properties":{"fips":"20091","name":"Johnson","state":"KS"},"geometry":{"type":"Polygon","coordinates":[[[-95.056258,38.98212],[-94.923349,39.002633],[-94.908765,38.991401],[-94.874802,39.058045],[-94.607870353374,39.0440850964785],[-94.608334,38.981806],[-94.6089603437495,38.847211315445],[-94.609456,38.7407],[-94.6094896723458,38.7381017094732],[-95.056412,38.738587],[-95.056258,38.98212]]]}},{"type":"Feature","properties":{"fips":"31137","name":"Phelps","state":"NE"},"geometry":{"type":"Polygon","coordinates":[[[-99.643462,40.684911],[-99.444401,40.677892],[-99.417316,40.670825],[-99.376036,40.664262],[-99.179248,40.660541],[-99.179403,40.350681],[-99.630459,40.35112],[-99.642209,40.3512],[-99.643462,40.684911]]]}},{"type":"Feature","properties":{"fips":"17163","name":"St. Clair","state":"IL"},"geometry":{"type":"Polygon","coordinates":[[[-90.2552985826054,38.5308696789927],[-90.248913,38.544752],[-90.18451,38.611551],[-90.18111,38.65955],[-90.1813411498458,38.6600090209705],[-89.98589,38.658205],[-89.983178,38.658189],[-89.706949,38.655019],[-89.704245,38.415779],[-89.703256,38.219404],[-89.899043,38.220755],[-89.901248,38.287548],[-90.036113,38.323377],[-90.219031,38.484994],[-90.2610973860555,38.518263021789],[-90.2552985826054,38.5308696789927]]]}},{"type":"Feature","properties":{"fips":"27097","name":"Morrison","state":"MN"},"geometry":{"type":"Polygon","coordinates":[[[-94.653462,46.348678],[-94.534724,46.302797],[-94.426529,46.332336],[-94.341679,46.277705],[-94.388922,46.238166],[-94.374592,46.157093],[-93.810362,46.156585],[-93.810321,45.98308],[-93.763948,45.822143],[-94.353112,45.821967],[-94.271776,45.775208],[-94.64399,45.77395],[-94.653462,46.348678]]]}},{"type":"Feature","properties":{"fips":"31069","name":"Garden","state":"NE"},"geometry":{"type":"Polygon","coordinates":[[[-102.677582,42.005282],[-102.06665,42.009195],[-102.067764,41.742075],[-101.985523,41.74229],[-101.984567,41.395012],[-102.055256,41.395162],[-102.055599,41.221547],[-102.610413,41.221614],[-102.609386,41.395115],[-102.636525,41.438809],[-102.635803,41.742834],[-102.6794,41.829053],[-102.677582,42.005282]]]}},{"type":"Feature","properties":{"fips":"38083","name":"Sheridan","state":"ND"},"geometry":{"type":"Polygon","coordinates":[[[-100.672408,47.674038],[-100.585062,47.674088],[-100.585179,47.847761],[-100.197996,47.847652],[-100.069311,47.847431],[-100.032807,47.673669],[-100.033292,47.327165],[-100.113261,47.327262],[-100.67321,47.327646],[-100.672408,47.674038]]]}},{"type":"Feature","properties":{"fips":"29175","name":"Randolph","state":"MO"},"geometry":{"type":"Polygon","coordinates":[[[-92.697228,39.597699],[-92.692149,39.610265],[-92.300871,39.605348],[-92.310028,39.347795],[-92.314471,39.246454],[-92.430229,39.248795],[-92.707367,39.321614],[-92.697228,39.597699]]]}},{"type":"Feature","properties":{"fips":"18049","name":"Fulton","state":"IN"},"geometry":{"type":"Polygon","coordinates":[[[-86.468509,40.909889],[-86.467046,41.171442],[-86.077551,41.172868],[-86.075939,41.084878],[-85.945561,41.042876],[-85.946436,40.999195],[-86.168459,40.996097],[-86.169012,40.909836],[-86.468233,40.909884],[-86.468509,40.909889]]]}},{"type":"Feature","properties":{"fips":"55079","name":"Milwaukee","state":"WI"},"geometry":{"type":"Polygon","coordinates":[[[-88.06929,42.952374],[-88.066993,43.030885],[-88.063353,43.192117],[-87.8965793111888,43.1921346325265],[-87.900485,43.12591],[-87.870184,43.064412],[-87.895784,43.015814],[-87.8734225955834,42.9856223352379],[-87.842681,42.944116],[-87.834879,42.856717],[-87.821162938034,42.8422735467354],[-88.069924,42.843323],[-88.06929,42.952374]]]}},{"type":"Feature","properties":{"fips":"55129","name":"Washburn","state":"WI"},"geometry":{"type":"Polygon","coordinates":[[[-92.049636,46.157597],[-91.551282,46.157045],[-91.540294,45.637605],[-92.031417,45.639928],[-92.033404,45.98387],[-92.049636,46.157597]]]}},{"type":"Feature","properties":{"fips":"27089","name":"Marshall","state":"MN"},"geometry":{"type":"Polygon","coordinates":[[[-97.1481034661336,48.5407440461867],[-97.1477235683009,48.5438916836506],[-96.387835,48.544308],[-95.602315,48.538887],[-95.593918,48.172915],[-96.500843,48.174108],[-97.1458449594749,48.1732234829905],[-97.1418970728279,48.193696665318],[-97.129533,48.257815],[-97.137904,48.344585],[-97.139173,48.430528],[-97.149122,48.532305],[-97.1481034661336,48.5407440461867]]]}},{"type":"Feature","properties":{"fips":"39077","name":"Huron","state":"OH"},"geometry":{"type":"Polygon","coordinates":[[[-82.841475,41.290023],[-82.342337,41.284244],[-82.336496,41.065761],[-82.436916,41.065379],[-82.432852,40.992944],[-82.724792,40.995638],[-82.829512,40.996624],[-82.840087,41.255337],[-82.841475,41.290023]]]}},{"type":"Feature","properties":{"fips":"19133","name":"Monona","state":"IA"},"geometry":{"type":"Polygon","coordinates":[[[-96.3372160947059,42.2148495068956],[-95.670822,42.211408],[-95.672771,41.863147],[-96.1268212534654,41.8660952477016],[-96.159098,41.910057],[-96.132537,41.974625],[-96.223611,42.022652],[-96.272877,42.047238],[-96.2689,42.11359],[-96.347752,42.166806],[-96.3372160947059,42.2148495068956]]]}},{"type":"Feature","properties":{"fips":"39003","name":"Allen","state":"OH"},"geometry":{"type":"Polygon","coordinates":[[[-84.397374,40.815941],[-84.340531,40.859099],[-84.109586,40.860994],[-84.109516,40.90473],[-83.880423,40.920429],[-83.880063,40.819919],[-83.880194,40.64469],[-84.107787,40.643069],[-84.222799,40.685957],[-84.396778,40.684926],[-84.397374,40.815941]]]}},{"type":"Feature","properties":{"fips":"27165","name":"Watonwan","state":"MN"},"geometry":{"type":"Polygon","coordinates":[[[-94.859803,44.108016],[-94.738344,44.108898],[-94.36885,44.108698],[-94.368974,43.848047],[-94.854444,43.848099],[-94.859388,43.848093],[-94.859803,44.108016]]]}},{"type":"Feature","properties":{"fips":"27119","name":"Polk","state":"MN"},"geometry":{"type":"Polygon","coordinates":[[[-97.1458449594749,48.1732234829905],[-96.500843,48.174108],[-96.500901,48.021656],[-96.48255,47.963595],[-96.482092,47.847428],[-96.352708,47.847328],[-96.351727,47.7603],[-95.837177,47.760894],[-95.836827,47.848219],[-95.709148,47.848594],[-95.709619,47.935805],[-95.582155,47.933966],[-95.578839,47.673677],[-95.553392,47.67361],[-95.554248,47.499893],[-96.067621,47.499136],[-96.8559593490532,47.499173229529],[-96.854073,47.57201],[-96.882376,47.649025],[-96.8934933013398,47.6721269594437],[-96.928506,47.744884],[-96.996364,47.844398],[-97.037354,47.933279],[-97.068987,48.026267],[-97.105616,48.091362],[-97.146745,48.168556],[-97.1458449594749,48.1732234829905]]]}},{"type":"Feature","properties":{"fips":"26051","name":"Gladwin","state":"MI"},"geometry":{"type":"Polygon","coordinates":[[[-84.608104,44.160482],[-84.368039,44.160538],[-84.166107,44.161788],[-84.166377,43.996901],[-84.167318,43.825902],[-84.357878,43.828344],[-84.366676,43.81356],[-84.606037,43.815365],[-84.608104,44.160482]]]}},{"type":"Feature","properties":{"fips":"31059","name":"Fillmore","state":"NE"},"geometry":{"type":"Polygon","coordinates":[[[-97.82478,40.698537],[-97.368401,40.698625],[-97.368688,40.350392],[-97.820816,40.350545],[-97.824114,40.350541],[-97.82478,40.698537]]]}},{"type":"Feature","properties":{"fips":"17135","name":"Montgomery","state":"IL"},"geometry":{"type":"Polygon","coordinates":[[[-89.701661,39.523316],[-89.533526,39.524592],[-89.530836,39.348864],[-89.139807,39.348888],[-89.139464,39.217773],[-89.250513,39.217512],[-89.250309,39.028185],[-89.586344,39.028329],[-89.639265,38.999129],[-89.698555,38.998979],[-89.701661,39.523316]]]}},{"type":"Feature","properties":{"fips":"19171","name":"Tama","state":"IA"},"geometry":{"type":"Polygon","coordinates":[[[-92.76809,42.29668],[-92.53351,42.297001],[-92.298792,42.297527],[-92.298164,41.862779],[-92.765999,41.862373],[-92.767463,42.21014],[-92.76809,42.29668]]]}},{"type":"Feature","properties":{"fips":"39067","name":"Harrison","state":"OH"},"geometry":{"type":"Polygon","coordinates":[[[-81.338064,40.214077],[-81.334601,40.304316],[-81.274142,40.332632],[-81.269951,40.433486],[-81.237687,40.432461],[-81.212309,40.433457],[-80.941911,40.4247],[-80.865504,40.422929],[-80.882892,40.159495],[-81.089702,40.166998],[-81.195889,40.172138],[-81.225924,40.170075],[-81.339565,40.171999],[-81.338064,40.214077]]]}},{"type":"Feature","properties":{"fips":"17073","name":"Henry","state":"IL"},"geometry":{"type":"Polygon","coordinates":[[[-90.433737,41.326989],[-90.432181,41.434725],[-90.43193,41.456834],[-90.407429,41.463134],[-90.387328,41.476434],[-90.376528,41.478734],[-90.369427,41.496734],[-90.352231,41.508832],[-90.332657,41.514001],[-90.31951,41.509705],[-90.194572,41.541231],[-90.185536,41.584574],[-89.862351,41.584005],[-89.856619,41.320967],[-89.857616,41.234479],[-89.868152,41.149493],[-89.984559,41.149394],[-90.096311,41.14988],[-90.437652,41.151463],[-90.433737,41.326989]]]}},{"type":"Feature","properties":{"fips":"39081","name":"Jefferson","state":"OH"},"geometry":{"type":"Polygon","coordinates":[[[-80.924566,40.467975],[-80.92092,40.556315],[-80.863567,40.555411],[-80.861994,40.599404],[-80.747112,40.596991],[-80.667957,40.582496],[-80.622195,40.520497],[-80.604895,40.446667],[-80.6273626299369,40.3951709330172],[-80.631596,40.385468],[-80.606596,40.303869],[-80.644598,40.25127],[-80.6839113272511,40.1874431522076],[-80.7025753036226,40.1571413980097],[-80.766269,40.155111],[-80.882892,40.159495],[-80.865504,40.422929],[-80.941911,40.4247],[-80.924566,40.467975]]]}},{"type":"Feature","properties":{"fips":"26013","name":"Baraga","state":"MI"},"geometry":{"type":"Polygon","coordinates":[[[-88.678879,46.851801],[-88.551943,46.851795],[-88.552185,46.938533],[-88.4393631859438,46.9419824250004],[-88.455404,46.923321],[-88.477935,46.85056],[-88.372681,46.872277],[-88.244437,46.929612],[-88.143688,46.966665],[-88.065192,46.918563],[-88.0445216822815,46.9174499452762],[-88.044709,46.765353],[-87.991389,46.765159],[-87.991546,46.679113],[-88.115843,46.678381],[-88.116571,46.419951],[-88.679392,46.420139],[-88.678879,46.851801]]]}},{"type":"Feature","properties":{"fips":"26069","name":"Iosco","state":"MI"},"geometry":{"type":"Polygon","coordinates":[[[-83.886634,44.508976],[-83.3169638754402,44.5116830117597],[-83.31761,44.486058],[-83.336988,44.332919],[-83.401822,44.301831],[-83.442731,44.265361],[-83.524817,44.261558],[-83.5646457924967,44.163524818403],[-83.883977,44.161786],[-83.886634,44.508976]]]}},{"type":"Feature","properties":{"fips":"29105","name":"Laclede","state":"MO"},"geometry":{"type":"Polygon","coordinates":[[[-92.855384,37.895736],[-92.620181,37.892521],[-92.549074,37.800539],[-92.409226,37.85926],[-92.413669,37.713941],[-92.248865,37.648442],[-92.249463,37.604543],[-92.252261,37.472944],[-92.686671,37.481545],[-92.853481,37.48397],[-92.846281,37.721039],[-92.855384,37.895736]]]}},{"type":"Feature","properties":{"fips":"26163","name":"Wayne","state":"MI"},"geometry":{"type":"Polygon","coordinates":[[[-83.551907,42.435166],[-83.433734,42.43894],[-83.433672,42.438942],[-83.316825,42.442033],[-83.200522,42.444839],[-83.150944,42.446031],[-83.083393,42.447153],[-82.8703322691976,42.4510095842051],[-82.870347,42.450888],[-82.92397,42.352068],[-82.988619,42.332439],[-83.096521,42.290138],[-83.1254680663077,42.2008263707347],[-83.133923,42.17474],[-83.133511,42.088143],[-83.185526,42.052243],[-83.1949523116895,42.033107926811],[-83.283512,42.089737],[-83.539396,42.085598],[-83.551907,42.435166]]]}},{"type":"Feature","properties":{"fips":"26165","name":"Wexford","state":"MI"},"geometry":{"type":"Polygon","coordinates":[[[-85.817802,44.512969],[-85.757222,44.512984],[-85.334,44.512303],[-85.338404,44.425376],[-85.334777,44.165118],[-85.564554,44.164861],[-85.821186,44.164197],[-85.817802,44.512969]]]}},{"type":"Feature","properties":{"fips":"31017","name":"Brown","state":"NE"},"geometry":{"type":"Polygon","coordinates":[[[-100.198478,42.846102],[-100.11334,42.799683],[-99.677684,42.730903],[-99.663752,42.434609],[-99.662379,42.086009],[-99.686959,42.086075],[-100.167605,42.085848],[-100.183167,42.43343],[-100.18327,42.781005],[-100.198478,42.846102]]]}},{"type":"Feature","properties":{"fips":"46053","name":"Gregory","state":"SD"},"geometry":{"type":"Polygon","coordinates":[[[-99.534481,43.499801],[-99.297998,43.499669],[-99.310073,43.467935],[-99.152889,43.426908],[-99.069285,43.320688],[-98.981253,43.258945],[-98.896783,43.246909],[-98.868762,43.162009],[-98.773406,43.145919],[-98.69046,43.076556],[-98.524871,43.039347],[-98.49855,42.99856],[-98.847992,42.998255],[-99.2544550123166,42.9982209267867],[-99.534055014809,42.9981974883181],[-99.534481,43.499801]]]}},{"type":"Feature","properties":{"fips":"39043","name":"Erie","state":"OH"},"geometry":{"type":"Polygon","coordinates":[[[-82.952224,41.458239],[-82.73044,41.479343],[-82.6905671606649,41.4967057954382],[-82.687921,41.492324],[-82.616952,41.428425],[-82.533208,41.391157],[-82.460599,41.386316],[-82.361784,41.426644],[-82.3480192068912,41.4272633087345],[-82.342337,41.284244],[-82.841475,41.290023],[-82.847706,41.430495],[-82.952224,41.458239]]]}},{"type":"Feature","properties":{"fips":"29005","name":"Atchison","state":"MO"},"geometry":{"type":"Polygon","coordinates":[[[-95.765645,40.585208],[-95.533182,40.582249],[-95.3739250533987,40.5803323779415],[-95.335588,40.579871],[-95.2022660008303,40.578375628996],[-95.177708,40.478903],[-95.180614,40.261706],[-95.5481820011801,40.2644146728427],[-95.553292,40.291158],[-95.598657,40.309809],[-95.653729,40.322582],[-95.641027,40.366399],[-95.649418,40.396149],[-95.684363,40.463366],[-95.694726,40.493602],[-95.7122801670449,40.5237540745061],[-95.714291,40.527208],[-95.75711,40.52599],[-95.765645,40.585208]]]}},{"type":"Feature","properties":{"fips":"27099","name":"Mower","state":"MN"},"geometry":{"type":"Polygon","coordinates":[[[-93.049524,43.848443],[-93.045966,43.848467],[-92.689391,43.84857],[-92.674231,43.833903],[-92.448965,43.834105],[-92.4489479514378,43.5004149885627],[-92.5531280905188,43.5003000363123],[-92.553161,43.5003],[-92.870277,43.499548],[-93.0243479005419,43.49955616363],[-93.0491920078165,43.4995574800246],[-93.049524,43.848443]]]}},{"type":"Feature","properties":{"fips":"29173","name":"Ralls","state":"MO"},"geometry":{"type":"Polygon","coordinates":[[[-91.711934,39.599095],[-91.715247,39.657644],[-91.715497,39.686492],[-91.3057603349652,39.6862154700779],[-91.27614,39.665759],[-91.1828755008197,39.5982331157954],[-91.460442,39.450722],[-91.438235,39.318716],[-91.706049,39.324458],[-91.717968,39.339122],[-91.711934,39.599095]]]}},{"type":"Feature","properties":{"fips":"39101","name":"Marion","state":"OH"},"geometry":{"type":"Polygon","coordinates":[[[-83.419836,40.686823],[-83.310556,40.687109],[-83.304687,40.702006],[-83.11136,40.702915],[-82.858302,40.705019],[-82.859753,40.646395],[-82.957817,40.645148],[-82.958401,40.490664],[-83.020798,40.433795],[-83.248595,40.443989],[-83.248289,40.507078],[-83.41867,40.505229],[-83.416307,40.526528],[-83.419836,40.686823]]]}},{"type":"Feature","properties":{"fips":"29141","name":"Morgan","state":"MO"},"geometry":{"type":"Polygon","coordinates":[[[-93.067291,38.529995],[-93.059974,38.693077],[-92.839837,38.683974],[-92.841871,38.596792],[-92.625189,38.430778],[-92.633756,38.348082],[-92.689834,38.348472],[-92.695886,38.222031],[-92.749044,38.21756],[-92.775377,38.189925],[-93.01499,38.189775],[-93.077692,38.263092],[-93.067291,38.529995]]]}},{"type":"Feature","properties":{"fips":"27017","name":"Carlton","state":"MN"},"geometry":{"type":"Polygon","coordinates":[[[-93.064867,46.677801],[-93.061332,46.76655],[-92.301676,46.764134],[-92.292192,46.663242],[-92.292371,46.495585],[-92.2927598024283,46.41721950288],[-93.054847,46.419269],[-93.055844,46.579055],[-93.062678,46.59331],[-93.064867,46.677801]]]}},{"type":"Feature","properties":{"fips":"26139","name":"Ottawa","state":"MI"},"geometry":{"type":"Polygon","coordinates":[[[-86.2739282786714,43.1183679687078],[-85.907435,43.118911],[-85.908388,43.20592],[-85.790662,43.205167],[-85.789224,43.118034],[-85.782177,42.911323],[-85.782498,42.7682],[-86.2085385029097,42.7675438719157],[-86.214138,42.883555],[-86.2142923988824,42.8848840080177],[-86.226305,42.988284],[-86.254646,43.083409],[-86.2739282786714,43.1183679687078]]]}},{"type":"Feature","properties":{"fips":"17005","name":"Bond","state":"IL"},"geometry":{"type":"Polygon","coordinates":[[[-89.639265,38.999129],[-89.586344,39.028329],[-89.250309,39.028185],[-89.25736,38.99917],[-89.254185,38.742018],[-89.597321,38.743236],[-89.599593,38.87453],[-89.636874,38.874278],[-89.639265,38.999129]]]}},{"type":"Feature","properties":{"fips":"26123","name":"Newaygo","state":"MI"},"geometry":{"type":"Polygon","coordinates":[[[-86.039491,43.467447],[-86.037884,43.815611],[-85.562433,43.815483],[-85.562348,43.46813],[-85.562538,43.294271],[-85.790448,43.293003],[-86.038953,43.293519],[-86.039491,43.467447]]]}},{"type":"Feature","properties":{"fips":"20051","name":"Ellis","state":"KS"},"geometry":{"type":"Polygon","coordinates":[[[-99.591776,39.132357],[-99.047687,39.133014],[-99.0375,39.133121],[-99.042626,38.696807],[-99.585087,38.696537],[-99.598323,38.696514],[-99.591776,39.132357]]]}},{"type":"Feature","properties":{"fips":"17085","name":"Jo Daviess","state":"IL"},"geometry":{"type":"Polygon","coordinates":[[[-90.642843,42.508481],[-90.437011,42.507147],[-90.4263769607361,42.5071777352237],[-90.22319,42.507765],[-89.926484,42.505787],[-89.9264658538311,42.5057868210378],[-89.923558,42.371416],[-89.919772,42.196881],[-90.3151462239686,42.1937168744807],[-90.338169,42.203321],[-90.400653,42.239293],[-90.430884,42.27823],[-90.417125,42.319943],[-90.44632,42.357041],[-90.4843456727163,42.3815977781919],[-90.517516,42.403019],[-90.565248,42.438742],[-90.590416,42.447493],[-90.646727,42.471904],[-90.642843,42.508481]]]}},{"type":"Feature","properties":{"fips":"39159","name":"Union","state":"OH"},"geometry":{"type":"Polygon","coordinates":[[[-83.520227,40.504077],[-83.41867,40.505229],[-83.248289,40.507078],[-83.248595,40.443989],[-83.248428,40.244466],[-83.17233,40.244257],[-83.169872,40.143077],[-83.206273,40.107733],[-83.503714,40.111468],[-83.494498,40.225467],[-83.551338,40.22937],[-83.520227,40.504077]]]}},{"type":"Feature","properties":{"fips":"19045","name":"Clinton","state":"IA"},"geometry":{"type":"Polygon","coordinates":[[[-90.898373,42.033548],[-90.1596824511227,42.0330872575859],[-90.140613,41.995999],[-90.156902,41.938181],[-90.1581530337095,41.9298432273761],[-90.165065,41.883777],[-90.181401,41.844647],[-90.180643,41.811979],[-90.2423682473972,41.7827687259846],[-90.248631,41.779805],[-90.310708,41.742214],[-90.3118568504162,41.7285328921536],[-90.471723,41.773603],[-90.685383,41.757205],[-90.898373,41.771392],[-90.898484,41.946245],[-90.898373,42.033548]]]}},{"type":"Feature","properties":{"fips":"31079","name":"Hall","state":"NE"},"geometry":{"type":"Polygon","coordinates":[[[-98.721975,41.046674],[-98.287168,41.046363],[-98.282395,41.026597],[-98.282578,40.868677],[-98.282851,40.698284],[-98.72143,40.698903],[-98.721975,41.046674]]]}},{"type":"Feature","properties":{"fips":"18155","name":"Switzerland","state":"IN"},"geometry":{"type":"Polygon","coordinates":[[[-85.203166,38.913803],[-85.135832,38.929578],[-85.140312,38.903194],[-84.8643271879881,38.9137941412077],[-84.830472,38.897256],[-84.786406,38.88222],[-84.7987011365099,38.8592249335163],[-84.803247,38.850723],[-84.812877,38.786087],[-84.856904,38.790224],[-84.962535,38.778035],[-85.0210522365665,38.7585272930799],[-85.071928,38.741567],[-85.146861,38.695427],[-85.187278,38.687609],[-85.2017606225486,38.6974407918463],[-85.203166,38.913803]]]}},{"type":"Feature","properties":{"fips":"29155","name":"Pemiscot","state":"MO"},"geometry":{"type":"Polygon","coordinates":[[[-89.96131,36.388803],[-89.752147,36.386396],[-89.728855,36.427504],[-89.611308,36.411273],[-89.5450313339691,36.344271398663],[-89.600544,36.342985],[-89.611819,36.309088],[-89.554289,36.277751],[-89.602374,36.238106],[-89.678046,36.248284],[-89.69263,36.224959],[-89.6276414416754,36.185460316606],[-89.623804,36.183128],[-89.592102,36.135637],[-89.64302,36.10362],[-89.680029,36.082494],[-89.692437,36.020507],[-89.733095,36.000608],[-89.901183,35.999365],[-89.9593746319162,35.9990141141563],[-89.96131,36.388803]]]}},{"type":"Feature","properties":{"fips":"29219","name":"Warren","state":"MO"},"geometry":{"type":"Polygon","coordinates":[[[-91.415832,38.8453],[-91.264931,38.84643],[-91.264287,38.992762],[-91.18839,38.992141],[-91.189348,38.932151],[-91.110187,38.931901],[-91.111251,38.872709],[-90.958536,38.870865],[-90.961,38.81635],[-90.96104,38.81622],[-90.964469,38.547241],[-91.077324,38.609343],[-91.226547,38.621567],[-91.319022,38.708368],[-91.369192,38.699324],[-91.418637,38.709778],[-91.415832,38.8453]]]}},{"type":"Feature","properties":{"fips":"29071","name":"Franklin","state":"MO"},"geometry":{"type":"Polygon","coordinates":[[[-91.369192,38.699324],[-91.319022,38.708368],[-91.226547,38.621567],[-91.077324,38.609343],[-90.964469,38.547241],[-90.916554,38.534725],[-90.773622,38.594617],[-90.733059,38.639295],[-90.736167,38.466869],[-90.73763,38.415453],[-90.780185,38.204112],[-91.095765,38.204083],[-91.348986,38.204069],[-91.367482,38.209741],[-91.369192,38.699324]]]}},{"type":"Feature","properties":{"fips":"27013","name":"Blue Earth","state":"MN"},"geometry":{"type":"Polygon","coordinates":[[[-94.371731,44.264448],[-94.055349,44.154018],[-94.004726,44.168471],[-94.011868,44.23952],[-93.768031,44.239384],[-93.767971,44.195836],[-93.767761,43.847956],[-94.247123,43.847946],[-94.368974,43.848047],[-94.36885,44.108698],[-94.371731,44.264448]]]}},{"type":"Feature","properties":{"fips":"46111","name":"Sanborn","state":"SD"},"geometry":{"type":"Polygon","coordinates":[[[-98.33191,44.196687],[-97.85366,44.195233],[-97.849492,44.195235],[-97.85111,43.849857],[-97.967279,43.850686],[-98.325242,43.851058],[-98.331545,43.868519],[-98.331508,43.937708],[-98.33191,44.196687]]]}},{"type":"Feature","properties":{"fips":"55107","name":"Rusk","state":"WI"},"geometry":{"type":"Polygon","coordinates":[[[-91.540294,45.637605],[-90.678749,45.638264],[-90.678773,45.377907],[-90.925343,45.37935],[-90.925222,45.292061],[-91.541322,45.29222],[-91.540294,45.637605]]]}},{"type":"Feature","properties":{"fips":"46061","name":"Hanson","state":"SD"},"geometry":{"type":"Polygon","coordinates":[[[-97.967279,43.850686],[-97.85111,43.849857],[-97.608517,43.849059],[-97.607012,43.499826],[-97.964586,43.499041],[-97.967279,43.850686]]]}},{"type":"Feature","properties":{"fips":"27023","name":"Chippewa","state":"MN"},"geometry":{"type":"Polygon","coordinates":[[[-96.036693,45.152142],[-95.246489,45.152431],[-95.24852,44.89131],[-95.482889,44.890712],[-95.482843,44.752505],[-95.498078,44.789461],[-95.736696,44.93604],[-95.743846,44.944467],[-95.804281,44.949197],[-95.824614,44.986884],[-96.036693,45.152142]]]}},{"type":"Feature","properties":{"fips":"26009","name":"Antrim","state":"MI"},"geometry":{"type":"Polygon","coordinates":[[[-85.4314154750083,45.0166494527177],[-85.380659,45.046319],[-85.366749,45.101591],[-85.380464,45.180876],[-85.377824295933,45.2076444024869],[-85.222707,45.20556],[-85.223681,45.117861],[-84.857452,45.116707],[-84.847309,44.858037],[-85.327696,44.850707],[-85.332836,44.812372],[-85.381983,44.859568],[-85.473841,44.859449],[-85.4314154750083,45.0166494527177]]]}},{"type":"Feature","properties":{"fips":"17109","name":"McDonough","state":"IL"},"geometry":{"type":"Polygon","coordinates":[[[-90.904216,40.639201],[-90.789652,40.63575],[-90.445627,40.627638],[-90.446883,40.539839],[-90.447461,40.452055],[-90.450227,40.276335],[-90.909756,40.284394],[-90.904216,40.639201]]]}},{"type":"Feature","properties":{"fips":"55019","name":"Clark","state":"WI"},"geometry":{"type":"Polygon","coordinates":[[[-90.923362,45.031143],[-90.315038,45.033829],[-90.316253,44.685154],[-90.316055,44.424502],[-90.558746,44.42221],[-90.801918,44.422442],[-90.801525,44.509681],[-90.922889,44.50984],[-90.92235,44.596293],[-90.922247,44.857309],[-90.922669,44.944428],[-90.923362,45.031143]]]}},{"type":"Feature","properties":{"fips":"27169","name":"Winona","state":"MN"},"geometry":{"type":"Polygon","coordinates":[[[-92.079236,44.192966],[-91.8544999752977,44.1972265195522],[-91.817302,44.164235],[-91.719097,44.128853],[-91.647873,44.064109],[-91.573283,44.026901],[-91.5592155630397,44.0242093165812],[-91.440536,44.001501],[-91.4235686998173,43.9842968803226],[-91.357426,43.917231],[-91.291002,43.852733],[-91.2876556273671,43.847065],[-91.730424,43.846935],[-92.079141,43.847126],[-92.079498,44.106721],[-92.079236,44.192966]]]}},{"type":"Feature","properties":{"fips":"39085","name":"Lake","state":"OH"},"geometry":{"type":"Polygon","coordinates":[[[-81.488682733409,41.6344639278209],[-81.466038,41.649148],[-81.388632,41.707144],[-81.286925,41.760243],[-81.184368,41.786671],[-81.05192,41.839557],[-81.0022694065175,41.8491724664376],[-81.002929,41.714887],[-81.102258,41.714307],[-81.101422,41.641457],[-81.294669,41.640889],[-81.29588,41.56995],[-81.391005,41.569716],[-81.487842,41.570051],[-81.488682733409,41.6344639278209]]]}},{"type":"Feature","properties":{"fips":"55029","name":"Door","state":"WI"},"geometry":{"type":"MultiPolygon","coordinates":[[[[-86.934276,45.421149],[-86.835749,45.450188],[-86.805868,45.412903],[-86.867743,45.353065],[-86.899891,45.295185],[-86.956198,45.352006],[-86.934276,45.421149]]],[[[-87.71978,44.693246],[-87.720889,44.724548],[-87.6463,44.798739],[-87.581306,44.851791],[-87.530999,44.857437],[-87.515142,44.869596],[-87.446477,44.886109],[-87.393405,44.934393],[-87.336457,45.01353],[-87.264877,45.081361],[-87.238224,45.167259],[-87.175068,45.17305],[-87.121609,45.209783],[-87.108743,45.257003],[-87.057627,45.292838],[-87.017036,45.299254],[-86.97778,45.290684],[-86.978759,45.227333],[-87.04417,45.186946],[-87.045748,45.134987],[-87.063157,45.079316],[-87.139384,45.012565],[-87.188375,44.948077],[-87.206285,44.885928],[-87.27603,44.83318],[-87.318982,44.771335],[-87.3754915502194,44.675512109805],[-87.7375708608663,44.6770118161559],[-87.71978,44.693246]]]]}},{"type":"Feature","properties":{"fips":"31161","name":"Sheridan","state":"NE"},"geometry":{"type":"Polygon","coordinates":[[[-102.792110939839,43.0000362357704],[-102.40864,42.999626],[-102.082548043072,42.99914064039],[-102.066905,42.78549],[-102.038169,42.443307],[-102.006428,42.096227],[-102.008562,42.008901],[-102.06665,42.009195],[-102.677582,42.005282],[-102.697835,42.004843],[-102.742269,42.092388],[-102.749611,42.430454],[-102.773366,42.439922],[-102.773369,42.785265],[-102.792110939839,43.0000362357704]]]}},{"type":"Feature","properties":{"fips":"18127","name":"Porter","state":"IN"},"geometry":{"type":"Polygon","coordinates":[[[-87.2227999491184,41.62888983896],[-87.125835,41.650302],[-87.027888,41.674661],[-86.9328490284944,41.7164969379022],[-86.929774,41.519019],[-86.930079,41.236798],[-86.968125,41.219658],[-87.131339,41.286245],[-87.218862,41.242027],[-87.2227999491184,41.62888983896]]]}},{"type":"Feature","properties":{"fips":"19007","name":"Appanoose","state":"IA"},"geometry":{"type":"Polygon","coordinates":[[[-93.097595,40.898451],[-92.639091,40.898886],[-92.6379032935995,40.5909565470979],[-92.686693,40.589809],[-92.714597263045,40.5895828338363],[-92.941595,40.587743],[-93.0972912037498,40.5838234773251],[-93.097595,40.898451]]]}},{"type":"Feature","properties":{"fips":"29077","name":"Greene","state":"MO"},"geometry":{"type":"Polygon","coordinates":[[[-93.621153,37.427423],[-93.182489,37.417204],[-93.07338,37.414989],[-93.076775,37.270599],[-93.061911,37.252164],[-93.065274,37.088694],[-93.608899,37.098153],[-93.605113,37.280253],[-93.625844,37.282011],[-93.621153,37.427423]]]}},{"type":"Feature","properties":{"fips":"17025","name":"Clay","state":"IL"},"geometry":{"type":"Polygon","coordinates":[[[-88.695165,38.826299],[-88.693531,38.914617],[-88.579581,38.915382],[-88.361745,38.910847],[-88.361758,38.852124],[-88.258583,38.847529],[-88.257783,38.731139],[-88.292421,38.626487],[-88.253978,38.599502],[-88.698459,38.606062],[-88.695165,38.826299]]]}},{"type":"Feature","properties":{"fips":"31167","name":"Stanton","state":"NE"},"geometry":{"type":"Polygon","coordinates":[[[-97.368404,42.090922],[-97.019359,42.090577],[-97.019911,41.74298],[-97.252425,41.743085],[-97.36807,41.743207],[-97.368404,42.090922]]]}},{"type":"Feature","properties":{"fips":"20049","name":"Elk","state":"KS"},"geometry":{"type":"Polygon","coordinates":[[[-96.5253,37.607015],[-95.961002,37.603761],[-95.961605,37.386636],[-95.964535,37.363579],[-95.964399,37.299232],[-96.524873,37.30273],[-96.52569,37.476405],[-96.5253,37.607015]]]}},{"type":"Feature","properties":{"fips":"26101","name":"Manistee","state":"MI"},"geometry":{"type":"Polygon","coordinates":[[[-86.351638,44.229429],[-86.26871,44.345324],[-86.251926,44.400984],[-86.248914,44.483004],[-86.2370208650165,44.5182985861447],[-85.817802,44.512969],[-85.821186,44.164197],[-86.043507,44.167088],[-86.3878373602652,44.178694],[-86.351638,44.229429]]]}},{"type":"Feature","properties":{"fips":"18039","name":"Elkhart","state":"IN"},"geometry":{"type":"Polygon","coordinates":[[[-86.0625630290106,41.759653033158],[-85.791363,41.759051],[-85.7913349619628,41.7590510395575],[-85.6597502379909,41.759236686047],[-85.654747,41.523347],[-85.653507,41.436856],[-85.768708,41.435745],[-86.05923,41.435812],[-86.059451,41.479154],[-86.0625630290106,41.759653033158]]]}},{"type":"Feature","properties":{"fips":"29033","name":"Carroll","state":"MO"},"geometry":{"type":"Polygon","coordinates":[[[-93.759183,39.524558],[-93.758357,39.611407],[-93.278098,39.615632],[-93.275848,39.458302],[-93.11882,39.417102],[-93.104485,39.383656],[-93.200708,39.401787],[-93.230079,39.327877],[-93.332252,39.309606],[-93.333337,39.250012],[-93.399133,39.226437],[-93.477233,39.292796],[-93.49196,39.223461],[-93.650526,39.248214],[-93.758463,39.207021],[-93.759183,39.524558]]]}},{"type":"Feature","properties":{"fips":"18065","name":"Henry","state":"IN"},"geometry":{"type":"Polygon","coordinates":[[[-85.596678,39.872926],[-85.576192,39.945756],[-85.576197,40.077143],[-85.214386,40.076889],[-85.213551,40.016026],[-85.201473,40.004521],[-85.200945,39.873799],[-85.221118,39.788449],[-85.301584,39.787579],[-85.596916,39.786519],[-85.596678,39.872926]]]}},{"type":"Feature","properties":{"fips":"18019","name":"Clark","state":"IN"},"geometry":{"type":"Polygon","coordinates":[[[-85.993317,38.48854],[-85.884776,38.503469],[-85.847893,38.561269],[-85.793584,38.604814],[-85.56998,38.606155],[-85.496666,38.606736],[-85.4314160707522,38.5862856131089],[-85.4156,38.546341],[-85.432981047742,38.5241121702949],[-85.433136,38.523914],[-85.474354,38.504074],[-85.498866,38.468242],[-85.587758,38.450495],[-85.621625,38.417089],[-85.6344441449773,38.3783994475748],[-85.646201,38.342916],[-85.683561,38.295469],[-85.750962,38.26787],[-85.794501505519,38.2779525587226],[-85.76103,38.350349],[-85.807726,38.404313],[-85.99462,38.418345],[-85.993317,38.48854]]]}},{"type":"Feature","properties":{"fips":"17031","name":"Cook","state":"IL"},"geometry":{"type":"Polygon","coordinates":[[[-88.263546,42.05898],[-88.238257,42.092348],[-88.238449,42.154249],[-88.199584,42.15426],[-88.062827,42.153855],[-88.004466,42.153645],[-87.984994,42.153626],[-87.981571,42.153621],[-87.968951,42.153589],[-87.961974,42.153546],[-87.7592491186898,42.1522561642711],[-87.741662,42.128227],[-87.7413552334043,42.1279554347716],[-87.690656561605,42.0830744191043],[-87.6892756203283,42.0818519403908],[-87.682359,42.075729],[-87.668982,42.029142],[-87.642232811764,41.9547765180824],[-87.624052,41.904232],[-87.6168374404579,41.897547444662],[-87.612291,41.893335],[-87.613556,41.88448],[-87.616293,41.870929],[-87.6114664819065,41.8528050472118],[-87.60945,41.845233],[-87.5920173104579,41.8169432782755],[-87.560646,41.766034],[-87.530745,41.748235],[-87.5260563516369,41.7310217535488],[-87.524141,41.72399],[-87.524044,41.708335],[-87.52494,41.529735],[-87.5254093533475,41.4702806660617],[-87.787302,41.469839],[-87.790408,41.528041],[-87.792793,41.55854],[-87.909377,41.556819],[-87.91193,41.643933],[-88.027688,41.641506],[-88.028557,41.669915],[-88.028973,41.685242],[-87.966674,41.686742],[-87.914264,41.716598],[-87.91461,41.723888],[-87.916658,41.780224],[-87.91672,41.781733],[-87.918952,41.833149],[-87.920606,41.882701],[-87.920423,41.906843],[-87.920288,41.9313],[-87.920244,41.943126],[-87.920229,41.97184],[-87.938967,41.993515],[-87.970353,41.993001],[-88.145101,41.988242],[-88.184215,41.987599],[-88.262875,41.986378],[-88.263546,42.05898]]]}},{"type":"Feature","properties":{"fips":"20129","name":"Morton","state":"KS"},"geometry":{"type":"Polygon","coordinates":[[[-102.04192,37.035083],[-102.041983,37.106551],[-102.041963,37.258164],[-102.041938522874,37.3891900553938],[-101.556606,37.388485],[-101.555258848691,36.9952909392776],[-101.90244,36.993702],[-102.028204191045,36.9931451471083],[-102.04224,36.993083],[-102.04192,37.035083]]]}},{"type":"Feature","properties":{"fips":"31115","name":"Loup","state":"NE"},"geometry":{"type":"Polygon","coordinates":[[[-99.686959,42.086075],[-99.662379,42.086009],[-99.234629,42.087995],[-99.222733,42.087916],[-99.22183,41.740792],[-99.686834,41.740326],[-99.686959,42.086075]]]}},{"type":"Feature","properties":{"fips":"17065","name":"Hamilton","state":"IL"},"geometry":{"type":"Polygon","coordinates":[[[-88.704606,38.125195],[-88.702391,38.256661],[-88.370375,38.255319],[-88.374521,37.908391],[-88.37453,37.907678],[-88.706622,37.906797],[-88.704606,38.125195]]]}},{"type":"Feature","properties":{"fips":"55007","name":"Bayfield","state":"WI"},"geometry":{"type":"Polygon","coordinates":[[[-91.5513415356564,46.7574752934595],[-91.511077,46.757453],[-91.411799,46.78964],[-91.360804,46.798136],[-91.314815,46.826825],[-91.256705,46.836887],[-91.211647,46.866824],[-91.167601,46.84476],[-91.130475,46.870008],[-91.087357,46.879471],[-91.034518,46.903053],[-90.984617,46.925602],[-90.989375,46.982274],[-90.924128,47.001888],[-90.85284,46.962558],[-90.80628,46.938738],[-90.745305,46.894254],[-90.798936,46.823143],[-90.861046,46.765631],[-90.880841,46.739957],[-90.852704,46.699582],[-90.915152,46.65841],[-90.932626,46.617296],[-90.95565,46.592503],[-90.9252293953426,46.5874880724456],[-90.924583,46.154616],[-91.551282,46.157045],[-91.551936,46.748111],[-91.5513415356564,46.7574752934595]]]}},{"type":"Feature","properties":{"fips":"29195","name":"Saline","state":"MO"},"geometry":{"type":"Polygon","coordinates":[[[-93.477233,39.292796],[-93.399133,39.226437],[-93.333337,39.250012],[-93.332252,39.309606],[-93.230079,39.327877],[-93.200708,39.401787],[-93.104485,39.383656],[-93.072915,39.33552],[-92.959801,39.312526],[-92.911669,39.223946],[-92.849224,39.226218],[-92.94385,39.121738],[-92.934569,39.064547],[-93.048471,38.972418],[-93.050453,38.928244],[-93.496377,38.942837],[-93.477233,39.292796]]]}},{"type":"Feature","properties":{"fips":"39139","name":"Richland","state":"OH"},"geometry":{"type":"Polygon","coordinates":[[[-82.724792,40.995638],[-82.432852,40.992944],[-82.420836,40.823514],[-82.339211,40.726683],[-82.336962,40.555001],[-82.374898,40.550871],[-82.623609,40.549879],[-82.644977,40.666425],[-82.627767,40.709352],[-82.727164,40.711203],[-82.724792,40.995638]]]}},{"type":"Feature","properties":{"fips":"17167","name":"Sangamon","state":"IL"},"geometry":{"type":"Polygon","coordinates":[[[-89.994506,39.901925],[-89.769168,39.90235],[-89.701864,39.916787],[-89.698259,39.975309],[-89.578289,39.976127],[-89.483826,39.976733],[-89.483498,39.933151],[-89.367112,39.917587],[-89.217846,39.91699],[-89.217473,39.813666],[-89.392858,39.74385],[-89.425171,39.762022],[-89.425051,39.683696],[-89.535028,39.641138],[-89.533526,39.524592],[-89.701661,39.523316],[-89.813147,39.522838],[-89.926037,39.522104],[-89.993539,39.785393],[-89.994405,39.87286],[-89.994506,39.901925]]]}},{"type":"Feature","properties":{"fips":"31051","name":"Dixon","state":"NE"},"geometry":{"type":"Polygon","coordinates":[[[-97.017789,42.351347],[-97.0156311127472,42.7565254624882],[-96.965679,42.724532],[-96.906797,42.7338],[-96.8073706000982,42.700678985373],[-96.801652,42.698774],[-96.778182,42.662993],[-96.697639,42.659143],[-96.7093,42.603753],[-96.658754,42.566426],[-96.6279454569017,42.5270961391418],[-96.722231,42.524652],[-96.726661,42.278005],[-96.73778,42.264104],[-96.822497,42.264292],[-97.01773,42.264453],[-97.017789,42.351347]]]}},{"type":"Feature","properties":{"fips":"55089","name":"Ozaukee","state":"WI"},"geometry":{"type":"Polygon","coordinates":[[[-88.062426,43.367289],[-88.039983,43.367883],[-88.040528,43.542361],[-87.7910201400285,43.543015444928],[-87.793239,43.492783],[-87.840955,43.420677],[-87.889207,43.307652],[-87.896286,43.197108],[-87.8965793111888,43.1921346325265],[-88.063353,43.192117],[-88.062426,43.367289]]]}},{"type":"Feature","properties":{"fips":"38061","name":"Mountrail","state":"ND"},"geometry":{"type":"Polygon","coordinates":[[[-102.885763,48.54639],[-102.233892,48.546339],[-101.973282,48.546485],[-101.973542,48.372275],[-101.922237,48.37233],[-101.922123,48.023173],[-101.871537,48.023176],[-101.871862,47.847589],[-102.385647,47.847772],[-102.385758,47.758008],[-102.561965,47.780111],[-102.642266,47.823713],[-102.644764,47.906715],[-102.551964,47.997149],[-102.663487,48.076651],[-102.828477,48.123664],[-102.828163,48.372641],[-102.885862,48.372702],[-102.885763,48.54639]]]}},{"type":"Feature","properties":{"fips":"29045","name":"Clark","state":"MO"},"geometry":{"type":"Polygon","coordinates":[[[-91.949747,40.300832],[-91.9431174596857,40.606060586354],[-91.939292,40.60615],[-91.729115,40.61364],[-91.7166549876819,40.603740139296],[-91.685381,40.578892],[-91.670993,40.550937],[-91.618999,40.539084],[-91.608347,40.50004],[-91.563844,40.460988],[-91.519134,40.432822],[-91.498093,40.401926],[-91.419422,40.378264],[-91.469656,40.322409],[-91.492891,40.269923],[-91.4969574903395,40.2487038763728],[-91.950812,40.25721],[-91.949747,40.300832]]]}},{"type":"Feature","properties":{"fips":"18117","name":"Orange","state":"IN"},"geometry":{"type":"Polygon","coordinates":[[[-86.683102,38.686561],[-86.308701,38.688101],[-86.308674,38.422875],[-86.308868,38.394069],[-86.681424,38.394767],[-86.682359,38.526378],[-86.683102,38.686561]]]}},{"type":"Feature","properties":{"fips":"31083","name":"Harlan","state":"NE"},"geometry":{"type":"Polygon","coordinates":[[[-99.630459,40.35112],[-99.179403,40.350681],[-99.1791331508611,40.0021089526949],[-99.501792,40.002026],[-99.6253267263996,40.001777827647],[-99.6282538492245,40.0017719472684],[-99.630459,40.35112]]]}},{"type":"Feature","properties":{"fips":"29199","name":"Scotland","state":"MO"},"geometry":{"type":"Polygon","coordinates":[[[-92.3508041867264,40.5972572763761],[-92.17978,40.600529],[-91.9431174596857,40.606060586354],[-91.949747,40.300832],[-92.347801,40.302756],[-92.349975,40.346505],[-92.3508041867264,40.5972572763761]]]}},{"type":"Feature","properties":{"fips":"20167","name":"Russell","state":"KS"},"geometry":{"type":"Polygon","coordinates":[[[-99.0375,39.133121],[-98.489997,39.132697],[-98.483813,39.114229],[-98.484861,38.870791],[-98.486108,38.696878],[-99.032971,38.696759],[-99.042626,38.696807],[-99.0375,39.133121]]]}},{"type":"Feature","properties":{"fips":"26033","name":"Chippewa","state":"MI"},"geometry":{"type":"Polygon","coordinates":[[[-85.2378731773596,46.7557027812565],[-85.173042,46.763634],[-84.964652,46.772845],[-85.028291,46.675125],[-85.027374,46.553756],[-84.969464,46.47629],[-84.849767,46.460245],[-84.678423,46.487694],[-84.607945,46.456747],[-84.493401,46.440313],[-84.461827,46.466566],[-84.420274,46.501077],[-84.293016,46.492803],[-84.193729,46.53992],[-84.117925,46.517619],[-84.125026,46.470143],[-84.138906,46.372221],[-84.097766,46.256512],[-84.108089,46.241238],[-84.114941,46.174114],[-84.026536,46.131648],[-83.974012,46.081552],[-83.882303,46.042065],[-83.815826,46.108529],[-83.719791,46.101031],[-83.598612,46.090085],[-83.480639,45.996164],[-83.526347,45.918636],[-83.583052,45.915919],[-83.65766,45.945463],[-83.80104,45.937582],[-83.910838,45.965613],[-84.080071,45.970822],[-84.1146065625188,45.9679083747954],[-84.239332,45.984914],[-84.238884,46.071457],[-84.36309,46.071574],[-84.363503,46.157984],[-85.112513,46.158263],[-85.113329,46.245722],[-85.237839,46.24543],[-85.2378731773596,46.7557027812565]]]}},{"type":"Feature","properties":{"fips":"27137","name":"St. Louis","state":"MN"},"geometry":{"type":"Polygon","coordinates":[[[-93.088548716516,48.6268109196626],[-92.954876,48.631493],[-92.894687,48.594915],[-92.728046,48.53929],[-92.634931,48.542873],[-92.631117,48.508252],[-92.657101,48.466915],[-92.575636,48.440827],[-92.51491,48.448313],[-92.456325,48.414204],[-92.469948,48.351836],[-92.416285,48.295463],[-92.369174,48.220268],[-92.314665,48.240527],[-92.295668,48.278118],[-92.295412,48.323957],[-92.26228,48.354933],[-92.162161,48.363279],[-92.055228,48.359213],[-92.000133,48.321355],[-91.980772,48.247801],[-91.89347,48.237699],[-91.7973140618676,48.2057860320392],[-91.788857,47.542616],[-91.7943601058784,46.9425241508697],[-91.806851,46.933727],[-91.906483,46.891236],[-92.013405,46.833727],[-92.062088,46.804038],[-92.01529,46.706469],[-92.050819,46.710517],[-92.100255,46.734446],[-92.143338,46.731596],[-92.183091,46.695241],[-92.205492,46.664741],[-92.292192,46.663242],[-92.301676,46.764134],[-93.061332,46.76655],[-93.056761,47.026406],[-93.069636,47.400174],[-93.061497,47.720406],[-93.080906,47.891864],[-93.096541,48.067803],[-93.088548716516,48.6268109196626]]]}},{"type":"Feature","properties":{"fips":"27171","name":"Wright","state":"MN"},"geometry":{"type":"Polygon","coordinates":[[[-94.26152,45.297688],[-94.156705,45.303953],[-94.048021,45.423274],[-93.758764,45.295228],[-93.56377,45.301154],[-93.521653,45.246618],[-93.65881,45.194116],[-93.638653,45.174161],[-93.638622,45.16562],[-93.645168,45.161561],[-93.647747,45.158609],[-93.661545,45.153274],[-93.667203,45.154443],[-93.676267,45.151044],[-93.761874,45.081244],[-93.767532,44.977646],[-94.012236,44.978712],[-94.256074,44.979465],[-94.256751,45.239272],[-94.261131,45.283941],[-94.26152,45.297688]]]}},{"type":"Feature","properties":{"fips":"31049","name":"Deuel","state":"NE"},"geometry":{"type":"Polygon","coordinates":[[[-102.610213,41.048207],[-102.610413,41.221614],[-102.055599,41.221547],[-102.051761,41.003874],[-102.051717521832,41.0023769676222],[-102.556789,41.002219],[-102.621033024452,41.0022232026156],[-102.610213,41.048207]]]}},{"type":"Feature","properties":{"fips":"29223","name":"Wayne","state":"MO"},"geometry":{"type":"Polygon","coordinates":[[[-90.779025,37.13792],[-90.737146,37.166413],[-90.735453,37.27104],[-90.550603,37.272608],[-90.549729,37.317594],[-90.217657,37.314967],[-90.222894,37.086537],[-90.110354,37.085871],[-90.111247,37.041205],[-90.186327,36.993345],[-90.258563,36.922043],[-90.678562,36.92649],[-90.729722,37.049534],[-90.779553,37.050324],[-90.779025,37.13792]]]}},{"type":"Feature","properties":{"fips":"29187","name":"St. Francois","state":"MO"},"geometry":{"type":"Polygon","coordinates":[[[-90.645135,37.734813],[-90.63998,38.076548],[-90.618065,38.073322],[-90.628084,38.007743],[-90.416022,38.042315],[-90.32287,37.981731],[-90.459133,37.878924],[-90.200208,37.669628],[-90.110537,37.67134],[-90.146778,37.641618],[-90.535016,37.643641],[-90.647874,37.642809],[-90.645135,37.734813]]]}},{"type":"Feature","properties":{"fips":"55078","name":"Menominee","state":"WI"},"geometry":{"type":"Polygon","coordinates":[[[-88.982176,45.117733],[-88.641159,45.117346],[-88.483732,45.116887],[-88.489149,44.855445],[-88.736194,44.856376],[-88.735548,44.943178],[-88.981319,44.942745],[-88.98168,45.028917],[-88.982176,45.117733]]]}},{"type":"Feature","properties":{"fips":"31033","name":"Cheyenne","state":"NE"},"geometry":{"type":"Polygon","coordinates":[[[-103.375691,41.047623],[-103.37762,41.394633],[-103.369005,41.437766],[-102.636525,41.438809],[-102.609386,41.395115],[-102.610413,41.221614],[-102.610213,41.048207],[-102.621033024452,41.0022232026156],[-102.653464137269,41.0022253241436],[-103.076536,41.002253],[-103.38249165189,41.001926146621],[-103.375691,41.047623]]]}},{"type":"Feature","properties":{"fips":"31129","name":"Nuckolls","state":"NE"},"geometry":{"type":"Polygon","coordinates":[[[-98.273571,40.350359],[-97.824114,40.350541],[-97.820816,40.350545],[-97.8215008122752,40.0021868820889],[-97.9318249263172,40.0022363450196],[-98.076034,40.002301],[-98.2740170597529,40.0023374507299],[-98.273571,40.350359]]]}},{"type":"Feature","properties":{"fips":"31185","name":"York","state":"NE"},"geometry":{"type":"Polygon","coordinates":[[[-97.826287,41.046581],[-97.368118,41.046947],[-97.368401,40.698625],[-97.82478,40.698537],[-97.825723,40.698555],[-97.826287,41.046581]]]}},{"type":"Feature","properties":{"fips":"27125","name":"Red Lake","state":"MN"},"geometry":{"type":"Polygon","coordinates":[[[-96.48255,47.963595],[-95.70984,47.96433],[-95.709619,47.935805],[-95.709148,47.848594],[-95.836827,47.848219],[-95.837177,47.760894],[-96.351727,47.7603],[-96.352708,47.847328],[-96.482092,47.847428],[-96.48255,47.963595]]]}},{"type":"Feature","properties":{"fips":"18147","name":"Spencer","state":"IN"},"geometry":{"type":"Polygon","coordinates":[[[-87.268003,37.924766],[-87.072332,38.11828],[-87.017453,38.118301],[-87.01749,38.20358],[-86.791497,38.20513],[-86.772367,37.998165],[-86.798293,38.015528],[-86.8135795707459,37.9960671327985],[-86.875874,37.97077],[-86.927747,37.934956],[-86.9777414251102,37.9256992083727],[-87.010315,37.919668],[-87.043049,37.875049],[-87.057836,37.827457],[-87.105614,37.767631],[-87.137502,37.807264],[-87.180063,37.841375],[-87.25525,37.867326],[-87.270387407739,37.87542282659],[-87.268003,37.924766]]]}},{"type":"Feature","properties":{"fips":"39171","name":"Williams","state":"OH"},"geometry":{"type":"Polygon","coordinates":[[[-84.806082,41.696089],[-84.438067,41.704903],[-84.3995487854742,41.7059213574056],[-84.381312,41.61673],[-84.380735,41.513942],[-84.342051,41.514107],[-84.341902,41.485519],[-84.341664,41.427568],[-84.8042532576115,41.4260497115499],[-84.8049581562396,41.5301378133882],[-84.806082,41.696089]]]}},{"type":"Feature","properties":{"fips":"29171","name":"Putnam","state":"MO"},"geometry":{"type":"Polygon","coordinates":[[[-93.3743862587638,40.5803970326092],[-93.345442,40.580514],[-93.135802,40.582854],[-93.0972912037498,40.5838234773251],[-92.941595,40.587743],[-92.714597263045,40.5895828338363],[-92.683402,40.560937],[-92.70932,40.445893],[-92.684167,40.343466],[-92.855629,40.342736],[-92.855313,40.385894],[-93.366935,40.382999],[-93.37484,40.472212],[-93.3743862587638,40.5803970326092]]]}},{"type":"Feature","properties":{"fips":"31071","name":"Garfield","state":"NE"},"geometry":{"type":"Polygon","coordinates":[[[-99.222733,42.087916],[-98.761155,42.088518],[-98.759133,41.740382],[-99.212016,41.740613],[-99.22183,41.740792],[-99.222733,42.087916]]]}},{"type":"Feature","properties":{"fips":"18055","name":"Greene","state":"IN"},"geometry":{"type":"Polygon","coordinates":[[[-87.240737,39.171773],[-87.054578,39.168086],[-86.683002,39.165746],[-86.682277,38.992404],[-86.682853,38.904697],[-86.904252,38.904204],[-87.03542,38.90246],[-87.098771,38.903974],[-87.129882,38.907315],[-87.241027,38.907874],[-87.240737,39.171773]]]}},{"type":"Feature","properties":{"fips":"17055","name":"Franklin","state":"IL"},"geometry":{"type":"Polygon","coordinates":[[[-89.177597,37.950311],[-89.118198,38.059961],[-89.129632,38.124767],[-88.704606,38.125195],[-88.706622,37.906797],[-88.706759,37.863457],[-89.151176,37.861999],[-89.150755,37.945185],[-89.177597,37.950311]]]}},{"type":"Feature","properties":{"fips":"29227","name":"Worth","state":"MO"},"geometry":{"type":"Polygon","coordinates":[[[-94.6320259176948,40.5717595874],[-94.533878,40.570739],[-94.4712077271232,40.570959458357],[-94.310724,40.571524],[-94.2322407102083,40.5720146121266],[-94.231565,40.470357],[-94.214278,40.384254],[-94.598487,40.386714],[-94.60848,40.398763],[-94.631889,40.472513],[-94.6320259176948,40.5717595874]]]}},{"type":"Feature","properties":{"fips":"18105","name":"Monroe","state":"IN"},"geometry":{"type":"Polygon","coordinates":[[[-86.68561,39.336043],[-86.630818,39.346948],[-86.609912,39.340205],[-86.381395,39.339752],[-86.370066,39.048375],[-86.318133,39.04881],[-86.317474,38.99087],[-86.682277,38.992404],[-86.683002,39.165746],[-86.68561,39.336043]]]}},{"type":"Feature","properties":{"fips":"26093","name":"Livingston","state":"MI"},"geometry":{"type":"Polygon","coordinates":[[[-84.158189,42.776639],[-83.922516,42.780821],[-83.893978,42.78145],[-83.686493,42.783263],[-83.677115,42.606255],[-83.664808,42.431179],[-84.131136,42.424567],[-84.140713,42.424611],[-84.158189,42.776639]]]}},{"type":"Feature","properties":{"fips":"31149","name":"Rock","state":"NE"},"geometry":{"type":"Polygon","coordinates":[[[-99.677684,42.730903],[-99.537491,42.717626],[-99.415222,42.772098],[-99.257039,42.804296],[-99.245803,42.782499],[-99.234629,42.087995],[-99.662379,42.086009],[-99.663752,42.434609],[-99.677684,42.730903]]]}},{"type":"Feature","properties":{"fips":"46095","name":"Mellette","state":"SD"},"geometry":{"type":"Polygon","coordinates":[[[-101.217768,43.803847],[-101.064326,43.84109],[-100.930768,43.831159],[-100.841307,43.760178],[-100.795732,43.754055],[-100.789635,43.725438],[-100.735003,43.707621],[-100.587903,43.769285],[-100.33897,43.716942],[-100.280028,43.696795],[-100.230845,43.713856],[-100.230991,43.477981],[-100.21406,43.390449],[-101.228234,43.389185],[-101.217768,43.803847]]]}},{"type":"Feature","properties":{"fips":"55115","name":"Shawano","state":"WI"},"geometry":{"type":"Polygon","coordinates":[[[-89.223814,45.029246],[-88.98168,45.028917],[-88.981319,44.942745],[-88.735548,44.943178],[-88.736194,44.856376],[-88.489149,44.855445],[-88.248213,44.852739],[-88.242687,44.679631],[-88.25226,44.667427],[-88.245204,44.584746],[-88.606083,44.590515],[-88.605159,44.678331],[-89.223745,44.681365],[-89.223814,45.029246]]]}},{"type":"Feature","properties":{"fips":"38015","name":"Burleigh","state":"ND"},"geometry":{"type":"Polygon","coordinates":[[[-100.96544,47.157134],[-100.74937,47.157245],[-100.749334,47.327685],[-100.67321,47.327646],[-100.113261,47.327262],[-100.114637,46.981666],[-100.075331,46.981481],[-100.081198,46.633396],[-100.662015,46.6346],[-100.787809,46.69063],[-100.779477,46.736571],[-100.907902,46.904367],[-100.935983,46.98284],[-100.880487,47.019413],[-100.96544,47.157134]]]}},{"type":"Feature","properties":{"fips":"31097","name":"Johnson","state":"NE"},"geometry":{"type":"Polygon","coordinates":[[[-96.463632,40.523013],[-96.067012,40.523148],[-96.066736,40.262038],[-96.463667,40.262173],[-96.463632,40.523013]]]}},{"type":"Feature","properties":{"fips":"19167","name":"Sioux","state":"IA"},"geometry":{"type":"Polygon","coordinates":[[[-96.5590273427097,43.257555675618],[-96.531027,43.259725],[-95.861914,43.257566],[-95.859377,42.909097],[-96.5404723291933,42.908595697956],[-96.541689,42.922576],[-96.500308,42.959391],[-96.520246,42.977643],[-96.492693,43.005089],[-96.511605,43.039927],[-96.458201,43.067554],[-96.4520975160537,43.0825529251945],[-96.439335,43.113916],[-96.458854,43.143356],[-96.475571,43.221054],[-96.522084,43.22096],[-96.552963,43.247281],[-96.5590273427097,43.257555675618]]]}},{"type":"Feature","properties":{"fips":"29055","name":"Crawford","state":"MO"},"geometry":{"type":"Polygon","coordinates":[[[-91.535115,38.210976],[-91.367482,38.209741],[-91.348986,38.204069],[-91.095765,38.204083],[-91.100017,37.740012],[-91.146521,37.740811],[-91.153345,37.69734],[-91.310655,37.700048],[-91.308311,37.787186],[-91.528797,37.788989],[-91.52499,38.14082],[-91.534384,38.152593],[-91.535115,38.210976]]]}},{"type":"Feature","properties":{"fips":"31175","name":"Valley","state":"NE"},"geometry":{"type":"Polygon","coordinates":[[[-99.212016,41.740613],[-98.759133,41.740382],[-98.752225,41.740372],[-98.751558,41.394084],[-99.203261,41.39414],[-99.212394,41.408678],[-99.212016,41.740613]]]}},{"type":"Feature","properties":{"fips":"18003","name":"Allen","state":"IN"},"geometry":{"type":"Polygon","coordinates":[[[-85.338276,41.179065],[-85.307781,41.264158],[-85.192094,41.264209],[-84.8037025496349,41.2709318889484],[-84.8036449822555,41.2525616835482],[-84.803234,41.121414],[-84.8028596219514,40.9893740520086],[-84.8026702061534,40.922568713921],[-85.073861,40.917823],[-85.33603,40.917082],[-85.335643,41.00525],[-85.338276,41.179065]]]}},{"type":"Feature","properties":{"fips":"27027","name":"Clay","state":"MN"},"geometry":{"type":"Polygon","coordinates":[[[-96.819078,47.081152],[-96.8265691272283,47.150539],[-96.194671,47.151149],[-96.174108,46.977375],[-96.174587,46.717854],[-96.172405,46.630649],[-96.281196,46.630779],[-96.7857861825985,46.6295908492609],[-96.7897865130498,46.6357466727167],[-96.790523,46.63688],[-96.786845,46.692805],[-96.788803,46.777575],[-96.763973,46.912507],[-96.833504,47.01011],[-96.819078,47.081152]]]}},{"type":"Feature","properties":{"fips":"29181","name":"Ripley","state":"MO"},"geometry":{"type":"Polygon","coordinates":[[[-91.115926,36.823672],[-90.662617,36.811453],[-90.627517,36.810954],[-90.592166,36.679368],[-90.5761790655673,36.498405927798],[-90.765672,36.498494],[-90.784029207405,36.4984625681699],[-91.017974,36.498062],[-91.1265376607175,36.4977977039745],[-91.115926,36.823672]]]}},{"type":"Feature","properties":{"fips":"55127","name":"Walworth","state":"WI"},"geometry":{"type":"Polygon","coordinates":[[[-88.777076,42.842694],[-88.541535,42.842996],[-88.42407,42.842587],[-88.306384,42.842095],[-88.307945,42.761553],[-88.305891,42.610817],[-88.304692,42.4956081727515],[-88.4716234041103,42.4950095469695],[-88.506912,42.494883],[-88.70738,42.493587],[-88.7074208350474,42.4935873247155],[-88.7765924457953,42.4941373692957],[-88.777076,42.842694]]]}},{"type":"Feature","properties":{"fips":"39015","name":"Brown","state":"OH"},"geometry":{"type":"Polygon","coordinates":[[[-84.0526095475065,38.7716067284387],[-83.989921,39.254096],[-83.865679,39.247333],[-83.872214,39.021304],[-83.673018,39.02043],[-83.7058575510284,38.6380366259831],[-83.77216,38.65815],[-83.78362,38.695641],[-83.834015,38.716008],[-83.852085,38.751433],[-83.9043750861048,38.7672838752678],[-83.928454,38.774583],[-83.978814,38.787104],[-84.051642,38.771397],[-84.0526095475065,38.7716067284387]]]}},{"type":"Feature","properties":{"fips":"31037","name":"Colfax","state":"NE"},"geometry":{"type":"Polygon","coordinates":[[[-97.252425,41.743085],[-97.019911,41.74298],[-96.905922,41.742763],[-96.90591,41.456436],[-97.178464,41.376816],[-97.253519,41.384212],[-97.252425,41.743085]]]}},{"type":"Feature","properties":{"fips":"29201","name":"Scott","state":"MO"},"geometry":{"type":"Polygon","coordinates":[[[-89.765211,37.126066],[-89.620256,37.233008],[-89.482889284644,37.2609507184141],[-89.470525,37.253357],[-89.456105,37.18812],[-89.384175,37.103267],[-89.359456,37.042606],[-89.3081469138122,37.0289484973829],[-89.375064,36.964947],[-89.501526,36.906262],[-89.519809,36.869617],[-89.56757,36.870909],[-89.691603,36.859517],[-89.685544,36.921917],[-89.786867,37.087102],[-89.765211,37.126066]]]}},{"type":"Feature","properties":{"fips":"20133","name":"Neosho","state":"KS"},"geometry":{"type":"Polygon","coordinates":[[[-95.525499,37.732759],[-95.124987,37.733924],[-95.088082,37.732476],[-95.088012,37.674519],[-95.088189,37.383837],[-95.52113,37.38399],[-95.52556,37.383979],[-95.525499,37.732759]]]}},{"type":"Feature","properties":{"fips":"38057","name":"Mercer","state":"ND"},"geometry":{"type":"Polygon","coordinates":[[[-102.20535,47.574506],[-102.036648,47.572705],[-101.813848,47.496502],[-101.707537,47.538278],[-101.641696,47.528379],[-101.428037,47.561986],[-101.370866,47.518696],[-101.440139,47.477299],[-101.362536,47.367998],[-101.345735,47.291897],[-101.257031,47.264895],[-101.257633,47.241343],[-101.764647,47.241518],[-101.764392,46.981306],[-102.095904,46.981329],[-102.144771,47.010307],[-102.144453,47.328079],[-102.205556,47.328071],[-102.20535,47.574506]]]}},{"type":"Feature","properties":{"fips":"17123","name":"Marshall","state":"IL"},"geometry":{"type":"Polygon","coordinates":[[[-89.638536,41.148545],[-89.466101,41.148524],[-89.32927,41.147931],[-89.358437,41.103849],[-89.162237,41.104008],[-89.047394,41.104786],[-89.047718,40.925749],[-89.472522,40.921205],[-89.447693,40.973246],[-89.638727,40.973707],[-89.638536,41.148545]]]}},{"type":"Feature","properties":{"fips":"17131","name":"Mercer","state":"IL"},"geometry":{"type":"Polygon","coordinates":[[[-91.114186,41.250029],[-91.0744154980196,41.3336315690407],[-91.0740876236741,41.3343208019205],[-90.677651,41.328585],[-90.433737,41.326989],[-90.437652,41.151463],[-90.439423,41.063995],[-90.550218,41.064065],[-90.667715,41.067595],[-90.785194,41.068749],[-90.9518941426813,41.0698727358664],[-90.9522654164822,41.07273174967],[-90.957246,41.111085],[-90.997906,41.162564],[-91.041536,41.166138],[-91.081445,41.214429],[-91.114186,41.250029]]]}},{"type":"Feature","properties":{"fips":"31075","name":"Grant","state":"NE"},"geometry":{"type":"Polygon","coordinates":[[[-102.06665,42.009195],[-102.008562,42.008901],[-102.006428,42.096227],[-101.426557,42.092194],[-101.42592,41.743059],[-101.985523,41.74229],[-102.067764,41.742075],[-102.06665,42.009195]]]}},{"type":"Feature","properties":{"fips":"18007","name":"Benton","state":"IN"},"geometry":{"type":"Polygon","coordinates":[[[-87.5268757732538,40.4912244096904],[-87.526292,40.535409],[-87.5261364904237,40.7368850814229],[-87.267298,40.736582],[-87.09839,40.736541],[-87.097069,40.714401],[-87.095357,40.562895],[-87.093676,40.475745],[-87.5270652633992,40.4768822924615],[-87.5268757732538,40.4912244096904]]]}},{"type":"Feature","properties":{"fips":"55083","name":"Oconto","state":"WI"},"geometry":{"type":"Polygon","coordinates":[[[-88.677996,45.378683],[-88.428102,45.37701],[-88.305811,45.37461],[-88.309063,45.20158],[-88.186355,45.197974],[-88.189247,45.111844],[-88.118879,45.110197],[-88.121152,45.023581],[-87.944436,44.993057],[-87.7626384909711,44.9627521717603],[-87.812989,44.954013],[-87.843433,44.924355],[-87.838359,44.873987],[-87.854681,44.857771],[-87.904484,44.818723],[-87.941453,44.75608],[-87.983494,44.720196],[-87.9975734064425,44.6776639390448],[-88.220384,44.67238],[-88.242687,44.679631],[-88.248213,44.852739],[-88.489149,44.855445],[-88.483732,45.116887],[-88.641159,45.117346],[-88.680066,45.204994],[-88.677996,45.378683]]]}},{"type":"Feature","properties":{"fips":"38089","name":"Stark","state":"ND"},"geometry":{"type":"Polygon","coordinates":[[[-103.231056,46.980296],[-103.032681,46.98058],[-102.525364,46.981288],[-102.525463,47.01024],[-102.144771,47.010307],[-102.095904,46.981329],[-102.09624,46.717772],[-102.096744,46.631026],[-102.927451,46.63002],[-103.231656,46.629764],[-103.231056,46.980296]]]}},{"type":"Feature","properties":{"fips":"38007","name":"Billings","state":"ND"},"geometry":{"type":"Polygon","coordinates":[[[-103.666675,47.329256],[-103.099197,47.328714],[-103.032366,47.328686],[-103.032681,46.98058],[-103.231056,46.980296],[-103.231656,46.629764],[-103.609273,46.629822],[-103.609592,46.979854],[-103.667073,46.979775],[-103.666675,47.329256]]]}},{"type":"Feature","properties":{"fips":"26035","name":"Clare","state":"MI"},"geometry":{"type":"Polygon","coordinates":[[[-85.087403,44.164242],[-84.851705,44.161375],[-84.608104,44.160482],[-84.606037,43.815365],[-85.088811,43.813676],[-85.087403,44.164242]]]}},{"type":"Feature","properties":{"fips":"19177","name":"Van Buren","state":"IA"},"geometry":{"type":"Polygon","coordinates":[[[-92.179072,40.89972],[-91.71818,40.901087],[-91.718787,40.813544],[-91.7166549876819,40.603740139296],[-91.729115,40.61364],[-91.939292,40.60615],[-91.9431174596857,40.606060586354],[-92.17978,40.600529],[-92.179072,40.89972]]]}},{"type":"Feature","properties":{"fips":"20103","name":"Leavenworth","state":"KS"},"geometry":{"type":"Polygon","coordinates":[[[-95.187103,39.044109],[-95.180125,39.128889],[-95.180891,39.419218],[-94.997852,39.418858],[-94.9657474186335,39.4216817446564],[-94.946662,39.399717],[-94.888972,39.392432],[-94.908065,39.323663],[-94.857072,39.273825],[-94.825663,39.241729],[-94.799663,39.206018],[-94.7919946737433,39.2012602502402],[-94.900191,39.202911],[-94.908465,39.116001],[-94.908765,38.991401],[-94.923349,39.002633],[-95.056258,38.98212],[-95.085491,38.953944],[-95.186189,38.964542],[-95.187103,39.044109]]]}},{"type":"Feature","properties":{"fips":"17171","name":"Scott","state":"IL"},"geometry":{"type":"Polygon","coordinates":[[[-90.599105,39.79006],[-90.483063,39.78924],[-90.371256,39.753122],[-90.372969,39.665781],[-90.300666,39.636541],[-90.301831,39.520344],[-90.581055,39.521728],[-90.64599,39.703368],[-90.599105,39.79006]]]}},{"type":"Feature","properties":{"fips":"55039","name":"Fond du Lac","state":"WI"},"geometry":{"type":"Polygon","coordinates":[[[-88.885697,43.895184],[-88.403195,43.892977],[-88.404187,43.9382],[-88.161654,43.937683],[-88.162274,43.891511],[-88.160873,43.542943],[-88.400426,43.543532],[-88.401041,43.630933],[-88.886052,43.63354],[-88.885697,43.895184]]]}},{"type":"Feature","properties":{"fips":"20163","name":"Rooks","state":"KS"},"geometry":{"type":"Polygon","coordinates":[[[-99.602176,39.567328],[-99.06622,39.568125],[-99.044398,39.568035],[-99.047687,39.133014],[-99.591776,39.132357],[-99.605187,39.132481],[-99.602176,39.567328]]]}},{"type":"Feature","properties":{"fips":"46063","name":"Harding","state":"SD"},"geometry":{"type":"Polygon","coordinates":[[[-104.045443,45.94531],[-103.660779,45.945241],[-103.434851,45.945291],[-103.218396,45.945208],[-102.995248020853,45.9451162711238],[-102.942069961191,45.9450944113531],[-102.957281,45.212851],[-104.040135756493,45.2128907620416],[-104.040358,45.335946],[-104.041764,45.490789],[-104.041937,45.557915],[-104.042597,45.749998],[-104.043776,45.864707],[-104.044133156107,45.8819762583498],[-104.045443,45.94531]]]}},{"type":"Feature","properties":{"fips":"18131","name":"Pulaski","state":"IN"},"geometry":{"type":"Polygon","coordinates":[[[-86.93017,41.172318],[-86.467046,41.171442],[-86.468509,40.909889],[-86.581532,40.910925],[-86.930759,40.912418],[-86.93017,41.172318]]]}},{"type":"Feature","properties":{"fips":"18181","name":"White","state":"IN"},"geometry":{"type":"Polygon","coordinates":[[[-87.099765,40.837596],[-86.986438,40.837921],[-86.987438,40.912177],[-86.930759,40.912418],[-86.581532,40.910925],[-86.581739,40.735765],[-86.750011,40.736027],[-86.771293,40.562082],[-87.095357,40.562895],[-87.097069,40.714401],[-87.09839,40.736541],[-87.099765,40.837596]]]}},{"type":"Feature","properties":{"fips":"20029","name":"Cloud","state":"KS"},"geometry":{"type":"Polygon","coordinates":[[[-97.931482,39.653767],[-97.36867,39.654043],[-97.368574,39.567018],[-97.369839,39.306011],[-97.929097,39.306397],[-97.928623,39.55146],[-97.931844,39.566921],[-97.931482,39.653767]]]}},{"type":"Feature","properties":{"fips":"20093","name":"Kearny","state":"KS"},"geometry":{"type":"Polygon","coordinates":[[[-101.542312,38.263207],[-101.125438,38.264509],[-101.103268,38.264557],[-101.103778,37.829035],[-101.089667,37.736337],[-101.527063,37.736314],[-101.542757,37.827594],[-101.542312,38.263207]]]}},{"type":"Feature","properties":{"fips":"17027","name":"Clinton","state":"IL"},"geometry":{"type":"Polygon","coordinates":[[[-89.706949,38.655019],[-89.595103,38.655948],[-89.597321,38.743236],[-89.254185,38.742018],[-89.138393,38.736331],[-89.143866,38.503089],[-89.3513,38.518809],[-89.48188,38.46859],[-89.572447,38.482831],[-89.704245,38.415779],[-89.706949,38.655019]]]}},{"type":"Feature","properties":{"fips":"18179","name":"Wells","state":"IN"},"geometry":{"type":"Polygon","coordinates":[[[-85.448825,40.653607],[-85.334667,40.654413],[-85.33603,40.917082],[-85.073861,40.917823],[-85.068479,40.56824],[-85.201146,40.567242],[-85.447014,40.566929],[-85.448825,40.653607]]]}},{"type":"Feature","properties":{"fips":"19087","name":"Henry","state":"IA"},"geometry":{"type":"Polygon","coordinates":[[[-91.71818,40.901087],[-91.716042,41.162808],[-91.485717,41.162405],[-91.370298,41.161247],[-91.37071,41.074112],[-91.372095,40.812631],[-91.409453,40.812905],[-91.718787,40.813544],[-91.71818,40.901087]]]}},{"type":"Feature","properties":{"fips":"18011","name":"Boone","state":"IN"},"geometry":{"type":"Polygon","coordinates":[[[-86.695804,40.178657],[-86.242365,40.180778],[-86.240736,39.926062],[-86.326293,39.924029],[-86.695071,39.92277],[-86.695804,40.178657]]]}},{"type":"Feature","properties":{"fips":"18067","name":"Howard","state":"IN"},"geometry":{"type":"Polygon","coordinates":[[[-86.374417,40.561361],[-86.346732,40.561331],[-86.165024,40.562649],[-85.863641,40.565525],[-85.862117,40.406889],[-86.236438,40.402971],[-86.242992,40.373661],[-86.309325,40.388372],[-86.309249,40.431712],[-86.375762,40.431851],[-86.374417,40.561361]]]}},{"type":"Feature","properties":{"fips":"17075","name":"Iroquois","state":"IL"},"geometry":{"type":"Polygon","coordinates":[[[-88.131935,40.997777],[-87.526463234368,41.0103365222041],[-87.526014,40.895582],[-87.5261364904237,40.7368850814229],[-87.526292,40.535409],[-87.5268757732538,40.4912244096904],[-87.935309,40.485923],[-88.1179,40.487856],[-88.131935,40.997777]]]}},{"type":"Feature","properties":{"fips":"39137","name":"Putnam","state":"OH"},"geometry":{"type":"Polygon","coordinates":[[[-84.399486,40.990315],[-84.341911,40.990692],[-84.341602,41.165524],[-84.228222,41.165862],[-83.881149,41.167824],[-83.880423,40.920429],[-84.109516,40.90473],[-84.109586,40.860994],[-84.340531,40.859099],[-84.398407,40.903265],[-84.399486,40.990315]]]}},{"type":"Feature","properties":{"fips":"39157","name":"Tuscarawas","state":"OH"},"geometry":{"type":"Polygon","coordinates":[[[-81.709132,40.444775],[-81.66982,40.443987],[-81.64911,40.634525],[-81.508912,40.650415],[-81.45905,40.666953],[-81.317739,40.651579],[-81.321659,40.566648],[-81.264744,40.565042],[-81.269951,40.433486],[-81.274142,40.332632],[-81.334601,40.304316],[-81.338064,40.214077],[-81.622351,40.221306],[-81.616307,40.368125],[-81.712383,40.370763],[-81.709132,40.444775]]]}},{"type":"Feature","properties":{"fips":"27131","name":"Rice","state":"MN"},"geometry":{"type":"Polygon","coordinates":[[[-93.524327,44.543618],[-93.281521,44.543957],[-93.281686,44.471998],[-93.039485,44.471871],[-93.039896,44.428749],[-93.041159,44.196726],[-93.045946,44.196716],[-93.404567,44.196393],[-93.406565,44.196377],[-93.525468,44.196131],[-93.524327,44.543618]]]}},{"type":"Feature","properties":{"fips":"17093","name":"Kendall","state":"IL"},"geometry":{"type":"Polygon","coordinates":[[[-88.601933,41.719563],[-88.261952,41.724652],[-88.261275,41.724656],[-88.252231,41.463066],[-88.595961,41.457129],[-88.60224,41.631389],[-88.601933,41.719563]]]}},{"type":"Feature","properties":{"fips":"29125","name":"Maries","state":"MO"},"geometry":{"type":"Polygon","coordinates":[[[-92.195675,38.292237],[-91.644729,38.28851],[-91.644847,38.164737],[-91.630554,38.153519],[-91.632431,38.050951],[-91.895347,38.051199],[-92.021165,38.010639],[-92.18537,38.016338],[-92.181372,38.161238],[-92.195675,38.292237]]]}},{"type":"Feature","properties":{"fips":"26143","name":"Roscommon","state":"MI"},"geometry":{"type":"Polygon","coordinates":[[[-84.850929,44.511069],[-84.370643,44.507223],[-84.368039,44.160538],[-84.608104,44.160482],[-84.851705,44.161375],[-84.850929,44.511069]]]}},{"type":"Feature","properties":{"fips":"38031","name":"Foster","state":"ND"},"geometry":{"type":"Polygon","coordinates":[[[-99.265798,47.5876],[-98.500085,47.587228],[-98.499246,47.326538],[-99.266215,47.326999],[-99.265798,47.5876]]]}},{"type":"Feature","properties":{"fips":"38051","name":"McIntosh","state":"ND"},"geometry":{"type":"Polygon","coordinates":[[[-99.878354,46.282829],[-99.037289,46.282871],[-99.003118,46.282898],[-99.0057543501525,45.9399443091284],[-99.092868,45.940184],[-99.34496,45.940299],[-99.490254,45.940362],[-99.61116,45.941098],[-99.718073,45.940907],[-99.8800619701871,45.9416709152146],[-99.878354,46.282829]]]}},{"type":"Feature","properties":{"fips":"55067","name":"Langlade","state":"WI"},"geometry":{"type":"Polygon","coordinates":[[[-89.424824,45.467166],[-89.364049,45.469886],[-89.04649,45.464439],[-88.923062,45.465137],[-88.926025,45.378637],[-88.677996,45.378683],[-88.680066,45.204994],[-88.641159,45.117346],[-88.982176,45.117733],[-88.98168,45.028917],[-89.223814,45.029246],[-89.224214,45.118567],[-89.425971,45.119098],[-89.424824,45.467166]]]}},{"type":"Feature","properties":{"fips":"18137","name":"Ripley","state":"IN"},"geometry":{"type":"Polygon","coordinates":[[[-85.440054,39.195617],[-85.29654,39.268291],[-85.217883,39.308474],[-85.065574,39.307232],[-85.132508,38.948055],[-85.135832,38.929578],[-85.203166,38.913803],[-85.444897,38.912998],[-85.440054,39.195617]]]}},{"type":"Feature","properties":{"fips":"20087","name":"Jefferson","state":"KS"},"geometry":{"type":"Polygon","coordinates":[[[-95.589472,39.216081],[-95.589041,39.404586],[-95.570351,39.41905],[-95.180891,39.419218],[-95.180125,39.128889],[-95.187103,39.044109],[-95.345092,39.032191],[-95.387786,39.048824],[-95.430669,39.0693],[-95.500254,39.056656],[-95.596759,39.064672],[-95.589472,39.216081]]]}},{"type":"Feature","properties":{"fips":"29101","name":"Johnson","state":"MO"},"geometry":{"type":"Polygon","coordinates":[[[-94.119096,38.833167],[-94.114175,38.917304],[-93.834719,38.937909],[-93.497278,38.92843],[-93.49311,38.899016],[-93.51103,38.55621],[-94.064317,38.56738],[-94.119664,38.568712],[-94.119096,38.833167]]]}},{"type":"Feature","properties":{"fips":"26113","name":"Missaukee","state":"MI"},"geometry":{"type":"Polygon","coordinates":[[[-85.338404,44.425376],[-85.334,44.512303],[-84.850929,44.511069],[-84.851705,44.161375],[-85.087403,44.164242],[-85.334777,44.165118],[-85.338404,44.425376]]]}},{"type":"Feature","properties":{"fips":"38003","name":"Barnes","state":"ND"},"geometry":{"type":"Polygon","coordinates":[[[-98.467066,47.240404],[-97.961211,47.240325],[-97.705935,47.239977],[-97.681508,46.978481],[-97.682006,46.629928],[-98.033862,46.630727],[-98.439056,46.63112],[-98.439734,46.979631],[-98.46753,46.979594],[-98.467066,47.240404]]]}},{"type":"Feature","properties":{"fips":"39173","name":"Wood","state":"OH"},"geometry":{"type":"Polygon","coordinates":[[[-83.883234,41.414503],[-83.85426,41.414451],[-83.728537,41.485952],[-83.699736,41.533952],[-83.569934,41.61715],[-83.415941,41.61911],[-83.414577,41.515001],[-83.414626,41.500228],[-83.419843,41.254003],[-83.421054,41.16678],[-83.881149,41.167824],[-83.883234,41.414503]]]}},{"type":"Feature","properties":{"fips":"55021","name":"Columbia","state":"WI"},"geometry":{"type":"Polygon","coordinates":[[[-89.784901,43.641051],[-89.599547,43.642636],[-89.245437,43.643083],[-89.12717,43.631724],[-89.006848,43.633045],[-89.006117,43.458759],[-89.009139,43.28483],[-89.363085,43.281305],[-89.720463,43.293084],[-89.677613,43.361197],[-89.60073,43.380666],[-89.599357,43.558041],[-89.732238,43.571826],[-89.785809,43.641049],[-89.784901,43.641051]]]}},{"type":"Feature","properties":{"fips":"31065","name":"Furnas","state":"NE"},"geometry":{"type":"Polygon","coordinates":[[[-100.197807,40.350027],[-100.094798,40.351245],[-99.642209,40.3512],[-99.630459,40.35112],[-99.6282538492245,40.0017719472684],[-99.813401,40.0014],[-100.177797545879,40.0015658138516],[-100.19359,40.001573],[-100.197807,40.350027]]]}},{"type":"Feature","properties":{"fips":"19029","name":"Cass","state":"IA"},"geometry":{"type":"Polygon","coordinates":[[[-95.154722,41.505211],[-95.04077,41.50469],[-94.700629,41.504148],[-94.700589,41.158085],[-94.927587,41.158508],[-95.155851,41.159236],[-95.154722,41.505211]]]}},{"type":"Feature","properties":{"fips":"20003","name":"Anderson","state":"KS"},"geometry":{"type":"Polygon","coordinates":[[[-95.508328,38.390278],[-95.065831,38.389945],[-95.077876,38.037706],[-95.51897,38.03823],[-95.508328,38.390278]]]}},{"type":"Feature","properties":{"fips":"17099","name":"LaSalle","state":"IL"},"geometry":{"type":"Polygon","coordinates":[[[-89.16715,41.628657],[-88.938679,41.628316],[-88.60224,41.631389],[-88.595961,41.457129],[-88.59004,41.303464],[-88.58624,41.108293],[-88.930881,41.1059],[-88.93139,40.92774],[-89.047718,40.925749],[-89.047394,41.104786],[-89.162237,41.104008],[-89.16262,41.192312],[-89.162782,41.221379],[-89.163705,41.310187],[-89.166542,41.495832],[-89.166561,41.585289],[-89.16715,41.628657]]]}},{"type":"Feature","properties":{"fips":"39109","name":"Miami","state":"OH"},"geometry":{"type":"Polygon","coordinates":[[[-84.432575,40.197037],[-84.218658,40.200004],[-84.022919,40.183945],[-84.036069,40.040182],[-84.051012,39.87981],[-84.157217,39.885994],[-84.157671,39.92297],[-84.274822,39.921763],[-84.425902,39.919622],[-84.42986,40.094449],[-84.432575,40.197037]]]}},{"type":"Feature","properties":{"fips":"19079","name":"Hamilton","state":"IA"},"geometry":{"type":"Polygon","coordinates":[[[-93.971583,42.558139],[-93.499485,42.5577],[-93.462635,42.470802],[-93.463043,42.209302],[-93.69839,42.209339],[-93.93158,42.209908],[-93.931684,42.472011],[-93.971583,42.558139]]]}},{"type":"Feature","properties":{"fips":"38099","name":"Walsh","state":"ND"},"geometry":{"type":"Polygon","coordinates":[[[-98.318036,48.543773],[-97.927069,48.543124],[-97.1481034661336,48.5407440461867],[-97.149122,48.532305],[-97.139173,48.430528],[-97.137904,48.344585],[-97.129533,48.257815],[-97.1418970728279,48.193696665318],[-97.903313,48.194845],[-98.292184,48.195177],[-98.291852,48.369694],[-98.31838,48.369722],[-98.318036,48.543773]]]}},{"type":"Feature","properties":{"fips":"20007","name":"Barber","state":"KS"},"geometry":{"type":"Polygon","coordinates":[[[-99.012598,37.470421],[-98.464663,37.471013],[-98.464933,37.384144],[-98.349804,37.384056],[-98.3471487797447,36.9979692086496],[-98.354073,36.997961],[-98.5446619733489,36.9985242404006],[-98.791936,36.999255],[-99.0003010538842,36.9993580981444],[-99.001378,37.375022],[-99.011499,37.384263],[-99.012598,37.470421]]]}},{"type":"Feature","properties":{"fips":"19035","name":"Cherokee","state":"IA"},"geometry":{"type":"Polygon","coordinates":[[[-95.859377,42.909097],[-95.388182,42.909897],[-95.38801,42.561742],[-95.741611,42.561285],[-95.859949,42.56062],[-95.859377,42.909097]]]}},{"type":"Feature","properties":{"fips":"46045","name":"Edmunds","state":"SD"},"geometry":{"type":"Polygon","coordinates":[[[-99.707705,45.593391],[-98.725002,45.591252],[-98.722247,45.562648],[-98.722481,45.243764],[-99.57333,45.245364],[-99.708987,45.245866],[-99.707705,45.593391]]]}},{"type":"Feature","properties":{"fips":"26091","name":"Lenawee","state":"MI"},"geometry":{"type":"Polygon","coordinates":[[[-84.363297,42.073456],[-84.131963,42.071577],[-83.773922,42.08243],[-83.7631498513652,41.7235468017856],[-83.8803904653533,41.7201944903196],[-84.134417,41.712931],[-84.3604190413973,41.7069558826335],[-84.363297,42.073456]]]}},{"type":"Feature","properties":{"fips":"20043","name":"Doniphan","state":"KS"},"geometry":{"type":"Polygon","coordinates":[[[-95.3398959708503,40.0000288571054],[-95.30829,39.999998],[-95.231114,39.943784],[-95.142445,39.89542],[-95.081534,39.861718],[-95.018743,39.897372],[-94.9933742397144,39.8985652599923],[-94.95154,39.900533],[-94.928466,39.876344],[-94.878677,39.826522],[-94.8778576828861,39.8207000955167],[-94.871144,39.772994],[-94.860371,39.74953],[-94.899316,39.724042],[-94.971078,39.723146],[-94.971317,39.68641],[-95.037464,39.652905],[-95.0440507525704,39.6136682968209],[-95.115189,39.652549],[-95.33974,39.65298],[-95.3398959708503,40.0000288571054]]]}},{"type":"Feature","properties":{"fips":"26087","name":"Lapeer","state":"MI"},"geometry":{"type":"Polygon","coordinates":[[[-83.460733,43.223131],[-83.351709,43.235193],[-83.354418,43.322257],[-83.120396,43.327049],[-83.119027,43.28368],[-83.00043,43.284913],[-82.996257,43.154099],[-82.983647,42.893741],[-83.102891,42.888647],[-83.453364,42.880432],[-83.460733,43.223131]]]}},{"type":"Feature","properties":{"fips":"17181","name":"Union","state":"IL"},"geometry":{"type":"Polygon","coordinates":[[[-89.5017910494998,37.5588957193232],[-89.4977459260392,37.5699859139282],[-89.453202,37.60009],[-89.153617,37.600237],[-89.041401,37.596576],[-89.044799,37.329717],[-89.248566,37.335298],[-89.4744347243599,37.334500215676],[-89.428185,37.356158],[-89.42594,37.407471],[-89.471201,37.466473],[-89.5124,37.52981],[-89.5017910494998,37.5588957193232]]]}},{"type":"Feature","properties":{"fips":"39063","name":"Hancock","state":"OH"},"geometry":{"type":"Polygon","coordinates":[[[-83.881149,41.167824],[-83.421054,41.16678],[-83.420319,40.991889],[-83.45785,40.991671],[-83.514728,40.905115],[-83.515883,40.818134],[-83.880063,40.819919],[-83.880423,40.920429],[-83.881149,41.167824]]]}},{"type":"Feature","properties":{"fips":"29097","name":"Jasper","state":"MO"},"geometry":{"type":"Polygon","coordinates":[[[-94.618351,37.160211],[-94.6177538916066,37.338418],[-94.6176676047008,37.3641703270387],[-94.082083,37.349291],[-94.083833,37.290851],[-94.052313,37.290078],[-94.059211,37.048127],[-94.618102891103,37.0567963908729],[-94.618351,37.160211]]]}},{"type":"Feature","properties":{"fips":"31013","name":"Box Butte","state":"NE"},"geometry":{"type":"Polygon","coordinates":[[[-103.444278,42.437275],[-102.773366,42.439922],[-102.749611,42.430454],[-102.742269,42.092388],[-102.697835,42.004843],[-103.363337,42.00293],[-103.401522,42.003537],[-103.401591,42.090411],[-103.444108,42.090708],[-103.444278,42.437275]]]}},{"type":"Feature","properties":{"fips":"29163","name":"Pike","state":"MO"},"geometry":{"type":"Polygon","coordinates":[[[-91.460442,39.450722],[-91.1828755008197,39.5982331157954],[-91.174232,39.591975],[-91.148275,39.545798],[-91.100307,39.538695],[-91.064305,39.494643],[-91.03827,39.448436],[-90.937419,39.400803],[-90.9352871462396,39.3994805728603],[-90.840106,39.340438],[-90.72996,39.255894],[-90.7232836234127,39.2241029700576],[-91.182942,39.227233],[-91.18546,39.13905],[-91.260232,39.139845],[-91.409033,39.142542],[-91.438235,39.318716],[-91.460442,39.450722]]]}},{"type":"Feature","properties":{"fips":"19093","name":"Ida","state":"IA"},"geometry":{"type":"Polygon","coordinates":[[[-95.741611,42.561285],[-95.38801,42.561742],[-95.387445,42.474796],[-95.322357,42.474737],[-95.323497,42.210932],[-95.670822,42.211408],[-95.669265,42.474645],[-95.741821,42.474865],[-95.741611,42.561285]]]}},{"type":"Feature","properties":{"fips":"39121","name":"Noble","state":"OH"},"geometry":{"type":"Polygon","coordinates":[[[-81.694146,39.842636],[-81.580313,39.839104],[-81.57859,39.897683],[-81.464108,39.89455],[-81.386006,39.950694],[-81.234053,39.95127],[-81.237316,39.867828],[-81.313591,39.869471],[-81.280597,39.706936],[-81.283079,39.605663],[-81.394934,39.601547],[-81.47316,39.645976],[-81.473471,39.583318],[-81.588185,39.586973],[-81.586132,39.663993],[-81.6432,39.665681],[-81.639886,39.75342],[-81.697442,39.755572],[-81.694146,39.842636]]]}},{"type":"Feature","properties":{"fips":"17161","name":"Rock Island","state":"IL"},"geometry":{"type":"Polygon","coordinates":[[[-91.071552,41.339651],[-91.065058,41.369101],[-91.027787,41.423603],[-90.966662,41.430051],[-90.924343,41.42286],[-90.867282,41.448215],[-90.786282,41.452888],[-90.701159,41.454743],[-90.618537,41.485032],[-90.571136,41.516332],[-90.513134,41.519533],[-90.461432,41.523533],[-90.41583,41.562933],[-90.364128,41.579633],[-90.339528,41.598633],[-90.336729,41.664532],[-90.314687,41.69483],[-90.3118568504162,41.7285328921536],[-90.310708,41.742214],[-90.248631,41.779805],[-90.2423682473972,41.7827687259846],[-90.229749,41.675375],[-90.161233,41.643927],[-90.185536,41.584574],[-90.194572,41.541231],[-90.31951,41.509705],[-90.332657,41.514001],[-90.352231,41.508832],[-90.369427,41.496734],[-90.376528,41.478734],[-90.387328,41.476434],[-90.407429,41.463134],[-90.43193,41.456834],[-90.432181,41.434725],[-90.433737,41.326989],[-90.677651,41.328585],[-91.0740876236741,41.3343208019205],[-91.071552,41.339651]]]}},{"type":"Feature","properties":{"fips":"29023","name":"Butler","state":"MO"},"geometry":{"type":"Polygon","coordinates":[[[-90.678562,36.92649],[-90.258563,36.922043],[-90.204205,36.772262],[-90.139804,36.696072],[-90.148398,36.630656],[-90.209954,36.542034],[-90.2207490539154,36.4959375921945],[-90.494575,36.498368],[-90.5761790655673,36.498405927798],[-90.592166,36.679368],[-90.627517,36.810954],[-90.662617,36.811453],[-90.661244,36.882909],[-90.678562,36.92649]]]}},{"type":"Feature","properties":{"fips":"46101","name":"Moody","state":"SD"},"geometry":{"type":"Polygon","coordinates":[[[-96.889216,44.195705],[-96.4524358546695,44.1967795400951],[-96.4529095716932,43.8495088526372],[-96.4529095743663,43.8495068930184],[-96.508064,43.847599],[-96.888664,43.848385],[-96.889216,44.195705]]]}},{"type":"Feature","properties":{"fips":"55105","name":"Rock","state":"WI"},"geometry":{"type":"Polygon","coordinates":[[[-89.369128,42.845036],[-89.013582,42.84763],[-89.013518,42.847628],[-88.777076,42.842694],[-88.7765924457953,42.4941373692957],[-88.940384860378,42.4954398274712],[-89.042898,42.496255],[-89.0674411431083,42.4965416249841],[-89.3657986076635,42.5000259669515],[-89.369128,42.845036]]]}},{"type":"Feature","properties":{"fips":"20157","name":"Republic","state":"KS"},"geometry":{"type":"Polygon","coordinates":[[[-97.9318249263172,40.0022363450196],[-97.8215008122752,40.0021868820889],[-97.777155,40.002167],[-97.415833,40.002001],[-97.369199035315,40.0019393057605],[-97.36867,39.654043],[-97.931482,39.653767],[-97.9318249263172,40.0022363450196]]]}},{"type":"Feature","properties":{"fips":"20085","name":"Jackson","state":"KS"},"geometry":{"type":"Polygon","coordinates":[[[-96.035952,39.5661],[-95.789098,39.565943],[-95.788941,39.653001],[-95.564126,39.652872],[-95.564314,39.565858],[-95.570131,39.525528],[-95.570351,39.41905],[-95.589041,39.404586],[-95.589472,39.216081],[-96.035573,39.21652],[-96.035952,39.5661]]]}},{"type":"Feature","properties":{"fips":"46029","name":"Codington","state":"SD"},"geometry":{"type":"Polygon","coordinates":[[[-97.494254,45.151631],[-97.249127,45.15117],[-97.226281,45.151826],[-96.883948,45.150224],[-96.882345,44.97687],[-96.88457,44.804436],[-97.491346,44.804035],[-97.494254,45.151631]]]}},{"type":"Feature","properties":{"fips":"55125","name":"Vilas","state":"WI"},"geometry":{"type":"Polygon","coordinates":[[[-90.043958,45.981948],[-89.928837,45.981967],[-89.9291256256648,46.2999157284081],[-89.638416,46.243804],[-89.09163,46.138505],[-88.991217028396,46.096536354436],[-88.9327684510096,46.072107163776],[-88.933222,45.982276],[-89.047795,45.982345],[-89.047601,45.895355],[-89.17785,45.899312],[-89.175245,45.856579],[-89.300943,45.860689],[-89.300473,45.901463],[-90.042857,45.897263],[-90.043958,45.981948]]]}},{"type":"Feature","properties":{"fips":"17111","name":"McHenry","state":"IL"},"geometry":{"type":"Polygon","coordinates":[[[-88.70738,42.493587],[-88.506912,42.494883],[-88.4716234041103,42.4950095469695],[-88.304692,42.4956081727515],[-88.2169,42.495923],[-88.1993830245505,42.4957546124404],[-88.198454,42.357962],[-88.198488,42.343153],[-88.19855,42.284586],[-88.198494,42.241561],[-88.199378,42.202966],[-88.199584,42.15426],[-88.238449,42.154249],[-88.265152,42.153667],[-88.354416,42.154],[-88.432487,42.153823],[-88.588657,42.15359],[-88.705585,42.153537],[-88.70561,42.327882],[-88.7074208350474,42.4935873247155],[-88.70738,42.493587]]]}},{"type":"Feature","properties":{"fips":"29017","name":"Bollinger","state":"MO"},"geometry":{"type":"Polygon","coordinates":[[[-90.217657,37.314967],[-90.145699,37.312091],[-90.146763,37.597434],[-89.861123,37.599286],[-89.866627,37.126227],[-89.959576,37.127353],[-89.99572,37.04011],[-90.111247,37.041205],[-90.110354,37.085871],[-90.222894,37.086537],[-90.217657,37.314967]]]}},{"type":"Feature","properties":{"fips":"29093","name":"Iron","state":"MO"},"geometry":{"type":"Polygon","coordinates":[[[-91.153345,37.69734],[-91.146521,37.740811],[-91.100017,37.740012],[-90.645135,37.734813],[-90.647874,37.642809],[-90.535016,37.643641],[-90.547406,37.59841],[-90.549729,37.317594],[-90.550603,37.272608],[-90.735453,37.27104],[-90.772949,37.373659],[-90.768695,37.603011],[-90.987055,37.603852],[-91.155073,37.588092],[-91.153345,37.69734]]]}},{"type":"Feature","properties":{"fips":"26141","name":"Presque Isle","state":"MI"},"geometry":{"type":"Polygon","coordinates":[[[-84.25202,45.625998],[-84.2108933451565,45.6262310177199],[-84.196043,45.621456],[-84.126532,45.556616],[-84.095905,45.497298],[-83.99835,45.491158],[-83.909472,45.485784],[-83.841543,45.435287],[-83.697316,45.396239],[-83.599273,45.352561],[-83.488826,45.355872],[-83.385104,45.274195],[-83.405914,45.227157],[-83.3852110792565,45.207103993148],[-83.881223,45.202071],[-84.022072,45.198424],[-84.246634,45.198727],[-84.25202,45.625998]]]}},{"type":"Feature","properties":{"fips":"19077","name":"Guthrie","state":"IA"},"geometry":{"type":"Polygon","coordinates":[[[-94.744876,41.862394],[-94.628724,41.862763],[-94.28034,41.862999],[-94.280057,41.601312],[-94.241356,41.600971],[-94.241593,41.503679],[-94.700629,41.504148],[-94.700745,41.602184],[-94.744204,41.602185],[-94.744876,41.862394]]]}},{"type":"Feature","properties":{"fips":"17037","name":"DeKalb","state":"IL"},"geometry":{"type":"Polygon","coordinates":[[[-88.941883,41.97888],[-88.939732,42.15232],[-88.861515,42.153046],[-88.822419,42.153391],[-88.705585,42.153537],[-88.588657,42.15359],[-88.58833,42.066462],[-88.60156,42.017925],[-88.602566,41.806847],[-88.601933,41.719563],[-88.60224,41.631389],[-88.938679,41.628316],[-88.941279,41.891752],[-88.941883,41.97888]]]}},{"type":"Feature","properties":{"fips":"31067","name":"Gage","state":"NE"},"geometry":{"type":"Polygon","coordinates":[[[-96.916055,40.349727],[-96.913513,40.370371],[-96.912637,40.523625],[-96.463632,40.523013],[-96.463667,40.262173],[-96.4637120767748,40.0009585725545],[-96.469945,40.000966],[-96.805768,40.0013684550954],[-96.873812,40.00145],[-96.9164070054658,40.0014540910439],[-96.916055,40.349727]]]}},{"type":"Feature","properties":{"fips":"27065","name":"Kanabec","state":"MN"},"geometry":{"type":"Polygon","coordinates":[[[-93.518083,45.981721],[-93.432491,45.981464],[-93.431835,46.153881],[-93.282889,46.15942],[-93.053984,46.158256],[-93.055356,45.981344],[-93.142869,45.981005],[-93.141793,45.730657],[-93.513683,45.734318],[-93.518083,45.981721]]]}},{"type":"Feature","properties":{"fips":"55059","name":"Kenosha","state":"WI"},"geometry":{"type":"Polygon","coordinates":[[[-88.305891,42.610817],[-88.188173,42.611456],[-88.188306,42.669709],[-87.8020150551096,42.6683110611767],[-87.814674,42.64402],[-87.813273,42.57922],[-87.800477,42.49192],[-88.1993830245505,42.4957546124404],[-88.2169,42.495923],[-88.304692,42.4956081727515],[-88.305891,42.610817]]]}},{"type":"Feature","properties":{"fips":"26071","name":"Iron","state":"MI"},"geometry":{"type":"Polygon","coordinates":[[[-88.991236,46.419704],[-88.679392,46.420139],[-88.116571,46.419951],[-88.117407,46.246618],[-88.1168565373761,45.9228112422627],[-88.178008,45.947111],[-88.246307,45.962983],[-88.30952,45.959369],[-88.380183,45.991654],[-88.409864,45.979688],[-88.526673,46.020822],[-88.59386,46.015132],[-88.613063,45.990627],[-88.65776,45.989287],[-88.679132,46.013538],[-88.6832322084994,46.0144656703203],[-88.739994,46.027308],[-88.811948,46.021609],[-88.9327684510096,46.072107163776],[-88.991217028396,46.096536354436],[-88.991012,46.332308],[-88.991236,46.419704]]]}},{"type":"Feature","properties":{"fips":"38035","name":"Grand Forks","state":"ND"},"geometry":{"type":"Polygon","coordinates":[[[-97.903313,48.194845],[-97.1418970728279,48.193696665318],[-97.1458449594749,48.1732234829905],[-97.146745,48.168556],[-97.105616,48.091362],[-97.068987,48.026267],[-97.037354,47.933279],[-96.996364,47.844398],[-96.928506,47.744884],[-96.8934933013398,47.6721269594437],[-97.472745,47.672051],[-97.882271,47.672179],[-97.882065,48.020844],[-97.903313,48.194845]]]}},{"type":"Feature","properties":{"fips":"38081","name":"Sargent","state":"ND"},"geometry":{"type":"Polygon","coordinates":[[[-98.006715,46.282626],[-97.280566,46.282393],[-97.25934,46.272786],[-97.259632,45.997185],[-97.228291,45.9356565956461],[-97.542598,45.935258],[-97.77704,45.935393],[-97.9787778096234,45.9359339920987],[-98.0081017982778,45.9360126290493],[-98.006715,46.282626]]]}},{"type":"Feature","properties":{"fips":"17143","name":"Peoria","state":"IL"},"geometry":{"type":"Polygon","coordinates":[[[-89.986064,40.712361],[-89.985333,40.800074],[-89.985479,40.974495],[-89.638727,40.973707],[-89.447693,40.973246],[-89.472522,40.921205],[-89.562558,40.786895],[-89.556595,40.760244],[-89.553433,40.747636],[-89.546543,40.722185],[-89.613756,40.665081],[-89.664309,40.562404],[-89.776897,40.552465],[-89.872462,40.513225],[-89.87368,40.624975],[-89.989018,40.625835],[-89.986064,40.712361]]]}},{"type":"Feature","properties":{"fips":"38013","name":"Burke","state":"ND"},"geometry":{"type":"Polygon","coordinates":[[[-102.938957018364,48.9993500857184],[-102.850455,48.999431],[-102.216993,48.998553],[-102.021217638045,48.998756534494],[-102.021643,48.807108],[-102.152164,48.8072],[-102.152545,48.720294],[-102.2336,48.72029],[-102.233892,48.546339],[-102.885763,48.54639],[-102.885775,48.633298],[-102.885686,48.720488],[-102.939932,48.720469],[-102.938957018364,48.9993500857184]]]}},{"type":"Feature","properties":{"fips":"17107","name":"Logan","state":"IL"},"geometry":{"type":"Polygon","coordinates":[[[-89.602979,40.320129],[-89.26374,40.325344],[-89.26265,40.280919],[-89.148764,40.282038],[-89.144764,40.048853],[-89.143875,39.961368],[-89.143451,39.917647],[-89.217846,39.91699],[-89.367112,39.917587],[-89.483498,39.933151],[-89.483826,39.976733],[-89.578289,39.976127],[-89.579128,40.092415],[-89.601688,40.122378],[-89.602979,40.320129]]]}},{"type":"Feature","properties":{"fips":"19049","name":"Dallas","state":"IA"},"geometry":{"type":"Polygon","coordinates":[[[-94.28034,41.862999],[-94.164428,41.863243],[-93.815721,41.863419],[-93.814282,41.600456],[-93.790612,41.511916],[-93.896807,41.503098],[-94.241593,41.503679],[-94.241356,41.600971],[-94.280057,41.601312],[-94.28034,41.862999]]]}},{"type":"Feature","properties":{"fips":"39095","name":"Lucas","state":"OH"},"geometry":{"type":"Polygon","coordinates":[[[-83.882943,41.487543],[-83.8803904653533,41.7201944903196],[-83.7631498513652,41.7235468017856],[-83.763038,41.72355],[-83.453832,41.732647],[-83.409531,41.691247],[-83.326825,41.701562],[-83.23166,41.644218],[-83.1638214175228,41.624130312974],[-83.415941,41.61911],[-83.569934,41.61715],[-83.699736,41.533952],[-83.728537,41.485952],[-83.85426,41.414451],[-83.883234,41.414503],[-83.882943,41.487543]]]}},{"type":"Feature","properties":{"fips":"46033","name":"Custer","state":"SD"},"geometry":{"type":"Polygon","coordinates":[[[-104.055488,43.853477],[-102.687192,43.855415],[-102.695526,43.79815],[-102.809398,43.68756],[-102.9025,43.674888],[-103.001017,43.605816],[-103.000913,43.476848],[-104.054684568427,43.477815541711],[-104.054794284348,43.503327530406],[-104.055032,43.558603],[-104.055488,43.853477]]]}},{"type":"Feature","properties":{"fips":"20041","name":"Dickinson","state":"KS"},"geometry":{"type":"Polygon","coordinates":[[[-97.381205,38.9289],[-97.371614,38.957852],[-97.371154,39.131961],[-96.963177,39.1323],[-96.96347,38.964901],[-96.926209,38.978941],[-96.890245,38.870067],[-96.927234,38.81216],[-96.930286,38.609362],[-97.371911,38.609353],[-97.381205,38.9289]]]}},{"type":"Feature","properties":{"fips":"19061","name":"Dubuque","state":"IA"},"geometry":{"type":"Polygon","coordinates":[[[-91.132766,42.645844],[-90.897415,42.645714],[-90.8969620271584,42.6743180564343],[-90.852497,42.664822],[-90.743677,42.64556],[-90.700856,42.626445],[-90.672727,42.576599],[-90.642843,42.508481],[-90.646727,42.471904],[-90.590416,42.447493],[-90.565248,42.438742],[-90.517516,42.403019],[-90.4843456727163,42.3815977781919],[-90.665029,42.382155],[-90.665551,42.294699],[-90.89802,42.295236],[-91.130079,42.295761],[-91.132766,42.645844]]]}},{"type":"Feature","properties":{"fips":"17071","name":"Henderson","state":"IL"},"geometry":{"type":"Polygon","coordinates":[[[-91.12082,40.672777],[-91.1182229383975,40.6995346508191],[-91.115735,40.725168],[-91.091703,40.779708],[-91.092993,40.821079],[-91.044653,40.868356],[-90.985462,40.912141],[-90.952233,40.954047],[-90.945324,41.019279],[-90.9518941426813,41.0698727358664],[-90.785194,41.068749],[-90.789652,40.63575],[-90.904216,40.639201],[-91.022222,40.634956],[-91.1854606087043,40.6381118126235],[-91.12082,40.672777]]]}},{"type":"Feature","properties":{"fips":"55023","name":"Crawford","state":"WI"},"geometry":{"type":"Polygon","coordinates":[[[-91.2106633577727,43.4194417829033],[-91.18346,43.423017],[-90.668561,43.422994],[-90.666786,43.171777],[-90.845746,43.077625],[-90.940087,43.061882],[-91.062211,42.992552],[-91.1590843059475,42.9874777913228],[-91.174692,43.038713],[-91.1749349139112,43.0802603718452],[-91.175253,43.134665],[-91.134173,43.174405],[-91.087456,43.221891],[-91.05791,43.253968],[-91.107237,43.313645],[-91.154806,43.334826],[-91.207367,43.373659],[-91.199408,43.403032],[-91.2106633577727,43.4194417829033]]]}},{"type":"Feature","properties":{"fips":"20019","name":"Chautauqua","state":"KS"},"geometry":{"type":"Polygon","coordinates":[[[-96.524873,37.30273],[-95.964399,37.299232],[-95.9642712321022,36.9992231442824],[-96.0008102061996,36.9992010529279],[-96.217571,36.99907],[-96.500288,36.998643],[-96.5255820442829,36.9986779687248],[-96.524873,37.30273]]]}},{"type":"Feature","properties":{"fips":"29177","name":"Ray","state":"MO"},"geometry":{"type":"Polygon","coordinates":[[[-94.210642,39.454682],[-94.208423,39.5272],[-93.759183,39.524558],[-93.758463,39.207021],[-93.840147,39.215467],[-93.988892,39.152786],[-93.980088,39.205874],[-94.024206,39.154537],[-94.104823,39.143507],[-94.173519,39.213829],[-94.212515,39.207086],[-94.210642,39.454682]]]}},{"type":"Feature","properties":{"fips":"29217","name":"Vernon","state":"MO"},"geometry":{"type":"Polygon","coordinates":[[[-94.617885,37.682214],[-94.614465,37.987799],[-94.6141002487054,38.0370565833813],[-94.6139299610557,38.0600529598965],[-94.237787,38.026017],[-94.135238,38.058118],[-94.058285,38.036627],[-94.065675,37.900987],[-94.073524,37.639722],[-94.6178455243542,37.6535777966344],[-94.6178724508981,37.6731107003321],[-94.617885,37.682214]]]}},{"type":"Feature","properties":{"fips":"38077","name":"Richland","state":"ND"},"geometry":{"type":"Polygon","coordinates":[[[-97.279948,46.629348],[-96.816308,46.630185],[-96.7897865130498,46.6357466727167],[-96.7857861825985,46.6295908492609],[-96.744436,46.56596],[-96.709095,46.435294],[-96.647296,46.358499],[-96.60104,46.319554],[-96.59567,46.21985],[-96.554507,46.083978],[-96.572697494194,46.0218916713577],[-96.574264,46.016545],[-96.563672,45.935245],[-97.082093,45.935842],[-97.228291,45.9356565956461],[-97.259632,45.997185],[-97.25934,46.272786],[-97.280566,46.282393],[-97.279948,46.629348]]]}},{"type":"Feature","properties":{"fips":"17067","name":"Hancock","state":"IL"},"geometry":{"type":"Polygon","coordinates":[[[-91.4969574903395,40.2487038763728],[-91.492891,40.269923],[-91.469656,40.322409],[-91.419422,40.378264],[-91.372921,40.399108],[-91.379907,40.45211],[-91.367876,40.510479],[-91.394475,40.534543],[-91.374252,40.58259],[-91.339719,40.613488],[-91.247851,40.63839],[-91.18698,40.637297],[-91.1854606087043,40.6381118126235],[-91.022222,40.634956],[-90.904216,40.639201],[-90.909756,40.284394],[-90.911969,40.193088],[-91.5062615151283,40.2001550699717],[-91.4969574903395,40.2487038763728]]]}},{"type":"Feature","properties":{"fips":"39167","name":"Washington","state":"OH"},"geometry":{"type":"Polygon","coordinates":[[[-81.844863,39.450216],[-81.823158,39.494072],[-81.708527,39.480775],[-81.712706,39.585107],[-81.588185,39.586973],[-81.473471,39.583318],[-81.47316,39.645976],[-81.394934,39.601547],[-81.283079,39.605663],[-81.036783,39.572249],[-81.0373650419871,39.5380557124726],[-81.07595,39.50966],[-81.1212738561078,39.4576974138893],[-81.128533,39.449375],[-81.185946,39.430731],[-81.249088,39.389992],[-81.347567,39.34577],[-81.3703898088263,39.3487006724034],[-81.393794,39.351706],[-81.412706,39.394618],[-81.456143,39.409274],[-81.503189,39.373242],[-81.559647,39.330774],[-81.565247,39.276175],[-81.613896,39.275339],[-81.678331,39.273755],[-81.711628,39.219228],[-81.7214681391725,39.2109608092037],[-81.721808,39.269597],[-81.818361,39.272581],[-81.853668,39.318165],[-81.844863,39.450216]]]}},{"type":"Feature","properties":{"fips":"26109","name":"Menominee","state":"MI"},"geometry":{"type":"Polygon","coordinates":[[[-87.85683,45.393106],[-87.847429,45.444177],[-87.805773,45.473139],[-87.804203,45.524676],[-87.787292,45.574906],[-87.777671,45.609204],[-87.824676,45.653211],[-87.781007,45.673934],[-87.805076,45.703556],[-87.8330494680353,45.7227525753469],[-87.697159,45.72296],[-87.696946,45.898842],[-87.617396,45.898846],[-87.617091,45.986014],[-87.367849,45.985321],[-87.325391,45.898665],[-87.327502,45.55125],[-87.2534496287802,45.5501155908891],[-87.288726,45.501606],[-87.350852,45.407743],[-87.465201,45.273351],[-87.548964,45.191591],[-87.590208,45.095264],[-87.648191,45.106368],[-87.695055,45.150522],[-87.741805,45.197051],[-87.71148,45.245224],[-87.667423,45.31636],[-87.657349,45.368752],[-87.706767,45.383827],[-87.750928,45.355037],[-87.800464,45.353608],[-87.863489,45.35302],[-87.85683,45.393106]]]}},{"type":"Feature","properties":{"fips":"26131","name":"Ontonagon","state":"MI"},"geometry":{"type":"Polygon","coordinates":[[[-89.8843295804115,46.765471149277],[-89.831956,46.804053],[-89.720277,46.830413],[-89.642255,46.82534],[-89.569808,46.831859],[-89.49908,46.841621],[-89.415154,46.843983],[-89.227914,46.912954],[-89.142595,46.984859],[-89.02893,47.00114],[-88.959409,47.008496],[-88.9333684513417,47.033599097856],[-88.93248,46.764787],[-88.863906,46.765013],[-88.864473,46.679311],[-88.989529,46.680119],[-88.991236,46.419704],[-88.991012,46.332308],[-89.365507,46.333078],[-89.365094,46.505949],[-89.740568,46.505642],[-89.740001,46.592494],[-89.86442,46.592643],[-89.863793,46.765405],[-89.8843295804115,46.765471149277]]]}},{"type":"Feature","properties":{"fips":"39075","name":"Holmes","state":"OH"},"geometry":{"type":"Polygon","coordinates":[[[-82.221118,40.667356],[-82.126196,40.668357],[-81.784152,40.667862],[-81.648921,40.667771],[-81.64911,40.634525],[-81.66982,40.443987],[-81.709132,40.444775],[-82.184277,40.456382],[-82.17854,40.573102],[-82.220268,40.568187],[-82.220433,40.594524],[-82.221118,40.667356]]]}},{"type":"Feature","properties":{"fips":"39145","name":"Scioto","state":"OH"},"geometry":{"type":"Polygon","coordinates":[[[-83.270817,39.015791],[-83.212107,38.960148],[-82.80709,38.948073],[-82.753391,38.945373],[-82.76069,38.854875],[-82.650039,38.849073],[-82.662886,38.747977],[-82.706823,38.677495],[-82.763895,38.679974],[-82.740383,38.597167],[-82.8115423846504,38.5723695895619],[-82.851314,38.604334],[-82.869592,38.678177],[-82.871192,38.718377],[-82.889193,38.756076],[-82.943147,38.74328],[-83.011816,38.730057],[-83.0303349312311,38.7168676766561],[-83.042338,38.708319],[-83.112372,38.671685],[-83.128973,38.640231],[-83.172647,38.620252],[-83.239515,38.628588],[-83.2642676908446,38.6131319856547],[-83.268292,38.634012],[-83.270817,39.015791]]]}},{"type":"Feature","properties":{"fips":"19085","name":"Harrison","state":"IA"},"geometry":{"type":"Polygon","coordinates":[[[-96.1268212534654,41.8660952477016],[-95.672771,41.863147],[-95.557277,41.863449],[-95.558143,41.602383],[-95.497793,41.602333],[-95.497997,41.506074],[-95.9940203930119,41.5068906409415],[-96.005079,41.544004],[-96.080493,41.528199],[-96.09182,41.561086],[-96.118105,41.613495],[-96.111483,41.668548],[-96.1079378717465,41.6765089897621],[-96.0876,41.72218],[-96.064537,41.793002],[-96.107911,41.840339],[-96.1268212534654,41.8660952477016]]]}},{"type":"Feature","properties":{"fips":"18027","name":"Daviess","state":"IN"},"geometry":{"type":"Polygon","coordinates":[[[-87.278553,38.691343],[-87.238551,38.743235],[-87.241463,38.817476],[-87.213267,38.807977],[-87.098771,38.903974],[-87.03542,38.90246],[-86.904252,38.904204],[-86.922943,38.817238],[-86.924186,38.505358],[-86.947663,38.490453],[-87.072369,38.5147],[-87.10636,38.537234],[-87.242097,38.54493],[-87.278553,38.691343]]]}},{"type":"Feature","properties":{"fips":"55017","name":"Chippewa","state":"WI"},"geometry":{"type":"Polygon","coordinates":[[[-91.665647,45.207991],[-91.542234,45.206538],[-91.541322,45.29222],[-90.925222,45.292061],[-90.923362,45.031143],[-90.922669,44.944428],[-90.922247,44.857309],[-91.105122,44.857071],[-91.226829,44.85693],[-91.650455,44.855951],[-91.65139,45.029781],[-91.666402,45.120823],[-91.665647,45.207991]]]}},{"type":"Feature","properties":{"fips":"18071","name":"Jackson","state":"IN"},"geometry":{"type":"Polygon","coordinates":[[[-86.318133,39.04881],[-86.080272,39.05027],[-85.860573,39.04091],[-85.798804,39.068536],[-85.795357,38.807508],[-85.880674,38.725049],[-85.888334,38.734443],[-85.909677,38.757112],[-86.091705,38.783399],[-86.275281,38.763795],[-86.280389,38.991028],[-86.317474,38.99087],[-86.318133,39.04881]]]}},{"type":"Feature","properties":{"fips":"26007","name":"Alpena","state":"MI"},"geometry":{"type":"Polygon","coordinates":[[[-83.888482,44.856635],[-83.881223,45.202071],[-83.3852110792565,45.207103993148],[-83.315924,45.139992],[-83.265896,45.026844],[-83.340257,45.041545],[-83.399255,45.070364],[-83.442052,45.051056],[-83.435822,45.000012],[-83.438856,44.940843],[-83.352815,44.886164],[-83.320503,44.880571],[-83.3162661085766,44.8585914505609],[-83.888484,44.856458],[-83.888482,44.856635]]]}},{"type":"Feature","properties":{"fips":"26125","name":"Oakland","state":"MI"},"geometry":{"type":"Polygon","coordinates":[[[-83.689384,42.871263],[-83.453364,42.880432],[-83.102891,42.888647],[-83.095441,42.712499],[-83.091449,42.624208],[-83.083393,42.447153],[-83.150944,42.446031],[-83.200522,42.444839],[-83.316825,42.442033],[-83.433672,42.438942],[-83.433734,42.43894],[-83.551907,42.435166],[-83.664808,42.431179],[-83.677115,42.606255],[-83.686493,42.783263],[-83.689384,42.871263]]]}},{"type":"Feature","properties":{"fips":"19111","name":"Lee","state":"IA"},"geometry":{"type":"Polygon","coordinates":[[[-91.718787,40.813544],[-91.409453,40.812905],[-91.208185,40.71358],[-91.1182229383975,40.6995346508191],[-91.12082,40.672777],[-91.1854606087043,40.6381118126235],[-91.18698,40.637297],[-91.247851,40.63839],[-91.339719,40.613488],[-91.374252,40.58259],[-91.394475,40.534543],[-91.367876,40.510479],[-91.379907,40.45211],[-91.372921,40.399108],[-91.419422,40.378264],[-91.498093,40.401926],[-91.519134,40.432822],[-91.563844,40.460988],[-91.608347,40.50004],[-91.618999,40.539084],[-91.670993,40.550937],[-91.685381,40.578892],[-91.7166549876819,40.603740139296],[-91.718787,40.813544]]]}},{"type":"Feature","properties":{"fips":"29113","name":"Lincoln","state":"MO"},"geometry":{"type":"Polygon","coordinates":[[[-91.260232,39.139845],[-91.18546,39.13905],[-91.182942,39.227233],[-90.7232836234127,39.2241029700576],[-90.707902,39.15086],[-90.681086,39.10059],[-90.713629,39.053977],[-90.676397,38.984096],[-90.6615829068768,38.9347033077532],[-90.707249,38.902722],[-90.958536,38.870865],[-91.111251,38.872709],[-91.110187,38.931901],[-91.189348,38.932151],[-91.18839,38.992141],[-91.264287,38.992762],[-91.260232,39.139845]]]}},{"type":"Feature","properties":{"fips":"18115","name":"Ohio","state":"IN"},"geometry":{"type":"Polygon","coordinates":[[[-85.135832,38.929578],[-85.132508,38.948055],[-85.097021,38.935351],[-84.998111,38.99654],[-84.8775702820623,39.0312628990423],[-84.849445,39.000923],[-84.832617,38.96146],[-84.877762,38.920357],[-84.8643271879881,38.9137941412077],[-85.140312,38.903194],[-85.135832,38.929578]]]}},{"type":"Feature","properties":{"fips":"46085","name":"Lyman","state":"SD"},"geometry":{"type":"Polygon","coordinates":[[[-100.367247,44.194621],[-99.938217,44.195195],[-99.884485,44.129582],[-99.768681,44.135743],[-99.612249,44.103694],[-99.610311,44.148887],[-99.695752,44.172375],[-99.663508,44.217517],[-99.576571,44.192421],[-99.562536,44.101519],[-99.345995,43.981446],[-99.355864,43.934371],[-99.310826,43.855216],[-99.41015,43.774619],[-99.406961,43.705277],[-99.469097,43.672803],[-99.375378,43.656869],[-99.297882,43.499856],[-99.297998,43.499669],[-99.534481,43.499801],[-99.623578,43.499859],[-99.623587,43.742414],[-99.656634,43.766069],[-99.745836,43.710295],[-99.837825,43.689071],[-99.981465,43.687119],[-100.00693,43.704733],[-100.115169,43.685434],[-100.230845,43.713856],[-100.280028,43.696795],[-100.33897,43.716942],[-100.366174,43.846978],[-100.367207,44.168694],[-100.367247,44.194621]]]}},{"type":"Feature","properties":{"fips":"39051","name":"Fulton","state":"OH"},"geometry":{"type":"Polygon","coordinates":[[[-84.3995487854742,41.7059213574056],[-84.3604190413973,41.7069558826335],[-84.134417,41.712931],[-83.8803904653533,41.7201944903196],[-83.882943,41.487543],[-84.341902,41.485519],[-84.342051,41.514107],[-84.380735,41.513942],[-84.381312,41.61673],[-84.3995487854742,41.7059213574056]]]}},{"type":"Feature","properties":{"fips":"20125","name":"Montgomery","state":"KS"},"geometry":{"type":"Polygon","coordinates":[[[-95.964535,37.363579],[-95.961605,37.386636],[-95.52556,37.383979],[-95.52113,37.38399],[-95.5224145523987,36.9993197867829],[-95.573598,36.99931],[-95.7867618707782,36.999270917592],[-95.928122,36.999245],[-95.9642712321022,36.9992231442824],[-95.964399,37.299232],[-95.964535,37.363579]]]}},{"type":"Feature","properties":{"fips":"26065","name":"Ingham","state":"MI"},"geometry":{"type":"Polygon","coordinates":[[[-84.602761,42.76988],[-84.38471,42.769882],[-84.363659,42.775778],[-84.158189,42.776639],[-84.140713,42.424611],[-84.600403,42.421984],[-84.602761,42.76988]]]}},{"type":"Feature","properties":{"fips":"26053","name":"Gogebic","state":"MI"},"geometry":{"type":"Polygon","coordinates":[[[-90.418136,46.566094],[-90.327626,46.607744],[-90.237609,46.624485],[-90.04542,46.668272],[-89.918466,46.740324],[-89.8843295804115,46.765471149277],[-89.863793,46.765405],[-89.86442,46.592643],[-89.740001,46.592494],[-89.740568,46.505642],[-89.365094,46.505949],[-89.365507,46.333078],[-88.991012,46.332308],[-88.991217028396,46.096536354436],[-89.09163,46.138505],[-89.638416,46.243804],[-89.9291256256648,46.2999157284081],[-90.120489,46.336852],[-90.158241,46.420485],[-90.214866,46.499947],[-90.285707,46.518846],[-90.331887,46.553278],[-90.387228,46.533663],[-90.418136,46.566094]]]}},{"type":"Feature","properties":{"fips":"39011","name":"Auglaize","state":"OH"},"geometry":{"type":"Polygon","coordinates":[[[-84.45618,40.684862],[-84.396778,40.684926],[-84.222799,40.685957],[-84.107787,40.643069],[-83.880194,40.64469],[-83.880039,40.538694],[-83.993699,40.535201],[-84.002372,40.483115],[-84.339137,40.481076],[-84.3386,40.379199],[-84.434387,40.354534],[-84.455532,40.363963],[-84.45618,40.684862]]]}},{"type":"Feature","properties":{"fips":"20147","name":"Phillips","state":"KS"},"geometry":{"type":"Polygon","coordinates":[[[-99.6253267263996,40.001777827647],[-99.501792,40.002026],[-99.1791331508611,40.0021089526949],[-99.085597,40.002133],[-99.0670183498981,40.0021435130522],[-99.06622,39.568125],[-99.602176,39.567328],[-99.627953,39.567437],[-99.6253267263996,40.001777827647]]]}},{"type":"Feature","properties":{"fips":"18145","name":"Shelby","state":"IN"},"geometry":{"type":"Polygon","coordinates":[[[-85.95208,39.638345],[-85.951721,39.697136],[-85.633228,39.698462],[-85.629327,39.45275],[-85.63063,39.350205],[-85.684515,39.350049],[-85.952005,39.347373],[-85.95208,39.638345]]]}},{"type":"Feature","properties":{"fips":"29095","name":"Jackson","state":"MO"},"geometry":{"type":"Polygon","coordinates":[[[-94.608334,38.981806],[-94.607870353374,39.0440850964785],[-94.6075301405959,39.0897840043202],[-94.607354,39.113444],[-94.512679,39.150451],[-94.484112,39.145009],[-94.46159,39.120372],[-94.419475,39.149318],[-94.407228,39.195303],[-94.36154,39.164656],[-94.289873,39.237107],[-94.212515,39.207086],[-94.173519,39.213829],[-94.104823,39.143507],[-94.106764,39.091703],[-94.114175,38.917304],[-94.119096,38.833167],[-94.278167,38.835056],[-94.6089603437495,38.847211315445],[-94.608334,38.981806]]]}},{"type":"Feature","properties":{"fips":"20175","name":"Seward","state":"KS"},"geometry":{"type":"Polygon","coordinates":[[[-101.068106,37.387779],[-100.652728,37.387627],[-100.63392,37.381174],[-100.633324986158,37.0001736090529],[-100.855634,36.998626],[-100.945466793078,36.9982468287288],[-101.06645021566,36.9977361751404],[-101.068106,37.387779]]]}},{"type":"Feature","properties":{"fips":"27077","name":"Lake of the Woods","state":"MN"},"geometry":{"type":"Polygon","coordinates":[[[-95.34273,48.713028],[-95.089863,48.713062],[-95.091464,48.920618],[-95.235606,48.88145],[-95.30104,48.904216],[-95.31988739824,48.9987583452162],[-95.153711,48.998903],[-95.153309,49.18488],[-95.15333,49.309287],[-95.153314,49.384358],[-95.058404,49.35317],[-94.988908,49.368897],[-94.952111,49.368679],[-94.878454,49.333193],[-94.816222,49.320987],[-94.797244,49.214284],[-94.774228,49.124994],[-94.750221,49.099763],[-94.718932,48.999991],[-94.683069,48.883929],[-94.685681,48.840119],[-94.694312,48.789352],[-94.61901,48.737374],[-94.508862,48.700362],[-94.446604,48.6929],[-94.4302012792341,48.6983087855285],[-94.428704,48.367441],[-95.210953,48.365971],[-95.211965,48.539938],[-95.34254,48.540211],[-95.34273,48.713028]]]}},{"type":"Feature","properties":{"fips":"27047","name":"Freeborn","state":"MN"},"geometry":{"type":"Polygon","coordinates":[[[-93.64829,43.848139],[-93.406642,43.84812],[-93.049524,43.848443],[-93.0491920078165,43.4995574800246],[-93.228861,43.499567],[-93.4973513252204,43.4995307245117],[-93.576728,43.49952],[-93.6485330311736,43.4995354896751],[-93.64829,43.848139]]]}},{"type":"Feature","properties":{"fips":"17047","name":"Edwards","state":"IL"},"geometry":{"type":"Polygon","coordinates":[[[-88.147803,38.569037],[-87.954675,38.57023],[-87.941944,38.461025],[-87.977134,38.377266],[-87.951092,38.290935],[-87.990628,38.259629],[-88.027749,38.255661],[-88.150891,38.256156],[-88.147803,38.569037]]]}},{"type":"Feature","properties":{"fips":"27011","name":"Big Stone","state":"MN"},"geometry":{"type":"Polygon","coordinates":[[[-96.8354191619781,45.5861286928808],[-96.253026,45.585526],[-96.241328,45.412667],[-96.117063,45.411992],[-96.117729,45.239783],[-96.103829,45.176742],[-96.311413,45.251597],[-96.457553498485,45.2688979287184],[-96.457781,45.30761],[-96.4700776030493,45.3267996493923],[-96.482556,45.346273],[-96.521787,45.375645],[-96.562142,45.38609],[-96.617726,45.408092],[-96.675447,45.410216],[-96.710786,45.43693],[-96.742509,45.478723],[-96.781036,45.535972],[-96.8354191619781,45.5861286928808]]]}},{"type":"Feature","properties":{"fips":"39017","name":"Butler","state":"OH"},"geometry":{"type":"Polygon","coordinates":[[[-84.817453,39.391753],[-84.8161601949108,39.5219681089929],[-84.8157059432555,39.5677216640274],[-84.478927,39.56879],[-84.479213,39.591024],[-84.365232,39.589493],[-84.331682,39.549213],[-84.353209,39.292287],[-84.370755,39.294398],[-84.630047,39.312056],[-84.8188770978104,39.3051661690523],[-84.817453,39.391753]]]}},{"type":"Feature","properties":{"fips":"46117","name":"Stanley","state":"SD"},"geometry":{"type":"Polygon","coordinates":[[[-101.155188,44.343147],[-101.154516,44.689947],[-101.136838,44.747126],[-101.022611,44.724153],[-100.910312,44.783737],[-100.717644,44.77093],[-100.613805,44.707135],[-100.620897,44.566698],[-100.526498,44.547422],[-100.580034,44.461842],[-100.386376,44.440008],[-100.36539,44.355524],[-100.08533,44.308451],[-99.892101,44.241881],[-99.938217,44.195195],[-100.367247,44.194621],[-100.367207,44.168694],[-101.046916,44.168484],[-101.166753,44.168085],[-101.155188,44.343147]]]}},{"type":"Feature","properties":{"fips":"31011","name":"Boone","state":"NE"},"geometry":{"type":"Polygon","coordinates":[[[-98.295602,41.914954],[-97.833288,41.916286],[-97.830493,41.742238],[-97.829846,41.526174],[-98.041328,41.510534],[-98.099523,41.480777],[-98.291344,41.480727],[-98.29096,41.725965],[-98.29576,41.741178],[-98.295602,41.914954]]]}},{"type":"Feature","properties":{"fips":"27117","name":"Pipestone","state":"MN"},"geometry":{"type":"Polygon","coordinates":[[[-96.4524358546695,44.1967795400951],[-96.4524358245955,44.196801586665],[-96.07858,44.19662],[-96.063778,44.196425],[-96.06462,43.849039],[-96.4529095716932,43.8495088526372],[-96.4524358546695,44.1967795400951]]]}},{"type":"Feature","properties":{"fips":"27135","name":"Roseau","state":"MN"},"geometry":{"type":"Polygon","coordinates":[[[-96.405411,48.999984],[-95.97539,48.999984],[-95.340962,48.99874],[-95.31988739824,48.9987583452162],[-95.30104,48.904216],[-95.235606,48.88145],[-95.091464,48.920618],[-95.089863,48.713062],[-95.34273,48.713028],[-95.34254,48.540211],[-95.602315,48.538887],[-96.387835,48.544308],[-96.404924,48.71707],[-96.405411,48.999984]]]}},{"type":"Feature","properties":{"fips":"27003","name":"Anoka","state":"MN"},"geometry":{"type":"Polygon","coordinates":[[[-93.51007,45.414798],[-93.019563,45.41177],[-93.01944,45.296929],[-93.020518,45.123866],[-93.227696,45.124533],[-93.227059,45.049937],[-93.226929,45.035671],[-93.283426,45.035365],[-93.280815,45.071716],[-93.296092,45.121736],[-93.425922,45.214732],[-93.501598,45.241594],[-93.51219,45.245683],[-93.51007,45.414798]]]}},{"type":"Feature","properties":{"fips":"27071","name":"Koochiching","state":"MN"},"geometry":{"type":"Polygon","coordinates":[[[-94.4302012792341,48.6983087855285],[-94.388848,48.711945],[-94.281797,48.705255],[-94.251169,48.683514],[-94.250191,48.656323],[-94.091244,48.643669],[-93.927004,48.63122],[-93.844008,48.629395],[-93.80527,48.570299],[-93.815178,48.526508],[-93.674568,48.516297],[-93.562062,48.528897],[-93.467504,48.545664],[-93.464308,48.591792],[-93.371156,48.605085],[-93.347528,48.62662],[-93.207398,48.642474],[-93.14242,48.624924],[-93.088548716516,48.6268109196626],[-93.096541,48.067803],[-93.080906,47.891864],[-93.775772,47.89895],[-93.776173,47.846404],[-94.418543,47.845816],[-94.425213,48.352036],[-94.428704,48.367441],[-94.4302012792341,48.6983087855285]]]}},{"type":"Feature","properties":{"fips":"55009","name":"Brown","state":"WI"},"geometry":{"type":"Polygon","coordinates":[[[-88.25226,44.667427],[-88.242687,44.679631],[-88.220384,44.67238],[-87.9975734064425,44.6776639390448],[-88.002085,44.664035],[-87.998716,44.609288],[-88.041202,44.572581],[-88.005518,44.539216],[-87.943801,44.529693],[-87.898888,44.574135],[-87.866884,44.608434],[-87.77516,44.639281],[-87.7613076788851,44.6536977497349],[-87.766026,44.327184],[-87.887526,44.327589],[-87.888087,44.240461],[-88.04324,44.241018],[-88.192611,44.241947],[-88.190465,44.586799],[-88.245204,44.584746],[-88.25226,44.667427]]]}},{"type":"Feature","properties":{"fips":"55045","name":"Green","state":"WI"},"geometry":{"type":"Polygon","coordinates":[[[-89.838167,42.857397],[-89.378262,42.856376],[-89.369128,42.845036],[-89.3657986076635,42.5000259669515],[-89.4014168110406,42.5004419310737],[-89.493216,42.501514],[-89.8375948863256,42.5049103527915],[-89.83841,42.813799],[-89.838167,42.857397]]]}},{"type":"Feature","properties":{"fips":"55003","name":"Ashland","state":"WI"},"geometry":{"type":"MultiPolygon","coordinates":[[[[-90.776921,47.024324],[-90.74018,47.036105],[-90.650422,47.054678],[-90.560936,47.037013],[-90.544875,47.017383],[-90.511623,46.961407],[-90.524056,46.935664],[-90.549104,46.915461],[-90.637124,46.906724],[-90.679446,46.956032],[-90.712032,46.98526],[-90.767985,47.002327],[-90.776921,47.024324]]],[[[-90.9252293953426,46.5874880724456],[-90.898308,46.58305],[-90.829031,46.616066],[-90.794775,46.624941],[-90.755287,46.646289],[-90.73726,46.692267],[-90.663273,46.645326],[-90.56556,46.584892],[-90.5485785559661,46.5862362587505],[-90.552227,46.240851],[-90.425978,46.24045],[-90.426274,46.15405],[-90.303072,46.154849],[-90.302063,45.981349],[-90.676968,45.981554],[-90.925174,45.981055],[-90.924583,46.154616],[-90.9252293953426,46.5874880724456]]]]}},{"type":"Feature","properties":{"fips":"26097","name":"Mackinac","state":"MI"},"geometry":{"type":"MultiPolygon","coordinates":[[[[-84.61622,45.89447],[-84.517895,45.828543],[-84.419696,45.799823],[-84.35602,45.771895],[-84.394038,45.727623],[-84.484128,45.73071],[-84.587572,45.8067],[-84.650783,45.85921],[-84.61622,45.89447]]],[[[-85.865025,46.244631],[-85.237839,46.24543],[-85.113329,46.245722],[-85.112513,46.158263],[-84.363503,46.157984],[-84.36309,46.071574],[-84.238884,46.071457],[-84.239332,45.984914],[-84.1146065625188,45.9679083747954],[-84.254952,45.956068],[-84.376429,45.931962],[-84.480436,45.977764],[-84.567493,45.947702],[-84.632855,45.951007],[-84.734002,45.907026],[-84.706383,45.848658],[-84.792763,45.858691],[-84.917484,45.93067],[-85.003597,46.00613],[-85.152027,46.050725],[-85.266385,46.065779],[-85.381394,46.082044],[-85.540858,46.079581],[-85.648581,45.983695],[-85.697203,45.960158],[-85.810442,45.980087],[-85.8658399219427,45.9475710731853],[-85.865025,46.244631]]]]}},{"type":"Feature","properties":{"fips":"29127","name":"Marion","state":"MO"},"geometry":{"type":"Polygon","coordinates":[[[-91.840353,39.948235],[-91.4368432685991,39.9452434636785],[-91.428956,39.907729],[-91.436051,39.84551],[-91.397853,39.821122],[-91.361571,39.787548],[-91.3646166033233,39.7587182263223],[-91.367753,39.729029],[-91.3057603349652,39.6862154700779],[-91.715497,39.686492],[-91.715247,39.657644],[-91.846743,39.658513],[-91.840353,39.948235]]]}},{"type":"Feature","properties":{"fips":"27163","name":"Washington","state":"MN"},"geometry":{"type":"Polygon","coordinates":[[[-93.01944,45.296929],[-92.7482676746859,45.2960593865098],[-92.761868,45.284938],[-92.7660914086737,45.2100217024227],[-92.766932,45.195111],[-92.740509,45.113396],[-92.7897119873686,45.0755542806195],[-92.802911,45.065403],[-92.761904,45.022467],[-92.750802,44.941567],[-92.7670232657519,44.8619767370977],[-92.7671173343572,44.8615151858759],[-92.768574,44.854368],[-92.805287,44.768361],[-92.7923607996705,44.7589838136971],[-93.015961,44.775564],[-93.020044,44.89075],[-92.98421,44.894594],[-92.984619,45.123622],[-93.020518,45.123866],[-93.01944,45.296929]]]}},{"type":"Feature","properties":{"fips":"26137","name":"Otsego","state":"MI"},"geometry":{"type":"Polygon","coordinates":[[[-84.857452,45.116707],[-84.734799,45.114903],[-84.734303,45.201936],[-84.366614,45.198737],[-84.371737,44.855039],[-84.847309,44.858037],[-84.857452,45.116707]]]}},{"type":"Feature","properties":{"fips":"17063","name":"Grundy","state":"IL"},"geometry":{"type":"Polygon","coordinates":[[[-88.595961,41.457129],[-88.252231,41.463066],[-88.252219,41.462753],[-88.244144,41.201566],[-88.2414,41.128981],[-88.251501,41.114218],[-88.58461,41.10831],[-88.58624,41.108293],[-88.59004,41.303464],[-88.595961,41.457129]]]}},{"type":"Feature","properties":{"fips":"26081","name":"Kent","state":"MI"},"geometry":{"type":"Polygon","coordinates":[[[-85.790448,43.293003],[-85.562538,43.294271],[-85.312376,43.294205],[-85.312513,43.118793],[-85.309626,42.769878],[-85.545564,42.768139],[-85.782498,42.7682],[-85.782177,42.911323],[-85.789224,43.118034],[-85.790662,43.205167],[-85.790448,43.293003]]]}},{"type":"Feature","properties":{"fips":"17117","name":"Macoupin","state":"IL"},"geometry":{"type":"Polygon","coordinates":[[[-90.153782,39.520315],[-89.926037,39.522104],[-89.813147,39.522838],[-89.701661,39.523316],[-89.698555,38.998979],[-89.92698,38.998766],[-90.118014,38.999027],[-90.145984,38.999303],[-90.148121,39.261947],[-90.153782,39.520315]]]}},{"type":"Feature","properties":{"fips":"46023","name":"Charles Mix","state":"SD"},"geometry":{"type":"Polygon","coordinates":[[[-99.297998,43.499669],[-99.297882,43.499856],[-98.794588,43.499187],[-98.705782,43.499319],[-98.706855,43.370075],[-98.680688,43.373157],[-98.109492,43.196838],[-98.077108,43.16833],[-98.109534,43.087477],[-98.117047,42.869386],[-98.1525866548382,42.8411533810637],[-98.231922,42.86114],[-98.280007,42.874996],[-98.3081868164513,42.8864892074256],[-98.386445,42.918407],[-98.434503,42.929227],[-98.478919,42.963539],[-98.49855,42.99856],[-98.524871,43.039347],[-98.69046,43.076556],[-98.773406,43.145919],[-98.868762,43.162009],[-98.896783,43.246909],[-98.981253,43.258945],[-99.069285,43.320688],[-99.152889,43.426908],[-99.310073,43.467935],[-99.297998,43.499669]]]}},{"type":"Feature","properties":{"fips":"46055","name":"Haakon","state":"SD"},"geometry":{"type":"Polygon","coordinates":[[[-102.001068,44.510926],[-102.000432,44.511663],[-101.889038,44.538458],[-101.811198,44.522373],[-101.715038,44.579483],[-101.531035,44.567875],[-101.456072,44.636203],[-101.38146,44.653667],[-101.361918,44.687825],[-101.229495,44.692287],[-101.136838,44.747126],[-101.154516,44.689947],[-101.155188,44.343147],[-101.166753,44.168085],[-101.046916,44.168484],[-101.046786,43.99497],[-101.064068,43.994929],[-102.007336,43.99453],[-102.001068,44.510926]]]}},{"type":"Feature","properties":{"fips":"39035","name":"Cuyahoga","state":"OH"},"geometry":{"type":"Polygon","coordinates":[[[-81.968480702529,41.5038610079018],[-81.937862,41.491443],[-81.8439197475277,41.4945509051143],[-81.810758,41.495648],[-81.738755,41.48855],[-81.633652,41.540458],[-81.488682733409,41.6344639278209],[-81.487842,41.570051],[-81.391005,41.569716],[-81.37481,41.431061],[-81.391764,41.424269],[-81.391694,41.348272],[-81.598052,41.351157],[-81.565139,41.277758],[-81.68495,41.277146],[-81.878053,41.275044],[-81.87696,41.350685],[-81.971262,41.351268],[-81.968480702529,41.5038610079018]]]}},{"type":"Feature","properties":{"fips":"39065","name":"Hardin","state":"OH"},"geometry":{"type":"Polygon","coordinates":[[[-83.880063,40.819919],[-83.515883,40.818134],[-83.496296,40.81794],[-83.495798,40.701515],[-83.419836,40.686823],[-83.416307,40.526528],[-83.41867,40.505229],[-83.520227,40.504077],[-83.880001,40.531893],[-83.880039,40.538694],[-83.880194,40.64469],[-83.880063,40.819919]]]}},{"type":"Feature","properties":{"fips":"46109","name":"Roberts","state":"SD"},"geometry":{"type":"Polygon","coordinates":[[[-97.228291,45.9356565956461],[-97.082093,45.935842],[-96.563672,45.935245],[-96.571871,45.871846],[-96.587093,45.816445],[-96.630512,45.781157],[-96.672665,45.732336],[-96.745086,45.701576],[-96.82616,45.654164],[-96.851621,45.619412],[-96.843957,45.594003],[-96.8354191619781,45.5861286928808],[-96.781036,45.535972],[-96.742509,45.478723],[-96.710786,45.43693],[-96.675447,45.410216],[-96.617726,45.408092],[-96.562142,45.38609],[-96.521787,45.375645],[-96.482556,45.346273],[-96.4700776030493,45.3267996493923],[-96.992946,45.32688],[-97.007543,45.296866],[-97.226244,45.297647],[-97.227089,45.558158],[-97.228291,45.9356565956461]]]}},{"type":"Feature","properties":{"fips":"46041","name":"Dewey","state":"SD"},"geometry":{"type":"Polygon","coordinates":[[[-101.486593,45.038374],[-101.486348,45.38559],[-101.47019,45.472416],[-100.341924,45.472904],[-100.274176,45.381845],[-100.307384,45.291909],[-100.260223,45.24681],[-100.325451,45.099337],[-100.27965,45.019558],[-100.391818,45.026006],[-100.404753,44.897695],[-100.418682,44.843366],[-100.529636,44.766301],[-100.609036,44.769428],[-100.676387,44.823162],[-100.717644,44.77093],[-100.910312,44.783737],[-101.022611,44.724153],[-101.136838,44.747126],[-101.136162,44.994074],[-101.500512,44.99378],[-101.486593,45.038374]]]}},{"type":"Feature","properties":{"fips":"20011","name":"Bourbon","state":"KS"},"geometry":{"type":"Polygon","coordinates":[[[-95.088082,37.732476],[-95.079692,37.8198],[-95.077876,38.037706],[-94.6141002487054,38.0370565833813],[-94.614465,37.987799],[-94.617885,37.682214],[-94.6178724508981,37.6731107003321],[-95.088012,37.674519],[-95.088082,37.732476]]]}}]}