{"type":"FeatureCollection","version":"2025-cb20m-v1","region":"south","source":"U.S. Census Bureau 2025 Cartographic Boundary Files, counties, 1:20,000,000","features":[{"type":"Feature","properties":{"fips":"05089","name":"Marion","state":"AR"},"geometry":{"type":"Polygon","coordinates":[[[-92.884495,36.490742],[-92.8540081073941,36.4980234071379],[-92.838876,36.498033],[-92.7723338933721,36.4980831540794],[-92.564238,36.49824],[-92.5291361751611,36.498165682126],[-92.533104,36.386557],[-92.59522,36.354922],[-92.54297,36.263058],[-92.473163,36.2568],[-92.480417,36.199417],[-92.411862,36.162183],[-92.411563,36.062757],[-92.837821,36.070125],[-92.890725,36.114245],[-92.884495,36.490742]]]}},{"type":"Feature","properties":{"fips":"37199","name":"Yancey","state":"NC"},"geometry":{"type":"Polygon","coordinates":[[[-82.5080076597225,35.9820132054415],[-82.464558,36.006508],[-82.4169375946732,36.0729700107085],[-82.351672,36.084334],[-82.338201,36.030088],[-82.197718,36.015239],[-82.133484,35.823309],[-82.193402,35.735314],[-82.257842,35.698852],[-82.275399,35.704438],[-82.361834,35.82107],[-82.408602,35.818178],[-82.494781,35.909484],[-82.5080076597225,35.9820132054415]]]}},{"type":"Feature","properties":{"fips":"13287","name":"Turner","state":"GA"},"geometry":{"type":"Polygon","coordinates":[[[-83.802723,31.803579],[-83.612642,31.804128],[-83.612256,31.854089],[-83.54164,31.853102],[-83.480176,31.847312],[-83.45887,31.793612],[-83.453634,31.757861],[-83.452919,31.708597],[-83.500702,31.59399],[-83.648972,31.596466],[-83.649384,31.567977],[-83.718774,31.622028],[-83.796846,31.622929],[-83.802723,31.803579]]]}},{"type":"Feature","properties":{"fips":"48329","name":"Midland","state":"TX"},"geometry":{"type":"Polygon","coordinates":[[[-102.287048,32.086991],[-102.211249,32.0868],[-101.776085,32.086925],[-101.775802,31.651319],[-102.287345,31.651276],[-102.287048,32.086991]]]}},{"type":"Feature","properties":{"fips":"28109","name":"Pearl River","state":"MS"},"geometry":{"type":"Polygon","coordinates":[[[-89.836331,30.727197],[-89.791745,30.820387],[-89.750073,30.91293],[-89.7281756901606,31.0023138879841],[-89.654038,31.002502],[-89.50134,31.016026],[-89.425337,30.982452],[-89.34895,31.01037],[-89.34072,30.994163],[-89.340806,30.909912],[-89.341446,30.64772],[-89.544232,30.648368],[-89.54451,30.516862],[-89.647072,30.502738],[-89.6999320828408,30.454036880786],[-89.712493,30.47751],[-89.791664,30.551524],[-89.821868,30.644024],[-89.8261803591152,30.6688232701852],[-89.836331,30.727197]]]}},{"type":"Feature","properties":{"fips":"21207","name":"Russell","state":"KY"},"geometry":{"type":"Polygon","coordinates":[[[-85.232026,36.925069],[-85.205831,36.996862],[-85.043316,37.186028],[-84.954406,37.102271],[-84.901112,37.116297],[-84.905778,37.047187],[-84.835712,36.997612],[-84.945527,36.959747],[-84.960878,36.916338],[-85.064307,36.858743],[-85.118411,36.827334],[-85.235046,36.885673],[-85.215405,36.854467],[-85.27495,36.897901],[-85.232026,36.925069]]]}},{"type":"Feature","properties":{"fips":"48115","name":"Dawson","state":"TX"},"geometry":{"type":"Polygon","coordinates":[[[-102.20852,32.958956],[-102.076214,32.959702],[-101.691284,32.961838],[-101.68874,32.525222],[-102.202703,32.523271],[-102.20852,32.958956]]]}},{"type":"Feature","properties":{"fips":"48397","name":"Rockwall","state":"TX"},"geometry":{"type":"Polygon","coordinates":[[[-96.517011,32.982862],[-96.297227,32.981752],[-96.297172,32.897961],[-96.297322,32.841723],[-96.297376,32.814185],[-96.51897,32.813616],[-96.517011,32.982862]]]}},{"type":"Feature","properties":{"fips":"01033","name":"Colbert","state":"AL"},"geometry":{"type":"Polygon","coordinates":[[[-88.134263,34.62266],[-88.097888,34.892202],[-87.973222,34.88255],[-87.92029,34.804468],[-87.806963,34.732061],[-87.524363,34.832384],[-87.495307,34.819044],[-87.42651,34.800022],[-87.445009,34.652728],[-87.529667,34.567081],[-88.1395594412474,34.5816967458839],[-88.134263,34.62266]]]}},{"type":"Feature","properties":{"fips":"05011","name":"Bradley","state":"AR"},"geometry":{"type":"Polygon","coordinates":[[[-92.378679,33.314836],[-92.313493,33.492946],[-92.330918,33.707745],[-91.97588,33.704417],[-91.976159,33.529686],[-92.015153,33.453834],[-91.990179,33.398292],[-91.977286,33.301833],[-92.116277,33.223018],[-92.137549,33.162904],[-92.224569,33.253267],[-92.359113,33.281961],[-92.350277,33.298842],[-92.378679,33.314836]]]}},{"type":"Feature","properties":{"fips":"13289","name":"Twiggs","state":"GA"},"geometry":{"type":"Polygon","coordinates":[[[-83.602186,32.741448],[-83.513511,32.844868],[-83.40699,32.89822],[-83.226536,32.584201],[-83.412055,32.502091],[-83.497923,32.452198],[-83.488421,32.485138],[-83.548147,32.571922],[-83.555777,32.652516],[-83.597656,32.664338],[-83.602186,32.741448]]]}},{"type":"Feature","properties":{"fips":"37017","name":"Bladen","state":"NC"},"geometry":{"type":"Polygon","coordinates":[[[-78.827397,34.850693],[-78.516123,34.845919],[-78.494705,34.856182],[-78.323538,34.665662],[-78.251973,34.561855],[-78.254441,34.553595],[-78.255468,34.508614],[-78.176501,34.465356],[-78.256085,34.399469],[-78.335084,34.367622],[-78.44532,34.3774],[-78.667588,34.469645],[-78.825861,34.461732],[-78.868961,34.484778],[-78.805719,34.688993],[-78.901998,34.835268],[-78.827397,34.850693]]]}},{"type":"Feature","properties":{"fips":"48503","name":"Young","state":"TX"},"geometry":{"type":"Polygon","coordinates":[[[-98.953938,33.397534],[-98.420666,33.396195],[-98.426553,33.007913],[-98.427211,32.9523],[-98.575616,32.954349],[-98.950875,32.956918],[-98.953938,33.397534]]]}},{"type":"Feature","properties":{"fips":"28111","name":"Perry","state":"MS"},"geometry":{"type":"Polygon","coordinates":[[[-89.146092,31.434052],[-88.943468,31.433458],[-88.841707,31.433703],[-88.84095,31.021654],[-88.834339,30.997983],[-88.834475,30.910323],[-88.885038,30.910788],[-89.137967,30.909877],[-89.146176,31.000447],[-89.146092,31.434052]]]}},{"type":"Feature","properties":{"fips":"13055","name":"Chattooga","state":"GA"},"geometry":{"type":"Polygon","coordinates":[[[-85.526894818161,34.5886856927335],[-85.360395,34.582012],[-85.107748,34.587483],[-85.180548,34.435996],[-85.334881,34.369748],[-85.387351,34.286097],[-85.4631408247758,34.2861909885055],[-85.502471,34.474526],[-85.5130442292733,34.5239464713237],[-85.526894818161,34.5886856927335]]]}},{"type":"Feature","properties":{"fips":"48235","name":"Irion","state":"TX"},"geometry":{"type":"Polygon","coordinates":[[[-101.267947,31.528688],[-100.693065,31.523954],[-100.688764,31.086576],[-100.962176,31.08249],[-101.274799,31.079379],[-101.267947,31.528688]]]}},{"type":"Feature","properties":{"fips":"40115","name":"Ottawa","state":"OK"},"geometry":{"type":"Polygon","coordinates":[[[-95.0076200044721,36.9995225591258],[-94.995293,36.999529],[-94.71277,36.998794],[-94.617964,36.998905],[-94.618307,36.76656],[-94.6179917784172,36.6679212723442],[-94.999403,36.670631],[-94.999151,36.943101],[-95.034008,36.994259],[-95.0076200044721,36.9995225591258]]]}},{"type":"Feature","properties":{"fips":"12049","name":"Hardee","state":"FL"},"geometry":{"type":"Polygon","coordinates":[[[-82.054349,27.646382],[-81.563533,27.646645],[-81.564062,27.340641],[-82.055753,27.338264],[-82.054349,27.646382]]]}},{"type":"Feature","properties":{"fips":"48023","name":"Baylor","state":"TX"},"geometry":{"type":"Polygon","coordinates":[[[-99.47565,33.834005],[-98.953202,33.834025],[-98.953938,33.397534],[-99.472444,33.399023],[-99.474498,33.733849],[-99.47565,33.834005]]]}},{"type":"Feature","properties":{"fips":"13129","name":"Gordon","state":"GA"},"geometry":{"type":"Polygon","coordinates":[[[-85.069159,34.587184],[-85.050446,34.622482],[-84.926119,34.616164],[-84.913456,34.634128],[-84.863793,34.608597],[-84.715692,34.622876],[-84.654523,34.583187],[-84.654056,34.548951],[-84.644432,34.455789],[-84.653232,34.41259],[-84.988793,34.384578],[-85.005775,34.392446],[-85.104811,34.404608],[-85.069159,34.587184]]]}},{"type":"Feature","properties":{"fips":"48311","name":"McMullen","state":"TX"},"geometry":{"type":"Polygon","coordinates":[[[-98.800848,28.647306],[-98.335047,28.648275],[-98.335031,28.612658],[-98.334323,28.0578],[-98.803325,28.05748],[-98.800848,28.647306]]]}},{"type":"Feature","properties":{"fips":"01107","name":"Pickens","state":"AL"},"geometry":{"type":"Polygon","coordinates":[[[-88.317135,33.184123],[-88.3044428135104,33.28832],[-88.2745163342439,33.534002598714],[-87.946519,33.524065],[-87.840683,33.524839],[-87.837521,33.153637],[-87.968348,33.078235],[-88.149395,33.037298],[-88.171852,32.99586],[-88.3400849921393,32.991264337875],[-88.317135,33.184123]]]}},{"type":"Feature","properties":{"fips":"47139","name":"Polk","state":"TN"},"geometry":{"type":"Polygon","coordinates":[[[-84.7758376712973,34.9879372061493],[-84.699937,35.170974],[-84.703607,35.241043],[-84.667398,35.268041],[-84.495529,35.285472],[-84.356923,35.233676],[-84.325722,35.219377],[-84.2865983787409,35.2057582184959],[-84.321869,34.988408],[-84.509052,34.988033],[-84.621483,34.988329],[-84.727434,34.98802],[-84.7758376712973,34.9879372061493]]]}},{"type":"Feature","properties":{"fips":"13125","name":"Glascock","state":"GA"},"geometry":{"type":"Polygon","coordinates":[[[-82.755846,33.25344],[-82.559753,33.32727],[-82.431957,33.27483],[-82.584942,33.171453],[-82.578816,33.11984],[-82.661917,33.126331],[-82.739483,33.174368],[-82.748311,33.238348],[-82.755846,33.25344]]]}},{"type":"Feature","properties":{"fips":"40073","name":"Kingfisher","state":"OK"},"geometry":{"type":"Polygon","coordinates":[[[-98.210405,36.164889],[-98.103904,36.164877],[-97.675617,36.164663],[-97.674391,35.861013],[-97.674026,35.72597],[-97.834102,35.725899],[-98.207104,35.725187],[-98.210405,36.164889]]]}},{"type":"Feature","properties":{"fips":"48385","name":"Real","state":"TX"},"geometry":{"type":"Polygon","coordinates":[[[-100.013291,29.794339],[-99.967626,30.082356],[-99.757621,30.074132],[-99.689879,30.073948],[-99.691215,29.908582],[-99.602776,29.907679],[-99.60313,29.627181],[-100.014188,29.623495],[-100.013291,29.794339]]]}},{"type":"Feature","properties":{"fips":"48081","name":"Coke","state":"TX"},"geometry":{"type":"Polygon","coordinates":[[[-100.821594,32.08661],[-100.665353,32.085407],[-100.271675,32.081432],[-100.235137,32.082372],[-100.235761,31.69297],[-100.82537,31.696155],[-100.821594,32.08661]]]}},{"type":"Feature","properties":{"fips":"47017","name":"Carroll","state":"TN"},"geometry":{"type":"Polygon","coordinates":[[[-88.692709,36.062746],[-88.655488,36.117338],[-88.532233,36.115416],[-88.530322,36.152023],[-88.211698,36.145974],[-88.212559,36.12029],[-88.214442,35.982752],[-88.217436,35.846582],[-88.177859,35.845841],[-88.179177,35.816785],[-88.56955,35.824451],[-88.606862,35.789354],[-88.706811,35.791075],[-88.692709,36.062746]]]}},{"type":"Feature","properties":{"fips":"37169","name":"Stokes","state":"NC"},"geometry":{"type":"Polygon","coordinates":[[[-80.4403427430004,36.5506059569159],[-80.431605,36.550219],[-80.295243,36.543973],[-80.0534550433501,36.5426394280866],[-80.0273389151412,36.5424953856142],[-80.035119,36.257184],[-80.145349,36.258517],[-80.451925,36.261515],[-80.4403427430004,36.5506059569159]]]}},{"type":"Feature","properties":{"fips":"01109","name":"Pike","state":"AL"},"geometry":{"type":"Polygon","coordinates":[[[-86.191379,31.966453],[-85.995563,31.967554],[-85.996853,32.051049],[-85.946298,32.06189],[-85.893652,32.047351],[-85.88435,31.967253],[-85.790048,31.967254],[-85.791047,31.880357],[-85.657668,31.880275],[-85.665654,31.786237],[-85.735732,31.624493],[-85.748251,31.618048],[-85.789142,31.617964],[-86.145895,31.617741],[-86.179672,31.616414],[-86.147147,31.66315],[-86.148339,31.790951],[-86.199378,31.79045],[-86.191379,31.966453]]]}},{"type":"Feature","properties":{"fips":"28017","name":"Chickasaw","state":"MS"},"geometry":{"type":"Polygon","coordinates":[[[-89.19004,33.81171],[-89.137876,33.812144],[-89.139158,34.074116],[-88.824523,34.074948],[-88.718964,34.074521],[-88.719979,33.81133],[-88.931176,33.812374],[-88.931604,33.754312],[-89.034498,33.73943],[-89.191781,33.738602],[-89.19004,33.81171]]]}},{"type":"Feature","properties":{"fips":"48269","name":"King","state":"TX"},"geometry":{"type":"Polygon","coordinates":[[[-100.518691,33.83565],[-100.04848,33.835974],[-99.996434,33.835967],[-99.99098,33.397404],[-100.517449,33.397866],[-100.518691,33.83565]]]}},{"type":"Feature","properties":{"fips":"45021","name":"Cherokee","state":"SC"},"geometry":{"type":"Polygon","coordinates":[[[-81.8744102050921,35.183520599502],[-81.7681344077739,35.1797077063839],[-81.494265,35.169882],[-81.3676041320777,35.1640921256134],[-81.408816,35.047077],[-81.487269,35.03472],[-81.492282,34.947194],[-81.457141,34.839248],[-81.481945,34.866495],[-81.714094,34.912865],[-81.755098,34.930323],[-81.775422,34.989501],[-81.807648,35.035624],[-81.8744102050921,35.183520599502]]]}},{"type":"Feature","properties":{"fips":"28151","name":"Washington","state":"MS"},"geometry":{"type":"Polygon","coordinates":[[[-91.2156615141091,33.5294098627481],[-90.763509,33.529389],[-90.763773,33.270359],[-90.716277,33.270032],[-90.680319,33.201971],[-90.679607,33.102483],[-90.701845,33.096294],[-90.862866,33.095106],[-90.914465,33.097417],[-90.914337,33.007697],[-90.965433,33.010545],[-91.1596060796211,33.0112423416025],[-91.120379,33.05453],[-91.180836,33.098364],[-91.153015,33.135093],[-91.104317,33.131598],[-91.084366,33.180856],[-91.068708,33.232936],[-91.086137,33.273652],[-91.125539,33.280255],[-91.142219,33.348989],[-91.113764,33.393124],[-91.147663,33.427172],[-91.171799,33.462342],[-91.189375,33.493005],[-91.2156615141091,33.5294098627481]]]}},{"type":"Feature","properties":{"fips":"01035","name":"Conecuh","state":"AL"},"geometry":{"type":"Polygon","coordinates":[[[-87.166581,31.519561],[-87.135051,31.642417],[-87.050472,31.718636],[-86.905899,31.753035],[-86.906769,31.632671],[-86.839386,31.525204],[-86.701554,31.523946],[-86.662082,31.402798],[-86.702446,31.345397],[-86.700282,31.192217],[-86.772519,31.202243],[-86.763961,31.261293],[-87.427455,31.260386],[-87.166581,31.519561]]]}},{"type":"Feature","properties":{"fips":"12125","name":"Union","state":"FL"},"geometry":{"type":"Polygon","coordinates":[[[-82.575991,29.990857],[-82.458364,30.136449],[-82.142578,30.143117],[-82.14734,30.109985],[-82.259971,30.02809],[-82.306677,29.956612],[-82.418728,29.923093],[-82.510819,29.945234],[-82.529705,29.940881],[-82.575991,29.990857]]]}},{"type":"Feature","properties":{"fips":"21081","name":"Grant","state":"KY"},"geometry":{"type":"Polygon","coordinates":[[[-84.780766,38.765208],[-84.660107,38.777293],[-84.615664,38.802277],[-84.532288,38.791937],[-84.476299,38.542723],[-84.485295,38.508552],[-84.557375,38.492917],[-84.580539,38.473039],[-84.774322,38.618594],[-84.785788,38.720459],[-84.780766,38.765208]]]}},{"type":"Feature","properties":{"fips":"45089","name":"Williamsburg","state":"SC"},"geometry":{"type":"Polygon","coordinates":[[[-79.974382,33.72159],[-79.995638,33.767906],[-79.915305,33.818648],[-79.87562,33.885245],[-79.834881,33.882601],[-79.79837,33.835562],[-79.743388,33.835056],[-79.724936,33.814552],[-79.687973,33.804914],[-79.677327,33.814694],[-79.635808,33.818038],[-79.496466,33.775372],[-79.324317,33.799123],[-79.317041,33.779878],[-79.409332,33.68889],[-79.435733,33.572702],[-79.53808,33.496896],[-79.677385,33.336413],[-79.677014,33.304944],[-79.971062,33.500743],[-80.101697,33.496891],[-79.974382,33.72159]]]}},{"type":"Feature","properties":{"fips":"13209","name":"Montgomery","state":"GA"},"geometry":{"type":"Polygon","coordinates":[[[-82.649298,32.311132],[-82.40913,32.353738],[-82.438987,32.29318],[-82.483131,31.968961],[-82.480224,31.954961],[-82.543655,31.958914],[-82.597671,32.013979],[-82.644309,32.294193],[-82.655486,32.297561],[-82.649298,32.311132]]]}},{"type":"Feature","properties":{"fips":"13101","name":"Echols","state":"GA"},"geometry":{"type":"Polygon","coordinates":[[[-83.1366188582036,30.6238859448931],[-83.124865,30.803655],[-83.088082,30.848658],[-83.019419,30.849453],[-82.971336,30.869392],[-82.846353,30.834988],[-82.766159,30.732404],[-82.581202,30.696237],[-82.5840051864195,30.5916365790876],[-82.6895297984728,30.5978892906418],[-82.877311,30.609016],[-83.131431,30.623575],[-83.1366188582036,30.6238859448931]]]}},{"type":"Feature","properties":{"fips":"21191","name":"Pendleton","state":"KY"},"geometry":{"type":"Polygon","coordinates":[[[-84.532288,38.791937],[-84.418176,38.80662],[-84.387389,38.812323],[-84.2323050454035,38.8747078960317],[-84.233265,38.842671],[-84.226155212983,38.8297636689604],[-84.195573,38.590435],[-84.205346,38.582039],[-84.400321,38.560603],[-84.448556,38.529422],[-84.476299,38.542723],[-84.532288,38.791937]]]}},{"type":"Feature","properties":{"fips":"24047","name":"Worcester","state":"MD"},"geometry":{"type":"Polygon","coordinates":[[[-75.661827,38.041853],[-75.54087,38.08948],[-75.545898,38.17874],[-75.612764,38.278626],[-75.363582,38.291306],[-75.307011,38.35476],[-75.3412873203482,38.4524365259555],[-75.185455,38.451012],[-75.048939,38.451263],[-75.085518,38.32427],[-75.102947,38.311525],[-75.143229,38.220475],[-75.177394,38.130014],[-75.193796,38.096013],[-75.242266,38.027209],[-75.624341,37.994211],[-75.661827,38.041853]]]}},{"type":"Feature","properties":{"fips":"21099","name":"Hart","state":"KY"},"geometry":{"type":"Polygon","coordinates":[[[-86.064554,37.348613],[-86.019089,37.394537],[-86.047598,37.449933],[-85.892804,37.440308],[-85.657332,37.421996],[-85.697325,37.301838],[-85.686482,37.182427],[-85.744221,37.169813],[-85.906336,37.148377],[-86.056443,37.167208],[-86.049133,37.215285],[-86.157589,37.335649],[-86.064554,37.348613]]]}},{"type":"Feature","properties":{"fips":"40153","name":"Woodward","state":"OK"},"geometry":{"type":"Polygon","coordinates":[[[-99.605634,36.592754],[-99.295193,36.595031],[-99.295186,36.819566],[-99.250383,36.785015],[-99.139855,36.78304],[-98.959973,36.598991],[-98.960334,36.506914],[-98.955849,36.161577],[-99.382074,36.164301],[-99.596079,36.164061],[-99.605634,36.592754]]]}},{"type":"Feature","properties":{"fips":"48151","name":"Fisher","state":"TX"},"geometry":{"type":"Polygon","coordinates":[[[-100.65587,32.963469],[-100.519208,32.962926],[-100.144224,32.959978],[-100.146543,32.522793],[-100.660626,32.525312],[-100.65587,32.963469]]]}},{"type":"Feature","properties":{"fips":"48281","name":"Lampasas","state":"TX"},"geometry":{"type":"Polygon","coordinates":[[[-98.562732,31.230443],[-98.281557,31.401451],[-98.27107,31.416398],[-98.180006,31.463717],[-97.9071,31.069374],[-97.911689,31.035009],[-98.439711,31.029647],[-98.527504,31.091171],[-98.510341,31.155666],[-98.562732,31.230443]]]}},{"type":"Feature","properties":{"fips":"51580","name":"Covington","state":"VA"},"geometry":{"type":"Polygon","coordinates":[[[-79.987402,37.813585],[-79.967071,37.803405],[-79.980001,37.781063],[-79.97707,37.754353],[-80.008516,37.761109],[-79.987402,37.813585]]]}},{"type":"Feature","properties":{"fips":"47043","name":"Dickson","state":"TN"},"geometry":{"type":"Polygon","coordinates":[[[-87.566798,36.177857],[-87.523627,36.24889],[-87.513533,36.334713],[-87.303129,36.312442],[-87.286501,36.321933],[-87.153043,36.30535],[-87.193301,36.248969],[-87.149876,36.176878],[-87.182573,36.049726],[-87.190826,35.975884],[-87.204242,35.959186],[-87.53453,35.993074],[-87.552874,36.016237],[-87.566798,36.177857]]]}},{"type":"Feature","properties":{"fips":"13321","name":"Worth","state":"GA"},"geometry":{"type":"Polygon","coordinates":[[[-84.008445,31.801645],[-83.939437,31.847929],[-83.845481,31.831555],[-83.802723,31.803579],[-83.796846,31.622929],[-83.718774,31.622028],[-83.649384,31.567977],[-83.650507,31.49581],[-83.651764,31.433918],[-83.65409,31.330661],[-83.714134,31.318365],[-83.759086,31.332225],[-83.99943,31.334966],[-83.997796,31.443753],[-83.996246,31.625169],[-84.018404,31.650274],[-84.008445,31.801645]]]}},{"type":"Feature","properties":{"fips":"48373","name":"Polk","state":"TX"},"geometry":{"type":"Polygon","coordinates":[[[-95.20018,30.824566],[-94.939127,31.042048],[-94.842947,31.146578],[-94.738594,31.10369],[-94.573675,31.068432],[-94.561943,31.058952],[-94.657992,31.012007],[-94.545717,30.526977],[-94.537926,30.491059],[-94.732732,30.490066],[-94.777341,30.489002],[-94.849414,30.493553],[-94.829984,30.541112],[-94.965729,30.576586],[-95.054602,30.680173],[-95.135384,30.693816],[-95.131205,30.781703],[-95.20018,30.824566]]]}},{"type":"Feature","properties":{"fips":"24013","name":"Carroll","state":"MD"},"geometry":{"type":"Polygon","coordinates":[[[-77.2170237552374,39.7202172483854],[-76.9993180263332,39.7200676723526],[-76.991062,39.720062],[-76.7870971997576,39.7210481461113],[-76.89556,39.429487],[-76.882274,39.350185],[-76.969776,39.364028],[-76.992153,39.359806],[-77.10136,39.369323],[-77.16808,39.353957],[-77.147819,39.41811],[-77.134194,39.43169],[-77.106839,39.491661],[-77.200125,39.578588],[-77.311562,39.638749],[-77.2170237552374,39.7202172483854]]]}},{"type":"Feature","properties":{"fips":"37155","name":"Robeson","state":"NC"},"geometry":{"type":"Polygon","coordinates":[[[-79.4617910310013,34.6300306785915],[-79.331006,34.774418],[-79.347868,34.838553],[-79.191391,34.833717],[-79.166706,34.853007],[-79.038747,34.952715],[-78.940844,34.903368],[-78.901998,34.835268],[-78.805719,34.688993],[-78.868961,34.484778],[-78.959775,34.442982],[-79.0712436122253,34.2993039510346],[-79.0712542010482,34.2993130268419],[-79.1083782887823,34.3311325283704],[-79.358317,34.545358],[-79.4502772890434,34.6206089970087],[-79.4617910310013,34.6300306785915]]]}},{"type":"Feature","properties":{"fips":"13077","name":"Coweta","state":"GA"},"geometry":{"type":"Polygon","coordinates":[[[-85.015358,33.425506],[-84.935378,33.437421],[-84.851158,33.511058],[-84.672424,33.509775],[-84.624608,33.511276],[-84.609367,33.502582],[-84.618975,33.410029],[-84.528184,33.326942],[-84.497527,33.257422],[-84.502352,33.221055],[-84.85236,33.22359],[-84.862359,33.191173],[-84.862135,33.223858],[-84.939015,33.224693],[-84.958646,33.277053],[-85.015358,33.425506]]]}},{"type":"Feature","properties":{"fips":"21107","name":"Hopkins","state":"KY"},"geometry":{"type":"Polygon","coordinates":[[[-87.813413,37.350645],[-87.593575,37.461963],[-87.497112,37.487802],[-87.375145,37.569988],[-87.328543,37.398462],[-87.295965,37.391819],[-87.38703,37.273606],[-87.333741,37.157186],[-87.520116,37.105452],[-87.680617,37.149239],[-87.805029,37.241083],[-87.850706,37.321643],[-87.813413,37.350645]]]}},{"type":"Feature","properties":{"fips":"40087","name":"McClain","state":"OK"},"geometry":{"type":"Polygon","coordinates":[[[-97.671415,35.337465],[-97.556987,35.28844],[-97.54146,35.214165],[-97.407082,35.138144],[-97.354192,35.076656],[-97.333833,34.958948],[-97.142349,34.928176],[-97.01593,34.907348],[-96.930586,34.964364],[-96.932436,34.854496],[-97.668099,34.855164],[-97.670629,34.87296],[-97.671414,35.335946],[-97.671415,35.337465]]]}},{"type":"Feature","properties":{"fips":"48085","name":"Collin","state":"TX"},"geometry":{"type":"Polygon","coordinates":[[[-96.843776,33.011336],[-96.840428,33.15252],[-96.838803,33.219386],[-96.83411,33.405498],[-96.727251,33.402918],[-96.384602,33.397826],[-96.384495,33.341119],[-96.295413,33.351936],[-96.297227,32.981752],[-96.517011,32.982862],[-96.613367,32.984309],[-96.640872,32.984699],[-96.756464,32.986298],[-96.844122,32.987435],[-96.843776,33.011336]]]}},{"type":"Feature","properties":{"fips":"12091","name":"Okaloosa","state":"FL"},"geometry":{"type":"Polygon","coordinates":[[[-86.7856919760059,30.9969829935168],[-86.6882409642461,30.9962018900015],[-86.563494,30.995202],[-86.3886446620004,30.9945282152752],[-86.3973810669074,30.3774955636999],[-86.412076,30.380346],[-86.632953,30.396299],[-86.7995592762003,30.3845638782264],[-86.7856919760059,30.9969829935168]]]}},{"type":"Feature","properties":{"fips":"21153","name":"Magoffin","state":"KY"},"geometry":{"type":"Polygon","coordinates":[[[-83.269662,37.766012],[-83.113277,37.864121],[-83.129258,37.894438],[-83.004649,37.859247],[-82.950582,37.794734],[-82.940763,37.716338],[-82.879082,37.535395],[-82.92546,37.486525],[-82.948544,37.503167],[-83.01217,37.583474],[-83.089796,37.632167],[-83.134949,37.606812],[-83.248692,37.669616],[-83.262172,37.712657],[-83.269662,37.766012]]]}},{"type":"Feature","properties":{"fips":"24023","name":"Garrett","state":"MD"},"geometry":{"type":"Polygon","coordinates":[[[-79.484372,39.3443],[-79.482366,39.531689],[-79.476662,39.721078],[-79.3924584050224,39.7214393586401],[-79.045576,39.722928],[-78.9284161298889,39.7229985874409],[-79.066892,39.480623],[-79.0674474080724,39.4728086991282],[-79.091329,39.472407],[-79.166497,39.400888],[-79.2623921171761,39.3262438284674],[-79.283723,39.30964],[-79.35375,39.278039],[-79.424413,39.228171],[-79.486873,39.205961],[-79.484372,39.3443]]]}},{"type":"Feature","properties":{"fips":"48025","name":"Bee","state":"TX"},"geometry":{"type":"Polygon","coordinates":[[[-98.005252,28.690239],[-97.915106,28.719648],[-97.77853,28.668027],[-97.696572,28.541537],[-97.558496,28.514054],[-97.551369,28.450441],[-97.375579,28.388684],[-97.541071,28.164669],[-97.567622,28.129683],[-97.817716,28.176848],[-97.808774,28.183415],[-98.089764,28.662979],[-98.005252,28.690239]]]}},{"type":"Feature","properties":{"fips":"48125","name":"Dickens","state":"TX"},"geometry":{"type":"Polygon","coordinates":[[[-101.041158,33.833625],[-100.518691,33.83565],[-100.517449,33.397866],[-101.038788,33.397214],[-101.041158,33.833625]]]}},{"type":"Feature","properties":{"fips":"21161","name":"Mason","state":"KY"},"geometry":{"type":"Polygon","coordinates":[[[-83.991605,38.593701],[-83.9043750861048,38.7672838752678],[-83.852085,38.751433],[-83.834015,38.716008],[-83.78362,38.695641],[-83.77216,38.65815],[-83.7058575510284,38.6380366259831],[-83.679484,38.630036],[-83.6469615501443,38.6418337437309],[-83.624596,38.611425],[-83.641852,38.525381],[-83.85928,38.456348],[-83.930348,38.492278],[-83.970585,38.586843],[-83.991605,38.593701]]]}},{"type":"Feature","properties":{"fips":"54089","name":"Summers","state":"WV"},"geometry":{"type":"Polygon","coordinates":[[[-81.068774,37.639823],[-80.947017,37.715449],[-80.877729,37.685603],[-80.94511,37.819131],[-80.806256,37.868878],[-80.668228,37.762966],[-80.663348,37.731696],[-80.664322,37.708252],[-80.8573585701898,37.421128713999],[-80.8581481168198,37.4210069067215],[-80.866887,37.434589],[-81.09463,37.588658],[-81.068774,37.639823]]]}},{"type":"Feature","properties":{"fips":"48073","name":"Cherokee","state":"TX"},"geometry":{"type":"Polygon","coordinates":[[[-95.459908,32.135559],[-94.985272,32.137989],[-94.984768,31.846144],[-94.937532,31.845555],[-94.978128,31.793294],[-94.924219,31.579487],[-94.865857,31.526916],[-95.003345,31.42571],[-95.101382,31.469887],[-95.099966,31.518869],[-95.168509,31.583671],[-95.273203,31.592886],[-95.258859,31.609959],[-95.275849,31.657229],[-95.396531,31.765266],[-95.412908,31.835157],[-95.446747,31.843116],[-95.423832,31.932009],[-95.446449,31.998517],[-95.428512,32.084475],[-95.459908,32.135559]]]}},{"type":"Feature","properties":{"fips":"47109","name":"McNairy","state":"TN"},"geometry":{"type":"Polygon","coordinates":[[[-88.781768,35.247587],[-88.719761,35.24755],[-88.640934,35.361017],[-88.571763,35.382084],[-88.362572,35.380994],[-88.374926,35.304031],[-88.3804925115221,34.9957924082221],[-88.469877,34.996033],[-88.786612,34.995252],[-88.781768,35.247587]]]}},{"type":"Feature","properties":{"fips":"21003","name":"Allen","state":"KY"},"geometry":{"type":"Polygon","coordinates":[[[-86.418977,36.676274],[-86.405769,36.776187],[-86.201417,36.935315],[-86.16674,36.934015],[-86.106421,36.865064],[-86.066624,36.900308],[-86.069957,36.805783],[-85.97691,36.722722],[-85.950661,36.651023],[-85.975713174144,36.6286377186817],[-86.081944,36.633848],[-86.205565269856,36.6392468703288],[-86.4114961989664,36.6482404228482],[-86.418977,36.676274]]]}},{"type":"Feature","properties":{"fips":"21185","name":"Oldham","state":"KY"},"geometry":{"type":"Polygon","coordinates":[[[-85.621625,38.417089],[-85.587758,38.450495],[-85.498866,38.468242],[-85.474354,38.504074],[-85.433136,38.523914],[-85.432981047742,38.5241121702949],[-85.378743,38.518822],[-85.314006,38.492592],[-85.34608,38.45954],[-85.283082,38.358054],[-85.324453,38.310112],[-85.468206,38.285309],[-85.476253,38.289695],[-85.585272,38.339431],[-85.6344441449773,38.3783994475748],[-85.621625,38.417089]]]}},{"type":"Feature","properties":{"fips":"48295","name":"Lipscomb","state":"TX"},"geometry":{"type":"Polygon","coordinates":[[[-100.546145126097,36.4995051393038],[-100.311018,36.499688],[-100.003761993368,36.4997018487376],[-100.000406,36.499702],[-100.000399,36.055677],[-100.540221,36.056491],[-100.546724,36.056536],[-100.546145126097,36.4995051393038]]]}},{"type":"Feature","properties":{"fips":"40003","name":"Alfalfa","state":"OK"},"geometry":{"type":"Polygon","coordinates":[[[-98.5446619733489,36.9985242404006],[-98.354073,36.997961],[-98.3471487797447,36.9979692086496],[-98.1119851837458,36.9982479946353],[-98.109375,36.610551],[-98.104286,36.593578],[-98.104427,36.463105],[-98.533617,36.46323],[-98.5446619733489,36.9985242404006]]]}},{"type":"Feature","properties":{"fips":"37135","name":"Orange","state":"NC"},"geometry":{"type":"Polygon","coordinates":[[[-79.257952,36.243445],[-79.153997,36.241875],[-78.950597,36.23932],[-79.016305,35.86321],[-79.082036,35.860776],[-79.19546,35.871412],[-79.221534,35.875467],[-79.249538,35.87681],[-79.268243,35.909182],[-79.257952,36.243445]]]}},{"type":"Feature","properties":{"fips":"37123","name":"Montgomery","state":"NC"},"geometry":{"type":"Polygon","coordinates":[[[-80.182559,35.504151],[-80.066842,35.505661],[-79.767957,35.511484],[-79.70268,35.255907],[-79.614304,35.163679],[-79.851268,35.183855],[-80.075365,35.143081],[-80.098185,35.255173],[-80.051225,35.371537],[-80.108495,35.459451],[-80.182559,35.504151]]]}},{"type":"Feature","properties":{"fips":"21069","name":"Fleming","state":"KY"},"geometry":{"type":"Polygon","coordinates":[[[-83.930348,38.492278],[-83.85928,38.456348],[-83.641852,38.525381],[-83.581613,38.431258],[-83.452848,38.381799],[-83.50716,38.269447],[-83.564335,38.216606],[-83.635195,38.187525],[-83.646965,38.171313],[-83.715997,38.250109],[-83.72602,38.29298],[-83.848355,38.296949],[-83.839597,38.338368],[-83.916131,38.360152],[-83.980068,38.439448],[-83.930348,38.492278]]]}},{"type":"Feature","properties":{"fips":"21123","name":"Larue","state":"KY"},"geometry":{"type":"Polygon","coordinates":[[[-85.875807,37.543997],[-85.735949,37.654598],[-85.680488,37.732284],[-85.592088,37.693479],[-85.624195,37.540631],[-85.52129,37.554343],[-85.503001,37.54909],[-85.46625,37.465595],[-85.498842,37.482951],[-85.583497,37.469917],[-85.634193,37.471785],[-85.657332,37.421996],[-85.892804,37.440308],[-85.875807,37.543997]]]}},{"type":"Feature","properties":{"fips":"48177","name":"Gonzales","state":"TX"},"geometry":{"type":"Polygon","coordinates":[[[-97.840383,29.376791],[-97.633176,29.649863],[-97.597743,29.630718],[-97.317893,29.784658],[-97.131188,29.643762],[-97.142643,29.628101],[-97.204087,29.580613],[-97.240108,29.384488],[-97.613132,29.109765],[-97.728443,29.221748],[-97.858782,29.35289],[-97.840383,29.376791]]]}},{"type":"Feature","properties":{"fips":"48247","name":"Jim Hogg","state":"TX"},"geometry":{"type":"Polygon","coordinates":[[[-98.954669,27.269397],[-98.798087,27.268012],[-98.798323,27.354029],[-98.589537,27.358695],[-98.522293,27.343284],[-98.523284,27.26515],[-98.492943,27.235012],[-98.466542,27.054711],[-98.417883,27.055285],[-98.422616,26.783535],[-98.95423,26.785694],[-98.954669,27.269397]]]}},{"type":"Feature","properties":{"fips":"51147","name":"Prince Edward","state":"VA"},"geometry":{"type":"Polygon","coordinates":[[[-78.681573,37.248759],[-78.594483,37.344949],[-78.594436,37.397974],[-78.511491,37.329724],[-78.465089,37.339677],[-78.35275,37.301606],[-78.235039,37.368102],[-78.231234,37.29622],[-78.239354,37.120089],[-78.275167,37.103526],[-78.443644,37.079371],[-78.547128,37.150431],[-78.692432,37.203673],[-78.681573,37.248759]]]}},{"type":"Feature","properties":{"fips":"05027","name":"Columbia","state":"AR"},"geometry":{"type":"Polygon","coordinates":[[[-93.481748,33.260065],[-93.442029,33.258275],[-93.365644,33.444491],[-93.221349,33.440487],[-93.116328,33.452922],[-93.118951,33.380298],[-92.978483,33.377142],[-92.9887760560898,33.0172511697504],[-93.197402,33.017951],[-93.2386468140122,33.0180159427056],[-93.377134,33.018234],[-93.4905581209888,33.0186347572102],[-93.481748,33.260065]]]}},{"type":"Feature","properties":{"fips":"37021","name":"Buncombe","state":"NC"},"geometry":{"type":"Polygon","coordinates":[[[-82.883909,35.678235],[-82.805207,35.686067],[-82.513161,35.80338],[-82.408602,35.818178],[-82.361834,35.82107],[-82.275399,35.704438],[-82.291026,35.591322],[-82.169049,35.527811],[-82.233203,35.519402],[-82.265795,35.467818],[-82.332822,35.50022],[-82.368499,35.460616],[-82.570608,35.431045],[-82.673343,35.459453],[-82.745139,35.422967],[-82.798174,35.469805],[-82.77055,35.575932],[-82.84609,35.614309],[-82.883909,35.678235]]]}},{"type":"Feature","properties":{"fips":"05031","name":"Craighead","state":"AR"},"geometry":{"type":"Polygon","coordinates":[[[-91.032562,35.885028],[-90.872852,35.880872],[-90.851989,35.967879],[-90.387324,35.964691],[-90.368718,35.995812],[-90.2890769140827,35.9965128689775],[-90.286789,35.69991],[-91.037012,35.708419],[-91.032562,35.885028]]]}},{"type":"Feature","properties":{"fips":"05055","name":"Greene","state":"AR"},"geometry":{"type":"Polygon","coordinates":[[[-90.819211,36.080378],[-90.747519,36.149112],[-90.809812,36.14966],[-90.806676,36.267032],[-90.319581,36.259139],[-90.32096,36.200575],[-90.1891019136628,36.1989984552544],[-90.220425,36.184764],[-90.235585,36.139474],[-90.294492,36.112949],[-90.339343,36.047112],[-90.368718,35.995812],[-90.387324,35.964691],[-90.851989,35.967879],[-90.819211,36.080378]]]}},{"type":"Feature","properties":{"fips":"37129","name":"New Hanover","state":"NC"},"geometry":{"type":"Polygon","coordinates":[[[-78.029922,34.331768],[-77.822679,34.389026],[-77.7135131704588,34.2902471866868],[-77.764022,34.245641],[-77.829209,34.162618],[-77.8854550755211,34.038240984853],[-77.956605,34.234491],[-78.029922,34.331768]]]}},{"type":"Feature","properties":{"fips":"21189","name":"Owsley","state":"KY"},"geometry":{"type":"Polygon","coordinates":[[[-83.885262,37.517688],[-83.742984,37.494253],[-83.635706,37.540011],[-83.579186,37.506249],[-83.534281,37.417409],[-83.547628,37.334418],[-83.551777,37.287218],[-83.526907,37.258529],[-83.653303,37.358075],[-83.784975,37.348717],[-83.883953,37.477335],[-83.885262,37.517688]]]}},{"type":"Feature","properties":{"fips":"21219","name":"Todd","state":"KY"},"geometry":{"type":"Polygon","coordinates":[[[-87.259371,37.072401],[-87.250256,37.040557],[-87.053164,37.061019],[-87.0608263443929,36.6447708848516],[-87.1150035566884,36.6441420446512],[-87.3359790500808,36.6415771604931],[-87.259371,37.072401]]]}},{"type":"Feature","properties":{"fips":"21011","name":"Bath","state":"KY"},"geometry":{"type":"Polygon","coordinates":[[[-83.977924,38.192118],[-83.848355,38.296949],[-83.72602,38.29298],[-83.715997,38.250109],[-83.646965,38.171313],[-83.635195,38.187525],[-83.53442,38.094693],[-83.462805,38.070652],[-83.498846,38.05062],[-83.574989,38.058883],[-83.58053,38.011702],[-83.709507,38.009317],[-83.75943,37.998731],[-83.881353,38.136517],[-83.974602,38.15876],[-83.977924,38.192118]]]}},{"type":"Feature","properties":{"fips":"48137","name":"Edwards","state":"TX"},"geometry":{"type":"Polygon","coordinates":[[[-100.700393,30.288276],[-100.116461,30.290296],[-99.754142,30.290698],[-99.757621,30.074132],[-99.967626,30.082356],[-100.013291,29.794339],[-100.014188,29.623495],[-100.112098,29.623263],[-100.699932,29.623897],[-100.700393,30.288276]]]}},{"type":"Feature","properties":{"fips":"48145","name":"Falls","state":"TX"},"geometry":{"type":"Polygon","coordinates":[[[-97.278113,31.279799],[-96.801123,31.522269],[-96.596862,31.2209],[-96.830497,31.10522],[-96.849079,31.100471],[-97.070057,30.986031],[-97.278113,31.279799]]]}},{"type":"Feature","properties":{"fips":"21035","name":"Calloway","state":"KY"},"geometry":{"type":"Polygon","coordinates":[[[-88.485697,36.750328],[-88.110831,36.74715],[-88.080126,36.706739],[-88.070532,36.678118],[-88.055738,36.630475],[-88.033802,36.551733],[-88.050466,36.500053],[-88.0533508007759,36.4999962506816],[-88.127378,36.49854],[-88.4890767387132,36.5012837190757],[-88.485697,36.750328]]]}},{"type":"Feature","properties":{"fips":"45009","name":"Bamberg","state":"SC"},"geometry":{"type":"Polygon","coordinates":[[[-81.222673,33.44],[-80.940103,33.30356],[-80.887109,33.264183],[-80.846151,33.238328],[-80.797912,33.176944],[-80.895426,33.125348],[-80.896074,33.06141],[-80.937157,33.102584],[-81.082291,33.02663],[-81.099895,33.048302],[-81.193099,33.118668],[-81.227804,33.160697],[-81.222673,33.44]]]}},{"type":"Feature","properties":{"fips":"48019","name":"Bandera","state":"TX"},"geometry":{"type":"Polygon","coordinates":[[[-99.602776,29.907679],[-99.176988,29.895063],[-98.917725,29.781398],[-98.778782,29.720167],[-98.806552,29.690709],[-98.927161,29.56225],[-98.971383,29.551842],[-98.983787,29.62345],[-99.411817,29.627514],[-99.60313,29.627181],[-99.602776,29.907679]]]}},{"type":"Feature","properties":{"fips":"45037","name":"Edgefield","state":"SC"},"geometry":{"type":"Polygon","coordinates":[[[-82.113728,33.82988],[-82.155595,33.928917],[-82.046974,33.95321],[-82.008298,33.961646],[-81.894595,33.975415],[-81.836803,33.866501],[-81.651759,33.81451],[-82.016581923059,33.5290907977257],[-82.028238,33.544934],[-82.10624,33.595637],[-82.1146464844333,33.5979030721672],[-82.095527,33.633869],[-82.182987,33.724113],[-82.113728,33.82988]]]}},{"type":"Feature","properties":{"fips":"51760","name":"Richmond","state":"VA"},"geometry":{"type":"Polygon","coordinates":[[[-77.595462,37.55575],[-77.529827,37.559225],[-77.511812,37.581751],[-77.437616,37.598685],[-77.385513,37.535172],[-77.420737,37.447524],[-77.507432,37.467645],[-77.528468,37.525476],[-77.596849,37.534652],[-77.595462,37.55575]]]}},{"type":"Feature","properties":{"fips":"51540","name":"Charlottesville","state":"VA"},"geometry":{"type":"Polygon","coordinates":[[[-78.495034,38.065337],[-78.46613,38.0457],[-78.447968,38.05741],[-78.468884,38.013418],[-78.519333,38.010678],[-78.495034,38.065337]]]}},{"type":"Feature","properties":{"fips":"48047","name":"Brooks","state":"TX"},"geometry":{"type":"Polygon","coordinates":[[[-98.523284,27.26515],[-98.232464,27.262487],[-98.058078,27.260981],[-97.986076,27.260494],[-97.985887,27.209308],[-97.985494,26.780917],[-98.32067,26.783081],[-98.422616,26.783535],[-98.417883,27.055285],[-98.466542,27.054711],[-98.492943,27.235012],[-98.523284,27.26515]]]}},{"type":"Feature","properties":{"fips":"45071","name":"Newberry","state":"SC"},"geometry":{"type":"Polygon","coordinates":[[[-81.945019,34.203148],[-81.895331,34.300497],[-81.782627,34.365089],[-81.643552,34.533652],[-81.541005,34.445034],[-81.423241,34.494379],[-81.342297,34.266928],[-81.316911,34.239458],[-81.338961,34.197587],[-81.437172,34.129963],[-81.394124,34.071488],[-81.471972,34.076552],[-81.538899,34.081744],[-81.731614,34.187613],[-81.860571,34.179373],[-81.870084,34.135357],[-81.897154,34.146307],[-81.945019,34.203148]]]}},{"type":"Feature","properties":{"fips":"51093","name":"Isle of Wight","state":"VA"},"geometry":{"type":"Polygon","coordinates":[[[-76.924629,36.707729],[-76.817737,36.882057],[-76.849684,36.996211],[-76.698255,37.05914],[-76.641581,37.153827],[-76.645821,37.125155],[-76.445301,36.941891],[-76.53352,36.915563],[-76.897592,36.64405],[-76.909672,36.648175],[-76.917742,36.662368],[-76.912015,36.672717],[-76.92518,36.683342],[-76.912221,36.698408],[-76.925691,36.698329],[-76.924629,36.707729]]]}},{"type":"Feature","properties":{"fips":"51115","name":"Mathews","state":"VA"},"geometry":{"type":"Polygon","coordinates":[[[-76.437561,37.51436],[-76.404118,37.535542],[-76.2894927971781,37.5360752880088],[-76.273488,37.495321],[-76.250454,37.421886],[-76.24846,37.375135],[-76.275552,37.309964],[-76.366751,37.374495],[-76.393958,37.39594],[-76.4029458753529,37.3926000017912],[-76.447944,37.420064],[-76.437561,37.51436]]]}},{"type":"Feature","properties":{"fips":"37151","name":"Randolph","state":"NC"},"geometry":{"type":"Polygon","coordinates":[[[-80.046869,35.920693],[-79.972282,35.91768],[-79.541728,35.899851],[-79.542428,35.843303],[-79.555804,35.515039],[-79.767957,35.511484],[-80.066842,35.505661],[-80.046869,35.920693]]]}},{"type":"Feature","properties":{"fips":"37181","name":"Vance","state":"NC"},"geometry":{"type":"Polygon","coordinates":[[[-78.510384,36.376016],[-78.497783,36.514477],[-78.4572778962559,36.5414487083995],[-78.323718509559,36.5424213915586],[-78.277165,36.306132],[-78.306965,36.266191],[-78.37814,36.235065],[-78.42188,36.164309],[-78.496614,36.175199],[-78.508395,36.188961],[-78.50921,36.265694],[-78.510384,36.376016]]]}},{"type":"Feature","properties":{"fips":"48075","name":"Childress","state":"TX"},"geometry":{"type":"Polygon","coordinates":[[[-100.415895,34.747525],[-100.000382194816,34.7463605525616],[-100.000381,34.560509],[-99.997629328163,34.5611366245601],[-99.99772,34.311829],[-100.417783,34.313524],[-100.415895,34.747525]]]}},{"type":"Feature","properties":{"fips":"48143","name":"Erath","state":"TX"},"geometry":{"type":"Polygon","coordinates":[[[-98.474685,32.299084],[-98.475177,32.513039],[-98.068545,32.511626],[-97.945625,32.233468],[-97.864864,32.087328],[-98.005462,32.017897],[-98.208386,31.917511],[-98.251211,31.980127],[-98.327499,31.941261],[-98.551158,32.261436],[-98.474685,32.299084]]]}},{"type":"Feature","properties":{"fips":"48101","name":"Cottle","state":"TX"},"geometry":{"type":"Polygon","coordinates":[[[-100.51734,34.314102],[-100.417783,34.313524],[-99.99772,34.311829],[-99.997621,34.224355],[-100.037319,34.238778],[-100.047028,34.22978],[-100.04848,33.835974],[-100.518691,33.83565],[-100.51734,34.314102]]]}},{"type":"Feature","properties":{"fips":"47159","name":"Smith","state":"TN"},"geometry":{"type":"Polygon","coordinates":[[[-86.136803,36.295859],[-86.0809,36.355367],[-85.977143,36.405076],[-85.978893,36.426073],[-85.895719,36.420556],[-85.828026,36.411836],[-85.82766,36.255272],[-85.780148,36.238011],[-85.809168,36.206598],[-85.807415,36.131582],[-85.864024,36.093809],[-85.910118,36.116925],[-86.059706,36.086024],[-86.115607,36.268886],[-86.136803,36.295859]]]}},{"type":"Feature","properties":{"fips":"48191","name":"Hall","state":"TX"},"geometry":{"type":"Polygon","coordinates":[[[-100.944939,34.748281],[-100.540703,34.747723],[-100.415895,34.747525],[-100.417783,34.313524],[-100.51734,34.314102],[-100.946132,34.312759],[-100.944939,34.748281]]]}},{"type":"Feature","properties":{"fips":"05061","name":"Howard","state":"AR"},"geometry":{"type":"Polygon","coordinates":[[[-94.254662,34.355792],[-93.935435,34.350233],[-93.925834,34.186517],[-93.820722,34.183802],[-93.823076,34.008893],[-93.831577,33.748236],[-93.956951,33.750927],[-93.95891,33.751058],[-93.964656,33.796154],[-94.048874,33.882187],[-94.070238,33.927078],[-94.058028,33.9637],[-94.095263,34.078086],[-94.090003,34.186973],[-94.243788,34.1925],[-94.254662,34.355792]]]}},{"type":"Feature","properties":{"fips":"51600","name":"Fairfax","state":"VA"},"geometry":{"type":"Polygon","coordinates":[[[-77.329346,38.864105],[-77.270597,38.866075],[-77.27052,38.840902],[-77.318689,38.834651],[-77.335052,38.852669],[-77.329346,38.864105]]]}},{"type":"Feature","properties":{"fips":"37109","name":"Lincoln","state":"NC"},"geometry":{"type":"Polygon","coordinates":[[[-81.535403,35.568137],[-80.960025,35.54702],[-80.939685,35.529529],[-80.947344,35.488473],[-80.94238,35.455147],[-80.95486,35.400078],[-81.4556,35.419811],[-81.515215,35.558039],[-81.537599,35.564228],[-81.535403,35.568137]]]}},{"type":"Feature","properties":{"fips":"05105","name":"Perry","state":"AR"},"geometry":{"type":"Polygon","coordinates":[[[-93.305682,34.875463],[-93.040561,35.07688],[-92.62995,35.076032],[-92.554443,35.113418],[-92.598498,34.994844],[-92.544203,34.952897],[-92.649646,34.910173],[-92.753891,34.911579],[-92.739732,34.853599],[-93.074011,34.858199],[-93.075178,34.771892],[-93.287785,34.773242],[-93.305682,34.875463]]]}},{"type":"Feature","properties":{"fips":"48049","name":"Brown","state":"TX"},"geometry":{"type":"Polygon","coordinates":[[[-99.195871,32.079235],[-99.118665,32.079585],[-98.924401,32.078018],[-98.668441,31.700514],[-98.760057,31.687896],[-98.779951,31.610735],[-98.991608,31.484071],[-99.041741,31.490302],[-99.090622,31.460927],[-99.098794,31.44847],[-99.202768,31.467234],[-99.195871,32.079235]]]}},{"type":"Feature","properties":{"fips":"40039","name":"Custer","state":"OK"},"geometry":{"type":"Polygon","coordinates":[[[-99.375817,35.812188],[-98.631985,35.812402],[-98.632196,35.565627],[-98.623244,35.551522],[-98.623336,35.464225],[-99.364217,35.465328],[-99.364141,35.508793],[-99.377052,35.551741],[-99.375817,35.812188]]]}},{"type":"Feature","properties":{"fips":"13011","name":"Banks","state":"GA"},"geometry":{"type":"Polygon","coordinates":[[[-83.669432,34.366027],[-83.615218,34.431712],[-83.537538,34.491725],[-83.45843,34.483933],[-83.398049,34.460998],[-83.393915,34.324801],[-83.337942,34.260567],[-83.355269,34.22374],[-83.402428,34.197499],[-83.479238,34.26071],[-83.561521,34.252712],[-83.620267,34.295819],[-83.669432,34.366027]]]}},{"type":"Feature","properties":{"fips":"01045","name":"Dale","state":"AL"},"geometry":{"type":"Polygon","coordinates":[[[-85.789142,31.617964],[-85.748251,31.618048],[-85.467038,31.620566],[-85.416437,31.619466],[-85.417434,31.314973],[-85.485854,31.246096],[-85.666121,31.267316],[-85.710333,31.195173],[-85.791402,31.196349],[-85.789142,31.617964]]]}},{"type":"Feature","properties":{"fips":"48367","name":"Parker","state":"TX"},"geometry":{"type":"Polygon","coordinates":[[[-98.064369,32.637236],[-98.056094,33.003332],[-97.921642,33.001284],[-97.544181,32.994177],[-97.548201,32.776114],[-97.550582,32.555391],[-97.617005,32.555484],[-98.066836,32.558822],[-98.064369,32.637236]]]}},{"type":"Feature","properties":{"fips":"48083","name":"Coleman","state":"TX"},"geometry":{"type":"Polygon","coordinates":[[[-99.713971,32.082089],[-99.631413,32.081274],[-99.195871,32.079235],[-99.202768,31.467234],[-99.314875,31.409875],[-99.402284,31.446198],[-99.511477,31.424401],[-99.60185,31.49195],[-99.62492,31.467442],[-99.721698,31.576759],[-99.713971,32.082089]]]}},{"type":"Feature","properties":{"fips":"13187","name":"Lumpkin","state":"GA"},"geometry":{"type":"Polygon","coordinates":[[[-84.188557,34.602692],[-84.158035,34.648243],[-84.036276,34.642087],[-83.982612,34.71589],[-83.856506,34.722191],[-83.876152,34.620518],[-83.843405,34.505494],[-83.931886,34.469345],[-83.935093,34.449003],[-83.980649,34.418389],[-84.102037,34.464544],[-84.19104,34.539181],[-84.188557,34.602692]]]}},{"type":"Feature","properties":{"fips":"48469","name":"Victoria","state":"TX"},"geometry":{"type":"Polygon","coordinates":[[[-97.305916,28.864037],[-96.976378,29.104046],[-96.938587,29.063244],[-96.832103,29.021299],[-96.792133,28.918803],[-96.711514,28.851411],[-96.69933,28.778643],[-96.643442,28.712105],[-96.659864,28.701671],[-96.665707,28.705705],[-96.722814,28.669759],[-96.853757,28.635199],[-96.930367,28.586728],[-96.890951,28.507178],[-96.915284,28.485797],[-97.048529,28.549976],[-97.160751,28.553475],[-97.182359,28.610602],[-97.158933,28.776156],[-97.202759,28.853849],[-97.305916,28.864037]]]}},{"type":"Feature","properties":{"fips":"13231","name":"Pike","state":"GA"},"geometry":{"type":"Polygon","coordinates":[[[-84.536991,33.03673],[-84.496783,33.183866],[-84.451336,33.208889],[-84.248185,33.189019],[-84.248659,33.03933],[-84.269169,33.031438],[-84.27014,32.991011],[-84.489708,32.993729],[-84.505457,32.972853],[-84.52702,32.970548],[-84.536991,33.03673]]]}},{"type":"Feature","properties":{"fips":"13319","name":"Wilkinson","state":"GA"},"geometry":{"type":"Polygon","coordinates":[[[-83.357685,32.926141],[-83.133847,33.007248],[-83.073648,32.946562],[-83.027036,32.856133],[-82.974265,32.839236],[-82.955364,32.756461],[-82.946966,32.759358],[-82.957066,32.708318],[-83.226536,32.584201],[-83.40699,32.89822],[-83.357685,32.926141]]]}},{"type":"Feature","properties":{"fips":"13165","name":"Jenkins","state":"GA"},"geometry":{"type":"Polygon","coordinates":[[[-82.144977,32.812741],[-82.081349,32.916762],[-81.857985,32.953882],[-81.767553,32.909411],[-81.868663,32.673127],[-81.841005,32.649093],[-82.001236,32.60691],[-82.082871,32.663324],[-82.144977,32.812741]]]}},{"type":"Feature","properties":{"fips":"48243","name":"Jeff Davis","state":"TX"},"geometry":{"type":"Polygon","coordinates":[[[-104.917163,30.663626],[-104.102351,31.105203],[-103.585084,30.76647],[-103.439976,30.665939],[-103.80068,30.412527],[-103.90101,30.41219],[-104.980753891325,30.6288120187883],[-104.917163,30.663626]]]}},{"type":"Feature","properties":{"fips":"13257","name":"Stephens","state":"GA"},"geometry":{"type":"Polygon","coordinates":[[[-83.45843,34.483933],[-83.365044,34.675308],[-83.3400391067846,34.6863277104121],[-83.33869,34.682002],[-83.27796,34.644853],[-83.221402,34.609947],[-83.154577,34.588198],[-83.1028738260357,34.5374309097654],[-83.177838,34.477017],[-83.398049,34.460998],[-83.45843,34.483933]]]}},{"type":"Feature","properties":{"fips":"21085","name":"Grayson","state":"KY"},"geometry":{"type":"Polygon","coordinates":[[[-86.66489,37.556649],[-86.59281,37.56436],[-86.511631,37.622924],[-86.409744,37.566514],[-86.27527,37.593519],[-86.114095,37.567131],[-86.047598,37.449933],[-86.019089,37.394537],[-86.064554,37.348613],[-86.157589,37.335649],[-86.187534,37.340796],[-86.469126,37.321099],[-86.487152,37.362501],[-86.612095,37.395123],[-86.66489,37.556649]]]}},{"type":"Feature","properties":{"fips":"05025","name":"Cleveland","state":"AR"},"geometry":{"type":"Polygon","coordinates":[[[-92.471609,34.057098],[-92.336695,34.059477],[-92.233303,34.062367],[-91.953677,34.064163],[-91.976439,33.977297],[-91.975866,33.791726],[-91.97588,33.704417],[-92.330918,33.707745],[-92.341936,33.742983],[-92.334249,33.795065],[-92.400485,33.913161],[-92.475646,33.972706],[-92.471609,34.057098]]]}},{"type":"Feature","properties":{"fips":"05121","name":"Randolph","state":"AR"},"geometry":{"type":"Polygon","coordinates":[[[-91.404915,36.49712],[-91.1265376607175,36.4977977039745],[-91.017974,36.498062],[-90.784029207405,36.4984625681699],[-90.748637,36.412764],[-90.749933,36.280211],[-90.806676,36.267032],[-90.809812,36.14966],[-91.054853,36.151517],[-91.07301,36.114895],[-91.082822,36.150734],[-91.25892,36.25788],[-91.274863,36.374583],[-91.4068712895641,36.4971382315405],[-91.404915,36.49712]]]}},{"type":"Feature","properties":{"fips":"37003","name":"Alexander","state":"NC"},"geometry":{"type":"Polygon","coordinates":[[[-81.343993,35.824163],[-81.328324,35.996583],[-81.263596,36.025818],[-81.028833,36.045652],[-81.005541,35.958287],[-81.041339,35.857855],[-81.109507,35.776594],[-81.143053,35.827887],[-81.334272,35.796281],[-81.343993,35.824163]]]}},{"type":"Feature","properties":{"fips":"13301","name":"Warren","state":"GA"},"geometry":{"type":"Polygon","coordinates":[[[-82.866605,33.466599],[-82.815315,33.521137],[-82.751275,33.510143],[-82.679975,33.599792],[-82.649705,33.608768],[-82.548068,33.352783],[-82.383829,33.312106],[-82.431957,33.27483],[-82.559753,33.32727],[-82.755846,33.25344],[-82.824105,33.427627],[-82.851954,33.443543],[-82.866605,33.466599]]]}},{"type":"Feature","properties":{"fips":"37011","name":"Avery","state":"NC"},"geometry":{"type":"Polygon","coordinates":[[[-82.080143,36.10572],[-82.02874,36.124322],[-81.960101,36.228131],[-81.9343692444926,36.2647162043798],[-81.9184444729048,36.2873579173821],[-81.909008,36.216392],[-81.82923,36.168791],[-81.810516,36.111511],[-81.735673,36.067584],[-81.807162,35.961955],[-81.899871,35.999909],[-81.943188,35.96005],[-81.981954,35.911361],[-82.034104,35.942057],[-82.0811489171324,36.1056921143326],[-82.080143,36.10572]]]}},{"type":"Feature","properties":{"fips":"48305","name":"Lynn","state":"TX"},"geometry":{"type":"Polygon","coordinates":[[[-102.075929,33.389586],[-101.556884,33.39476],[-101.557434,32.961025],[-101.691284,32.961838],[-102.076214,32.959702],[-102.075929,33.389586]]]}},{"type":"Feature","properties":{"fips":"48353","name":"Nolan","state":"TX"},"geometry":{"type":"Polygon","coordinates":[[[-100.660626,32.525312],[-100.146543,32.522793],[-100.151911,32.082638],[-100.235137,32.082372],[-100.271675,32.081432],[-100.665353,32.085407],[-100.660626,32.525312]]]}},{"type":"Feature","properties":{"fips":"48485","name":"Wichita","state":"TX"},"geometry":{"type":"Polygon","coordinates":[[[-98.9523248875282,34.2046698986035],[-98.94022,34.203686],[-98.872229,34.160446],[-98.80681,34.155901],[-98.737232,34.130992],[-98.690072,34.133155],[-98.648073,34.164441],[-98.6102002179226,34.1561768671247],[-98.577136,34.148962],[-98.5282,34.094961],[-98.475066,34.064269],[-98.423533,34.0819494760059],[-98.423577,33.836047],[-98.953202,33.834025],[-98.9523248875282,34.2046698986035]]]}},{"type":"Feature","properties":{"fips":"48319","name":"Mason","state":"TX"},"geometry":{"type":"Polygon","coordinates":[[[-99.484755,30.940605],[-99.092317,30.941002],[-99.091886,30.921966],[-98.964612,30.921368],[-98.964232,30.498482],[-99.303996,30.499832],[-99.484493,30.499641],[-99.483869,30.710771],[-99.484755,30.940605]]]}},{"type":"Feature","properties":{"fips":"48433","name":"Stonewall","state":"TX"},"geometry":{"type":"Polygon","coordinates":[[[-100.517449,33.397866],[-99.99098,33.397404],[-99.988827,32.960121],[-100.144224,32.959978],[-100.519208,32.962926],[-100.517449,33.397866]]]}},{"type":"Feature","properties":{"fips":"40083","name":"Logan","state":"OK"},"geometry":{"type":"Polygon","coordinates":[[[-97.675617,36.164663],[-97.460792,36.164462],[-97.371722,36.164285],[-97.354132,36.159072],[-97.35387,35.984934],[-97.32362,36.010877],[-97.203592,35.944795],[-97.140583,35.941991],[-97.141066,35.724401],[-97.674026,35.72597],[-97.674391,35.861013],[-97.675617,36.164663]]]}},{"type":"Feature","properties":{"fips":"48183","name":"Gregg","state":"TX"},"geometry":{"type":"Polygon","coordinates":[[[-94.986935,32.537246],[-94.820223,32.590648],[-94.766387,32.650962],[-94.746344,32.667265],[-94.70179,32.652209],[-94.701986,32.421782],[-94.579219,32.394916],[-94.591392,32.365654],[-94.985411,32.37082],[-94.986935,32.537246]]]}},{"type":"Feature","properties":{"fips":"05047","name":"Franklin","state":"AR"},"geometry":{"type":"Polygon","coordinates":[[[-94.073958,35.662463],[-93.984235,35.660659],[-93.910836,35.759752],[-93.901165,35.774101],[-93.695856,35.76862],[-93.710043,35.375237],[-93.806947,35.424174],[-93.810086,35.313031],[-93.917127,35.319046],[-93.920157,35.229585],[-94.028872,35.214176],[-94.064779,35.199877],[-94.074437,35.444997],[-94.022876,35.57428],[-94.076203,35.575616],[-94.073958,35.662463]]]}},{"type":"Feature","properties":{"fips":"05087","name":"Madison","state":"AR"},"geometry":{"type":"Polygon","coordinates":[[[-93.944108,36.091122],[-93.887891,36.235129],[-93.868987,36.307363],[-93.815078,36.306551],[-93.657512,36.303016],[-93.620058,36.201248],[-93.551135,36.126271],[-93.479521,36.125054],[-93.44574,36.080787],[-93.450788,35.967497],[-93.523646,35.881514],[-93.519185,35.763487],[-93.695856,35.76862],[-93.901165,35.774101],[-93.910836,35.759752],[-93.963054,35.761005],[-93.944108,36.091122]]]}},{"type":"Feature","properties":{"fips":"48499","name":"Wood","state":"TX"},"geometry":{"type":"Polygon","coordinates":[[[-95.665389,32.960434],[-95.308957,32.962572],[-95.172956,32.96194],[-95.152206,33.01345],[-95.15211,32.902641],[-95.15274,32.660949],[-95.15341,32.570115],[-95.166299,32.543948],[-95.332164,32.604252],[-95.46876,32.605676],[-95.594541,32.687026],[-95.635017,32.72038],[-95.665389,32.960434]]]}},{"type":"Feature","properties":{"fips":"40109","name":"Oklahoma","state":"OK"},"geometry":{"type":"Polygon","coordinates":[[[-97.674026,35.72597],[-97.141066,35.724401],[-97.14149,35.463977],[-97.142114,35.37686],[-97.335525,35.377225],[-97.423566,35.377316],[-97.671369,35.377151],[-97.67143,35.447893],[-97.671539,35.464209],[-97.674026,35.72597]]]}},{"type":"Feature","properties":{"fips":"48213","name":"Henderson","state":"TX"},"geometry":{"type":"Polygon","coordinates":[[[-96.452372,32.358659],[-96.196231,32.354762],[-96.075899,32.357505],[-95.449165,32.355233],[-95.488733,32.232486],[-95.478585,32.147224],[-95.459908,32.135559],[-95.428512,32.084475],[-96.052786,32.005895],[-96.05478,32.012526],[-96.105364,32.075337],[-96.146523,32.211715],[-96.196965,32.206942],[-96.38291,32.328929],[-96.452043,32.345375],[-96.452372,32.358659]]]}},{"type":"Feature","properties":{"fips":"51137","name":"Orange","state":"VA"},"geometry":{"type":"Polygon","coordinates":[[[-78.355252,38.200976],[-78.288478,38.272312],[-78.231833,38.230529],[-78.094498,38.311242],[-78.039921,38.311566],[-77.908979,38.381503],[-77.782494,38.364465],[-77.770061,38.392992],[-77.702843,38.36084],[-77.715214,38.3356],[-77.947054,38.120035],[-78.101989,38.152546],[-78.209384,38.131128],[-78.341674,38.176898],[-78.368984,38.184146],[-78.355252,38.200976]]]}},{"type":"Feature","properties":{"fips":"40029","name":"Coal","state":"OK"},"geometry":{"type":"Polygon","coordinates":[[[-96.513787,34.505396],[-96.512171,34.680065],[-96.406357,34.680023],[-96.406483,34.767328],[-96.092001,34.767479],[-96.092043,34.680556],[-96.092012,34.506059],[-96.145442,34.505944],[-96.145423,34.418313],[-96.407074,34.41839],[-96.513768,34.419569],[-96.513787,34.505396]]]}},{"type":"Feature","properties":{"fips":"54069","name":"Ohio","state":"WV"},"geometry":{"type":"Polygon","coordinates":[[[-80.736804,40.080072],[-80.705994,40.151591],[-80.7025753036226,40.1571413980097],[-80.6839113272511,40.1874431522076],[-80.664006,40.178947],[-80.5190843704566,40.1596719951181],[-80.51912,40.01641],[-80.7382226130315,40.033405951395],[-80.736804,40.080072]]]}},{"type":"Feature","properties":{"fips":"54043","name":"Lincoln","state":"WV"},"geometry":{"type":"Polygon","coordinates":[[[-82.192314,38.046314],[-82.283316,38.141936],[-82.264849,38.229199],[-82.220797,38.310411],[-82.047128,38.374432],[-82.048589,38.290138],[-81.997406,38.266605],[-81.915197,38.325597],[-81.812825,38.311407],[-81.83347,38.20957],[-81.878779,38.137202],[-81.953263,38.118878],[-81.932507,38.025356],[-81.988776,38.024884],[-82.190658,37.974778],[-82.306391,37.94364],[-82.192314,38.046314]]]}},{"type":"Feature","properties":{"fips":"01127","name":"Walker","state":"AL"},"geometry":{"type":"Polygon","coordinates":[[[-87.636118,34.002203],[-87.216735,33.993907],[-87.169807,34.005204],[-87.151036,33.993225],[-87.091836,33.890093],[-86.963358,33.858221],[-86.953664,33.815297],[-87.023286,33.772727],[-87.039818,33.687461],[-87.092733,33.62785],[-87.17943,33.613794],[-87.185794,33.555882],[-87.271056,33.529862],[-87.266923,33.512929],[-87.318237,33.514166],[-87.318532,33.587393],[-87.37104,33.587065],[-87.423701,33.602096],[-87.423843,33.689112],[-87.528338,33.692049],[-87.531602,33.867618],[-87.63604,33.871999],[-87.635932,33.915251],[-87.636118,34.002203]]]}},{"type":"Feature","properties":{"fips":"28133","name":"Sunflower","state":"MS"},"geometry":{"type":"Polygon","coordinates":[[[-90.763509,33.529389],[-90.763469,33.616164],[-90.658719,33.616264],[-90.657002,33.987586],[-90.451012,33.985689],[-90.451643,33.81139],[-90.453233,33.329484],[-90.555549,33.329181],[-90.555211,33.270533],[-90.716277,33.270032],[-90.763773,33.270359],[-90.763509,33.529389]]]}},{"type":"Feature","properties":{"fips":"54049","name":"Marion","state":"WV"},"geometry":{"type":"Polygon","coordinates":[[[-80.498163,39.563327],[-80.432837,39.639292],[-80.39581,39.637347],[-80.153532,39.610426],[-79.938878,39.452465],[-80.087334,39.386215],[-80.197286,39.393186],[-80.282776,39.435797],[-80.494085,39.469599],[-80.498163,39.563327]]]}},{"type":"Feature","properties":{"fips":"54021","name":"Gilmer","state":"WV"},"geometry":{"type":"Polygon","coordinates":[[[-81.002777,38.846025],[-81.033632,39.009584],[-81.002631,39.009585],[-80.81297,39.109401],[-80.728326,39.095679],[-80.716815,39.00843],[-80.605799,38.904167],[-80.669962,38.892688],[-80.98495,38.717898],[-81.051909,38.779996],[-81.002777,38.846025]]]}},{"type":"Feature","properties":{"fips":"48027","name":"Bell","state":"TX"},"geometry":{"type":"Polygon","coordinates":[[[-97.9071,31.069374],[-97.804399,31.122092],[-97.418606,31.320202],[-97.343426,31.244215],[-97.278113,31.279799],[-97.070057,30.986031],[-97.258959,30.889579],[-97.315485,30.752363],[-97.624051,30.870004],[-97.72987,30.887623],[-97.8281,30.904414],[-97.840365,30.929318],[-97.911689,31.035009],[-97.9071,31.069374]]]}},{"type":"Feature","properties":{"fips":"13003","name":"Atkinson","state":"GA"},"geometry":{"type":"Polygon","coordinates":[[[-83.140483,31.420395],[-82.844093,31.403328],[-82.817558,31.364527],[-82.628975,31.36393],[-82.629622,31.274726],[-82.699206,31.278104],[-82.671669,31.183739],[-82.971247,31.183988],[-83.046885,31.18368],[-83.033468,31.275041],[-83.140483,31.420395]]]}},{"type":"Feature","properties":{"fips":"13017","name":"Ben Hill","state":"GA"},"geometry":{"type":"Polygon","coordinates":[[[-83.480176,31.847312],[-83.190422,31.849395],[-83.177469,31.847857],[-83.138659,31.814446],[-82.995698,31.780983],[-82.99836,31.673164],[-83.176376,31.678382],[-83.266363,31.654203],[-83.325617,31.680603],[-83.325296,31.756584],[-83.453634,31.757861],[-83.45887,31.793612],[-83.480176,31.847312]]]}},{"type":"Feature","properties":{"fips":"13071","name":"Colquitt","state":"GA"},"geometry":{"type":"Polygon","coordinates":[[[-84.003627,31.07729],[-84.002972,31.112686],[-83.99943,31.334966],[-83.759086,31.332225],[-83.714134,31.318365],[-83.65409,31.330661],[-83.512607,31.327405],[-83.509961,31.205972],[-83.540698,31.17898],[-83.574857,31.078135],[-83.573959,31.033875],[-83.736158,31.037679],[-84.003876,31.041582],[-84.003627,31.07729]]]}},{"type":"Feature","properties":{"fips":"13263","name":"Talbot","state":"GA"},"geometry":{"type":"Polygon","coordinates":[[[-84.700538,32.84464],[-84.570669,32.845179],[-84.506888,32.881788],[-84.380398,32.779176],[-84.286246,32.747626],[-84.33794,32.720647],[-84.408866,32.561923],[-84.444353,32.562083],[-84.586101,32.52265],[-84.637323,32.534855],[-84.69451,32.518732],[-84.667463,32.563948],[-84.694603,32.583945],[-84.693841,32.685772],[-84.682876,32.73035],[-84.700538,32.84464]]]}},{"type":"Feature","properties":{"fips":"13211","name":"Morgan","state":"GA"},"geometry":{"type":"Polygon","coordinates":[[[-83.67764,33.571548],[-83.680896,33.596919],[-83.526386,33.796119],[-83.505928,33.81776],[-83.483177,33.805576],[-83.406189,33.698307],[-83.34687,33.600498],[-83.269213,33.533226],[-83.279931,33.483438],[-83.533736,33.434472],[-83.682196,33.52622],[-83.67764,33.571548]]]}},{"type":"Feature","properties":{"fips":"40149","name":"Washita","state":"OK"},"geometry":{"type":"Polygon","coordinates":[[[-99.364217,35.465328],[-98.623336,35.464225],[-98.61824,35.117174],[-98.620692,35.097765],[-98.651267,35.124181],[-98.749158,35.116346],[-99.360226,35.116738],[-99.364217,35.465328]]]}},{"type":"Feature","properties":{"fips":"37145","name":"Person","state":"NC"},"geometry":{"type":"Polygon","coordinates":[[[-79.1383358988714,36.5416382700559],[-78.942009,36.542113],[-78.7962739551405,36.5417594935816],[-78.802335,36.235794],[-78.950597,36.23932],[-79.153997,36.241875],[-79.1383358988714,36.5416382700559]]]}},{"type":"Feature","properties":{"fips":"22033","name":"East Baton Rouge","state":"LA"},"geometry":{"type":"Polygon","coordinates":[[[-91.297658,30.649548],[-91.254736,30.704912],[-91.053104,30.712161],[-90.848768,30.719458],[-90.850499,30.700267],[-90.910701,30.649385],[-90.985759,30.584454],[-90.98923,30.465831],[-90.989892,30.46488],[-90.968264,30.389151],[-90.948388,30.394227],[-90.891728,30.345244],[-90.986968,30.345729],[-91.012205,30.335654],[-91.014065,30.330029],[-91.021014,30.321489],[-91.126597,30.31332],[-91.142105,30.323293],[-91.239534,30.351584],[-91.205707,30.407991],[-91.199056,30.422279],[-91.209308,30.522989],[-91.284161,30.509635],[-91.246058,30.535851],[-91.315282,30.594288],[-91.297658,30.649548]]]}},{"type":"Feature","properties":{"fips":"51810","name":"Virginia Beach","state":"VA"},"geometry":{"type":"Polygon","coordinates":[[[-76.22606,36.839947],[-76.197259,36.828148],[-76.1769475851987,36.928538680155],[-76.087955,36.908647],[-76.043054,36.927547],[-75.996252,36.922047],[-75.961589,36.799995],[-75.921748,36.692051],[-75.890946,36.630753],[-75.867044,36.550754],[-76.02675,36.550553],[-76.1223499470101,36.5505523325541],[-76.121955,36.66575],[-76.06781,36.692105],[-76.206447,36.777048],[-76.22606,36.839947]]]}},{"type":"Feature","properties":{"fips":"22091","name":"St. Helena","state":"LA"},"geometry":{"type":"Polygon","coordinates":[[[-90.850499,30.700267],[-90.848768,30.719458],[-90.834735,30.813177],[-90.862696,30.944246],[-90.8258291412919,30.9995253553406],[-90.758775,30.999583],[-90.5671954006585,30.9999450243999],[-90.567126,30.650015],[-90.910701,30.649385],[-90.850499,30.700267]]]}},{"type":"Feature","properties":{"fips":"37073","name":"Gates","state":"NC"},"geometry":{"type":"Polygon","coordinates":[[[-76.9160376328562,36.5460813302903],[-76.9157318023497,36.5460897693389],[-76.738329,36.550985],[-76.5419658657183,36.5507845323601],[-76.491336,36.510677],[-76.491405,36.468648],[-76.453711,36.378092],[-76.559646,36.351056],[-76.669975,36.315214],[-76.696571,36.296138],[-76.779467,36.362469],[-76.946258,36.413822],[-76.9160376328562,36.5460813302903]]]}},{"type":"Feature","properties":{"fips":"51700","name":"Newport News","state":"VA"},"geometry":{"type":"Polygon","coordinates":[[[-76.641581,37.153827],[-76.581218,37.182511],[-76.591302,37.213205],[-76.565189,37.220539],[-76.437748,37.094048],[-76.442433,37.018802],[-76.384419,36.951059],[-76.399567,36.930947],[-76.445301,36.941891],[-76.645821,37.125155],[-76.641581,37.153827]]]}},{"type":"Feature","properties":{"fips":"51710","name":"Norfolk","state":"VA"},"geometry":{"type":"Polygon","coordinates":[[[-76.341825,36.924772],[-76.332257,36.966099],[-76.2809720508166,36.977743727668],[-76.267962,36.964547],[-76.189959,36.931447],[-76.1769475851987,36.928538680155],[-76.197259,36.828148],[-76.22606,36.839947],[-76.289962,36.822048],[-76.336784,36.875027],[-76.341825,36.924772]]]}},{"type":"Feature","properties":{"fips":"48301","name":"Loving","state":"TX"},"geometry":{"type":"Polygon","coordinates":[[[-103.980213477381,32.0000328513626],[-103.722881979148,32.0001655686764],[-103.326501,32.00037],[-103.327538,31.65142],[-103.610887,31.651802],[-103.625726,31.705032],[-103.797232,31.770187],[-103.829385,31.887992],[-103.885584,31.870373],[-103.980213477381,32.0000328513626]]]}},{"type":"Feature","properties":{"fips":"40015","name":"Caddo","state":"OK"},"geometry":{"type":"Polygon","coordinates":[[[-98.623244,35.551522],[-98.313251,35.551523],[-98.305837,35.377173],[-98.096014,35.377753],[-98.093127,34.854988],[-98.619816,34.85534],[-98.620692,35.097765],[-98.61824,35.117174],[-98.623336,35.464225],[-98.623244,35.551522]]]}},{"type":"Feature","properties":{"fips":"12005","name":"Bay","state":"FL"},"geometry":{"type":"Polygon","coordinates":[[[-85.992736,30.38932],[-85.8535,30.440623],[-85.487968,30.436655],[-85.486358,30.567574],[-85.434782,30.56756],[-85.383948,30.566856],[-85.389679,30.200973],[-85.3891608928388,29.924059309219],[-85.425956,29.949888],[-85.487764,29.961227],[-85.571907,30.02644],[-85.601178,30.056342],[-85.69681,30.09689],[-85.811219,30.17832],[-85.9959431575134,30.2688232673284],[-85.992736,30.38932]]]}},{"type":"Feature","properties":{"fips":"54019","name":"Fayette","state":"WV"},"geometry":{"type":"Polygon","coordinates":[[[-81.380829,37.969109],[-81.328907,38.182516],[-81.231491,38.263426],[-81.074198,38.196053],[-80.96942,38.215685],[-80.882187,38.103457],[-80.769866,37.98527],[-80.810866,37.949141],[-80.748867,37.865099],[-80.806256,37.868878],[-80.94511,37.819131],[-81.056898,37.835383],[-81.072833,37.873682],[-81.295127,37.889311],[-81.347,37.976672],[-81.380829,37.969109]]]}},{"type":"Feature","properties":{"fips":"05111","name":"Poinsett","state":"AR"},"geometry":{"type":"Polygon","coordinates":[[[-91.037012,35.708419],[-90.286789,35.69991],[-90.286926,35.438439],[-90.502392,35.441647],[-90.610796,35.448796],[-91.039251,35.44295],[-91.037012,35.708419]]]}},{"type":"Feature","properties":{"fips":"12103","name":"Pinellas","state":"FL"},"geometry":{"type":"Polygon","coordinates":[[[-82.8593849560329,28.1721750746045],[-82.651165,28.173266],[-82.648616,27.966337],[-82.577519,27.916],[-82.5663805212513,27.8363382177134],[-82.586519,27.816703],[-82.622723,27.779868],[-82.62502,27.732706],[-82.652521,27.700307],[-82.6775344377073,27.6645722242507],[-82.705017,27.62531],[-82.733076,27.612972],[-82.738467,27.678504],[-82.746223,27.731306],[-82.790224,27.791603],[-82.846526,27.854301],[-82.840882,27.937162],[-82.828163,28.02013],[-82.850881,28.102451],[-82.8593849560329,28.1721750746045]]]}},{"type":"Feature","properties":{"fips":"13007","name":"Baker","state":"GA"},"geometry":{"type":"Polygon","coordinates":[[[-84.627579,31.332117],[-84.637579,31.433926],[-84.513503,31.439607],[-84.447875,31.454743],[-84.429876,31.436661],[-84.211593,31.435856],[-84.141124,31.440179],[-84.20066,31.355525],[-84.340552,31.305341],[-84.40435,31.199143],[-84.471001,31.167981],[-84.508078,31.0784],[-84.542653,31.079029],[-84.537101,31.255932],[-84.641673,31.258967],[-84.627579,31.332117]]]}},{"type":"Feature","properties":{"fips":"40119","name":"Payne","state":"OK"},"geometry":{"type":"Polygon","coordinates":[[[-97.354132,36.159072],[-97.140668,36.159231],[-97.140968,36.246435],[-96.925069,36.246474],[-96.818968,36.246478],[-96.819005,36.158886],[-96.62212,36.159903],[-96.619655,35.941571],[-97.140583,35.941991],[-97.203592,35.944795],[-97.32362,36.010877],[-97.35387,35.984934],[-97.354132,36.159072]]]}},{"type":"Feature","properties":{"fips":"13199","name":"Meriwether","state":"GA"},"geometry":{"type":"Polygon","coordinates":[[[-84.862359,33.191173],[-84.85236,33.22359],[-84.502352,33.221055],[-84.496783,33.183866],[-84.536991,33.03673],[-84.52702,32.970548],[-84.526902,32.914098],[-84.506888,32.881788],[-84.570669,32.845179],[-84.700538,32.84464],[-84.751338,32.8692],[-84.861768,32.872495],[-84.862359,33.191173]]]}},{"type":"Feature","properties":{"fips":"28013","name":"Calhoun","state":"MS"},"geometry":{"type":"Polygon","coordinates":[[[-89.509748,34.162082],[-89.245485,34.161186],[-89.244436,34.073942],[-89.139158,34.074116],[-89.137876,33.812144],[-89.19004,33.81171],[-89.191781,33.738602],[-89.216469,33.721979],[-89.507135,33.721819],[-89.507353,33.867469],[-89.509748,34.162082]]]}},{"type":"Feature","properties":{"fips":"28061","name":"Jasper","state":"MS"},"geometry":{"type":"Polygon","coordinates":[[[-89.322692,32.223472],[-88.913847,32.224186],[-88.910459,31.826649],[-88.943355,31.824565],[-89.264668,31.80523],[-89.31656,31.80209],[-89.322692,32.223472]]]}},{"type":"Feature","properties":{"fips":"28035","name":"Forrest","state":"MS"},"geometry":{"type":"Polygon","coordinates":[[[-89.451616,31.434029],[-89.399178,31.434029],[-89.146092,31.434052],[-89.146176,31.000447],[-89.137967,30.909877],[-89.340806,30.909912],[-89.34072,30.994163],[-89.34895,31.01037],[-89.347863,31.3467],[-89.451073,31.346383],[-89.451616,31.434029]]]}},{"type":"Feature","properties":{"fips":"01007","name":"Bibb","state":"AL"},"geometry":{"type":"Polygon","coordinates":[[[-87.421936,33.003379],[-87.318539,33.006179],[-87.281945,33.13306],[-87.199317,33.130657],[-87.199153,33.196554],[-87.065738,33.246907],[-87.026846,33.246459],[-87.025596,33.165795],[-86.969291,33.098397],[-86.881182,33.049901],[-86.876118,32.836264],[-87.019157,32.837034],[-87.319184,32.831522],[-87.319473,32.875124],[-87.4212,32.874508],[-87.421936,33.003379]]]}},{"type":"Feature","properties":{"fips":"13219","name":"Oconee","state":"GA"},"geometry":{"type":"Polygon","coordinates":[[[-83.537385,33.965912],[-83.508313,33.9312],[-83.415512,33.918541],[-83.275933,33.847977],[-83.306619,33.811444],[-83.28034,33.761774],[-83.29145,33.734315],[-83.406189,33.698307],[-83.483177,33.805576],[-83.505928,33.81776],[-83.533165,33.820923],[-83.647031,33.906198],[-83.537385,33.965912]]]}},{"type":"Feature","properties":{"fips":"48219","name":"Hockley","state":"TX"},"geometry":{"type":"Polygon","coordinates":[[[-102.615447,33.825121],[-102.085733,33.824675],[-102.075929,33.389586],[-102.594836,33.388489],[-102.615447,33.825121]]]}},{"type":"Feature","properties":{"fips":"40027","name":"Cleveland","state":"OK"},"geometry":{"type":"Polygon","coordinates":[[[-97.671369,35.377151],[-97.423566,35.377316],[-97.335525,35.377225],[-97.142114,35.37686],[-97.142349,34.928176],[-97.333833,34.958948],[-97.354192,35.076656],[-97.407082,35.138144],[-97.54146,35.214165],[-97.556987,35.28844],[-97.671415,35.337465],[-97.671369,35.377151]]]}},{"type":"Feature","properties":{"fips":"48139","name":"Ellis","state":"TX"},"geometry":{"type":"Polygon","coordinates":[[[-97.087055,32.549296],[-97.052717,32.54884],[-97.038685,32.548666],[-96.529678,32.54528],[-96.434514,32.38873],[-96.452372,32.358659],[-96.452043,32.345375],[-96.38291,32.328929],[-96.896209,32.073977],[-96.940656,32.052087],[-97.087043,32.266824],[-97.087055,32.549296]]]}},{"type":"Feature","properties":{"fips":"13215","name":"Muscogee","state":"GA"},"geometry":{"type":"Polygon","coordinates":[[[-85.0760723726048,32.6080674751571],[-84.98179,32.607671],[-84.907883,32.583433],[-84.694603,32.583945],[-84.667463,32.563948],[-84.69451,32.518732],[-84.768407,32.420591],[-84.9811502941337,32.3790400766818],[-84.971831,32.442843],[-84.9997867563101,32.5070669687837],[-85.0011308391237,32.5101547883978],[-85.0071,32.523868],[-85.069848,32.583146],[-85.0760723726048,32.6080674751571]]]}},{"type":"Feature","properties":{"fips":"13149","name":"Heard","state":"GA"},"geometry":{"type":"Polygon","coordinates":[[[-85.2943468643453,33.4279931463646],[-85.015358,33.425506],[-84.958646,33.277053],[-84.939015,33.224693],[-85.10798,33.195098],[-85.117402,33.163654],[-85.2365953712528,33.1295440282507],[-85.2943468643453,33.4279931463646]]]}},{"type":"Feature","properties":{"fips":"51510","name":"Alexandria","state":"VA"},"geometry":{"type":"Polygon","coordinates":[[[-77.110799,38.843446],[-77.087805,38.827357],[-77.0390663567647,38.8412718895186],[-77.039006,38.791645],[-77.0392398850823,38.7853363256236],[-77.143206,38.805624],[-77.110799,38.843446]]]}},{"type":"Feature","properties":{"fips":"05075","name":"Lawrence","state":"AR"},"geometry":{"type":"Polygon","coordinates":[[[-91.349834,36.230967],[-91.25892,36.25788],[-91.082822,36.150734],[-91.07301,36.114895],[-91.054853,36.151517],[-90.809812,36.14966],[-90.747519,36.149112],[-90.819211,36.080378],[-90.851989,35.967879],[-90.872852,35.880872],[-91.032562,35.885028],[-91.198556,35.890024],[-91.35742,35.89066],[-91.349834,36.230967]]]}},{"type":"Feature","properties":{"fips":"54101","name":"Webster","state":"WV"},"geometry":{"type":"Polygon","coordinates":[[[-80.650786,38.52659],[-80.508655,38.645553],[-80.457332,38.739169],[-80.393063,38.727571],[-80.318246,38.684296],[-80.280059,38.694867],[-80.183931,38.525386],[-80.245518,38.388457],[-80.352171,38.345337],[-80.360048,38.225845],[-80.436514,38.267334],[-80.62552,38.354392],[-80.650786,38.52659]]]}},{"type":"Feature","properties":{"fips":"48483","name":"Wheeler","state":"TX"},"geometry":{"type":"Polygon","coordinates":[[[-100.540158,35.619296],[-100.000392,35.619115],[-100.000388844143,35.4223639883094],[-100.000385,35.182702],[-100.538978,35.183144],[-100.540158,35.619296]]]}},{"type":"Feature","properties":{"fips":"22093","name":"St. James","state":"LA"},"geometry":{"type":"Polygon","coordinates":[[[-90.963745,30.066831],[-90.915512,30.112993],[-90.759583,30.143576],[-90.642111,30.166448],[-90.68885,30.035953],[-90.656312,29.889246],[-90.7787,29.922007],[-90.885749,29.905348],[-90.911784,29.935072],[-90.946294,29.977932],[-90.963745,30.066831]]]}},{"type":"Feature","properties":{"fips":"48379","name":"Rains","state":"TX"},"geometry":{"type":"Polygon","coordinates":[[[-95.968411,32.913556],[-95.9453,32.979877],[-95.862521,32.979571],[-95.676795,32.97959],[-95.665389,32.960434],[-95.635017,32.72038],[-95.659803,32.711402],[-95.795966,32.775318],[-95.863949,32.777061],[-95.934433,32.837217],[-95.986709,32.873407],[-95.968411,32.913556]]]}},{"type":"Feature","properties":{"fips":"28101","name":"Newton","state":"MS"},"geometry":{"type":"Polygon","coordinates":[[[-89.322598,32.576433],[-89.317588,32.576458],[-88.914516,32.576955],[-88.913847,32.224186],[-89.322692,32.223472],[-89.322598,32.576433]]]}},{"type":"Feature","properties":{"fips":"40129","name":"Roger Mills","state":"OK"},"geometry":{"type":"Polygon","coordinates":[[[-100.000396202899,35.8812329999967],[-99.925147,35.913664],[-99.888309,35.987847],[-99.809444,36.000044],[-99.801389,35.910645],[-99.717101,35.859769],[-99.619813,35.842089],[-99.558486,35.865988],[-99.495812,35.978732],[-99.381022,36.012925],[-99.375817,35.812188],[-99.377052,35.551741],[-99.364141,35.508793],[-99.575723,35.508864],[-99.57582,35.421655],[-100.000388844143,35.4223639883094],[-100.000392,35.619115],[-100.000396202899,35.8812329999967]]]}},{"type":"Feature","properties":{"fips":"21163","name":"Meade","state":"KY"},"geometry":{"type":"Polygon","coordinates":[[[-86.471903,38.046218],[-86.434046,38.086763],[-86.4335700794087,38.0871478523782],[-86.387216,38.124632],[-86.321274,38.147418],[-86.278656,38.098509],[-86.206439,38.021876],[-86.095766,38.00893],[-86.033386,37.970382],[-85.9973516597543,37.9912256022991],[-85.975948,37.875793],[-86.007432,37.818439],[-86.151285,37.798878],[-86.242777,37.877002],[-86.4880524671283,38.0436653088997],[-86.471903,38.046218]]]}},{"type":"Feature","properties":{"fips":"37001","name":"Alamance","state":"NC"},"geometry":{"type":"Polygon","coordinates":[[[-79.541728,35.899851],[-79.53241,36.241463],[-79.531865,36.249673],[-79.257952,36.243445],[-79.268243,35.909182],[-79.249538,35.87681],[-79.237297,35.844279],[-79.350051,35.843908],[-79.542428,35.843303],[-79.541728,35.899851]]]}},{"type":"Feature","properties":{"fips":"48161","name":"Freestone","state":"TX"},"geometry":{"type":"Polygon","coordinates":[[[-96.496713,31.796191],[-96.05478,32.012526],[-96.052786,32.005895],[-96.062172,31.95634],[-96.022491,31.957549],[-95.980568,31.784561],[-95.875937,31.755503],[-95.861262,31.687451],[-95.779743,31.683938],[-95.789679,31.648776],[-95.7873,31.618385],[-96.236629,31.413392],[-96.478349,31.769537],[-96.496713,31.796191]]]}},{"type":"Feature","properties":{"fips":"28147","name":"Walthall","state":"MS"},"geometry":{"type":"Polygon","coordinates":[[[-90.260391,31.350274],[-90.24389,31.350274],[-90.108651,31.350869],[-90.060636,31.328781],[-90.040466,31.336014],[-90.031896,31.175727],[-89.938178,31.132949],[-89.920944,31.074677],[-89.835873,31.074926],[-89.8359078243282,31.0021014231176],[-89.897516,31.001913],[-90.2595549404913,31.0006617812291],[-90.260391,31.350274]]]}},{"type":"Feature","properties":{"fips":"37133","name":"Onslow","state":"NC"},"geometry":{"type":"Polygon","coordinates":[[[-77.653352,34.940535],[-77.674805,34.9739],[-77.502771,34.969635],[-77.366768,34.90865],[-77.267433,34.925537],[-77.165986,34.785032],[-77.096073,34.67124],[-77.1129643930768,34.6380928323915],[-77.136843,34.632926],[-77.240991,34.587507],[-77.322524,34.535574],[-77.462922,34.471354],[-77.5152165445848,34.4373849694266],[-77.576165,34.476607],[-77.680127,34.720595],[-77.653352,34.940535]]]}},{"type":"Feature","properties":{"fips":"37065","name":"Edgecombe","state":"NC"},"geometry":{"type":"Polygon","coordinates":[[[-77.828444,35.867208],[-77.706966,36.115503],[-77.697956,36.15315],[-77.5407,36.096085],[-77.517646,36.036775],[-77.402614,36.004966],[-77.342418,35.905262],[-77.350369,35.819228],[-77.390154,35.833062],[-77.665131,35.674935],[-77.718436,35.728823],[-77.751339,35.827794],[-77.828444,35.867208]]]}},{"type":"Feature","properties":{"fips":"48079","name":"Cochran","state":"TX"},"geometry":{"type":"Polygon","coordinates":[[[-103.052610516564,33.5705747764422],[-103.05261,33.570599],[-103.047346,33.824675],[-102.615447,33.825121],[-102.594836,33.388489],[-103.056495064338,33.3884142146206],[-103.052610516564,33.5705747764422]]]}},{"type":"Feature","properties":{"fips":"48341","name":"Moore","state":"TX"},"geometry":{"type":"Polygon","coordinates":[[[-102.163015,36.055249],[-101.623466,36.055405],[-101.622831,35.624057],[-101.6228,35.620196],[-102.162752,35.620035],[-102.162809,35.627515],[-102.163015,36.055249]]]}},{"type":"Feature","properties":{"fips":"21049","name":"Clark","state":"KY"},"geometry":{"type":"Polygon","coordinates":[[[-84.348961,37.898399],[-84.286461,38.067028],[-84.080527,38.115118],[-83.96631,37.930768],[-84.02737,37.869454],[-84.001967,37.837592],[-84.075107,37.823272],[-84.080337,37.853066],[-84.261183,37.875986],[-84.272406,37.917546],[-84.337393,37.892007],[-84.348961,37.898399]]]}},{"type":"Feature","properties":{"fips":"51169","name":"Scott","state":"VA"},"geometry":{"type":"Polygon","coordinates":[[[-82.947587,36.67587],[-82.823358,36.733603],[-82.771595,36.800031],[-82.61774,36.880773],[-82.411098,36.885044],[-82.406633,36.876356],[-82.356356,36.779852],[-82.332078,36.708969],[-82.307831,36.619682],[-82.2941364201291,36.5950730329585],[-82.487238,36.595822],[-82.609181949399,36.5950896860685],[-82.830433,36.593761],[-82.9844584955724,36.59528996905],[-82.947587,36.67587]]]}},{"type":"Feature","properties":{"fips":"51181","name":"Surry","state":"VA"},"geometry":{"type":"Polygon","coordinates":[[[-77.012301,37.232883],[-76.972439,37.248501],[-76.921569,37.22534],[-76.883156,37.223057],[-76.760314,37.176799],[-76.652445,37.198818],[-76.641581,37.153827],[-76.698255,37.05914],[-76.849684,36.996211],[-76.953546,36.94445],[-76.965139,37.054308],[-77.155415,37.112034],[-77.012301,37.232883]]]}},{"type":"Feature","properties":{"fips":"21237","name":"Wolfe","state":"KY"},"geometry":{"type":"Polygon","coordinates":[[[-83.63106,37.825372],[-83.55141,37.821615],[-83.49508,37.861906],[-83.484258,37.84391],[-83.386437,37.813675],[-83.262172,37.712657],[-83.248692,37.669616],[-83.418474,37.690729],[-83.495488,37.619595],[-83.522308,37.638516],[-83.616649,37.666925],[-83.707974,37.716463],[-83.63106,37.825372]]]}},{"type":"Feature","properties":{"fips":"45015","name":"Berkeley","state":"SC"},"geometry":{"type":"Polygon","coordinates":[[[-80.361851,33.257443],[-80.253836,33.29926],[-80.222267,33.443716],[-80.150003,33.448463],[-80.101697,33.496891],[-79.971062,33.500743],[-79.677014,33.304944],[-79.458734,33.235219],[-79.446699,33.213458],[-79.521962,33.146698],[-79.642327,33.124386],[-79.91508,32.815498],[-79.94756,32.907748],[-80.011774,32.899881],[-80.056018,32.999355],[-80.149246,33.021601],[-80.23571,33.079388],[-80.33594,33.145463],[-80.297577,33.181838],[-80.361851,33.257443]]]}},{"type":"Feature","properties":{"fips":"48429","name":"Stephens","state":"TX"},"geometry":{"type":"Polygon","coordinates":[[[-99.096016,32.957037],[-98.950875,32.956918],[-98.575616,32.954349],[-98.576256,32.515163],[-99.09605,32.514768],[-99.096016,32.957037]]]}},{"type":"Feature","properties":{"fips":"21171","name":"Monroe","state":"KY"},"geometry":{"type":"Polygon","coordinates":[[[-85.97691,36.722722],[-85.772286,36.83634],[-85.739255,36.841476],[-85.613014,36.832717],[-85.596214,36.818039],[-85.517429,36.731326],[-85.471021,36.733216],[-85.496932,36.690718],[-85.4364042728859,36.618003845027],[-85.488353,36.614994],[-85.731862,36.620429],[-85.7885565436139,36.6217118590347],[-85.873857,36.623642],[-85.975713174144,36.6286377186817],[-85.950661,36.651023],[-85.97691,36.722722]]]}},{"type":"Feature","properties":{"fips":"28081","name":"Lee","state":"MS"},"geometry":{"type":"Polygon","coordinates":[[[-88.824966,34.364759],[-88.789442,34.49493],[-88.736465,34.50891],[-88.541749,34.509192],[-88.542079,34.465276],[-88.543352,34.089044],[-88.712454,34.089241],[-88.718964,34.074521],[-88.824523,34.074948],[-88.824966,34.364759]]]}},{"type":"Feature","properties":{"fips":"05063","name":"Independence","state":"AR"},"geometry":{"type":"Polygon","coordinates":[[[-91.849456,35.867301],[-91.753447,35.942849],[-91.710483,35.941784],[-91.463132,35.93685],[-91.464678,35.892549],[-91.35742,35.89066],[-91.198556,35.890024],[-91.232503,35.812655],[-91.35389,35.709514],[-91.369655,35.52637],[-91.582094,35.530332],[-91.745063,35.534311],[-91.793577,35.534078],[-91.789645,35.711784],[-91.837176,35.705019],[-91.871023,35.809549],[-91.849456,35.867301]]]}},{"type":"Feature","properties":{"fips":"40133","name":"Seminole","state":"OK"},"geometry":{"type":"Polygon","coordinates":[[[-96.77638,35.411471],[-96.623699,35.400722],[-96.536718,35.390772],[-96.44122,35.467745],[-96.441368,35.290122],[-96.441305,35.115771],[-96.490434,35.115857],[-96.490786,34.910585],[-96.528587,34.869586],[-96.577089,34.916584],[-96.710934,34.911715],[-96.727591,34.857182],[-96.775681,34.899958],[-96.77638,35.411471]]]}},{"type":"Feature","properties":{"fips":"48507","name":"Zavala","state":"TX"},"geometry":{"type":"Polygon","coordinates":[[[-100.111406,29.086318],[-99.41388,29.091335],[-99.409021,28.640566],[-100.114336,28.648122],[-100.111406,29.086318]]]}},{"type":"Feature","properties":{"fips":"48415","name":"Scurry","state":"TX"},"geometry":{"type":"Polygon","coordinates":[[[-101.173378,32.963597],[-101.03866,32.970225],[-100.990181,32.965023],[-100.65587,32.963469],[-100.660626,32.525312],[-101.174562,32.527703],[-101.173378,32.963597]]]}},{"type":"Feature","properties":{"fips":"28045","name":"Hancock","state":"MS"},"geometry":{"type":"Polygon","coordinates":[[[-89.6999320828408,30.454036880786],[-89.647072,30.502738],[-89.54451,30.516862],[-89.544232,30.648368],[-89.341446,30.64772],[-89.340847,30.357995],[-89.3070237608445,30.3039947802441],[-89.344746,30.293196],[-89.424624,30.245391],[-89.447465,30.205098],[-89.475824,30.191561],[-89.524504,30.180753],[-89.607655,30.217096],[-89.634208,30.308256],[-89.678514,30.414012],[-89.6999320828408,30.454036880786]]]}},{"type":"Feature","properties":{"fips":"01057","name":"Fayette","state":"AL"},"geometry":{"type":"Polygon","coordinates":[[[-87.951785,33.91993],[-87.739347,33.914731],[-87.635932,33.915251],[-87.63604,33.871999],[-87.531602,33.867618],[-87.528338,33.692049],[-87.423843,33.689112],[-87.423701,33.602096],[-87.631718,33.609833],[-87.666661,33.521667],[-87.840683,33.524839],[-87.946519,33.524065],[-87.951785,33.91993]]]}},{"type":"Feature","properties":{"fips":"13267","name":"Tattnall","state":"GA"},"geometry":{"type":"Polygon","coordinates":[[[-82.232788,32.318838],[-82.025339,32.278883],[-81.980041,32.081502],[-81.888938,32.050398],[-81.761735,32.0479],[-81.824405,32.014882],[-81.981389,31.794578],[-81.969052,31.789324],[-81.982941,31.784904],[-82.048582,31.827075],[-82.111818,31.900487],[-82.225042,31.913074],[-82.181912,32.166125],[-82.232788,32.318838]]]}},{"type":"Feature","properties":{"fips":"37187","name":"Washington","state":"NC"},"geometry":{"type":"Polygon","coordinates":[[[-76.847264,35.719982],[-76.777404,35.857839],[-76.760598,35.864887],[-76.683751,35.953101],[-76.606214,35.978051],[-76.511899,35.980726],[-76.396794,36.026443],[-76.358393,36.020019],[-76.380009,35.914666],[-76.353669,35.861365],[-76.405603,35.786294],[-76.405971,35.697579],[-76.637513,35.705215],[-76.844279,35.705717],[-76.847264,35.719982]]]}},{"type":"Feature","properties":{"fips":"48335","name":"Mitchell","state":"TX"},"geometry":{"type":"Polygon","coordinates":[[[-101.174571,32.524112],[-101.174562,32.527703],[-100.660626,32.525312],[-100.665353,32.085407],[-100.821594,32.08661],[-101.183997,32.087208],[-101.174571,32.524112]]]}},{"type":"Feature","properties":{"fips":"28103","name":"Noxubee","state":"MS"},"geometry":{"type":"Polygon","coordinates":[[[-88.813053,33.286424],[-88.670552,33.286855],[-88.3044428135104,33.28832],[-88.317135,33.184123],[-88.3400849921393,32.991264337875],[-88.3474902478349,32.9290347868805],[-88.812782,32.925973],[-88.813053,33.286424]]]}},{"type":"Feature","properties":{"fips":"48205","name":"Hartley","state":"TX"},"geometry":{"type":"Polygon","coordinates":[[[-103.041356721818,35.7394335063487],[-103.040824,36.055231],[-102.163015,36.055249],[-102.162809,35.627515],[-103.041554,35.622487],[-103.041356721818,35.7394335063487]]]}},{"type":"Feature","properties":{"fips":"28127","name":"Simpson","state":"MS"},"geometry":{"type":"Polygon","coordinates":[[[-90.230331,32.049728],[-89.730066,32.047072],[-89.662086,32.047239],[-89.653025,31.780653],[-89.755103,31.774654],[-89.974586,31.761655],[-90.122565,31.75268],[-90.107491,31.777685],[-90.230331,32.049728]]]}},{"type":"Feature","properties":{"fips":"48299","name":"Llano","state":"TX"},"geometry":{"type":"Polygon","coordinates":[[[-98.964612,30.921368],[-98.445782,30.921439],[-98.457382,30.878897],[-98.376877,30.83489],[-98.432098,30.78631],[-98.371905,30.740485],[-98.438995,30.673285],[-98.398758,30.56373],[-98.351983,30.558393],[-98.351041,30.486096],[-98.411462,30.502095],[-98.59167,30.499875],[-98.964232,30.498482],[-98.964612,30.921368]]]}},{"type":"Feature","properties":{"fips":"47171","name":"Unicoi","state":"TN"},"geometry":{"type":"Polygon","coordinates":[[[-82.595525,36.026012],[-82.6057036107936,36.0371988635619],[-82.595065,36.096205],[-82.527605,36.148951],[-82.420761,36.163207],[-82.34046,36.252807],[-82.284691,36.251686],[-82.2202530102866,36.1538200398431],[-82.26569,36.127614],[-82.297655,36.13351],[-82.346857,36.115209],[-82.409458,36.083409],[-82.4169375946732,36.0729700107085],[-82.464558,36.006508],[-82.5080076597225,35.9820132054415],[-82.557874,35.953901],[-82.610885,35.974442],[-82.595525,36.026012]]]}},{"type":"Feature","properties":{"fips":"47183","name":"Weakley","state":"TN"},"geometry":{"type":"Polygon","coordinates":[[[-88.949115,36.410461],[-88.81642,36.410732],[-88.8271780363405,36.5019683222569],[-88.8167641573481,36.5019514318132],[-88.5163580599794,36.5014641981633],[-88.530322,36.152023],[-88.532233,36.115416],[-88.655488,36.117338],[-88.692709,36.062746],[-88.86361,36.137831],[-88.959839,36.222834],[-88.949115,36.410461]]]}},{"type":"Feature","properties":{"fips":"51103","name":"Lancaster","state":"VA"},"geometry":{"type":"Polygon","coordinates":[[[-76.668182,37.778386],[-76.564735,37.837288],[-76.507828,37.838814],[-76.420071,37.823766],[-76.3252991496906,37.6825738854367],[-76.32912,37.670976],[-76.279447,37.618225],[-76.2888778367019,37.587359934104],[-76.528637,37.6309],[-76.587234,37.737073],[-76.668182,37.778386]]]}},{"type":"Feature","properties":{"fips":"21119","name":"Knott","state":"KY"},"geometry":{"type":"Polygon","coordinates":[[[-83.124348,37.404973],[-83.088514,37.522666],[-82.948544,37.503167],[-82.92546,37.486525],[-82.831473,37.46699],[-82.835476,37.414445],[-82.763067,37.425549],[-82.752346,37.308039],[-82.710805,37.285323],[-82.732693,37.271502],[-82.819373,37.268671],[-82.979183,37.17242],[-83.000142,37.19571],[-83.066377,37.244395],[-83.126805,37.235973],[-83.124348,37.404973]]]}},{"type":"Feature","properties":{"fips":"21167","name":"Mercer","state":"KY"},"geometry":{"type":"Polygon","coordinates":[[[-85.030528,37.891538],[-84.933085,37.954186],[-84.796327,37.970088],[-84.826454,37.916458],[-84.765204,37.847835],[-84.709918,37.861952],[-84.689021,37.851091],[-84.716925,37.815389],[-84.689343,37.727274],[-84.744888,37.713075],[-84.793574,37.717249],[-85.025021,37.678854],[-85.00052,37.854723],[-85.030528,37.891538]]]}},{"type":"Feature","properties":{"fips":"48011","name":"Armstrong","state":"TX"},"geometry":{"type":"Polygon","coordinates":[[[-101.622941,35.183117],[-101.086281,35.18214],[-101.090749,34.748246],[-101.471562,34.747462],[-101.629257,34.747649],[-101.622941,35.183117]]]}},{"type":"Feature","properties":{"fips":"51678","name":"Lexington","state":"VA"},"geometry":{"type":"Polygon","coordinates":[[[-79.461582,37.786356],[-79.453328,37.793157],[-79.414948,37.788627],[-79.4349,37.778308],[-79.455667,37.765219],[-79.461582,37.786356]]]}},{"type":"Feature","properties":{"fips":"51690","name":"Martinsville","state":"VA"},"geometry":{"type":"Polygon","coordinates":[[[-79.87476,36.715237],[-79.837359,36.704137],[-79.827459,36.647637],[-79.838012,36.659295],[-79.893913,36.672037],[-79.87476,36.715237]]]}},{"type":"Feature","properties":{"fips":"01115","name":"St. Clair","state":"AL"},"geometry":{"type":"Polygon","coordinates":[[[-86.577528,33.801977],[-86.405981,33.835896],[-86.348077,33.881],[-86.325622,33.940147],[-86.277828,33.989302],[-86.199164,33.988918],[-86.142717,33.899391],[-86.065272,33.842198],[-86.043993,33.763595],[-86.145562,33.679098],[-86.191868,33.698273],[-86.16948,33.619236],[-86.235328,33.494532],[-86.281999,33.509895],[-86.378665,33.390983],[-86.378222,33.502411],[-86.481939,33.502544],[-86.516783,33.54602],[-86.542758,33.765173],[-86.577799,33.765316],[-86.577528,33.801977]]]}},{"type":"Feature","properties":{"fips":"37081","name":"Guilford","state":"NC"},"geometry":{"type":"Polygon","coordinates":[[[-80.043238,36.010758],[-80.040049,36.110803],[-80.035119,36.257184],[-79.867407,36.251783],[-79.53241,36.241463],[-79.541728,35.899851],[-79.972282,35.91768],[-80.046869,35.920693],[-80.043238,36.010758]]]}},{"type":"Feature","properties":{"fips":"01087","name":"Macon","state":"AL"},"geometry":{"type":"Polygon","coordinates":[[[-86.023012,32.419978],[-85.852625,32.475747],[-85.886148,32.493053],[-85.797156,32.494236],[-85.798585,32.581089],[-85.695854,32.595933],[-85.489348,32.496937],[-85.438575,32.49709],[-85.434045,32.40984],[-85.433543,32.234648],[-85.856218,32.231975],[-85.898844,32.305171],[-85.919293,32.274382],[-85.992376,32.338172],[-86.023012,32.419978]]]}},{"type":"Feature","properties":{"fips":"13161","name":"Jeff Davis","state":"GA"},"geometry":{"type":"Polygon","coordinates":[[[-82.836366,31.816154],[-82.65826,31.923583],[-82.645659,31.918883],[-82.595257,31.931585],[-82.543655,31.958914],[-82.480224,31.954961],[-82.483131,31.968961],[-82.431531,31.966182],[-82.431362,31.837993],[-82.520251,31.838388],[-82.550714,31.736334],[-82.52142,31.710796],[-82.521393,31.672512],[-82.627342,31.672672],[-82.836633,31.671398],[-82.836366,31.816154]]]}},{"type":"Feature","properties":{"fips":"40043","name":"Dewey","state":"OK"},"geometry":{"type":"Polygon","coordinates":[[[-99.382074,36.164301],[-98.955849,36.161577],[-98.636899,36.164894],[-98.631985,35.812402],[-99.375817,35.812188],[-99.381022,36.012925],[-99.382074,36.164301]]]}},{"type":"Feature","properties":{"fips":"48211","name":"Hemphill","state":"TX"},"geometry":{"type":"Polygon","coordinates":[[[-100.540221,36.056491],[-100.000399,36.055677],[-100.000396202899,35.8812329999967],[-100.000392,35.619115],[-100.540158,35.619296],[-100.540221,36.056491]]]}},{"type":"Feature","properties":{"fips":"48437","name":"Swisher","state":"TX"},"geometry":{"type":"Polygon","coordinates":[[[-101.998493,34.74819],[-101.629257,34.747649],[-101.471562,34.747462],[-101.47158,34.31229],[-101.564856,34.312493],[-101.99802,34.313039],[-101.998493,34.74819]]]}},{"type":"Feature","properties":{"fips":"13311","name":"White","state":"GA"},"geometry":{"type":"Polygon","coordinates":[[[-83.856506,34.722191],[-83.825465,34.778972],[-83.780346,34.792905],[-83.704339,34.791328],[-83.681596,34.800882],[-83.623296,34.732194],[-83.662819,34.659801],[-83.616615,34.54163],[-83.666415,34.503602],[-83.788604,34.514096],[-83.843405,34.505494],[-83.876152,34.620518],[-83.856506,34.722191]]]}},{"type":"Feature","properties":{"fips":"05077","name":"Lee","state":"AR"},"geometry":{"type":"Polygon","coordinates":[[[-91.100029,34.867127],[-91.09921,34.911635],[-90.408539,34.904021],[-90.4079823819208,34.835265981566],[-90.463795,34.834923],[-90.473527,34.788835],[-90.505494,34.764568],[-90.546053,34.702076],[-90.550158,34.663445],[-90.5748549582232,34.6316539794501],[-90.597057,34.641339],[-91.052011,34.645717],[-91.049474,34.734184],[-91.102542,34.734864],[-91.100029,34.867127]]]}},{"type":"Feature","properties":{"fips":"48259","name":"Kendall","state":"TX"},"geometry":{"type":"Polygon","coordinates":[[[-98.920147,30.13829],[-98.587897,30.138954],[-98.414018,29.937557],[-98.646124,29.745181],[-98.652552,29.749865],[-98.778782,29.720167],[-98.917725,29.781398],[-98.920147,30.13829]]]}},{"type":"Feature","properties":{"fips":"40143","name":"Tulsa","state":"OK"},"geometry":{"type":"Polygon","coordinates":[[[-96.297888,36.162279],[-96.268287,36.16198],[-96.001226,36.161296],[-96.001171,36.423686],[-95.812342,36.42358],[-95.794381,36.416467],[-95.8122,36.32205],[-95.812102,36.265913],[-95.81534,36.24953],[-95.8154,36.16263],[-95.76165,36.16275],[-95.761702,35.901147],[-95.819459,35.856255],[-96.033118,35.856824],[-96.029583,36.075366],[-96.261294,36.075741],[-96.297905,36.075766],[-96.297888,36.162279]]]}},{"type":"Feature","properties":{"fips":"40063","name":"Hughes","state":"OK"},"geometry":{"type":"Polygon","coordinates":[[[-96.490434,35.115857],[-96.441305,35.115771],[-96.441368,35.290122],[-95.981511,35.28978],[-95.983077,35.151695],[-96.088792,35.049875],[-96.092001,34.767479],[-96.406483,34.767328],[-96.406135,34.934191],[-96.490786,34.910585],[-96.490434,35.115857]]]}},{"type":"Feature","properties":{"fips":"37139","name":"Pasquotank","state":"NC"},"geometry":{"type":"Polygon","coordinates":[[[-76.491336,36.510677],[-76.437286,36.467846],[-76.231329,36.37208],[-76.216211,36.298302],[-76.12458,36.263963],[-76.02939,36.158819],[-76.022607,36.096725],[-76.058217,36.080593],[-76.157953,36.059517],[-76.177396,36.109191],[-76.290671,36.223497],[-76.375064,36.258901],[-76.453711,36.378092],[-76.491405,36.468648],[-76.491336,36.510677]]]}},{"type":"Feature","properties":{"fips":"48317","name":"Martin","state":"TX"},"geometry":{"type":"Polygon","coordinates":[[[-102.211037,32.523244],[-102.202703,32.523271],[-101.68874,32.525222],[-101.695011,32.087532],[-101.776085,32.086925],[-102.211249,32.0868],[-102.211037,32.523244]]]}},{"type":"Feature","properties":{"fips":"28057","name":"Itawamba","state":"MS"},"geometry":{"type":"Polygon","coordinates":[[[-88.542079,34.465276],[-88.329193,34.463571],[-88.1549021840087,34.46303430044],[-88.1732617345949,34.3210395343343],[-88.2035834952194,34.0865277314681],[-88.543352,34.089044],[-88.542079,34.465276]]]}},{"type":"Feature","properties":{"fips":"48063","name":"Camp","state":"TX"},"geometry":{"type":"Polygon","coordinates":[[[-95.152206,33.01345],[-95.12613,33.034581],[-94.935679,33.073684],[-94.819828,32.982886],[-94.768855,32.925834],[-94.719942,32.904502],[-95.15211,32.902641],[-95.152206,33.01345]]]}},{"type":"Feature","properties":{"fips":"05141","name":"Van Buren","state":"AR"},"geometry":{"type":"Polygon","coordinates":[[[-92.813462,35.548917],[-92.809745,35.722417],[-92.63143,35.718381],[-92.629837,35.790823],[-92.416846,35.788632],[-92.418409,35.716028],[-92.2408,35.712124],[-92.252843,35.36365],[-92.481468,35.368417],[-92.479558,35.455553],[-92.850951,35.462959],[-92.813462,35.548917]]]}},{"type":"Feature","properties":{"fips":"48271","name":"Kinney","state":"TX"},"geometry":{"type":"Polygon","coordinates":[[[-100.801867546029,29.232831568098],[-100.757822,29.238325],[-100.699141,29.419747],[-100.699932,29.623897],[-100.112098,29.623263],[-100.111406,29.086318],[-100.671215189194,29.0835160253445],[-100.674656,29.099777],[-100.727462,29.129123],[-100.772649,29.168492],[-100.795681,29.22773],[-100.801867546029,29.232831568098]]]}},{"type":"Feature","properties":{"fips":"45011","name":"Barnwell","state":"SC"},"geometry":{"type":"Polygon","coordinates":[[[-81.7625059827958,33.1972658882973],[-81.742519,33.208846],[-81.372931,33.490417],[-81.301445,33.481218],[-81.222673,33.44],[-81.227804,33.160697],[-81.193099,33.118668],[-81.364857,33.108061],[-81.541881,33.158279],[-81.6159557107891,33.089338539364],[-81.658433,33.103152],[-81.755135,33.15155],[-81.7625059827958,33.1972658882973]]]}},{"type":"Feature","properties":{"fips":"54051","name":"Marshall","state":"WV"},"geometry":{"type":"Polygon","coordinates":[[[-80.869933,39.763555],[-80.824969,39.801092],[-80.824276,39.847159],[-80.8234381047859,39.8500320873964],[-80.803394,39.918762],[-80.764479,39.95025],[-80.740126,39.970793],[-80.7382226130315,40.033405951395],[-80.51912,40.01641],[-80.5191607943145,39.9622000525219],[-80.519342,39.721403],[-80.8355216930075,39.7192518022001],[-80.869933,39.763555]]]}},{"type":"Feature","properties":{"fips":"28031","name":"Covington","state":"MS"},"geometry":{"type":"Polygon","coordinates":[[[-89.755103,31.774654],[-89.653025,31.780653],[-89.401227,31.796863],[-89.399178,31.434029],[-89.451616,31.434029],[-89.586819,31.433688],[-89.586919,31.513444],[-89.755614,31.609751],[-89.755103,31.774654]]]}},{"type":"Feature","properties":{"fips":"48171","name":"Gillespie","state":"TX"},"geometry":{"type":"Polygon","coordinates":[[[-99.303996,30.499832],[-98.964232,30.498482],[-98.59167,30.499875],[-98.587897,30.138954],[-98.920147,30.13829],[-99.300988,30.134298],[-99.301718,30.286653],[-99.303996,30.499832]]]}},{"type":"Feature","properties":{"fips":"54087","name":"Roane","state":"WV"},"geometry":{"type":"Polygon","coordinates":[[[-81.52731,38.901666],[-81.502628,38.917922],[-81.448148,38.941645],[-81.343911,38.895633],[-81.278412,38.914867],[-81.171819,38.739805],[-81.158582,38.644037],[-81.08371,38.611982],[-81.130775,38.565948],[-81.194113,38.527634],[-81.471654,38.546336],[-81.522166,38.612746],[-81.546631,38.672387],[-81.52731,38.901666]]]}},{"type":"Feature","properties":{"fips":"21083","name":"Graves","state":"KY"},"geometry":{"type":"Polygon","coordinates":[[[-88.819387,36.749969],[-88.813229,36.773115],[-88.812897,36.946864],[-88.484103,36.942096],[-88.485697,36.750328],[-88.4890767387132,36.5012837190757],[-88.51192,36.501457],[-88.5163580599794,36.5014641981633],[-88.8167641573481,36.5019514318132],[-88.819387,36.749969]]]}},{"type":"Feature","properties":{"fips":"48233","name":"Hutchinson","state":"TX"},"geometry":{"type":"Polygon","coordinates":[[[-101.623466,36.055405],[-101.085735,36.055276],[-101.086068,35.625267],[-101.622831,35.624057],[-101.623466,36.055405]]]}},{"type":"Feature","properties":{"fips":"37057","name":"Davidson","state":"NC"},"geometry":{"type":"Polygon","coordinates":[[[-80.487586,35.83291],[-80.398823,35.841347],[-80.370009,35.885747],[-80.394307,35.972762],[-80.213842,35.996699],[-80.21373,36.026808],[-80.043238,36.010758],[-80.046869,35.920693],[-80.066842,35.505661],[-80.182559,35.504151],[-80.183264,35.504141],[-80.20899,35.581495],[-80.333317,35.683563],[-80.333789,35.720033],[-80.458923,35.742758],[-80.487586,35.83291]]]}},{"type":"Feature","properties":{"fips":"48053","name":"Burnet","state":"TX"},"geometry":{"type":"Polygon","coordinates":[[[-98.445782,30.921439],[-98.418746,30.92626],[-98.439711,31.029647],[-97.911689,31.035009],[-97.840365,30.929318],[-97.8281,30.904414],[-97.96286,30.785641],[-98.049886,30.624155],[-98.12342,30.486482],[-98.125556,30.426186],[-98.351041,30.486096],[-98.351983,30.558393],[-98.398758,30.56373],[-98.438995,30.673285],[-98.371905,30.740485],[-98.432098,30.78631],[-98.376877,30.83489],[-98.457382,30.878897],[-98.445782,30.921439]]]}},{"type":"Feature","properties":{"fips":"40009","name":"Beckham","state":"OK"},"geometry":{"type":"Polygon","coordinates":[[[-100.000388844143,35.4223639883094],[-99.57582,35.421655],[-99.575723,35.508864],[-99.364141,35.508793],[-99.364217,35.465328],[-99.360226,35.116738],[-99.404312,35.116898],[-99.409291,35.114509],[-99.782727,35.11694],[-99.782949,35.030111],[-99.888444,35.029889],[-100.000384017848,35.0299299999999],[-100.000385,35.182702],[-100.000388844143,35.4223639883094]]]}},{"type":"Feature","properties":{"fips":"28159","name":"Winston","state":"MS"},"geometry":{"type":"Polygon","coordinates":[[[-89.317855,33.108871],[-89.213921,33.109402],[-89.213422,33.197543],[-89.1089,33.198059],[-89.088255,33.286003],[-88.965963,33.286108],[-88.813053,33.286424],[-88.812782,32.925973],[-88.914413,32.9266],[-88.930505,32.91924],[-89.017723,32.931326],[-89.319163,32.931654],[-89.317855,33.108871]]]}},{"type":"Feature","properties":{"fips":"28141","name":"Tishomingo","state":"MS"},"geometry":{"type":"Polygon","coordinates":[[[-88.3635302685392,34.9957467517971],[-88.258111,34.995463],[-88.200064,34.995634],[-88.154617,34.922392],[-88.097888,34.892202],[-88.134263,34.62266],[-88.1395594412474,34.5816967458839],[-88.1549021840087,34.46303430044],[-88.329193,34.463571],[-88.330699,34.740721],[-88.365472,34.755604],[-88.3635302685392,34.9957467517971]]]}},{"type":"Feature","properties":{"fips":"48349","name":"Navarro","state":"TX"},"geometry":{"type":"Polygon","coordinates":[[[-96.896209,32.073977],[-96.38291,32.328929],[-96.196965,32.206942],[-96.146523,32.211715],[-96.105364,32.075337],[-96.05478,32.012526],[-96.496713,31.796191],[-96.719114,31.814887],[-96.896209,32.073977]]]}},{"type":"Feature","properties":{"fips":"51065","name":"Fluvanna","state":"VA"},"geometry":{"type":"Polygon","coordinates":[[[-78.491345,37.796956],[-78.306763,38.006474],[-78.205125,37.95734],[-78.06331,37.905108],[-78.147714,37.773949],[-78.159326,37.748528],[-78.18099,37.744959],[-78.239748,37.690495],[-78.463499,37.759782],[-78.491345,37.796956]]]}},{"type":"Feature","properties":{"fips":"28119","name":"Quitman","state":"MS"},"geometry":{"type":"Polygon","coordinates":[[[-90.450572,34.262402],[-90.399014,34.261524],[-90.399498,34.423807],[-90.301851,34.424546],[-90.304317,34.509621],[-90.198536,34.511088],[-90.194086,34.301407],[-90.134441,34.265195],[-90.135456,34.160074],[-90.135695,34.0729],[-90.450981,34.072932],[-90.450572,34.262402]]]}},{"type":"Feature","properties":{"fips":"48153","name":"Floyd","state":"TX"},"geometry":{"type":"Polygon","coordinates":[[[-101.564856,34.312493],[-101.47158,34.31229],[-101.041484,34.312444],[-101.041158,33.833625],[-101.56358,33.830451],[-101.564856,34.312493]]]}},{"type":"Feature","properties":{"fips":"13251","name":"Screven","state":"GA"},"geometry":{"type":"Polygon","coordinates":[[[-81.868663,32.673127],[-81.767553,32.909411],[-81.5439662243139,33.0443999541444],[-81.50203,33.015113],[-81.499566,32.943722],[-81.464069,32.897814],[-81.42062,32.831223],[-81.4131167951736,32.7442613279615],[-81.41267,32.739083],[-81.393818,32.653491],[-81.397106,32.605587],[-81.3869019026942,32.5989648538998],[-81.528169,32.514888],[-81.548006,32.489286],[-81.689643,32.54629],[-81.82785,32.652797],[-81.841005,32.649093],[-81.868663,32.673127]]]}},{"type":"Feature","properties":{"fips":"28087","name":"Lowndes","state":"MS"},"geometry":{"type":"Polygon","coordinates":[[[-88.671553,33.506632],[-88.472714,33.524451],[-88.513937,33.650468],[-88.40656,33.673342],[-88.323964,33.745951],[-88.2483874739095,33.7449075948817],[-88.254445,33.698779],[-88.2745163342439,33.534002598714],[-88.3044428135104,33.28832],[-88.670552,33.286855],[-88.671553,33.506632]]]}},{"type":"Feature","properties":{"fips":"22055","name":"Lafayette","state":"LA"},"geometry":{"type":"Polygon","coordinates":[[[-92.247873,30.211337],[-92.142184,30.298817],[-92.077056,30.365239],[-92.042619,30.376496],[-91.988718,30.368598],[-91.95377,30.359987],[-91.942818,30.236599],[-91.957918,30.2119],[-91.976879,30.210933],[-91.907633,30.167272],[-91.951159,30.07278],[-91.967868,30.038178],[-92.066153,30.073926],[-92.088421,30.128299],[-92.284675,30.147443],[-92.247873,30.211337]]]}},{"type":"Feature","properties":{"fips":"47057","name":"Grainger","state":"TN"},"geometry":{"type":"Polygon","coordinates":[[[-83.714704,36.173783],[-83.667408,36.344381],[-83.658007,36.331982],[-83.532504,36.353385],[-83.3868,36.413186],[-83.304197,36.388189],[-83.280595,36.394689],[-83.288896,36.378789],[-83.255292,36.289092],[-83.328295,36.29669],[-83.449498,36.217989],[-83.467097,36.174688],[-83.564033,36.191896],[-83.672188,36.110526],[-83.67033,36.106295],[-83.669564,36.102002],[-83.667578,36.099022],[-83.662187,36.093784],[-83.660048,36.091278],[-83.659171,36.087848],[-83.659387,36.085533],[-83.660261,36.08387],[-83.66206,36.082239],[-83.665378,36.080864],[-83.66746,36.080587],[-83.699405,36.109469],[-83.732704,36.164583],[-83.714704,36.173783]]]}},{"type":"Feature","properties":{"fips":"45059","name":"Laurens","state":"SC"},"geometry":{"type":"Polygon","coordinates":[[[-82.313871,34.484335],[-82.236065,34.535083],[-82.234779,34.588815],[-82.145587,34.785208],[-82.004644,34.662349],[-81.863039,34.580211],[-81.851865,34.594775],[-81.677321,34.557972],[-81.643552,34.533652],[-81.782627,34.365089],[-81.895331,34.300497],[-81.945019,34.203148],[-82.08367,34.29924],[-82.168857,34.330151],[-82.246337,34.409676],[-82.311368,34.46762],[-82.313871,34.484335]]]}},{"type":"Feature","properties":{"fips":"40035","name":"Craig","state":"OK"},"geometry":{"type":"Polygon","coordinates":[[[-95.431758,36.942593],[-95.407733005873,36.9993417150323],[-95.322565,36.999358],[-95.0735039666303,36.9994881346791],[-95.0076200044721,36.9995225591258],[-95.034008,36.994259],[-94.999151,36.943101],[-94.999403,36.670631],[-95.00569,36.59766],[-95.00573,36.50989],[-95.32817,36.51024],[-95.32837,36.59763],[-95.43157,36.59754],[-95.431758,36.942593]]]}},{"type":"Feature","properties":{"fips":"51051","name":"Dickenson","state":"VA"},"geometry":{"type":"Polygon","coordinates":[[[-82.5536395449037,37.2014503744627],[-82.449164,37.243908],[-82.355343,37.26522],[-82.3143704529296,37.2963062518554],[-82.293007,37.305996],[-82.157889,37.110572],[-82.149375,37.041641],[-82.284965,36.998429],[-82.32783,36.970982],[-82.361944,36.955715],[-82.467345,37.022136],[-82.546135,37.125118],[-82.5536395449037,37.2014503744627]]]}},{"type":"Feature","properties":{"fips":"48501","name":"Yoakum","state":"TX"},"geometry":{"type":"Polygon","coordinates":[[[-103.060103,33.219225],[-103.056495064338,33.3884142146206],[-102.594836,33.388489],[-102.595023,32.958831],[-103.063468888475,32.9591063818305],[-103.060103,33.219225]]]}},{"type":"Feature","properties":{"fips":"48425","name":"Somervell","state":"TX"},"geometry":{"type":"Polygon","coordinates":[[[-97.945625,32.233468],[-97.78276,32.316493],[-97.61572,32.318617],[-97.615087,32.203491],[-97.642178,32.201296],[-97.864864,32.087328],[-97.945625,32.233468]]]}},{"type":"Feature","properties":{"fips":"48359","name":"Oldham","state":"TX"},"geometry":{"type":"Polygon","coordinates":[[[-103.041554,35.622487],[-102.162809,35.627515],[-102.162752,35.620035],[-102.167471,35.183233],[-103.042617950565,35.1831572590084],[-103.041554,35.622487]]]}},{"type":"Feature","properties":{"fips":"48227","name":"Howard","state":"TX"},"geometry":{"type":"Polygon","coordinates":[[[-101.68874,32.525222],[-101.174571,32.524112],[-101.183997,32.087208],[-101.264216,32.087136],[-101.695011,32.087532],[-101.68874,32.525222]]]}},{"type":"Feature","properties":{"fips":"40147","name":"Washington","state":"OK"},"geometry":{"type":"Polygon","coordinates":[[[-96.0008102061996,36.9992010529279],[-95.9642712321022,36.9992231442824],[-95.928122,36.999245],[-95.7867618707782,36.999270917592],[-95.80982,36.94193],[-95.80954,36.59754],[-95.81234,36.579426],[-95.812342,36.42358],[-96.001171,36.423686],[-96.0008102061996,36.9992010529279]]]}},{"type":"Feature","properties":{"fips":"28043","name":"Grenada","state":"MS"},"geometry":{"type":"Polygon","coordinates":[[[-90.136491,33.809319],[-89.926294,33.823854],[-89.926099,33.897957],[-89.76905,33.867334],[-89.507353,33.867469],[-89.507135,33.721819],[-89.506872,33.677605],[-89.78689,33.676727],[-90.127775,33.676956],[-90.136787,33.721648],[-90.136491,33.809319]]]}},{"type":"Feature","properties":{"fips":"51127","name":"New Kent","state":"VA"},"geometry":{"type":"Polygon","coordinates":[[[-77.240988,37.538088],[-77.140457,37.592169],[-77.123675,37.626881],[-76.981158,37.567113],[-76.858427,37.579541],[-76.878069,37.531377],[-76.792184,37.517594],[-76.741984,37.467076],[-76.891798,37.432632],[-76.904471,37.377665],[-76.904116,37.403821],[-77.095814,37.440292],[-77.177324,37.4906],[-77.221306,37.533252],[-77.240988,37.538088]]]}},{"type":"Feature","properties":{"fips":"51720","name":"Norton","state":"VA"},"geometry":{"type":"Polygon","coordinates":[[[-82.662395,36.918519],[-82.633568,36.952207],[-82.5937,36.955963],[-82.591018,36.935344],[-82.621684,36.929167],[-82.614969,36.90506],[-82.653723,36.917656],[-82.662395,36.918519]]]}},{"type":"Feature","properties":{"fips":"51740","name":"Portsmouth","state":"VA"},"geometry":{"type":"Polygon","coordinates":[[[-76.399567,36.930947],[-76.384419,36.951059],[-76.341825,36.924772],[-76.336784,36.875027],[-76.289962,36.822048],[-76.375679,36.786062],[-76.420368,36.866348],[-76.399567,36.930947]]]}},{"type":"Feature","properties":{"fips":"28047","name":"Harrison","state":"MS"},"geometry":{"type":"Polygon","coordinates":[[[-89.341446,30.64772],[-89.240073,30.67716],[-88.884533,30.677292],[-88.89393,30.393398],[-88.971233,30.390798],[-89.083237,30.368097],[-89.18684,30.331197],[-89.294444,30.307596],[-89.3070237608445,30.3039947802441],[-89.340847,30.357995],[-89.341446,30.64772]]]}},{"type":"Feature","properties":{"fips":"21221","name":"Trigg","state":"KY"},"geometry":{"type":"Polygon","coordinates":[[[-88.157347,36.867183],[-88.002697,36.910168],[-87.876996,36.960116],[-87.858088,36.950714],[-87.733368,37.002103],[-87.659724,36.966397],[-87.6941859078643,36.6368382439437],[-87.853204,36.633247],[-87.849567,36.663701],[-88.011792,36.677025],[-88.070532,36.678118],[-88.080126,36.706739],[-88.110831,36.74715],[-88.129944,36.807546],[-88.157347,36.867183]]]}},{"type":"Feature","properties":{"fips":"01017","name":"Chambers","state":"AL"},"geometry":{"type":"Polygon","coordinates":[[[-85.593177,33.10734],[-85.232441,33.108075],[-85.1861174017892,32.8701382699716],[-85.1844,32.861317],[-85.160963,32.826672],[-85.1245332227506,32.7516296067514],[-85.285043,32.730731],[-85.574954,32.736347],[-85.593151,32.72853],[-85.593177,33.10734]]]}},{"type":"Feature","properties":{"fips":"37113","name":"Macon","state":"NC"},"geometry":{"type":"Polygon","coordinates":[[[-83.690212,35.237942],[-83.702652,35.248462],[-83.680264,35.279387],[-83.495347,35.299633],[-83.432454,35.325183],[-83.339609,35.330993],[-83.276838,35.227851],[-83.224114,35.238667],[-83.223344,35.159029],[-83.108399912205,35.0007130457328],[-83.108606,35.000659],[-83.322768,34.995874],[-83.4828732042907,34.9908739612868],[-83.659004,35.159891],[-83.738129,35.15595],[-83.690212,35.237942]]]}},{"type":"Feature","properties":{"fips":"48407","name":"San Jacinto","state":"TX"},"geometry":{"type":"Polygon","coordinates":[[[-95.338625,30.737826],[-95.32748,30.859547],[-95.252385,30.906719],[-95.20018,30.824566],[-95.131205,30.781703],[-95.135384,30.693816],[-95.054602,30.680173],[-94.965729,30.576586],[-94.829984,30.541112],[-94.849414,30.493553],[-94.85252,30.482907],[-95.165897,30.344976],[-95.226571,30.327145],[-95.203324,30.347861],[-95.308395,30.40575],[-95.359156,30.504369],[-95.338625,30.737826]]]}},{"type":"Feature","properties":{"fips":"13271","name":"Telfair","state":"GA"},"geometry":{"type":"Polygon","coordinates":[[[-83.205739,31.900325],[-82.934566,32.153274],[-82.927865,32.135274],[-82.887657,32.079891],[-82.723088,32.002766],[-82.645659,31.918883],[-82.65826,31.923583],[-82.836366,31.816154],[-82.868118,31.782347],[-82.995698,31.780983],[-83.138659,31.814446],[-83.177469,31.847857],[-83.204236,31.884682],[-83.205739,31.900325]]]}},{"type":"Feature","properties":{"fips":"13037","name":"Calhoun","state":"GA"},"geometry":{"type":"Polygon","coordinates":[[[-84.80796,31.514383],[-84.817843,31.619771],[-84.59715,31.637613],[-84.546854,31.621199],[-84.476994,31.621167],[-84.450398,31.621868],[-84.447032,31.605081],[-84.454923,31.548331],[-84.412521,31.45693],[-84.429876,31.436661],[-84.447875,31.454743],[-84.513503,31.439607],[-84.637579,31.433926],[-84.789032,31.436356],[-84.819807,31.501192],[-84.80796,31.514383]]]}},{"type":"Feature","properties":{"fips":"48399","name":"Runnels","state":"TX"},"geometry":{"type":"Polygon","coordinates":[[[-100.235137,32.082372],[-100.151911,32.082638],[-99.713971,32.082089],[-99.721698,31.576759],[-100.111234,31.580267],[-100.233783,31.582196],[-100.235761,31.69297],[-100.235137,32.082372]]]}},{"type":"Feature","properties":{"fips":"48207","name":"Haskell","state":"TX"},"geometry":{"type":"Polygon","coordinates":[[[-99.99098,33.397404],[-99.472444,33.399023],[-99.471258,32.957025],[-99.612001,32.956962],[-99.988827,32.960121],[-99.99098,33.397404]]]}},{"type":"Feature","properties":{"fips":"48287","name":"Lee","state":"TX"},"geometry":{"type":"Polygon","coordinates":[[[-97.155219,30.457344],[-96.96363,30.557198],[-96.790114,30.390697],[-96.743672,30.319757],[-96.640883,30.296786],[-96.734469,30.241229],[-96.794552,30.160545],[-96.845857,30.116027],[-97.018379,30.032406],[-97.024461,30.051435],[-97.081834,30.259357],[-97.334463,30.402843],[-97.155219,30.457344]]]}},{"type":"Feature","properties":{"fips":"13313","name":"Whitfield","state":"GA"},"geometry":{"type":"Polygon","coordinates":[[[-85.144789,34.767639],[-85.061648,34.819478],[-84.9798540252315,34.9872056139756],[-84.9769738065923,34.9872198373549],[-84.861314,34.987791],[-84.8104774668864,34.9878779552292],[-84.818715,34.87695],[-84.878499,34.77961],[-84.864945,34.707356],[-84.94434,34.676868],[-84.913456,34.634128],[-84.926119,34.616164],[-85.050446,34.622482],[-85.050847,34.71998],[-85.168851,34.720279],[-85.144789,34.767639]]]}},{"type":"Feature","properties":{"fips":"51145","name":"Powhatan","state":"VA"},"geometry":{"type":"Polygon","coordinates":[[[-78.089466,37.639415],[-78.072174,37.657385],[-77.982236,37.624279],[-77.918397,37.691673],[-77.814902,37.60653],[-77.655399,37.563986],[-77.809003,37.426234],[-77.855148,37.418363],[-77.899761,37.475422],[-77.999575,37.498052],[-78.132048,37.454686],[-78.089466,37.639415]]]}},{"type":"Feature","properties":{"fips":"13201","name":"Miller","state":"GA"},"geometry":{"type":"Polygon","coordinates":[[[-84.917421,31.25599],[-84.641673,31.258967],[-84.537101,31.255932],[-84.542653,31.079029],[-84.644678,31.079504],[-84.730855,31.06919],[-84.922423,31.07259],[-84.917421,31.25599]]]}},{"type":"Feature","properties":{"fips":"28115","name":"Pontotoc","state":"MS"},"geometry":{"type":"Polygon","coordinates":[[[-89.246339,34.379344],[-88.928901,34.379361],[-88.824966,34.364759],[-88.824523,34.074948],[-89.139158,34.074116],[-89.244436,34.073942],[-89.245485,34.161186],[-89.246339,34.379344]]]}},{"type":"Feature","properties":{"fips":"21009","name":"Barren","state":"KY"},"geometry":{"type":"Polygon","coordinates":[[[-86.113512,37.061072],[-86.074267,37.053285],[-86.056443,37.167208],[-85.906336,37.148377],[-85.744221,37.169813],[-85.776962,37.138328],[-85.75609,37.109835],[-85.739255,36.841476],[-85.772286,36.83634],[-85.97691,36.722722],[-86.069957,36.805783],[-86.066624,36.900308],[-86.106421,36.865064],[-86.16674,36.934015],[-86.113512,37.061072]]]}},{"type":"Feature","properties":{"fips":"47179","name":"Washington","state":"TN"},"geometry":{"type":"Polygon","coordinates":[[[-82.680677,36.4318],[-82.601474,36.4232],[-82.421572,36.447254],[-82.299859,36.396505],[-82.299968,36.37114],[-82.34046,36.252807],[-82.420761,36.163207],[-82.527605,36.148951],[-82.595065,36.096205],[-82.647769,36.146404],[-82.631794,36.418769],[-82.702566,36.410412],[-82.680677,36.4318]]]}},{"type":"Feature","properties":{"fips":"48103","name":"Crane","state":"TX"},"geometry":{"type":"Polygon","coordinates":[[[-102.767246,31.651714],[-102.31805,31.651327],[-102.301212,31.086212],[-102.388804,31.087156],[-102.429545,31.193557],[-102.523063,31.262698],[-102.600677,31.267097],[-102.676104,31.330084],[-102.767365,31.293803],[-102.767246,31.651714]]]}},{"type":"Feature","properties":{"fips":"48445","name":"Terry","state":"TX"},"geometry":{"type":"Polygon","coordinates":[[[-102.594836,33.388489],[-102.075929,33.389586],[-102.076214,32.959702],[-102.20852,32.958956],[-102.595023,32.958831],[-102.594836,33.388489]]]}},{"type":"Feature","properties":{"fips":"47103","name":"Lincoln","state":"TN"},"geometry":{"type":"Polygon","coordinates":[[[-86.828301,35.263677],[-86.746899,35.252878],[-86.602613,35.327013],[-86.599478,35.36495],[-86.525306,35.354718],[-86.52728,35.311536],[-86.392192,35.235381],[-86.36389,35.123209],[-86.318168,35.126986],[-86.3187607654651,34.9910785804428],[-86.467798,34.990692],[-86.783628017169,34.991924921992],[-86.783648,34.991925],[-86.8362863159495,34.992803004217],[-86.828301,35.263677]]]}},{"type":"Feature","properties":{"fips":"40127","name":"Pushmataha","state":"OK"},"geometry":{"type":"Polygon","coordinates":[[[-95.779134,34.506644],[-95.67175,34.506794],[-95.67181,34.593732],[-95.514511,34.594153],[-95.514475,34.680718],[-95.059616,34.680736],[-94.937555,34.680792],[-94.937604,34.507296],[-95.046746,34.507276],[-95.046585,34.243776],[-95.151323,34.243737],[-95.156521,34.156965],[-95.779376,34.156699],[-95.779134,34.506644]]]}},{"type":"Feature","properties":{"fips":"48339","name":"Montgomery","state":"TX"},"geometry":{"type":"Polygon","coordinates":[[[-95.83024,30.630284],[-95.598878,30.50898],[-95.359156,30.504369],[-95.308395,30.40575],[-95.203324,30.347861],[-95.226571,30.327145],[-95.165897,30.344976],[-95.096708,30.167214],[-95.292997,30.027905],[-95.424216,30.115491],[-95.491123,30.110368],[-95.499839,30.142475],[-95.54214,30.170473],[-95.57463,30.151783],[-95.596757,30.13446],[-95.623218,30.135646],[-95.755185,30.092148],[-95.80333,30.090096],[-95.804306,30.24557],[-95.83024,30.630284]]]}},{"type":"Feature","properties":{"fips":"28125","name":"Sharkey","state":"MS"},"geometry":{"type":"Polygon","coordinates":[[[-90.963753,32.838133],[-90.914337,33.007697],[-90.914465,33.097417],[-90.862866,33.095106],[-90.701845,33.096294],[-90.658049,33.096514],[-90.656632,32.92251],[-90.759753,32.835763],[-90.694631,32.815642],[-90.742634,32.729225],[-90.667678,32.670983],[-90.723159,32.662128],[-90.964864,32.662798],[-90.963753,32.838133]]]}},{"type":"Feature","properties":{"fips":"51021","name":"Bland","state":"VA"},"geometry":{"type":"Polygon","coordinates":[[[-81.43673,37.010135],[-81.270674,37.092413],[-81.32814,37.138949],[-81.225104,37.234874],[-81.112596,37.278497],[-80.996013,37.299545],[-80.9808452568928,37.3008528161905],[-81.014489,37.275385],[-80.854627,37.147482],[-80.930627,37.115087],[-80.912674,37.073349],[-81.114319,37.022612],[-81.224624,37.047835],[-81.379402,36.952442],[-81.43673,37.010135]]]}},{"type":"Feature","properties":{"fips":"05051","name":"Garland","state":"AR"},"geometry":{"type":"Polygon","coordinates":[[[-93.402245,34.685231],[-93.394402,34.743393],[-93.394487,34.77242],[-93.287785,34.773242],[-93.075178,34.771892],[-92.969317,34.772263],[-92.979978,34.637249],[-92.875394,34.635196],[-92.808028,34.590406],[-92.793189,34.503573],[-92.915064,34.506132],[-92.948085,34.389172],[-93.407203,34.397447],[-93.402245,34.685231]]]}},{"type":"Feature","properties":{"fips":"21149","name":"McLean","state":"KY"},"geometry":{"type":"Polygon","coordinates":[[[-87.495331,37.647547],[-87.472811,37.664869],[-87.408547,37.683563],[-87.138821,37.575628],[-87.03826,37.560803],[-87.135629,37.485153],[-87.099803,37.416042],[-87.210958,37.38093],[-87.295965,37.391819],[-87.328543,37.398462],[-87.375145,37.569988],[-87.482702,37.600914],[-87.495331,37.647547]]]}},{"type":"Feature","properties":{"fips":"21239","name":"Woodford","state":"KY"},"geometry":{"type":"Polygon","coordinates":[[[-84.864804,38.141373],[-84.725168,38.195426],[-84.648473,38.177136],[-84.625079,38.116397],[-84.660135,38.003745],[-84.709918,37.861952],[-84.765204,37.847835],[-84.826454,37.916458],[-84.796327,37.970088],[-84.849779,38.047985],[-84.830915,38.093605],[-84.864908,38.116926],[-84.864804,38.141373]]]}},{"type":"Feature","properties":{"fips":"28049","name":"Hinds","state":"MS"},"geometry":{"type":"Polygon","coordinates":[[[-90.728622,32.225119],[-90.705175,32.346788],[-90.636162,32.374498],[-90.553821,32.507574],[-90.522217,32.50311],[-90.450037,32.573783],[-90.449864,32.488394],[-90.243641,32.487533],[-90.243764,32.400098],[-90.123488,32.399451],[-90.065697,32.399529],[-90.093681,32.390244],[-90.160981,32.308156],[-90.194855,32.187855],[-90.254799,32.151188],[-90.230331,32.049728],[-90.718297,32.048352],[-90.728622,32.225119]]]}},{"type":"Feature","properties":{"fips":"48121","name":"Denton","state":"TX"},"geometry":{"type":"Polygon","coordinates":[[[-97.391606,33.218935],[-97.390828,33.245787],[-97.383095,33.43045],[-97.220092,33.425122],[-96.94386,33.41641],[-96.85369,33.413613],[-96.83411,33.405498],[-96.838803,33.219386],[-96.840428,33.15252],[-96.843776,33.011336],[-96.844122,32.987435],[-96.909997,32.988346],[-96.939882,32.988822],[-97.031007,32.989691],[-97.299329,32.991282],[-97.327762,32.991418],[-97.398459,32.991732],[-97.391606,33.218935]]]}},{"type":"Feature","properties":{"fips":"48077","name":"Clay","state":"TX"},"geometry":{"type":"Polygon","coordinates":[[[-98.423533,34.0819494760059],[-98.414426,34.085074],[-98.398441,34.128456],[-98.364023,34.157109],[-98.31875,34.146421],[-98.225282,34.127245],[-98.16912,34.114171],[-98.1384860257464,34.1412060197111],[-98.123377,34.15454],[-98.099328,34.104295],[-98.099096,34.048639],[-98.082839,34.002412],[-98.005667,33.995964],[-97.947572,33.991053],[-97.953695,33.924373],[-97.9519059508552,33.8912258148573],[-97.977869,33.888738],[-97.978919,33.467129],[-98.421419,33.466797],[-98.423577,33.836047],[-98.423533,34.0819494760059]]]}},{"type":"Feature","properties":{"fips":"28069","name":"Kemper","state":"MS"},"geometry":{"type":"Polygon","coordinates":[[[-88.914413,32.9266],[-88.812782,32.925973],[-88.3474902478349,32.9290347868805],[-88.373338,32.711825],[-88.3892485641243,32.5781223959586],[-88.914516,32.576955],[-88.914413,32.9266]]]}},{"type":"Feature","properties":{"fips":"28059","name":"Jackson","state":"MS"},"geometry":{"type":"Polygon","coordinates":[[[-88.884533,30.677292],[-88.884534,30.735591],[-88.834081,30.734236],[-88.4124674313592,30.7355974592153],[-88.41227,30.731771],[-88.403931,30.543359],[-88.395023,30.369425],[-88.409927,30.342115],[-88.446495,30.347753],[-88.471875,30.32002],[-88.522494,30.340092],[-88.581929,30.331063],[-88.613006,30.353964],[-88.66382,30.362099],[-88.700587,30.343689],[-88.746945,30.347622],[-88.8003435152035,30.3572641730949],[-88.818762,30.36059],[-88.89393,30.393398],[-88.884533,30.677292]]]}},{"type":"Feature","properties":{"fips":"21097","name":"Harrison","state":"KY"},"geometry":{"type":"Polygon","coordinates":[[[-84.485295,38.508552],[-84.476299,38.542723],[-84.448556,38.529422],[-84.400321,38.560603],[-84.205346,38.582039],[-84.215625,38.554976],[-84.162031,38.554125],[-84.183689,38.49741],[-84.1021,38.459379],[-84.19405,38.37175],[-84.344921,38.285046],[-84.442661,38.283236],[-84.432841,38.299569],[-84.468064,38.39316],[-84.557375,38.492917],[-84.485295,38.508552]]]}},{"type":"Feature","properties":{"fips":"21223","name":"Trimble","state":"KY"},"geometry":{"type":"Polygon","coordinates":[[[-85.448862,38.713368],[-85.400481,38.73598],[-85.340953,38.733893],[-85.3326407337514,38.7348167543477],[-85.211375,38.580216],[-85.16827,38.585448],[-85.279627,38.496268],[-85.314006,38.492592],[-85.378743,38.518822],[-85.432981047742,38.5241121702949],[-85.4156,38.546341],[-85.4314160707522,38.5862856131089],[-85.43617,38.598292],[-85.438742,38.659319],[-85.448862,38.713368]]]}},{"type":"Feature","properties":{"fips":"05091","name":"Miller","state":"AR"},"geometry":{"type":"Polygon","coordinates":[[[-94.043428,33.551425],[-93.986157,33.534743],[-93.825878,33.609891],[-93.77267,33.4989],[-93.719951,33.48203],[-93.74476,33.44458],[-93.6991,33.387929],[-93.705253,33.339197],[-93.664921,33.329487],[-93.739424,33.20181],[-93.736622,33.166081],[-93.832852,33.148479],[-93.863322,33.098852],[-93.8071252110518,33.0193945746385],[-93.8145980610549,33.0193890113342],[-94.042964,33.019219],[-94.042719,33.160291],[-94.0429458450603,33.2712410493864],[-94.043067,33.330498],[-94.042988,33.435824],[-94.043428,33.551425]]]}},{"type":"Feature","properties":{"fips":"12031","name":"Duval","state":"FL"},"geometry":{"type":"Polygon","coordinates":[[[-82.049236,30.273432],[-81.831227,30.467437],[-81.738424,30.534572],[-81.721883,30.571934],[-81.667833,30.560671],[-81.606158,30.585566],[-81.610212,30.55438],[-81.543018,30.523889],[-81.499575,30.563793],[-81.4289547376433,30.5061830741652],[-81.42601,30.496739],[-81.410809,30.482039],[-81.4025013526944,30.4001283202505],[-81.396407,30.34004],[-81.3743761280233,30.252931],[-81.436929,30.252335],[-81.433783,30.105536],[-81.680215,30.12124],[-81.692116,30.14474],[-81.679626,30.190495],[-81.703501,30.189025],[-82.049411,30.186933],[-82.049236,30.273432]]]}},{"type":"Feature","properties":{"fips":"13099","name":"Early","state":"GA"},"geometry":{"type":"Polygon","coordinates":[[[-85.108192,31.258591],[-85.089774,31.295026],[-85.0888299635305,31.3086477554966],[-85.087929,31.321648],[-85.092487,31.362881],[-85.066005,31.431363],[-85.071621,31.468384],[-85.0516814295062,31.5195403291417],[-85.029227,31.486071],[-84.819807,31.501192],[-84.789032,31.436356],[-84.637579,31.433926],[-84.627579,31.332117],[-84.641673,31.258967],[-84.917421,31.25599],[-84.922423,31.07259],[-85.0211075623628,31.0754638723064],[-85.035615,31.108192],[-85.107516,31.186451],[-85.108192,31.258591]]]}},{"type":"Feature","properties":{"fips":"21133","name":"Letcher","state":"KY"},"geometry":{"type":"Polygon","coordinates":[[[-83.12209,37.000997],[-83.05534,37.017391],[-83.058818,37.124079],[-83.000142,37.19571],[-82.979183,37.17242],[-82.819373,37.268671],[-82.732693,37.271502],[-82.684264,37.228796],[-82.628921,37.247804],[-82.565275702797,37.1959011068831],[-82.726294,37.111852],[-82.722254,37.057948],[-82.750715,37.024107],[-82.815748,37.007196],[-82.869183,36.974182],[-82.939466,37.01552],[-83.153401,36.956591],[-83.12209,37.000997]]]}},{"type":"Feature","properties":{"fips":"12107","name":"Putnam","state":"FL"},"geometry":{"type":"Polygon","coordinates":[[[-82.050955,29.702569],[-82.055625,29.718232],[-82.049244,29.71867],[-81.939427,29.747497],[-81.90926,29.79356],[-81.81243,29.83649],[-81.581207,29.840176],[-81.52523,29.759497],[-81.52366,29.622432],[-81.520596,29.500249],[-81.476893,29.396552],[-81.433992,29.398552],[-81.445886,29.380142],[-81.680903,29.32443],[-81.741422,29.371049],[-81.776205,29.487448],[-81.843009,29.521004],[-82.004385,29.501715],[-82.055899,29.471232],[-82.050955,29.702569]]]}},{"type":"Feature","properties":{"fips":"28075","name":"Lauderdale","state":"MS"},"geometry":{"type":"Polygon","coordinates":[[[-88.914516,32.576955],[-88.3892485641243,32.5781223959586],[-88.4213122213943,32.3086791230113],[-88.428278,32.250143],[-88.4311453634628,32.2276362346889],[-88.913847,32.224186],[-88.914516,32.576955]]]}},{"type":"Feature","properties":{"fips":"22061","name":"Lincoln","state":"LA"},"geometry":{"type":"Polygon","coordinates":[[[-92.880926,32.585265],[-92.827976,32.759432],[-92.725407,32.759443],[-92.571295,32.748579],[-92.518999,32.670807],[-92.415169,32.670254],[-92.415228,32.582854],[-92.415404,32.522138],[-92.415515,32.495609],[-92.622402,32.496408],[-92.621681,32.453068],[-92.776982,32.453611],[-92.879461,32.454017],[-92.880926,32.585265]]]}},{"type":"Feature","properties":{"fips":"48059","name":"Callahan","state":"TX"},"geometry":{"type":"Polygon","coordinates":[[[-99.6298,32.436586],[-99.629579,32.514657],[-99.612026,32.514654],[-99.397054,32.51511],[-99.114293,32.514811],[-99.118665,32.079585],[-99.195871,32.079235],[-99.631413,32.081274],[-99.6298,32.436586]]]}},{"type":"Feature","properties":{"fips":"21067","name":"Fayette","state":"KY"},"geometry":{"type":"Polygon","coordinates":[[[-84.625079,38.116397],[-84.609533,38.133546],[-84.401847,38.207889],[-84.35523,38.178474],[-84.379613,38.111456],[-84.286461,38.067028],[-84.348961,37.898399],[-84.337393,37.892007],[-84.386165,37.84549],[-84.43572,37.847202],[-84.479629,37.940219],[-84.660135,38.003745],[-84.625079,38.116397]]]}},{"type":"Feature","properties":{"fips":"48009","name":"Archer","state":"TX"},"geometry":{"type":"Polygon","coordinates":[[[-98.953202,33.834025],[-98.423577,33.836047],[-98.421419,33.466797],[-98.420666,33.396195],[-98.953938,33.397534],[-98.953202,33.834025]]]}},{"type":"Feature","properties":{"fips":"48107","name":"Crosby","state":"TX"},"geometry":{"type":"Polygon","coordinates":[[[-101.56358,33.830451],[-101.041158,33.833625],[-101.038788,33.397214],[-101.556884,33.39476],[-101.56358,33.830451]]]}},{"type":"Feature","properties":{"fips":"51610","name":"Falls Church","state":"VA"},"geometry":{"type":"Polygon","coordinates":[[[-77.194712,38.899073],[-77.188854,38.896272],[-77.172276,38.893245],[-77.149701,38.87567],[-77.158398,38.873176],[-77.173243,38.878604],[-77.189754,38.878136],[-77.194263,38.886094],[-77.189854,38.894395],[-77.194712,38.899073]]]}},{"type":"Feature","properties":{"fips":"48169","name":"Garza","state":"TX"},"geometry":{"type":"Polygon","coordinates":[[[-101.556884,33.39476],[-101.038788,33.397214],[-101.03866,32.970225],[-101.173378,32.963597],[-101.557434,32.961025],[-101.556884,33.39476]]]}},{"type":"Feature","properties":{"fips":"05057","name":"Hempstead","state":"AR"},"geometry":{"type":"Polygon","coordinates":[[[-93.969675,33.739666],[-93.956951,33.750927],[-93.831577,33.748236],[-93.823076,34.008893],[-93.749844,34.006872],[-93.527784,33.943024],[-93.456665,33.95682],[-93.471247,33.825329],[-93.483217,33.476172],[-93.719951,33.48203],[-93.77267,33.4989],[-93.825878,33.609891],[-93.967717,33.675836],[-93.969675,33.739666]]]}},{"type":"Feature","properties":{"fips":"13223","name":"Paulding","state":"GA"},"geometry":{"type":"Polygon","coordinates":[[[-85.049833,33.952635],[-84.978683,33.951393],[-84.922742,34.082497],[-84.910041,34.075297],[-84.737839,34.07935],[-84.739576,33.947792],[-84.723066,33.94299],[-84.724094,33.903583],[-84.724142,33.806387],[-84.767494,33.786895],[-84.86941,33.774983],[-84.901688,33.780703],[-84.971203,33.799617],[-85.037926,33.811942],[-85.036861,33.892587],[-85.05031,33.904488],[-85.049833,33.952635]]]}},{"type":"Feature","properties":{"fips":"13093","name":"Dooly","state":"GA"},"geometry":{"type":"Polygon","coordinates":[[[-84.0276,32.171165],[-83.894777,32.292175],[-83.848379,32.29097],[-83.718434,32.290162],[-83.68513,32.289892],[-83.615579,32.288556],[-83.606214,32.275644],[-83.608547,32.118405],[-83.609663,32.027938],[-83.961278,32.030595],[-84.033494,32.153078],[-84.0276,32.171165]]]}},{"type":"Feature","properties":{"fips":"21141","name":"Logan","state":"KY"},"geometry":{"type":"Polygon","coordinates":[[[-87.053164,37.061019],[-86.976399,37.073588],[-86.941391,37.068981],[-86.84535,37.056513],[-86.674462,36.999766],[-86.668785,36.989116],[-86.611586,36.883057],[-86.655888,36.876256],[-86.692423,36.839929],[-86.75134,36.72712],[-86.7632909641085,36.6487206745018],[-86.813037,36.647647],[-87.0608263443929,36.6447708848516],[-87.053164,37.061019]]]}},{"type":"Feature","properties":{"fips":"28053","name":"Humphreys","state":"MS"},"geometry":{"type":"Polygon","coordinates":[[[-90.716277,33.270032],[-90.555211,33.270533],[-90.555549,33.329181],[-90.453233,33.329484],[-90.413236,33.23532],[-90.331589,33.302825],[-90.330312,33.137818],[-90.43152,33.095709],[-90.364031,33.010596],[-90.449323,33.00901],[-90.449893,32.92329],[-90.656632,32.92251],[-90.658049,33.096514],[-90.701845,33.096294],[-90.679607,33.102483],[-90.680319,33.201971],[-90.716277,33.270032]]]}},{"type":"Feature","properties":{"fips":"21195","name":"Pike","state":"KY"},"geometry":{"type":"Polygon","coordinates":[[[-82.710805,37.285323],[-82.672375,37.306841],[-82.584711,37.466574],[-82.623112,37.503541],[-82.614538,37.670322],[-82.563561,37.684844],[-82.404105,37.671302],[-82.413011,37.712465],[-82.3206749571778,37.7459658434594],[-82.296118,37.686174],[-82.226111,37.653092],[-82.141555,37.595166],[-82.064418,37.544516],[-81.968297,37.537798],[-82.201745,37.375108],[-82.309415,37.300066],[-82.3143704529296,37.2963062518554],[-82.355343,37.26522],[-82.449164,37.243908],[-82.5536395449037,37.2014503744627],[-82.558178,37.199606],[-82.565275702797,37.1959011068831],[-82.628921,37.247804],[-82.684264,37.228796],[-82.732693,37.271502],[-82.710805,37.285323]]]}},{"type":"Feature","properties":{"fips":"37053","name":"Currituck","state":"NC"},"geometry":{"type":"Polygon","coordinates":[[[-76.313215,36.550551],[-76.1223499470101,36.5505523325541],[-76.02675,36.550553],[-75.867044,36.550754],[-75.838437,36.434897],[-75.79641,36.290351],[-75.7706514625597,36.2320803070508],[-75.76628,36.056956],[-75.840046,36.028834],[-75.874806,36.041789],[-75.906295,36.085877],[-75.887984,36.163311],[-75.948777,36.285851],[-76.050755,36.359819],[-76.114069,36.357498],[-76.158532,36.425333],[-76.3133029682603,36.550551089807],[-76.313215,36.550551]]]}},{"type":"Feature","properties":{"fips":"28077","name":"Lawrence","state":"MS"},"geometry":{"type":"Polygon","coordinates":[[[-90.245191,31.717524],[-90.195422,31.727915],[-90.122565,31.75268],[-89.974586,31.761655],[-89.976052,31.522477],[-89.95894,31.390489],[-90.040485,31.394673],[-90.040466,31.336014],[-90.060636,31.328781],[-90.108651,31.350869],[-90.24389,31.350274],[-90.245191,31.717524]]]}},{"type":"Feature","properties":{"fips":"22107","name":"Tensas","state":"LA"},"geometry":{"type":"Polygon","coordinates":[[[-91.575346,31.883266],[-91.511374,31.930025],[-91.528204,31.959343],[-91.489761,32.092422],[-91.493574,32.203247],[-91.321366,32.202916],[-91.133968,32.249339],[-91.108509,32.20815],[-91.039472318907,32.1079681426653],[-91.034707,32.101053],[-91.079108,32.050255],[-91.080808,32.023456],[-91.117409,31.987057],[-91.17741,31.973257],[-91.18111,31.920059],[-91.234899,31.876863],[-91.2440151613247,31.8697324375039],[-91.290135,31.833658],[-91.345714,31.842861],[-91.359514,31.799362],[-91.3204587332816,31.7478006144822],[-91.318576,31.745315],[-91.3801245299835,31.73262695305],[-91.39829,31.753212],[-91.544791,31.751731],[-91.577653,31.795857],[-91.575346,31.883266]]]}},{"type":"Feature","properties":{"fips":"01031","name":"Coffee","state":"AL"},"geometry":{"type":"Polygon","coordinates":[[[-86.193951,31.440072],[-86.194784,31.529949],[-86.14395,31.537675],[-86.145895,31.617741],[-85.789142,31.617964],[-85.791402,31.196349],[-86.116734,31.193015],[-86.124944,31.182023],[-86.193476,31.192213],[-86.196091,31.410348],[-86.193951,31.440072]]]}},{"type":"Feature","properties":{"fips":"37099","name":"Jackson","state":"NC"},"geometry":{"type":"Polygon","coordinates":[[[-83.351726,35.468092],[-83.236073,35.524564],[-83.186322,35.514368],[-83.164571,35.509571],[-82.920881,35.292037],[-82.983216,35.13192],[-83.056934,35.053864],[-83.0084105925124,35.0269348608162],[-83.108399912205,35.0007130457328],[-83.223344,35.159029],[-83.224114,35.238667],[-83.276838,35.227851],[-83.339609,35.330993],[-83.351726,35.468092]]]}},{"type":"Feature","properties":{"fips":"24045","name":"Wicomico","state":"MD"},"geometry":{"type":"Polygon","coordinates":[[[-75.928628,38.297272],[-75.864213,38.350782],[-75.823706,38.481022],[-75.701777515245,38.5607669290786],[-75.700382,38.542743],[-75.693721,38.460128],[-75.479283,38.453698],[-75.3412873203482,38.4524365259555],[-75.307011,38.35476],[-75.363582,38.291306],[-75.612764,38.278626],[-75.662679,38.298845],[-75.768671,38.285183],[-75.880978,38.217595],[-75.948454,38.21596],[-75.928628,38.297272]]]}},{"type":"Feature","properties":{"fips":"12133","name":"Washington","state":"FL"},"geometry":{"type":"Polygon","coordinates":[[[-85.979221,30.432579],[-85.901219,30.443849],[-85.859769,30.490134],[-85.915297,30.636427],[-85.844421,30.70313],[-85.821616,30.790775],[-85.736051,30.74637],[-85.619011,30.743868],[-85.599934,30.830552],[-85.482276,30.829509],[-85.432274,30.785457],[-85.434782,30.56756],[-85.486358,30.567574],[-85.487968,30.436655],[-85.8535,30.440623],[-85.992736,30.38932],[-85.979221,30.432579]]]}},{"type":"Feature","properties":{"fips":"13089","name":"DeKalb","state":"GA"},"geometry":{"type":"Polygon","coordinates":[[[-84.34849,33.825124],[-84.348124,33.882108],[-84.347753,33.929836],[-84.347412,33.968109],[-84.277093,33.957614],[-84.259822,33.918901],[-84.207699,33.877931],[-84.158407,33.853602],[-84.023713,33.752808],[-84.115791,33.614666],[-84.184143,33.646157],[-84.187442,33.646173],[-84.245453,33.63073],[-84.281654,33.647307],[-84.296366,33.647468],[-84.32342,33.647728],[-84.349875,33.647944],[-84.34849,33.825124]]]}},{"type":"Feature","properties":{"fips":"12097","name":"Osceola","state":"FL"},"geometry":{"type":"Polygon","coordinates":[[[-81.673781,28.347024],[-81.657268,28.347098],[-81.531924,28.347284],[-80.862908,28.347487],[-80.868881,27.822522],[-80.881172,27.80917],[-80.87315,27.642288],[-81.142164,27.643238],[-81.131495,27.6494],[-81.208124,27.821125],[-81.301862,27.862081],[-81.308696,27.92188],[-81.450896,28.033833],[-81.457449,28.055084],[-81.382476,28.012361],[-81.346716,28.07291],[-81.455758,28.08489],[-81.456214,28.143163],[-81.51732,28.142787],[-81.539507,28.228202],[-81.620572,28.254286],[-81.658719,28.25428],[-81.673781,28.347024]]]}},{"type":"Feature","properties":{"fips":"21211","name":"Shelby","state":"KY"},"geometry":{"type":"Polygon","coordinates":[[[-85.468206,38.285309],[-85.324453,38.310112],[-85.283082,38.358054],[-84.997667,38.335586],[-84.956959,38.332271],[-84.998898,38.274979],[-85.023711,38.129052],[-85.047783,38.072341],[-85.101646,38.03727],[-85.232406,38.089431],[-85.424054,38.147438],[-85.404899,38.26373],[-85.468206,38.285309]]]}},{"type":"Feature","properties":{"fips":"45005","name":"Allendale","state":"SC"},"geometry":{"type":"Polygon","coordinates":[[[-81.6159557107891,33.089338539364],[-81.541881,33.158279],[-81.364857,33.108061],[-81.193099,33.118668],[-81.099895,33.048302],[-81.082291,33.02663],[-81.236956,32.940244],[-81.261662,32.839139],[-81.338543,32.768456],[-81.4131167951736,32.7442613279615],[-81.42062,32.831223],[-81.464069,32.897814],[-81.499566,32.943722],[-81.50203,33.015113],[-81.5439662243139,33.0443999541444],[-81.601655,33.084688],[-81.6159557107891,33.089338539364]]]}},{"type":"Feature","properties":{"fips":"21169","name":"Metcalfe","state":"KY"},"geometry":{"type":"Polygon","coordinates":[[[-85.776962,37.138328],[-85.744221,37.169813],[-85.686482,37.182427],[-85.632313,37.125056],[-85.526881,37.10945],[-85.503629,37.00768],[-85.445337,36.957226],[-85.45183,36.938138],[-85.560719,36.850857],[-85.601624,36.872196],[-85.596214,36.818039],[-85.613014,36.832717],[-85.739255,36.841476],[-85.75609,37.109835],[-85.776962,37.138328]]]}},{"type":"Feature","properties":{"fips":"48357","name":"Ochiltree","state":"TX"},"geometry":{"type":"Polygon","coordinates":[[[-101.085156,36.499244],[-100.954152157693,36.4995294966262],[-100.884174,36.499682],[-100.592614,36.499469],[-100.546145126097,36.4995051393038],[-100.546724,36.056536],[-101.085716,36.057572],[-101.085156,36.499244]]]}},{"type":"Feature","properties":{"fips":"51081","name":"Greensville","state":"VA"},"geometry":{"type":"Polygon","coordinates":[[[-77.7671039699267,36.5454424093355],[-77.655841,36.713539],[-77.657895,36.894514],[-77.639012,36.873966],[-77.619029,36.877844],[-77.557538,36.845572],[-77.458678,36.862963],[-77.489855,36.720943],[-77.430951,36.707218],[-77.501917,36.670506],[-77.411947,36.652879],[-77.355214,36.554527],[-77.2989182850567,36.546038840401],[-77.749706,36.54552],[-77.7671039699267,36.5454424093355]],[[-77.551229,36.672491],[-77.507331,36.689196],[-77.51445,36.720588],[-77.526448,36.713506],[-77.557345,36.71328],[-77.551229,36.672491]]]}},{"type":"Feature","properties":{"fips":"37015","name":"Bertie","state":"NC"},"geometry":{"type":"Polygon","coordinates":[[[-77.230275,36.104999],[-77.291519,36.168342],[-77.29825,36.207708],[-77.208468,36.246578],[-77.180277,36.242766],[-76.706584,36.243796],[-76.736933,36.150583],[-76.682535,36.030947],[-76.606214,35.978051],[-76.683751,35.953101],[-76.760598,35.864887],[-76.834825,35.88291],[-76.895486,35.813155],[-76.894022,35.861937],[-76.93904,35.90151],[-77.044053,35.861466],[-77.027544,35.929683],[-77.185816,35.930874],[-77.205817,36.005323],[-77.327569,36.071361],[-77.230275,36.104999]]]}},{"type":"Feature","properties":{"fips":"21033","name":"Caldwell","state":"KY"},"geometry":{"type":"Polygon","coordinates":[[[-88.089493,37.222066],[-87.801046,37.379445],[-87.813413,37.350645],[-87.850706,37.321643],[-87.805029,37.241083],[-87.680617,37.149239],[-87.710912,37.021607],[-87.733368,37.002103],[-87.858088,36.950714],[-87.876996,36.960116],[-88.042142,37.174756],[-88.095781,37.179684],[-88.089493,37.222066]]]}},{"type":"Feature","properties":{"fips":"48381","name":"Randall","state":"TX"},"geometry":{"type":"Polygon","coordinates":[[[-102.167471,35.183233],[-101.622941,35.183117],[-101.629257,34.747649],[-101.998493,34.74819],[-102.168839,34.747417],[-102.167471,35.183233]]]}},{"type":"Feature","properties":{"fips":"40007","name":"Beaver","state":"OK"},"geometry":{"type":"Polygon","coordinates":[[[-100.945466793078,36.9982468287288],[-100.855634,36.998626],[-100.633324986158,37.0001736090529],[-100.552683,37.000735],[-100.089481743903,37.0014794694635],[-100.002571514322,37.001619153912],[-100.00316,36.59325],[-100.003761993368,36.4997018487376],[-100.311018,36.499688],[-100.546145126097,36.4995051393038],[-100.592614,36.499469],[-100.884174,36.499682],[-100.954152157693,36.4995294966262],[-100.945466793078,36.9982468287288]]]}},{"type":"Feature","properties":{"fips":"21037","name":"Campbell","state":"KY"},"geometry":{"type":"Polygon","coordinates":[[[-84.493743,39.10246],[-84.480943,39.11676],[-84.462042,39.12176],[-84.445242,39.114461],[-84.432941,39.083961],[-84.40094,39.046362],[-84.326539,39.027463],[-84.3212072268568,39.0205863526894],[-84.297255,38.989694],[-84.288164,38.955789],[-84.232132,38.880483],[-84.2323050454035,38.8747078960317],[-84.387389,38.812323],[-84.418176,38.80662],[-84.450774,38.819526],[-84.4508,38.993609],[-84.5065187374369,39.101766408188],[-84.493743,39.10246]]]}},{"type":"Feature","properties":{"fips":"37007","name":"Anson","state":"NC"},"geometry":{"type":"Polygon","coordinates":[[[-80.276829,35.195722],[-80.172819,35.147847],[-80.112644,35.193882],[-80.075365,35.143081],[-79.992941,35.08559],[-79.923972,35.11543],[-79.877197,35.03531],[-79.849536,34.900006],[-79.9246842531364,34.8078290197515],[-79.927398038772,34.807862590631],[-80.077223,34.809716],[-80.3208325711298,34.813620821544],[-80.276829,35.195722]]]}},{"type":"Feature","properties":{"fips":"40025","name":"Cimarron","state":"OK"},"geometry":{"type":"Polygon","coordinates":[[[-103.002518,36.675186],[-103.001964,36.909573],[-103.002199,37.000104],[-102.841989,36.999598],[-102.698142,36.995149],[-102.355288,36.994506],[-102.04224,36.993083],[-102.028204191045,36.9931451471083],[-102.032339018963,36.5000656730101],[-102.162463,36.500326],[-103.002434,36.500397],[-103.002188,36.602716],[-103.002518,36.675186]]]}},{"type":"Feature","properties":{"fips":"21103","name":"Henry","state":"KY"},"geometry":{"type":"Polygon","coordinates":[[[-85.314006,38.492592],[-85.279627,38.496268],[-85.16827,38.585448],[-85.074583,38.596838],[-84.977166,38.512989],[-84.963265,38.437358],[-84.91223,38.459844],[-84.870482,38.356751],[-84.906256,38.374836],[-84.997667,38.335586],[-85.283082,38.358054],[-85.34608,38.45954],[-85.314006,38.492592]]]}},{"type":"Feature","properties":{"fips":"21179","name":"Nelson","state":"KY"},"geometry":{"type":"Polygon","coordinates":[[[-85.737777,37.81179],[-85.680471,37.81512],[-85.585424,37.906395],[-85.529946,37.947231],[-85.489202,37.990654],[-85.399559,37.939929],[-85.167834,37.971809],[-85.152797,37.897661],[-85.204253,37.846453],[-85.254333,37.866423],[-85.401784,37.730658],[-85.401945,37.730511],[-85.450493,37.685948],[-85.52129,37.554343],[-85.624195,37.540631],[-85.592088,37.693479],[-85.680488,37.732284],[-85.736295,37.781026],[-85.737777,37.81179]]]}},{"type":"Feature","properties":{"fips":"47075","name":"Haywood","state":"TN"},"geometry":{"type":"Polygon","coordinates":[[[-89.502118,35.580621],[-89.401805,35.822657],[-89.356033,35.817635],[-89.338704,35.789273],[-89.069544,35.692679],[-89.078876,35.431428],[-89.182551,35.432816],[-89.183944,35.397126],[-89.474171,35.403039],[-89.469862,35.546566],[-89.502118,35.580621]]]}},{"type":"Feature","properties":{"fips":"48307","name":"McCulloch","state":"TX"},"geometry":{"type":"Polygon","coordinates":[[[-99.603223,31.087296],[-99.60185,31.49195],[-99.511477,31.424401],[-99.402284,31.446198],[-99.314875,31.409875],[-99.202768,31.467234],[-99.098794,31.44847],[-99.090622,31.460927],[-99.092317,30.941002],[-99.484755,30.940605],[-99.603627,30.940726],[-99.603223,31.087296]]]}},{"type":"Feature","properties":{"fips":"48289","name":"Leon","state":"TX"},"geometry":{"type":"Polygon","coordinates":[[[-96.319165,31.357129],[-96.322853,31.374067],[-96.236629,31.413392],[-95.7873,31.618385],[-95.735681,31.653822],[-95.710112,31.615587],[-95.739279,31.504056],[-95.655545,31.32964],[-95.725226,31.271084],[-95.728703,31.164064],[-95.76441,31.094211],[-95.975218,31.091967],[-96.24102,30.973737],[-96.331121,31.252465],[-96.319165,31.357129]]]}},{"type":"Feature","properties":{"fips":"51091","name":"Highland","state":"VA"},"geometry":{"type":"Polygon","coordinates":[[[-79.804093,38.313922],[-79.7346,38.356728],[-79.689675,38.431439],[-79.691088,38.463744],[-79.669128,38.510883],[-79.649075,38.591515],[-79.54257,38.553217],[-79.476638,38.457228],[-79.370302,38.427244],[-79.3112960655144,38.418454601455],[-79.308692,38.382707],[-79.438103,38.216235],[-79.512158,38.180419],[-79.706196,38.221192],[-79.7970135368069,38.2672681211392],[-79.787542,38.273298],[-79.804093,38.313922]]]}},{"type":"Feature","properties":{"fips":"45083","name":"Spartanburg","state":"SC"},"geometry":{"type":"Polygon","coordinates":[[[-82.215996376597,35.1932531051427],[-82.1058516370446,35.1908770736399],[-82.039651,35.189449],[-81.9693584012576,35.1869270884005],[-81.8744102050921,35.183520599502],[-81.807648,35.035624],[-81.775422,34.989501],[-81.755098,34.930323],[-81.714094,34.912865],[-81.782791,34.837211],[-81.851865,34.594775],[-81.863039,34.580211],[-82.004644,34.662349],[-82.145587,34.785208],[-82.165175,34.796537],[-82.22613,34.850175],[-82.215996376597,35.1932531051427]]]}},{"type":"Feature","properties":{"fips":"48261","name":"Kenedy","state":"TX"},"geometry":{"type":"Polygon","coordinates":[[[-97.985887,27.209308],[-97.84134,27.243955],[-97.785102,27.283714],[-97.508863,27.266636],[-97.3468508769557,27.2779588322095],[-97.358469,27.234796],[-97.378697,27.060044],[-97.366872,26.885581],[-97.32275,26.701746],[-97.2875411166858,26.6003398814733],[-97.861688,26.597995],[-97.957405,26.611769],[-97.985303,26.615809],[-97.985494,26.780917],[-97.985887,27.209308]]]}},{"type":"Feature","properties":{"fips":"51735","name":"Poquoson","state":"VA"},"geometry":{"type":"Polygon","coordinates":[[[-76.412885,37.155808],[-76.3471899289676,37.1896444936553],[-76.3431,37.186551],[-76.311088,37.138495],[-76.293126918301,37.1141637008803],[-76.38369,37.11158],[-76.395795,37.107174],[-76.412885,37.155808]]]}},{"type":"Feature","properties":{"fips":"47051","name":"Franklin","state":"TN"},"geometry":{"type":"Polygon","coordinates":[[[-86.318168,35.126986],[-86.306076,35.231178],[-86.245315,35.324051],[-86.261489,35.333579],[-86.158018,35.362607],[-86.02704,35.343837],[-85.913593,35.289189],[-85.873025,35.223362],[-85.863319,35.21106],[-85.8639461118069,34.9870308587481],[-86.311274,34.991098],[-86.3187607654651,34.9910785804428],[-86.318168,35.126986]]]}},{"type":"Feature","properties":{"fips":"13067","name":"Cobb","state":"GA"},"geometry":{"type":"Polygon","coordinates":[[[-84.737839,34.07935],[-84.659241,34.07824],[-84.63653,34.077925],[-84.618238,34.081655],[-84.418926,34.073539],[-84.374666,33.986105],[-84.442745,33.901729],[-84.442637,33.90157],[-84.455146,33.827574],[-84.577932,33.743683],[-84.622692,33.804842],[-84.724142,33.806387],[-84.724094,33.903583],[-84.723066,33.94299],[-84.739576,33.947792],[-84.737839,34.07935]]]}},{"type":"Feature","properties":{"fips":"21061","name":"Edmonson","state":"KY"},"geometry":{"type":"Polygon","coordinates":[[[-86.469126,37.321099],[-86.187534,37.340796],[-86.157589,37.335649],[-86.049133,37.215285],[-86.056443,37.167208],[-86.074267,37.053285],[-86.113512,37.061072],[-86.218607,37.104029],[-86.28175,37.080597],[-86.399165,37.169896],[-86.469126,37.321099]]]}},{"type":"Feature","properties":{"fips":"22009","name":"Avoyelles","state":"LA"},"geometry":{"type":"Polygon","coordinates":[[[-92.280738,30.965071],[-92.208605,30.962171],[-92.227124,31.074759],[-92.23323,31.321545],[-92.086718,31.335374],[-92.025948,31.343009],[-92.008033,31.325809],[-91.990596,31.22521],[-91.926854,31.29483],[-91.83428,31.266344],[-91.677302,31.188047],[-91.719004,31.134616],[-91.723804,31.044254],[-91.750119,31.018814],[-91.796521,30.982842],[-91.802732,30.867697],[-91.815258,30.848107],[-92.212593,30.848609],[-92.237794,30.84828],[-92.280738,30.965071]]]}},{"type":"Feature","properties":{"fips":"37049","name":"Craven","state":"NC"},"geometry":{"type":"Polygon","coordinates":[[[-77.431253,35.32983],[-77.391026,35.339533],[-77.29434,35.379137],[-77.247896,35.354415],[-77.189115,35.418362],[-76.958887,35.301013],[-76.895919,35.253889],[-76.987266,35.15495],[-76.940819,35.119103],[-76.953285,35.021248],[-76.780586,34.950434],[-76.71158,34.981768],[-76.652571,34.937595],[-76.693018,34.86918],[-76.883201,34.844893],[-76.954438,34.809066],[-77.078263,34.811322],[-77.108851,34.83078],[-77.109656,35.068609],[-77.187679,35.081086],[-77.473692,35.228985],[-77.431253,35.32983]]]}},{"type":"Feature","properties":{"fips":"40055","name":"Greer","state":"OK"},"geometry":{"type":"Polygon","coordinates":[[[-99.888444,35.029889],[-99.782949,35.030111],[-99.782727,35.11694],[-99.409291,35.114509],[-99.368367,35.087867],[-99.327788,35.041697],[-99.30622,34.857632],[-99.246462,34.822114],[-99.405821,34.813038],[-99.42319,34.725306],[-99.666849,34.724555],[-99.719797,34.768451],[-99.731092,34.944058],[-99.888222,34.943897],[-99.888444,35.029889]]]}},{"type":"Feature","properties":{"fips":"48129","name":"Donley","state":"TX"},"geometry":{"type":"Polygon","coordinates":[[[-101.086281,35.18214],[-100.538978,35.183144],[-100.540703,34.747723],[-100.944939,34.748281],[-101.090749,34.748246],[-101.086281,35.18214]]]}},{"type":"Feature","properties":{"fips":"51173","name":"Smyth","state":"VA"},"geometry":{"type":"Polygon","coordinates":[[[-81.780545,36.958629],[-81.682786,36.932934],[-81.474539,37.018476],[-81.43673,37.010135],[-81.379402,36.952442],[-81.326985,36.899752],[-81.261987,36.763033],[-81.543957,36.701517],[-81.605865,36.638079],[-81.625477,36.646311],[-81.699561,36.789316],[-81.837096,36.929039],[-81.780545,36.958629]]]}},{"type":"Feature","properties":{"fips":"37005","name":"Alleghany","state":"NC"},"geometry":{"type":"Polygon","coordinates":[[[-81.3532212246022,36.5762382311564],[-81.176712,36.571926],[-81.061866,36.56702],[-80.901726,36.561751],[-80.901661118921,36.561751187168],[-80.973643,36.453474],[-80.967153,36.40202],[-81.026688,36.373195],[-81.095112,36.440773],[-81.162956,36.432515],[-81.253552,36.366622],[-81.244244,36.385105],[-81.3532212246022,36.5762382311564]]]}},{"type":"Feature","properties":{"fips":"51011","name":"Appomattox","state":"VA"},"geometry":{"type":"Polygon","coordinates":[[[-78.949942,37.503142],[-78.869245,37.542092],[-78.825238,37.552542],[-78.635714,37.416193],[-78.630175,37.38425],[-78.594436,37.397974],[-78.594483,37.344949],[-78.681573,37.248759],[-78.777081,37.229179],[-78.824209,37.205361],[-78.921417,37.245786],[-79.021687,37.429243],[-78.949942,37.503142]]]}},{"type":"Feature","properties":{"fips":"01039","name":"Covington","state":"AL"},"geometry":{"type":"Polygon","coordinates":[[[-86.702446,31.345397],[-86.662082,31.402798],[-86.701554,31.523946],[-86.499213,31.525331],[-86.39994,31.527128],[-86.398536,31.451325],[-86.280155,31.52851],[-86.277031,31.455602],[-86.193951,31.440072],[-86.196091,31.410348],[-86.193476,31.192213],[-86.190559,31.01363],[-86.1872480489813,30.9940667234622],[-86.364974,30.994437],[-86.3886446620004,30.9945282152752],[-86.563494,30.995202],[-86.6882409642461,30.9962018900015],[-86.700251,31.008901],[-86.700282,31.192217],[-86.702446,31.345397]]]}},{"type":"Feature","properties":{"fips":"12017","name":"Citrus","state":"FL"},"geometry":{"type":"Polygon","coordinates":[[[-82.7555738086957,29.0009301182604],[-82.712039,29.030834],[-82.612653,29.009271],[-82.535591,29.044855],[-82.458566,29.04765],[-82.349612,28.988672],[-82.311697,28.960391],[-82.169141,28.792954],[-82.263052,28.667634],[-82.417684,28.665897],[-82.418353,28.694859],[-82.6687096341287,28.6940772618211],[-82.668722,28.695658],[-82.712373,28.720921],[-82.713121,28.800283],[-82.730245,28.850155],[-82.688864,28.905609],[-82.723861,28.953506],[-82.7555738086957,29.0009301182604]]]}},{"type":"Feature","properties":{"fips":"21225","name":"Union","state":"KY"},"geometry":{"type":"Polygon","coordinates":[[[-88.160062,37.654332],[-88.132341,37.697142],[-88.059588,37.742608],[-88.02803,37.799224],[-87.970262,37.781856],[-87.935861,37.789703],[-87.903804,37.817762],[-87.938128,37.870651],[-87.9253933817098,37.8995914771373],[-87.815093,37.762423],[-87.762235,37.762654],[-87.734545,37.638376],[-87.932952,37.480052],[-88.015572,37.54721],[-88.0662484288003,37.5041305345896],[-88.072242,37.528826],[-88.131622,37.572968],[-88.1324310565063,37.5752826298727],[-88.160062,37.654332]]]}},{"type":"Feature","properties":{"fips":"13265","name":"Taliaferro","state":"GA"},"geometry":{"type":"Polygon","coordinates":[[[-83.014038,33.580383],[-82.951163,33.661272],[-82.995602,33.693583],[-82.949046,33.733333],[-82.938246,33.714707],[-82.879716,33.620748],[-82.812958,33.655836],[-82.679975,33.599792],[-82.751275,33.510143],[-82.815315,33.521137],[-82.866605,33.466599],[-82.851954,33.443543],[-82.983657,33.447677],[-83.012853,33.469178],[-83.014038,33.580383]]]}},{"type":"Feature","properties":{"fips":"51153","name":"Prince William","state":"VA"},"geometry":{"type":"Polygon","coordinates":[[[-77.655169,38.942656],[-77.55224,38.886588],[-77.548752,38.846609],[-77.535991,38.847368],[-77.443539,38.80377],[-77.41352,38.772681],[-77.411324,38.744667],[-77.3806,38.737542],[-77.369465,38.710283],[-77.359123,38.723761],[-77.332296,38.716525],[-77.326141,38.702046],[-77.239495,38.666534],[-77.2259810335041,38.6033462530533],[-77.274031,38.550144],[-77.3006322180696,38.5046984048155],[-77.487481,38.591845],[-77.531328,38.55655],[-77.579484,38.627653],[-77.71582,38.83883],[-77.655169,38.942656]],[[-77.506239,38.706106],[-77.514999,38.735829],[-77.471111,38.727711],[-77.451642,38.738337],[-77.458695,38.772319],[-77.443495,38.763791],[-77.442056,38.750903],[-77.439148,38.759181],[-77.427332,38.753598],[-77.419425,38.769731],[-77.422013,38.776644],[-77.440333,38.783473],[-77.444875,38.770495],[-77.459499,38.778395],[-77.458507,38.787394],[-77.473228,38.788409],[-77.475584,38.781112],[-77.495453,38.770649],[-77.526661,38.733201],[-77.506239,38.706106]]]}},{"type":"Feature","properties":{"fips":"05029","name":"Conway","state":"AR"},"geometry":{"type":"Polygon","coordinates":[[[-93.040124,35.109496],[-92.900911,35.169993],[-92.855096,35.173839],[-92.850951,35.462959],[-92.479558,35.455553],[-92.481468,35.368417],[-92.484883,35.275489],[-92.52772,35.230787],[-92.521689,35.114597],[-92.554443,35.113418],[-92.62995,35.076032],[-93.040561,35.07688],[-93.040124,35.109496]]]}},{"type":"Feature","properties":{"fips":"47167","name":"Tipton","state":"TN"},"geometry":{"type":"Polygon","coordinates":[[[-90.037615,35.550329],[-89.958498,35.541703],[-89.944754,35.560308],[-89.909698,35.537955],[-89.7952,35.63529],[-89.622929,35.652326],[-89.609566,35.637087],[-89.60413,35.625096],[-89.502118,35.580621],[-89.469862,35.546566],[-89.474171,35.403039],[-89.616176,35.388662],[-89.632776,35.375824],[-89.70248,35.408584],[-89.849825,35.39121],[-89.855372,35.391],[-90.039777,35.396531],[-90.045306,35.415435],[-90.022064,35.457375],[-90.045805,35.496533],[-90.037615,35.550329]]]}},{"type":"Feature","properties":{"fips":"21215","name":"Spencer","state":"KY"},"geometry":{"type":"Polygon","coordinates":[[[-85.516882,38.011267],[-85.42883,38.118383],[-85.424054,38.147438],[-85.232406,38.089431],[-85.101646,38.03727],[-85.169359,37.997576],[-85.167834,37.971809],[-85.399559,37.939929],[-85.489202,37.990654],[-85.516882,38.011267]]]}},{"type":"Feature","properties":{"fips":"28067","name":"Jones","state":"MS"},"geometry":{"type":"Polygon","coordinates":[[[-89.401227,31.796863],[-89.31656,31.80209],[-89.264668,31.80523],[-88.943355,31.824565],[-88.943169,31.784214],[-88.943468,31.433458],[-89.146092,31.434052],[-89.399178,31.434029],[-89.401227,31.796863]]]}},{"type":"Feature","properties":{"fips":"37027","name":"Caldwell","state":"NC"},"geometry":{"type":"Polygon","coordinates":[[[-81.810516,36.111511],[-81.674833,36.122619],[-81.545488,36.117475],[-81.397773,36.066431],[-81.328324,35.996583],[-81.343993,35.824163],[-81.334272,35.796281],[-81.363796,35.767802],[-81.555994,35.777538],[-81.709749,35.875003],[-81.807162,35.961955],[-81.735673,36.067584],[-81.810516,36.111511]]]}},{"type":"Feature","properties":{"fips":"45067","name":"Marion","state":"SC"},"geometry":{"type":"Polygon","coordinates":[[[-79.54793,34.230913],[-79.480712,34.288081],[-79.380264,34.300572],[-79.21432,34.255539],[-79.128165,34.253652],[-79.126681,34.235362],[-79.207787,34.153877],[-79.247574,34.057269],[-79.302341,34.032219],[-79.339076,33.969722],[-79.256829,33.878969],[-79.260283,33.814854],[-79.190264,33.705787],[-79.246384,33.695347],[-79.317041,33.779878],[-79.324317,33.799123],[-79.51694,33.99398],[-79.515308,34.097207],[-79.571834,34.183689],[-79.54793,34.230913]]]}},{"type":"Feature","properties":{"fips":"48265","name":"Kerr","state":"TX"},"geometry":{"type":"Polygon","coordinates":[[[-99.754142,30.290698],[-99.301718,30.286653],[-99.300988,30.134298],[-98.920147,30.13829],[-98.917725,29.781398],[-99.176988,29.895063],[-99.602776,29.907679],[-99.691215,29.908582],[-99.689879,30.073948],[-99.757621,30.074132],[-99.754142,30.290698]]]}},{"type":"Feature","properties":{"fips":"48279","name":"Lamb","state":"TX"},"geometry":{"type":"Polygon","coordinates":[[[-102.61515,34.312891],[-102.525631,34.313034],[-102.090415,34.313132],[-102.085733,33.824675],[-102.615447,33.825121],[-102.61515,34.312891]]]}},{"type":"Feature","properties":{"fips":"51195","name":"Wise","state":"VA"},"geometry":{"type":"Polygon","coordinates":[[[-82.865192,36.920923],[-82.869183,36.974182],[-82.815748,37.007196],[-82.750715,37.024107],[-82.722254,37.057948],[-82.726294,37.111852],[-82.565275702797,37.1959011068831],[-82.558178,37.199606],[-82.5536395449037,37.2014503744627],[-82.546135,37.125118],[-82.467345,37.022136],[-82.361944,36.955715],[-82.32783,36.970982],[-82.298596,36.905761],[-82.406633,36.876356],[-82.411098,36.885044],[-82.61774,36.880773],[-82.771595,36.800031],[-82.847362,36.847663],[-82.8837542129764,36.8971301366542],[-82.865192,36.920923]],[[-82.653723,36.917656],[-82.614969,36.90506],[-82.621684,36.929167],[-82.591018,36.935344],[-82.5937,36.955963],[-82.633568,36.952207],[-82.662395,36.918519],[-82.653723,36.917656]]]}},{"type":"Feature","properties":{"fips":"51049","name":"Cumberland","state":"VA"},"geometry":{"type":"Polygon","coordinates":[[[-78.465089,37.339677],[-78.249021,37.635546],[-78.239748,37.690495],[-78.18099,37.744959],[-78.159326,37.748528],[-78.093798,37.70945],[-78.072174,37.657385],[-78.089466,37.639415],[-78.132048,37.454686],[-78.185002,37.444552],[-78.235039,37.368102],[-78.35275,37.301606],[-78.465089,37.339677]]]}},{"type":"Feature","properties":{"fips":"37195","name":"Wilson","state":"NC"},"geometry":{"type":"Polygon","coordinates":[[[-78.192117,35.730545],[-77.844737,35.837618],[-77.828444,35.867208],[-77.751339,35.827794],[-77.718436,35.728823],[-77.665131,35.674935],[-77.700692,35.652295],[-77.801777,35.586205],[-77.822511,35.585383],[-78.048572,35.595877],[-78.064784,35.585263],[-78.125539,35.603107],[-78.192117,35.730545]]]}},{"type":"Feature","properties":{"fips":"28097","name":"Montgomery","state":"MS"},"geometry":{"type":"Polygon","coordinates":[[[-89.78689,33.676727],[-89.506872,33.677605],[-89.506496,33.459806],[-89.381092,33.460307],[-89.45405,33.4332],[-89.453808,33.285942],[-89.64528,33.285515],[-89.646314,33.402544],[-89.785227,33.416275],[-89.78689,33.676727]]]}},{"type":"Feature","properties":{"fips":"12081","name":"Manatee","state":"FL"},"geometry":{"type":"Polygon","coordinates":[[[-82.719852,27.528933],[-82.65072,27.523115],[-82.584629,27.596021],[-82.5528872070636,27.6454475963655],[-82.5447404124373,27.6581333425825],[-82.054349,27.646382],[-82.055753,27.338264],[-82.056497,27.207769],[-82.253596,27.208916],[-82.252264,27.386243],[-82.6481706168595,27.38972],[-82.691821,27.437218],[-82.743017,27.531086],[-82.719852,27.528933]]]}},{"type":"Feature","properties":{"fips":"13083","name":"Dade","state":"GA"},"geometry":{"type":"Polygon","coordinates":[[[-85.605165,34.984678],[-85.4743388431343,34.9836733267911],[-85.384967,34.982987],[-85.3639190289311,34.9833765631405],[-85.43371,34.875077],[-85.450561,34.831677],[-85.450409,34.759241],[-85.49053,34.69911],[-85.490795,34.669449],[-85.5344052578154,34.6237903384358],[-85.561424,34.750079],[-85.5828123337853,34.8604354744776],[-85.595165,34.924171],[-85.605165,34.984678]]]}},{"type":"Feature","properties":{"fips":"21041","name":"Carroll","state":"KY"},"geometry":{"type":"Polygon","coordinates":[[[-85.275454,38.741172],[-85.238665,38.722494],[-85.2017606225486,38.6974407918463],[-85.187278,38.687609],[-85.146861,38.695427],[-85.071928,38.741567],[-85.0210522365665,38.7585272930799],[-84.962671,38.679586],[-84.934536,38.66213],[-84.941649,38.650654],[-85.074583,38.596838],[-85.16827,38.585448],[-85.211375,38.580216],[-85.3326407337514,38.7348167543477],[-85.275454,38.741172]]]}},{"type":"Feature","properties":{"fips":"28153","name":"Wayne","state":"MS"},"geometry":{"type":"Polygon","coordinates":[[[-88.943169,31.784214],[-88.943355,31.824565],[-88.910459,31.826649],[-88.640723,31.853912],[-88.4686624840513,31.8938557116156],[-88.468669,31.790722],[-88.4636253046849,31.6979423713502],[-88.459478,31.621652],[-88.4494460690171,31.4358368612776],[-88.841707,31.433703],[-88.943468,31.433458],[-88.943169,31.784214]]]}},{"type":"Feature","properties":{"fips":"45039","name":"Fairfield","state":"SC"},"geometry":{"type":"Polygon","coordinates":[[[-81.427545,34.529482],[-81.422698,34.572019],[-80.877596,34.54315],[-80.898722,34.486694],[-80.879227,34.457776],[-80.769926,34.377111],[-80.825921,34.26876],[-81.095863,34.213872],[-81.181196,34.220285],[-81.178293,34.174552],[-81.316911,34.239458],[-81.342297,34.266928],[-81.423241,34.494379],[-81.427545,34.529482]]]}},{"type":"Feature","properties":{"fips":"01097","name":"Mobile","state":"AL"},"geometry":{"type":"Polygon","coordinates":[[[-88.432007,31.114298],[-88.329782,31.143821],[-88.19693,31.144044],[-88.022649,31.144267],[-87.999999,31.163831],[-87.972869,31.162694],[-87.941152,31.048161],[-87.965187,30.967784],[-87.92429,30.935405],[-87.979688,30.888993],[-87.944546,30.827046],[-88.016698,30.781087],[-88.026319,30.753358],[-88.008396,30.684956],[-88.0094372213328,30.6841777355192],[-88.061998,30.644891],[-88.064898,30.588292],[-88.081617,30.546317],[-88.103768,30.500903],[-88.105699,30.401865],[-88.136173,30.320729],[-88.195664,30.321242],[-88.257764,30.318933],[-88.311608,30.368908],[-88.364022,30.388006],[-88.395023,30.369425],[-88.403931,30.543359],[-88.41227,30.731771],[-88.4124674313592,30.7355974592153],[-88.4150475999783,30.7856042566701],[-88.4260209637871,30.9982813574303],[-88.432007,31.114298]]]}},{"type":"Feature","properties":{"fips":"28095","name":"Monroe","state":"MS"},"geometry":{"type":"Polygon","coordinates":[[[-88.719979,33.81133],[-88.718964,34.074521],[-88.712454,34.089241],[-88.543352,34.089044],[-88.2035834952194,34.0865277314681],[-88.207229,34.058333],[-88.2483874739095,33.7449075948817],[-88.323964,33.745951],[-88.40656,33.673342],[-88.513937,33.650468],[-88.490978,33.673726],[-88.719626,33.680253],[-88.719979,33.81133]]]}},{"type":"Feature","properties":{"fips":"21001","name":"Adair","state":"KY"},"geometry":{"type":"Polygon","coordinates":[[[-85.526881,37.10945],[-85.380258,37.168314],[-85.352771,37.192432],[-85.312291,37.246405],[-85.192542,37.272139],[-85.165174,37.310396],[-85.056898,37.257041],[-85.043316,37.186028],[-85.205831,36.996862],[-85.232026,36.925069],[-85.45183,36.938138],[-85.445337,36.957226],[-85.503629,37.00768],[-85.526881,37.10945]]]}},{"type":"Feature","properties":{"fips":"21203","name":"Rockcastle","state":"KY"},"geometry":{"type":"Polygon","coordinates":[[[-84.446719,37.485893],[-84.37444,37.472663],[-84.347805,37.539064],[-84.268112,37.51531],[-84.199489,37.522858],[-84.12913,37.357835],[-84.137898,37.319759],[-84.254315,37.239082],[-84.289076,37.15174],[-84.303191,37.166118],[-84.502932,37.328801],[-84.446719,37.485893]]]}},{"type":"Feature","properties":{"fips":"47081","name":"Hickman","state":"TN"},"geometry":{"type":"Polygon","coordinates":[[[-87.71676,35.83875],[-87.70696,35.905884],[-87.532493,35.96946],[-87.53453,35.993074],[-87.204242,35.959186],[-87.201426,35.940579],[-87.215099,35.850651],[-87.25561,35.700516],[-87.339232,35.65911],[-87.459587,35.615124],[-87.586867,35.653304],[-87.658189,35.609349],[-87.74375,35.663952],[-87.71676,35.83875]]]}},{"type":"Feature","properties":{"fips":"48463","name":"Uvalde","state":"TX"},"geometry":{"type":"Polygon","coordinates":[[[-100.112098,29.623263],[-100.014188,29.623495],[-99.60313,29.627181],[-99.411817,29.627514],[-99.41388,29.091335],[-100.111406,29.086318],[-100.112098,29.623263]]]}},{"type":"Feature","properties":{"fips":"05123","name":"St. Francis","state":"AR"},"geometry":{"type":"Polygon","coordinates":[[[-91.14975,35.002469],[-91.045445,35.001048],[-91.042566,35.148188],[-90.503031,35.144215],[-90.400438,35.148231],[-90.408539,34.904021],[-91.09921,34.911635],[-91.100029,34.867127],[-91.152457,34.911847],[-91.14975,35.002469]]]}},{"type":"Feature","properties":{"fips":"13081","name":"Crisp","state":"GA"},"geometry":{"type":"Polygon","coordinates":[[[-83.961278,32.030595],[-83.609663,32.027938],[-83.612256,31.854089],[-83.612642,31.804128],[-83.802723,31.803579],[-83.845481,31.831555],[-83.939437,31.847929],[-83.922494,31.909653],[-83.920102,31.927242],[-83.961278,32.030595]]]}},{"type":"Feature","properties":{"fips":"13025","name":"Brantley","state":"GA"},"geometry":{"type":"Polygon","coordinates":[[[-82.284561,31.224449],[-82.194824,31.20759],[-82.100067,31.27671],[-81.997162,31.288679],[-82.041129,31.373721],[-81.923238,31.345875],[-81.801052,31.363737],[-81.731694,31.330048],[-81.782554,31.170608],[-81.766241,31.16965],[-81.840671,31.097665],[-81.936749,31.060787],[-81.936006,31.047993],[-82.06087,31.075809],[-82.081207,31.01063],[-82.131698,31.010714],[-82.208262,31.084768],[-82.208732,31.170938],[-82.284561,31.224449]]]}},{"type":"Feature","properties":{"fips":"22081","name":"Red River","state":"LA"},"geometry":{"type":"Polygon","coordinates":[[[-93.61469,32.237526],[-93.469441,32.237181],[-93.428644,32.235273],[-93.213143,32.235757],[-93.187138,32.148509],[-93.121188,31.97261],[-93.23847,31.972781],[-93.239501,31.90352],[-93.355452,31.932222],[-93.441506,31.98918],[-93.539553,32.102167],[-93.535963,32.193126],[-93.61469,32.237526]]]}},{"type":"Feature","properties":{"fips":"37163","name":"Sampson","state":"NC"},"geometry":{"type":"Polygon","coordinates":[[[-78.672286,35.085244],[-78.617114,35.245718],[-78.583451,35.296779],[-78.538349,35.31641],[-78.491897,35.263319],[-78.450167,35.258625],[-78.411734,35.254663],[-78.30658,35.287604],[-78.246217,35.225996],[-78.173532,35.207348],[-78.16342,35.189716],[-78.147129,34.902506],[-78.198642,34.741637],[-78.114007,34.721795],[-78.113995,34.706876],[-78.254441,34.553595],[-78.251973,34.561855],[-78.323538,34.665662],[-78.494705,34.856182],[-78.546074,34.915851],[-78.641049,34.988801],[-78.672286,35.085244]]]}},{"type":"Feature","properties":{"fips":"47129","name":"Morgan","state":"TN"},"geometry":{"type":"Polygon","coordinates":[[[-84.875842,36.285092],[-84.797861,36.296894],[-84.700785,36.370824],[-84.699555,36.36948],[-84.573741,36.229977],[-84.441034,36.163478],[-84.449734,36.141677],[-84.341812,36.048977],[-84.446054,35.985984],[-84.603763,35.954009],[-84.680633,35.908454],[-84.720727,35.994914],[-84.80546,36.090501],[-84.907753,36.156293],[-84.875842,36.285092]]]}},{"type":"Feature","properties":{"fips":"48451","name":"Tom Green","state":"TX"},"geometry":{"type":"Polygon","coordinates":[[[-101.26763,31.556462],[-100.865256,31.562294],[-100.861099,31.705418],[-100.82537,31.696155],[-100.235761,31.69297],[-100.233783,31.582196],[-100.111234,31.580267],[-100.115216,31.087994],[-100.688764,31.086576],[-100.693065,31.523954],[-101.267947,31.528688],[-101.26763,31.556462]]]}},{"type":"Feature","properties":{"fips":"48411","name":"San Saba","state":"TX"},"geometry":{"type":"Polygon","coordinates":[[[-99.092317,30.941002],[-99.090622,31.460927],[-99.041741,31.490302],[-98.991608,31.484071],[-98.933188,31.436928],[-98.8725,31.444299],[-98.854292,31.413425],[-98.7244,31.427174],[-98.696634,31.407287],[-98.713131,31.34883],[-98.65456,31.370022],[-98.643921,31.31407],[-98.587268,31.325463],[-98.626926,31.281182],[-98.562732,31.230443],[-98.510341,31.155666],[-98.527504,31.091171],[-98.439711,31.029647],[-98.418746,30.92626],[-98.445782,30.921439],[-98.964612,30.921368],[-99.091886,30.921966],[-99.092317,30.941002]]]}},{"type":"Feature","properties":{"fips":"51670","name":"Hopewell","state":"VA"},"geometry":{"type":"Polygon","coordinates":[[[-77.335015,37.314564],[-77.324356,37.308775],[-77.319081,37.308326],[-77.304713,37.311725],[-77.297606,37.312542],[-77.295912,37.309486],[-77.296501,37.312661],[-77.289844,37.313876],[-77.287284,37.316852],[-77.284019,37.313012],[-77.273351,37.316465],[-77.25247,37.295192],[-77.260648,37.282763],[-77.304852,37.262421],[-77.328318,37.271946],[-77.335666,37.313039],[-77.335015,37.314564]]]}},{"type":"Feature","properties":{"fips":"51197","name":"Wythe","state":"VA"},"geometry":{"type":"Polygon","coordinates":[[[-81.379402,36.952442],[-81.224624,37.047835],[-81.114319,37.022612],[-80.912674,37.073349],[-80.893249,37.027399],[-80.740483,36.879001],[-80.812735,36.853232],[-81.042428,36.806448],[-81.08851,36.767422],[-81.261987,36.763033],[-81.326985,36.899752],[-81.379402,36.952442]]]}},{"type":"Feature","properties":{"fips":"40081","name":"Lincoln","state":"OK"},"geometry":{"type":"Polygon","coordinates":[[[-97.141066,35.724401],[-97.140583,35.941991],[-96.619655,35.941571],[-96.620828,35.639005],[-96.624681,35.462707],[-97.14149,35.463977],[-97.141066,35.724401]]]}},{"type":"Feature","properties":{"fips":"21127","name":"Lawrence","state":"KY"},"geometry":{"type":"Polygon","coordinates":[[[-83.022115,38.007047],[-82.888644,38.112806],[-82.924805,38.175114],[-82.8232,38.208264],[-82.794206,38.243772],[-82.614304,38.266078],[-82.5846938141256,38.2405129933697],[-82.598864,38.201007],[-82.626182,38.134835],[-82.549407,38.063063],[-82.464987,37.976859],[-82.479420123223,37.9385625246981],[-82.580864,37.954074],[-82.612393,37.879272],[-82.831615,37.967884],[-82.952043,38.000316],[-82.989014,37.963968],[-83.022115,38.007047]]]}},{"type":"Feature","properties":{"fips":"21209","name":"Scott","state":"KY"},"geometry":{"type":"Polygon","coordinates":[[[-84.740594,38.352415],[-84.705988,38.370102],[-84.580539,38.473039],[-84.557375,38.492917],[-84.468064,38.39316],[-84.432841,38.299569],[-84.442661,38.283236],[-84.419918,38.214245],[-84.401847,38.207889],[-84.609533,38.133546],[-84.625079,38.116397],[-84.648473,38.177136],[-84.725168,38.195426],[-84.730989,38.216338],[-84.740594,38.352415]]]}},{"type":"Feature","properties":{"fips":"28091","name":"Marion","state":"MS"},"geometry":{"type":"Polygon","coordinates":[[[-90.040485,31.394673],[-89.95894,31.390489],[-89.823332,31.390021],[-89.824236,31.434093],[-89.654212,31.433805],[-89.654038,31.002502],[-89.7281756901606,31.0023138879841],[-89.728147,31.002431],[-89.8359078243282,31.0021014231176],[-89.835873,31.074926],[-89.920944,31.074677],[-89.938178,31.132949],[-90.031896,31.175727],[-90.040466,31.336014],[-90.040485,31.394673]]]}},{"type":"Feature","properties":{"fips":"24039","name":"Somerset","state":"MD"},"geometry":{"type":"Polygon","coordinates":[[[-76.0621640657941,38.0953507257427],[-76.031616,38.147548],[-75.948454,38.21596],[-75.880978,38.217595],[-75.768671,38.285183],[-75.662679,38.298845],[-75.612764,38.278626],[-75.545898,38.17874],[-75.54087,38.08948],[-75.661827,38.041853],[-75.624341,37.994211],[-75.669711,37.950796],[-75.697023,37.956582],[-75.76164,37.941358],[-75.801207,37.912183],[-75.927351,37.908457],[-75.943691,37.946125],[-75.993336,37.953479],[-76.04653,37.953586],[-76.0478,38.016291],[-76.008069,38.054757],[-76.017159,38.078277],[-76.059243,38.092818],[-76.0621640657941,38.0953507257427]]]}},{"type":"Feature","properties":{"fips":"01105","name":"Perry","state":"AL"},"geometry":{"type":"Polygon","coordinates":[[[-87.525198,32.655713],[-87.473915,32.655867],[-87.472174,32.83062],[-87.4212,32.874508],[-87.319473,32.875124],[-87.319184,32.831522],[-87.019157,32.837034],[-87.017762,32.729532],[-87.110817,32.489948],[-87.423153,32.482965],[-87.421744,32.308101],[-87.47308,32.307614],[-87.52429,32.307293],[-87.524485,32.482028],[-87.525198,32.655713]]]}},{"type":"Feature","properties":{"fips":"05043","name":"Drew","state":"AR"},"geometry":{"type":"Polygon","coordinates":[[[-92.015153,33.453834],[-91.976159,33.529686],[-91.97588,33.704417],[-91.975866,33.791726],[-91.663738,33.792246],[-91.557656,33.783322],[-91.450284,33.780543],[-91.453462,33.563675],[-91.451202,33.507806],[-91.45737,33.388974],[-91.990179,33.398292],[-92.015153,33.453834]]]}},{"type":"Feature","properties":{"fips":"12069","name":"Lake","state":"FL"},"geometry":{"type":"Polygon","coordinates":[[[-81.95346,28.886991],[-81.95419,28.960053],[-81.658698,28.960345],[-81.638696,29.04776],[-81.641916,29.276766],[-81.61234,29.202943],[-81.531262,29.176621],[-81.502055,29.097802],[-81.354682,28.984807],[-81.352767,28.923117],[-81.36694,28.879227],[-81.37238,28.8689],[-81.419555,28.815181],[-81.414682,28.785564],[-81.592971,28.78597],[-81.646513,28.785872],[-81.658597,28.766442],[-81.657268,28.347098],[-81.673781,28.347024],[-81.790727,28.346413],[-81.866497,28.345665],[-81.957641,28.34518],[-81.95346,28.886991]]]}},{"type":"Feature","properties":{"fips":"54009","name":"Brooke","state":"WV"},"geometry":{"type":"Polygon","coordinates":[[[-80.6839113272511,40.1874431522076],[-80.644598,40.25127],[-80.606596,40.303869],[-80.631596,40.385468],[-80.6273626299369,40.3951709330172],[-80.573784,40.399755],[-80.5190296911941,40.3996410563407],[-80.519039,40.342101],[-80.5190843704566,40.1596719951181],[-80.664006,40.178947],[-80.6839113272511,40.1874431522076]]]}},{"type":"Feature","properties":{"fips":"21143","name":"Lyon","state":"KY"},"geometry":{"type":"Polygon","coordinates":[[[-88.209221,36.999976],[-88.231145,37.081575],[-88.193519,37.147256],[-88.183675,37.126115],[-88.095781,37.179684],[-88.042142,37.174756],[-87.876996,36.960116],[-88.002697,36.910168],[-88.157347,36.867183],[-88.189389,36.935549],[-88.240371,36.981911],[-88.209221,36.999976]]]}},{"type":"Feature","properties":{"fips":"21145","name":"McCracken","state":"KY"},"geometry":{"type":"Polygon","coordinates":[[[-88.931745,37.227593],[-88.9278935494308,37.226353966835],[-88.835051,37.196486],[-88.753068,37.154701],[-88.693983,37.141155],[-88.61144,37.112745],[-88.5610581316174,37.0840080816083],[-88.531576,37.067192],[-88.4904810043425,37.0679561064856],[-88.48380327698,37.0680802698954],[-88.482957,37.022566],[-88.485254,37.001109],[-88.484103,36.942096],[-88.812897,36.946864],[-88.815952,36.9541],[-88.9335100599741,37.2275116098343],[-88.931745,37.227593]]]}},{"type":"Feature","properties":{"fips":"21159","name":"Martin","state":"KY"},"geometry":{"type":"Polygon","coordinates":[[[-82.670812,37.852091],[-82.612393,37.879272],[-82.580864,37.954074],[-82.479420123223,37.9385625246981],[-82.487556,37.916975],[-82.41869,37.872375],[-82.3984648162589,37.8430541504629],[-82.369973,37.801749],[-82.327356,37.762233],[-82.3206749571778,37.7459658434594],[-82.413011,37.712465],[-82.404105,37.671302],[-82.563561,37.684844],[-82.576605,37.694385],[-82.64075,37.720182],[-82.670812,37.852091]]]}},{"type":"Feature","properties":{"fips":"37085","name":"Harnett","state":"NC"},"geometry":{"type":"Polygon","coordinates":[[[-79.183556,35.307161],[-78.96964,35.521669],[-78.916067,35.584102],[-78.776452,35.540476],[-78.708902,35.519458],[-78.660555,35.496245],[-78.529851,35.334935],[-78.538349,35.31641],[-78.583451,35.296779],[-78.617114,35.245718],[-78.794564,35.266047],[-78.935534,35.218734],[-78.998037,35.21413],[-79.095808,35.192068],[-79.223021,35.268133],[-79.183556,35.307161]]]}},{"type":"Feature","properties":{"fips":"21205","name":"Rowan","state":"KY"},"geometry":{"type":"Polygon","coordinates":[[[-83.564335,38.216606],[-83.50716,38.269447],[-83.452848,38.381799],[-83.412003,38.396446],[-83.341347,38.319521],[-83.341232,38.317651],[-83.301174,38.210033],[-83.244306,38.19238],[-83.247194,38.185361],[-83.259942,38.190083],[-83.264341,38.187422],[-83.248937,38.18025],[-83.243324,38.176098],[-83.23793,38.177722],[-83.226762,38.173792],[-83.215454,38.177072],[-83.205257,38.175513],[-83.199219,38.168998],[-83.263289,38.115386],[-83.430638,38.046959],[-83.433942,38.033974],[-83.463408,38.016975],[-83.498846,38.05062],[-83.462805,38.070652],[-83.53442,38.094693],[-83.635195,38.187525],[-83.564335,38.216606]]]}},{"type":"Feature","properties":{"fips":"22031","name":"De Soto","state":"LA"},"geometry":{"type":"Polygon","coordinates":[[[-94.0426959391654,32.1960649748209],[-93.951212,32.195625],[-93.856503,32.276393],[-93.824479,32.302211],[-93.795678,32.337476],[-93.752707,32.342375],[-93.623519,32.282854],[-93.61469,32.237526],[-93.535963,32.193126],[-93.539553,32.102167],[-93.441506,31.98918],[-93.355452,31.932222],[-93.419781,31.934058],[-93.441171,31.845233],[-93.713534,31.845246],[-93.8782518953866,31.8442765572456],[-93.909557,31.893144],[-93.977461,31.926419],[-94.029428406596,31.979686964168],[-94.041833,31.992402],[-94.042681,32.137956],[-94.0426959391654,32.1960649748209]]]}},{"type":"Feature","properties":{"fips":"51107","name":"Loudoun","state":"VA"},"geometry":{"type":"Polygon","coordinates":[[[-77.862825,39.080979],[-77.8283018332673,39.1324224548325],[-77.828157,39.132329],[-77.809125,39.168567],[-77.778068,39.229305],[-77.719519,39.321314],[-77.6776957620787,39.317940817088],[-77.66613,39.317008],[-77.588235,39.301955],[-77.553114,39.279268],[-77.496606,39.251045],[-77.4600656264978,39.2188429438594],[-77.459883,39.218682],[-77.485971,39.185665],[-77.521222,39.161057],[-77.519929,39.120925],[-77.481279,39.105658],[-77.462617,39.076248],[-77.359702,39.062004],[-77.3429916044968,39.0585948705951],[-77.3300377059541,39.0559521134909],[-77.496821,38.887154],[-77.535991,38.847368],[-77.548752,38.846609],[-77.55224,38.886588],[-77.655169,38.942656],[-77.962203,39.013733],[-77.862825,39.080979]]]}},{"type":"Feature","properties":{"fips":"51139","name":"Page","state":"VA"},"geometry":{"type":"Polygon","coordinates":[[[-78.641769,38.604719],[-78.54894,38.738542],[-78.50926,38.725626],[-78.394704,38.82279],[-78.290403,38.780373],[-78.284805,38.759315],[-78.318775,38.737866],[-78.338176,38.627312],[-78.442767,38.527775],[-78.452801,38.475527],[-78.48574,38.421579],[-78.548833,38.426698],[-78.691312,38.510008],[-78.641769,38.604719]]]}},{"type":"Feature","properties":{"fips":"01003","name":"Baldwin","state":"AL"},"geometry":{"type":"Polygon","coordinates":[[[-88.016698,30.781087],[-87.944546,30.827046],[-87.979688,30.888993],[-87.92429,30.935405],[-87.965187,30.967784],[-87.941152,31.048161],[-87.972869,31.162694],[-87.946588,31.19293],[-87.913637,31.187356],[-87.785775,31.282944],[-87.803517,31.319007],[-87.765152,31.297346],[-87.714287,31.302117],[-87.61589,31.244458],[-87.61553,31.007724],[-87.5988289462621,30.9974221769053],[-87.598937,30.997422],[-87.592064,30.95146],[-87.634943,30.865857],[-87.542268,30.767481],[-87.523621,30.738285],[-87.442291,30.692661],[-87.400189,30.657201],[-87.401189,30.604383],[-87.43145,30.550252],[-87.444722,30.507484],[-87.414685,30.457289],[-87.366601,30.436643],[-87.431784,30.403193],[-87.452282,30.344097],[-87.518324,30.280435],[-87.656888,30.249709],[-87.818867,30.228314],[-87.893201,30.239237],[-87.806466,30.279798],[-87.796717,30.324198],[-87.865017,30.38345],[-87.914136,30.446144],[-87.933355,30.487357],[-87.901711,30.550879],[-87.914956,30.585893],[-87.93107,30.652694],[-88.008396,30.684956],[-88.026319,30.753358],[-88.016698,30.781087]]]}},{"type":"Feature","properties":{"fips":"21129","name":"Lee","state":"KY"},"geometry":{"type":"Polygon","coordinates":[[[-83.90557,37.542856],[-83.822121,37.665578],[-83.7221,37.71642],[-83.707974,37.716463],[-83.616649,37.666925],[-83.522308,37.638516],[-83.579186,37.506249],[-83.635706,37.540011],[-83.742984,37.494253],[-83.885262,37.517688],[-83.90557,37.542856]]]}},{"type":"Feature","properties":{"fips":"22127","name":"Winn","state":"LA"},"geometry":{"type":"Polygon","coordinates":[[[-92.9668,31.781299],[-92.872174,31.945856],[-92.939092,32.14792],[-92.815344,32.147413],[-92.311937,32.146036],[-92.312518,31.927656],[-92.340494,31.813367],[-92.362608,31.796633],[-92.619309,31.797288],[-92.62086,31.709618],[-92.973529,31.708922],[-92.9668,31.781299]]]}},{"type":"Feature","properties":{"fips":"01113","name":"Russell","state":"AL"},"geometry":{"type":"Polygon","coordinates":[[[-85.434045,32.40984],[-85.330143,32.410842],[-85.333843,32.468639],[-85.059294,32.472909],[-85.0011308391237,32.5101547883978],[-84.9997867563101,32.5070669687837],[-84.971831,32.442843],[-84.9811502941337,32.3790400766818],[-84.983466,32.363186],[-85.008096,32.336677],[-84.955704,32.30591],[-84.891841,32.263398],[-84.9199421479259,32.2308482009333],[-84.930127,32.219051],[-84.997765,32.185445],[-85.058749,32.136018],[-85.047063,32.087389],[-85.0514111279128,32.062256083622],[-85.185067,32.061708],[-85.257834,32.147931],[-85.410241,32.146651],[-85.427441,32.146551],[-85.433543,32.234648],[-85.434045,32.40984]]]}},{"type":"Feature","properties":{"fips":"13049","name":"Charlton","state":"GA"},"geometry":{"type":"Polygon","coordinates":[[[-82.415603,31.01359],[-82.131698,31.010714],[-82.081207,31.01063],[-82.06087,31.075809],[-81.936006,31.047993],[-81.906036,31.039715],[-81.9059784394064,30.821407341502],[-81.943187,30.827437],[-81.994992,30.786074],[-82.032667,30.750674],[-82.041834,30.692374],[-82.049529,30.655544],[-82.015728,30.601698],[-82.018381,30.531176],[-82.028232,30.447385],[-82.042011,30.403253],[-82.040766,30.370144],[-82.0509829816809,30.3683677759449],[-82.094709,30.360766],[-82.143306,30.363378],[-82.180043,30.36861],[-82.210318,30.424577],[-82.200965,30.474427],[-82.229427,30.520814],[-82.218607,30.564395],[-82.149872,30.784336],[-82.420442,30.795229],[-82.415603,31.01359]]]}},{"type":"Feature","properties":{"fips":"12051","name":"Hendry","state":"FL"},"geometry":{"type":"Polygon","coordinates":[[[-81.565748,26.769601],[-80.945319,26.769099],[-80.885639,26.958919],[-80.881285,26.333806],[-80.87971,26.259308],[-81.268236,26.253069],[-81.271932,26.422648],[-81.271768,26.517069],[-81.544425,26.513506],[-81.563763,26.513331],[-81.56421,26.542476],[-81.565748,26.769601]]]}},{"type":"Feature","properties":{"fips":"13137","name":"Habersham","state":"GA"},"geometry":{"type":"Polygon","coordinates":[[[-83.652194,34.822993],[-83.586897,34.819991],[-83.534904,34.740013],[-83.431465,34.747272],[-83.3496085109133,34.7170105826273],[-83.3400391067846,34.6863277104121],[-83.365044,34.675308],[-83.45843,34.483933],[-83.537538,34.491725],[-83.615218,34.431712],[-83.666415,34.503602],[-83.616615,34.54163],[-83.662819,34.659801],[-83.623296,34.732194],[-83.681596,34.800882],[-83.652194,34.822993]]]}},{"type":"Feature","properties":{"fips":"37119","name":"Mecklenburg","state":"NC"},"geometry":{"type":"Polygon","coordinates":[[[-81.058029,35.07319],[-81.036759,35.122552],[-81.0423024501386,35.1467686494682],[-81.005806,35.157023],[-81.01505,35.268655],[-80.972597,35.350338],[-80.922998,35.360241],[-80.95486,35.400078],[-80.94238,35.455147],[-80.947344,35.488473],[-80.906723,35.514785],[-80.784167,35.506017],[-80.752167,35.41405],[-80.764295,35.400203],[-80.719672,35.362792],[-80.66648,35.267934],[-80.599733,35.234105],[-80.550349,35.208412],[-80.77248,35.033157],[-80.804506,35.027749],[-80.8405485676148,35.0014509426323],[-80.9061786627212,35.0751154751148],[-80.93495,35.107409],[-81.041489,35.044703],[-81.058029,35.07319]]]}},{"type":"Feature","properties":{"fips":"37039","name":"Cherokee","state":"NC"},"geometry":{"type":"Polygon","coordinates":[[[-84.2865983787409,35.2057582184959],[-84.28322,35.226577],[-84.223718,35.269078],[-84.178516,35.240679],[-84.097508,35.247382],[-84.0291044137725,35.2921237764939],[-83.968728,35.21821],[-83.831429,35.256117],[-83.702652,35.248462],[-83.690212,35.237942],[-83.738129,35.15595],[-83.855493,35.137956],[-84.0053367334383,34.9876495840123],[-84.1294469626359,34.9879469539553],[-84.321869,34.988408],[-84.2865983787409,35.2057582184959]]]}},{"type":"Feature","properties":{"fips":"47149","name":"Rutherford","state":"TN"},"geometry":{"type":"Polygon","coordinates":[[[-86.686193,35.710051],[-86.613328,35.790331],[-86.618892,35.968224],[-86.546884,36.087817],[-86.515589,36.10061],[-86.251731,35.961141],[-86.176951,35.957508],[-86.153214,35.954399],[-86.141766,35.914374],[-86.207147,35.70379],[-86.221631,35.706429],[-86.245165,35.631913],[-86.34194,35.664259],[-86.402726,35.618571],[-86.543116,35.697617],[-86.639436,35.6859],[-86.686193,35.710051]]]}},{"type":"Feature","properties":{"fips":"21217","name":"Taylor","state":"KY"},"geometry":{"type":"Polygon","coordinates":[[[-85.583497,37.469917],[-85.498842,37.482951],[-85.46625,37.465595],[-85.340446,37.469512],[-85.246759,37.420205],[-85.128685,37.453191],[-85.073772,37.413669],[-85.131162,37.384265],[-85.165174,37.310396],[-85.192542,37.272139],[-85.312291,37.246405],[-85.352771,37.192432],[-85.478081,37.363673],[-85.585163,37.432852],[-85.583497,37.469917]]]}},{"type":"Feature","properties":{"fips":"37101","name":"Johnston","state":"NC"},"geometry":{"type":"Polygon","coordinates":[[[-78.708902,35.519458],[-78.468503,35.707072],[-78.255973,35.81812],[-78.232876,35.751427],[-78.192117,35.730545],[-78.125539,35.603107],[-78.064784,35.585263],[-78.15491,35.41781],[-78.153243,35.350671],[-78.30658,35.287604],[-78.411734,35.254663],[-78.450167,35.258625],[-78.491897,35.263319],[-78.538349,35.31641],[-78.529851,35.334935],[-78.660555,35.496245],[-78.708902,35.519458]]]}},{"type":"Feature","properties":{"fips":"48051","name":"Burleson","state":"TX"},"geometry":{"type":"Polygon","coordinates":[[[-96.96363,30.557198],[-96.621423,30.730764],[-96.566983,30.69567],[-96.601831,30.641926],[-96.510494,30.627828],[-96.358817,30.541753],[-96.340875,30.474543],[-96.272049,30.416145],[-96.299173,30.379152],[-96.357407,30.373318],[-96.640883,30.296786],[-96.743672,30.319757],[-96.790114,30.390697],[-96.96363,30.557198]]]}},{"type":"Feature","properties":{"fips":"21031","name":"Butler","state":"KY"},"geometry":{"type":"Polygon","coordinates":[[[-86.894067,37.088349],[-86.924273,37.144623],[-86.899268,37.212313],[-86.815852,37.328859],[-86.759533,37.304099],[-86.612095,37.395123],[-86.487152,37.362501],[-86.469126,37.321099],[-86.399165,37.169896],[-86.620024,37.183103],[-86.674462,36.999766],[-86.84535,37.056513],[-86.941391,37.068981],[-86.894067,37.088349]]]}},{"type":"Feature","properties":{"fips":"47011","name":"Bradley","state":"TN"},"geometry":{"type":"Polygon","coordinates":[[[-85.026643,35.136171],[-84.946339,35.287717],[-84.879507,35.353231],[-84.860164,35.350074],[-84.72534,35.289471],[-84.703607,35.241043],[-84.699937,35.170974],[-84.7758376712973,34.9879372061493],[-84.8104774668864,34.9878779552292],[-84.861314,34.987791],[-84.9769738065923,34.9872198373549],[-85.026643,35.136171]]]}},{"type":"Feature","properties":{"fips":"12115","name":"Sarasota","state":"FL"},"geometry":{"type":"Polygon","coordinates":[[[-82.6481706168595,27.38972],[-82.252264,27.386243],[-82.253596,27.208916],[-82.056497,27.207769],[-82.057506,27.032119],[-82.255169,27.03302],[-82.255521,26.945264],[-82.3692013921691,26.9460810256335],[-82.452673,27.079359],[-82.539719,27.254326],[-82.610581,27.348817],[-82.6481706168595,27.38972]]]}},{"type":"Feature","properties":{"fips":"22123","name":"West Carroll","state":"LA"},"geometry":{"type":"Polygon","coordinates":[[[-91.637595,32.667298],[-91.566363,32.855561],[-91.437551,32.980932],[-91.4359307415474,33.0058398887954],[-91.2645640502205,33.0047388242705],[-91.30938,32.935237],[-91.343108,32.750531],[-91.398255,32.69298],[-91.396964,32.609468],[-91.445299,32.581956],[-91.59621,32.582113],[-91.637595,32.667298]]]}},{"type":"Feature","properties":{"fips":"05069","name":"Jefferson","state":"AR"},"geometry":{"type":"Polygon","coordinates":[[[-92.212827,34.230399],[-92.208042,34.492809],[-92.143734,34.491557],[-92.030254,34.489539],[-91.70525,34.482731],[-91.711675,34.233864],[-91.53029,34.218157],[-91.514374,34.142293],[-91.451931,34.133865],[-91.445074,34.080577],[-91.716144,34.176209],[-91.745092,34.094019],[-91.953677,34.064163],[-92.233303,34.062367],[-92.212827,34.230399]]]}},{"type":"Feature","properties":{"fips":"45091","name":"York","state":"SC"},"geometry":{"type":"Polygon","coordinates":[[[-81.487269,35.03472],[-81.408816,35.047077],[-81.3676041320777,35.1640921256134],[-81.3280909892918,35.1622859155574],[-81.04287,35.149248],[-81.0423024501386,35.1467686494682],[-81.036759,35.122552],[-81.058029,35.07319],[-81.041489,35.044703],[-80.93495,35.107409],[-80.9061786627212,35.0751154751148],[-80.868486,34.95096],[-80.86689,34.847686],[-80.898243,34.820844],[-81.476578,34.822573],[-81.457141,34.839248],[-81.492282,34.947194],[-81.487269,35.03472]]]}},{"type":"Feature","properties":{"fips":"28099","name":"Neshoba","state":"MS"},"geometry":{"type":"Polygon","coordinates":[[[-89.319163,32.931654],[-89.017723,32.931326],[-88.930505,32.91924],[-88.914413,32.9266],[-88.914516,32.576955],[-89.317588,32.576458],[-89.319163,32.931654]]]}},{"type":"Feature","properties":{"fips":"13145","name":"Harris","state":"GA"},"geometry":{"type":"Polygon","coordinates":[[[-85.1861174017892,32.8701382699716],[-84.881702,32.868761],[-84.861768,32.872495],[-84.751338,32.8692],[-84.700538,32.84464],[-84.682876,32.73035],[-84.693841,32.685772],[-84.694603,32.583945],[-84.907883,32.583433],[-84.98179,32.607671],[-85.0760723726048,32.6080674751571],[-85.088533,32.657958],[-85.11425,32.730447],[-85.1245332227506,32.7516296067514],[-85.160963,32.826672],[-85.1844,32.861317],[-85.1861174017892,32.8701382699716]]]}},{"type":"Feature","properties":{"fips":"48113","name":"Dallas","state":"TX"},"geometry":{"type":"Polygon","coordinates":[[[-97.036295,32.693227],[-97.035996,32.711097],[-97.035522,32.739451],[-97.035171,32.759693],[-97.034934,32.779929],[-97.034233,32.816662],[-97.033862,32.836508],[-97.031007,32.989691],[-96.939882,32.988822],[-96.909997,32.988346],[-96.844122,32.987435],[-96.756464,32.986298],[-96.640872,32.984699],[-96.613367,32.984309],[-96.517011,32.982862],[-96.51897,32.813616],[-96.523008,32.559624],[-96.529412,32.545277],[-96.529678,32.54528],[-97.038685,32.548666],[-97.036295,32.693227]]]}},{"type":"Feature","properties":{"fips":"51550","name":"Chesapeake","state":"VA"},"geometry":{"type":"Polygon","coordinates":[[[-76.461781,36.782566],[-76.457469,36.814841],[-76.420368,36.866348],[-76.375679,36.786062],[-76.289962,36.822048],[-76.22606,36.839947],[-76.206447,36.777048],[-76.06781,36.692105],[-76.121955,36.66575],[-76.1223499470101,36.5505523325541],[-76.313215,36.550551],[-76.3133029682603,36.550551089807],[-76.4914825754723,36.5507329938364],[-76.461781,36.782566]]]}},{"type":"Feature","properties":{"fips":"45045","name":"Greenville","state":"SC"},"geometry":{"type":"Polygon","coordinates":[[[-82.7617976610408,35.0818284636457],[-82.746431,35.079131],[-82.68604,35.124545],[-82.5777151484413,35.1464753478475],[-82.53256,35.155617],[-82.455609,35.177425],[-82.411301,35.202483],[-82.3531752729195,35.1987141296007],[-82.3133570690064,35.196132318454],[-82.295354,35.194965],[-82.215996376597,35.1932531051427],[-82.22613,34.850175],[-82.165175,34.796537],[-82.145587,34.785208],[-82.234779,34.588815],[-82.236065,34.535083],[-82.313871,34.484335],[-82.419381,34.556692],[-82.467709,34.66705],[-82.455144,34.750683],[-82.460939,34.796664],[-82.487034,34.819004],[-82.537858,35.015471],[-82.593937,35.007887],[-82.571493,35.074566],[-82.74971,35.047603],[-82.7617976610408,35.0818284636457]]]}},{"type":"Feature","properties":{"fips":"12127","name":"Volusia","state":"FL"},"geometry":{"type":"Polygon","coordinates":[[[-81.680903,29.32443],[-81.445886,29.380142],[-81.433992,29.398552],[-81.420745,29.399645],[-81.41729,29.261156],[-81.150081,29.265957],[-81.155881,29.410954],[-81.1029673517454,29.426996650452],[-81.046678,29.307856],[-80.9954231154303,29.2060516842917],[-80.966176,29.14796],[-80.907275,29.064262],[-80.787021,28.875266],[-80.7275056700738,28.7911928713227],[-80.967895,28.790197],[-80.98725,28.612997],[-81.06111,28.750001],[-81.067829,28.813325],[-81.181433,28.783277],[-81.226003,28.83263],[-81.320473,28.83453],[-81.36694,28.879227],[-81.352767,28.923117],[-81.354682,28.984807],[-81.502055,29.097802],[-81.531262,29.176621],[-81.61234,29.202943],[-81.641916,29.276766],[-81.680903,29.32443]]]}},{"type":"Feature","properties":{"fips":"22049","name":"Jackson","state":"LA"},"geometry":{"type":"Polygon","coordinates":[[[-92.773173,32.235984],[-92.776982,32.453611],[-92.621681,32.453068],[-92.622402,32.496408],[-92.415515,32.495609],[-92.41539,32.47137],[-92.415577,32.408029],[-92.311957,32.320966],[-92.312163,32.277348],[-92.311937,32.146036],[-92.815344,32.147413],[-92.773173,32.235984]]]}},{"type":"Feature","properties":{"fips":"40097","name":"Mayes","state":"OK"},"geometry":{"type":"Polygon","coordinates":[[[-95.43561,36.51016],[-95.32817,36.51024],[-95.00573,36.50989],[-95.011328,36.161763],[-95.1185,36.16163],[-95.118377,36.074544],[-95.207943,36.074772],[-95.43997,36.075268],[-95.43561,36.51016]]]}},{"type":"Feature","properties":{"fips":"54105","name":"Wirt","state":"WV"},"geometry":{"type":"Polygon","coordinates":[[[-81.581447,39.026179],[-81.424906,39.135679],[-81.298017,39.185572],[-81.250252,39.035074],[-81.162455,39.030608],[-81.27269,38.936338],[-81.278412,38.914867],[-81.343911,38.895633],[-81.448148,38.941645],[-81.502628,38.917922],[-81.532186,39.00545],[-81.581447,39.026179]]]}},{"type":"Feature","properties":{"fips":"28163","name":"Yazoo","state":"MS"},"geometry":{"type":"Polygon","coordinates":[[[-90.759753,32.835763],[-90.656632,32.92251],[-90.449893,32.92329],[-90.449323,33.00901],[-90.364031,33.010596],[-90.346221,33.022385],[-90.338339,33.010131],[-89.965882,32.879573],[-90.049129,32.735674],[-90.192696,32.665815],[-90.277813,32.660428],[-90.363788,32.603331],[-90.404875,32.574716],[-90.450037,32.573783],[-90.522217,32.50311],[-90.553821,32.507574],[-90.553904,32.531907],[-90.654589,32.546044],[-90.655527,32.589771],[-90.720102,32.618858],[-90.691405,32.636284],[-90.723159,32.662128],[-90.667678,32.670983],[-90.742634,32.729225],[-90.694631,32.815642],[-90.759753,32.835763]]]}},{"type":"Feature","properties":{"fips":"12013","name":"Calhoun","state":"FL"},"geometry":{"type":"Polygon","coordinates":[[[-85.383948,30.566856],[-85.171891,30.564336],[-85.167687,30.607979],[-84.932519,30.606393],[-84.990017,30.524795],[-84.983203,30.441837],[-85.04277,30.352466],[-85.03429,30.312478],[-85.11566,30.199976],[-85.389679,30.200973],[-85.383948,30.566856]]]}},{"type":"Feature","properties":{"fips":"40145","name":"Wagoner","state":"OK"},"geometry":{"type":"Polygon","coordinates":[[[-95.819459,35.856255],[-95.761702,35.901147],[-95.76165,36.16275],[-95.708224,36.1619],[-95.568316,36.130125],[-95.571525,36.075282],[-95.43997,36.075268],[-95.207943,36.074772],[-95.278701,35.964102],[-95.231459,35.851195],[-95.265679,35.813266],[-95.362317,35.822574],[-95.402214,35.806633],[-95.589736,35.76516],[-95.650419,35.856644],[-95.766114,35.856284],[-95.819459,35.856255]]]}},{"type":"Feature","properties":{"fips":"47033","name":"Crockett","state":"TN"},"geometry":{"type":"Polygon","coordinates":[[[-89.339567,35.862268],[-89.342829,35.880934],[-89.280188,35.886416],[-89.188844,35.99976],[-89.135958,35.967841],[-89.109285,35.862089],[-88.916181,35.797307],[-89.021364,35.670953],[-89.069544,35.692679],[-89.338704,35.789273],[-89.356033,35.817635],[-89.339567,35.862268]]]}},{"type":"Feature","properties":{"fips":"48223","name":"Hopkins","state":"TX"},"geometry":{"type":"Polygon","coordinates":[[[-95.861778,33.21933],[-95.786682,33.253997],[-95.731056,33.305222],[-95.720231,33.299411],[-95.673722,33.302117],[-95.584549,33.359344],[-95.501827,33.347865],[-95.308593,33.37719],[-95.308957,32.962572],[-95.665389,32.960434],[-95.676795,32.97959],[-95.862521,32.979571],[-95.861778,33.21933]]]}},{"type":"Feature","properties":{"fips":"48459","name":"Upshur","state":"TX"},"geometry":{"type":"Polygon","coordinates":[[[-95.15274,32.660949],[-95.15211,32.902641],[-94.719942,32.904502],[-94.705878,32.879177],[-94.672351,32.834756],[-94.70214,32.793088],[-94.70179,32.652209],[-94.746344,32.667265],[-94.766387,32.650962],[-94.820223,32.590648],[-94.986935,32.537246],[-95.009992,32.516478],[-95.015037,32.542696],[-95.15341,32.570115],[-95.15274,32.660949]]]}},{"type":"Feature","properties":{"fips":"22007","name":"Assumption","state":"LA"},"geometry":{"type":"Polygon","coordinates":[[[-91.22423,30.02556],[-91.105997,30.062749],[-91.074654,30.081744],[-90.963745,30.066831],[-90.946294,29.977932],[-90.911784,29.935072],[-90.885749,29.905348],[-90.885452,29.877562],[-90.924626,29.830326],[-90.981838,29.744875],[-91.00689,29.715093],[-91.082611,29.626814],[-91.105395,29.643281],[-91.10001,29.699402],[-91.092682,29.801],[-91.182817,29.846172],[-91.255229,29.971457],[-91.22423,30.02556]]]}},{"type":"Feature","properties":{"fips":"22087","name":"St. Bernard","state":"LA"},"geometry":{"type":"Polygon","coordinates":[[[-89.945365,29.982401],[-89.929794,29.987679],[-89.861832,29.988274],[-89.8452971195724,30.0163818405701],[-89.852583,29.952721],[-89.795969,29.934003],[-89.744272,29.917647],[-89.701725,29.874085],[-89.647064,29.863602],[-89.598129,29.881409],[-89.574425,29.983738],[-89.494064,30.040972],[-89.444618,30.060959],[-89.342163,30.059172],[-89.303026,30.09157],[-89.233168,30.134957],[-89.183256,30.149344],[-89.185799,30.063934],[-89.215675,29.993523],[-89.231178,29.925484],[-89.236298,29.877081],[-89.293251,29.803053],[-89.271034,29.756355],[-89.399162,29.770592],[-89.403956,29.681808],[-89.465562,29.651738],[-89.5009667531337,29.6334554250588],[-89.5186,29.649117],[-89.628181,29.680682],[-89.721045,29.757652],[-89.86972,29.795451],[-89.910708,29.867865],[-89.91681,29.910391],[-90.012102,29.94598],[-89.945365,29.982401]]]}},{"type":"Feature","properties":{"fips":"13197","name":"Marion","state":"GA"},"geometry":{"type":"Polygon","coordinates":[[[-84.657325,32.49494],[-84.637323,32.534855],[-84.586101,32.52265],[-84.444353,32.562083],[-84.453154,32.534336],[-84.392316,32.414046],[-84.389927,32.297237],[-84.429451,32.232151],[-84.430218,32.166257],[-84.431214,32.134058],[-84.527117,32.134556],[-84.649319,32.232953],[-84.65892,32.232852],[-84.657325,32.49494]]]}},{"type":"Feature","properties":{"fips":"21111","name":"Jefferson","state":"KY"},"geometry":{"type":"Polygon","coordinates":[[[-85.9517264381006,38.0149416294697],[-85.922395,38.028679],[-85.905164,38.11107],[-85.8959128763279,38.1799188193363],[-85.894764,38.188469],[-85.839664,38.23977],[-85.816164,38.282969],[-85.794501505519,38.2779525587226],[-85.750962,38.26787],[-85.683561,38.295469],[-85.646201,38.342916],[-85.6344441449773,38.3783994475748],[-85.585272,38.339431],[-85.476253,38.289695],[-85.468206,38.285309],[-85.404899,38.26373],[-85.424054,38.147438],[-85.42883,38.118383],[-85.53923,38.08034],[-85.567145,38.074743],[-85.712578,38.087311],[-85.882805,38.040545],[-85.938321,37.998756],[-85.9517264381006,38.0149416294697]]]}},{"type":"Feature","properties":{"fips":"13217","name":"Newton","state":"GA"},"geometry":{"type":"Polygon","coordinates":[[[-84.044493,33.525776],[-84.032117,33.539408],[-84.003278,33.554875],[-84.010452,33.563564],[-83.931268,33.651259],[-83.913499,33.712207],[-83.914823,33.744203],[-83.691551,33.616989],[-83.680896,33.596919],[-83.67764,33.571548],[-83.682196,33.52622],[-83.674644,33.487225],[-83.824922,33.437263],[-83.863058,33.368278],[-83.912516,33.417752],[-83.923913,33.444194],[-83.949478,33.485782],[-84.054431,33.514992],[-84.044493,33.525776]]]}},{"type":"Feature","properties":{"fips":"05131","name":"Sebastian","state":"AR"},"geometry":{"type":"Polygon","coordinates":[[[-94.4363568693981,35.2467061646578],[-94.435316,35.275893],[-94.431515,35.369591],[-94.4340725641195,35.387474395379],[-94.4348090628047,35.3926242553894],[-94.38637,35.448805],[-94.341715,35.370144],[-94.274985,35.343693],[-94.131943,35.388498],[-94.157521,35.441146],[-94.074437,35.444997],[-94.064779,35.199877],[-94.028872,35.214176],[-94.031236,35.140908],[-94.139676,35.128952],[-94.140463,35.099674],[-94.228244,35.057595],[-94.230551,34.968547],[-94.4475060874703,34.9340729057232],[-94.4363568693981,35.2467061646578]]]}},{"type":"Feature","properties":{"fips":"24029","name":"Kent","state":"MD"},"geometry":{"type":"Polygon","coordinates":[[[-76.278527,39.145764],[-76.243166,39.213362],[-76.184554,39.296328],[-76.197256746112,39.3324934771342],[-76.124694,39.389968],[-76.079925,39.405506],[-76.044471,39.378997],[-75.885864,39.360797],[-75.7669046067092,39.3776515935512],[-75.766895,39.377499],[-75.7604414164505,39.2967896211001],[-75.7564352155685,39.2466875371253],[-75.866315,39.260859],[-76.010292,39.239517],[-76.04763,39.162666],[-76.156944,39.094982],[-76.214965,38.99298],[-76.2686309209671,39.037091184561],[-76.233963,39.056934],[-76.233457,39.091385],[-76.246481,39.119588],[-76.278527,39.145764]]]}},{"type":"Feature","properties":{"fips":"48033","name":"Borden","state":"TX"},"geometry":{"type":"Polygon","coordinates":[[[-101.691284,32.961838],[-101.557434,32.961025],[-101.173378,32.963597],[-101.174562,32.527703],[-101.174571,32.524112],[-101.68874,32.525222],[-101.691284,32.961838]]]}},{"type":"Feature","properties":{"fips":"40071","name":"Kay","state":"OK"},"geometry":{"type":"Polygon","coordinates":[[[-97.4623460298641,36.9988242387969],[-97.384925,36.998843],[-97.1477209669227,36.9989723356215],[-97.100652,36.998998],[-96.749838,36.998988],[-96.752375,36.782092],[-96.889475,36.75123],[-96.931943,36.686097],[-97.064107,36.684207],[-97.057556,36.593872],[-97.461603,36.593637],[-97.462459,36.593627],[-97.4623460298641,36.9988242387969]]]}},{"type":"Feature","properties":{"fips":"05067","name":"Jackson","state":"AR"},"geometry":{"type":"Polygon","coordinates":[[[-91.582094,35.530332],[-91.369655,35.52637],[-91.35389,35.709514],[-91.232503,35.812655],[-91.198556,35.890024],[-91.032562,35.885028],[-91.037012,35.708419],[-91.039251,35.44295],[-91.039633,35.354255],[-91.251555,35.357561],[-91.253007,35.445779],[-91.347257,35.439106],[-91.584454,35.442309],[-91.582094,35.530332]]]}},{"type":"Feature","properties":{"fips":"51017","name":"Bath","state":"VA"},"geometry":{"type":"Polygon","coordinates":[[[-80.036236,37.96792],[-79.971231,38.044326],[-79.9619822726354,38.0636070994933],[-79.938952,38.111619],[-79.916174,38.184386],[-79.850324,38.233329],[-79.7970135368069,38.2672681211392],[-79.706196,38.221192],[-79.512158,38.180419],[-79.436678,38.1628],[-79.482668,38.086054],[-79.533622,38.003629],[-79.647589,37.874538],[-79.692793,37.844458],[-79.749814,37.885402],[-79.887329,37.892971],[-79.935364,37.954365],[-80.0558115945897,37.9518782200979],[-80.036236,37.96792]]]}},{"type":"Feature","properties":{"fips":"01019","name":"Cherokee","state":"AL"},"geometry":{"type":"Polygon","coordinates":[[[-85.843801,34.244595],[-85.774165,34.259094],[-85.636645,34.366622],[-85.576981,34.483543],[-85.5130442292733,34.5239464713237],[-85.502471,34.474526],[-85.4631408247758,34.2861909885055],[-85.429499,34.125095],[-85.4210731752288,34.0808126526072],[-85.398871,33.964128],[-85.495289,33.95691],[-85.530094,33.941423],[-85.542214,33.956732],[-85.738975,33.96846],[-85.797071,34.100179],[-85.841365,34.110695],[-85.843617,34.200006],[-85.843801,34.244595]]]}},{"type":"Feature","properties":{"fips":"05097","name":"Montgomery","state":"AR"},"geometry":{"type":"Polygon","coordinates":[[[-93.930214,34.666049],[-93.879286,34.66564],[-93.816923,34.711231],[-93.709985,34.745978],[-93.394402,34.743393],[-93.402245,34.685231],[-93.407203,34.397447],[-93.40818,34.339467],[-93.478485,34.340839],[-93.935435,34.350233],[-93.930214,34.666049]]]}},{"type":"Feature","properties":{"fips":"28137","name":"Tate","state":"MS"},"geometry":{"type":"Polygon","coordinates":[[[-90.231412,34.701991],[-90.200199,34.724418],[-90.171483,34.75901],[-90.030051,34.70795],[-89.912202,34.772506],[-89.723442,34.772311],[-89.722333,34.685504],[-89.669183,34.685597],[-89.668448,34.554367],[-89.721341,34.554274],[-90.198631,34.554425],[-90.239971,34.626237],[-90.231412,34.701991]]]}},{"type":"Feature","properties":{"fips":"13107","name":"Emanuel","state":"GA"},"geometry":{"type":"Polygon","coordinates":[[[-82.564378,32.53249],[-82.594439,32.579158],[-82.465065,32.646833],[-82.499431,32.68634],[-82.434149,32.762258],[-82.419129,32.810927],[-82.316512,32.835772],[-82.214168,32.803711],[-82.144977,32.812741],[-82.082871,32.663324],[-82.001236,32.60691],[-82.030233,32.53877],[-82.079842,32.560063],[-82.148338,32.520429],[-82.254526,32.351498],[-82.232788,32.318838],[-82.354603,32.292475],[-82.409118,32.35383],[-82.38194,32.440596],[-82.488941,32.49183],[-82.647733,32.512507],[-82.564378,32.53249]]]}},{"type":"Feature","properties":{"fips":"47047","name":"Fayette","state":"TN"},"geometry":{"type":"Polygon","coordinates":[[[-89.632776,35.375824],[-89.616176,35.388662],[-89.474171,35.403039],[-89.183944,35.397126],[-89.198287901495,34.9944505301151],[-89.3526793918484,34.9939961417459],[-89.434954,34.993754],[-89.644051831619,34.994066863428],[-89.632776,35.375824]]]}},{"type":"Feature","properties":{"fips":"01059","name":"Franklin","state":"AL"},"geometry":{"type":"Polygon","coordinates":[[[-88.1549021840087,34.46303430044],[-88.1395594412474,34.5816967458839],[-87.529667,34.567081],[-87.529722,34.304598],[-87.634725,34.306997],[-88.1732617345949,34.3210395343343],[-88.1549021840087,34.46303430044]]]}},{"type":"Feature","properties":{"fips":"01083","name":"Limestone","state":"AL"},"geometry":{"type":"Polygon","coordinates":[[[-87.278302,34.773563],[-87.214914,34.816011],[-87.2107585799823,34.9990491809997],[-86.8362863159495,34.992803004217],[-86.783648,34.991925],[-86.783628017169,34.991924921992],[-86.790056,34.55079],[-86.83819,34.556534],[-87.105073,34.686037],[-87.222773,34.763226],[-87.260676,34.758626],[-87.278302,34.773563]]]}},{"type":"Feature","properties":{"fips":"12077","name":"Liberty","state":"FL"},"geometry":{"type":"Polygon","coordinates":[[[-85.11566,30.199976],[-85.03429,30.312478],[-85.04277,30.352466],[-84.983203,30.441837],[-84.990017,30.524795],[-84.932519,30.606393],[-84.883316,30.605589],[-84.882616,30.533094],[-84.781813,30.518693],[-84.781111,30.459794],[-84.646408,30.388281],[-84.715144,30.333077],[-84.713351,30.30017],[-84.670364,30.128208],[-84.591048,30.029637],[-84.54445,30.01103],[-85.007626,30.013883],[-85.025439,29.971399],[-85.113691,30.023173],[-85.154015,30.092043],[-85.11566,30.199976]]]}},{"type":"Feature","properties":{"fips":"12131","name":"Walton","state":"FL"},"geometry":{"type":"Polygon","coordinates":[[[-86.3886446620004,30.9945282152752],[-86.364974,30.994437],[-86.1872480489813,30.9940667234622],[-86.1327206705317,30.9939531204189],[-86.0350381049506,30.9937496073023],[-86.037591,30.704572],[-85.844421,30.70313],[-85.915297,30.636427],[-85.859769,30.490134],[-85.901219,30.443849],[-85.979221,30.432579],[-85.992736,30.38932],[-85.9959431575134,30.2688232673284],[-85.999937,30.27078],[-86.089963,30.303569],[-86.1797305763763,30.3306594488474],[-86.222561,30.343585],[-86.3973810669074,30.3774955636999],[-86.3886446620004,30.9945282152752]]]}},{"type":"Feature","properties":{"fips":"01023","name":"Choctaw","state":"AL"},"geometry":{"type":"Polygon","coordinates":[[[-88.4686624840513,31.8938557116156],[-88.46866,31.933173],[-88.4311453634628,32.2276362346889],[-88.428278,32.250143],[-88.4213122213943,32.3086791230113],[-87.930661,32.310574],[-88.019145,32.28524],[-88.007077,32.185313],[-88.113584,32.00624],[-88.07349,31.990182],[-88.121414,31.950256],[-88.180384,31.814546],[-88.088288,31.699303],[-88.4636253046849,31.6979423713502],[-88.468669,31.790722],[-88.4686624840513,31.8938557116156]]]}},{"type":"Feature","properties":{"fips":"48395","name":"Robertson","state":"TX"},"geometry":{"type":"Polygon","coordinates":[[[-96.830497,31.10522],[-96.596862,31.2209],[-96.319165,31.357129],[-96.331121,31.252465],[-96.24102,30.973737],[-96.338001,30.920531],[-96.45763,30.744474],[-96.566983,30.69567],[-96.621423,30.730764],[-96.61224,30.75771],[-96.64128,30.818051],[-96.75633,30.927206],[-96.767149,31.042829],[-96.830497,31.10522]]]}},{"type":"Feature","properties":{"fips":"01085","name":"Lowndes","state":"AL"},"geometry":{"type":"Polygon","coordinates":[[[-86.908302,32.225028],[-86.810313,32.224747],[-86.864367,32.274918],[-86.814912,32.340803],[-86.816107,32.30997],[-86.781354,32.392494],[-86.653419,32.397247],[-86.496774,32.344437],[-86.48484,32.276394],[-86.408771,32.244309],[-86.406276,32.050731],[-86.405005,31.963775],[-86.448198,31.964629],[-86.857583,31.962167],[-86.856576,32.048352],[-86.906956,32.04797],[-86.908302,32.225028]]]}},{"type":"Feature","properties":{"fips":"12085","name":"Martin","state":"FL"},"geometry":{"type":"Polygon","coordinates":[[[-80.677427,27.121619],[-80.677862,27.205988],[-80.28551,27.206025],[-80.284771,27.263723],[-80.1980213526587,27.2630088036725],[-80.153375,27.169308],[-80.138605,27.111517],[-80.116772,27.072397],[-80.0830776297553,26.970534],[-80.142007,26.95664],[-80.580237,26.957934],[-80.885639,26.958919],[-80.677427,27.121619]]]}},{"type":"Feature","properties":{"fips":"13035","name":"Butts","state":"GA"},"geometry":{"type":"Polygon","coordinates":[[[-84.088991,33.285646],[-84.102582,33.298191],[-83.964374,33.375154],[-83.923913,33.444194],[-83.912516,33.417752],[-83.863058,33.368278],[-83.807265,33.192986],[-83.822261,33.180238],[-83.842615,33.196773],[-84.041498,33.202629],[-84.123767,33.202824],[-84.088991,33.285646]]]}},{"type":"Feature","properties":{"fips":"13015","name":"Bartow","state":"GA"},"geometry":{"type":"Polygon","coordinates":[[[-85.046871,34.096412],[-85.023102,34.347112],[-85.005775,34.392446],[-84.988793,34.384578],[-84.653232,34.41259],[-84.644293,34.355168],[-84.659241,34.07824],[-84.737839,34.07935],[-84.910041,34.075297],[-84.922742,34.082497],[-85.047046,34.082881],[-85.046871,34.096412]]]}},{"type":"Feature","properties":{"fips":"40111","name":"Okmulgee","state":"OK"},"geometry":{"type":"Polygon","coordinates":[[[-96.192563,35.639087],[-96.192383,35.856987],[-96.137229,35.857097],[-96.033118,35.856824],[-95.819459,35.856255],[-95.766114,35.856284],[-95.766265,35.72575],[-95.713081,35.725807],[-95.712953,35.551738],[-95.822361,35.551693],[-95.822429,35.463685],[-95.875347,35.463623],[-95.875405,35.37669],[-95.981465,35.376788],[-96.08753,35.376877],[-96.087777,35.552003],[-96.1927,35.551968],[-96.192563,35.639087]]]}},{"type":"Feature","properties":{"fips":"48475","name":"Ward","state":"TX"},"geometry":{"type":"Polygon","coordinates":[[[-103.610887,31.651802],[-103.327538,31.65142],[-102.798939,31.651783],[-102.767246,31.651714],[-102.767365,31.293803],[-102.826735,31.266881],[-102.933578,31.350081],[-103.01104,31.371306],[-103.181225,31.370245],[-103.261677,31.42757],[-103.329941,31.411998],[-103.459426,31.428494],[-103.503505,31.505477],[-103.530927,31.642284],[-103.57489,31.632662],[-103.610887,31.651802]]]}},{"type":"Feature","properties":{"fips":"47117","name":"Marshall","state":"TN"},"geometry":{"type":"Polygon","coordinates":[[[-86.960804,35.417021],[-86.849573,35.525515],[-86.782016,35.706595],[-86.751651,35.696447],[-86.686193,35.710051],[-86.639436,35.6859],[-86.664164,35.491771],[-86.618572,35.367401],[-86.599478,35.36495],[-86.602613,35.327013],[-86.746899,35.252878],[-86.828301,35.263677],[-86.906451,35.314075],[-86.960804,35.417021]]]}},{"type":"Feature","properties":{"fips":"51640","name":"Galax","state":"VA"},"geometry":{"type":"Polygon","coordinates":[[[-80.949599,36.662992],[-80.944109,36.676303],[-80.932271,36.671593],[-80.920497,36.678139],[-80.914951,36.694798],[-80.90549,36.686853],[-80.891142,36.695963],[-80.877274,36.692215],[-80.888758,36.675437],[-80.914173,36.650246],[-80.916043,36.629343],[-80.931147,36.625268],[-80.921711,36.643533],[-80.947754,36.648361],[-80.949599,36.662992]]]}},{"type":"Feature","properties":{"fips":"01037","name":"Coosa","state":"AL"},"geometry":{"type":"Polygon","coordinates":[[[-86.517344,33.020566],[-86.511142,33.088431],[-86.491029,33.102944],[-86.279117,33.103928],[-86.17437,33.104394],[-86.010919,33.104636],[-86.00917,33.09026],[-86.013884,32.826245],[-86.007187,32.754984],[-86.31948,32.753698],[-86.336694,32.76813],[-86.374974,32.75358],[-86.457015,32.813899],[-86.451524,32.863692],[-86.515959,32.929361],[-86.517344,33.020566]]]}},{"type":"Feature","properties":{"fips":"21229","name":"Washington","state":"KY"},"geometry":{"type":"Polygon","coordinates":[[[-85.401784,37.730658],[-85.254333,37.866423],[-85.204253,37.846453],[-85.152797,37.897661],[-85.126552,37.917169],[-85.058151,37.89516],[-85.030528,37.891538],[-85.00052,37.854723],[-85.025021,37.678854],[-85.030172,37.63127],[-85.257298,37.630903],[-85.349334,37.655663],[-85.401784,37.730658]]]}},{"type":"Feature","properties":{"fips":"13109","name":"Evans","state":"GA"},"geometry":{"type":"Polygon","coordinates":[[[-82.025339,32.278883],[-81.969069,32.268783],[-81.81628,32.23747],[-81.780858,32.15289],[-81.75634,32.104584],[-81.718658,32.089351],[-81.761735,32.0479],[-81.888938,32.050398],[-81.980041,32.081502],[-82.025339,32.278883]]]}},{"type":"Feature","properties":{"fips":"48179","name":"Gray","state":"TX"},"geometry":{"type":"Polygon","coordinates":[[[-101.085935,35.619102],[-100.540158,35.619296],[-100.538978,35.183144],[-101.086281,35.18214],[-101.085935,35.619102]]]}},{"type":"Feature","properties":{"fips":"47035","name":"Cumberland","state":"TN"},"geometry":{"type":"Polygon","coordinates":[[[-85.269359,35.793388],[-85.248435,35.798748],[-85.242698,35.91304],[-85.264206,35.979154],[-85.246362,36.100698],[-85.15275,36.099544],[-85.100213,36.138561],[-85.029461,36.170433],[-84.907753,36.156293],[-84.80546,36.090501],[-84.720727,35.994914],[-84.680633,35.908454],[-84.729634,35.858382],[-84.781901,35.825],[-84.809834,35.818568],[-84.916062,35.761939],[-84.928536,35.768549],[-85.254062,35.765611],[-85.269359,35.793388]]]}},{"type":"Feature","properties":{"fips":"54053","name":"Mason","state":"WV"},"geometry":{"type":"Polygon","coordinates":[[[-82.175167,38.608484],[-82.185567,38.659583],[-82.201537,38.760372],[-82.20929,38.802672],[-82.16157,38.824632],[-82.134766,38.905579],[-82.0988666505543,38.9608792844933],[-82.089065,38.975978],[-82.041563,39.017878],[-82.007062,39.029578],[-81.941829,38.993295],[-81.89847,38.929603],[-81.910606,38.87597],[-81.791265,38.733104],[-81.772843,38.680843],[-81.955791,38.657355],[-82.064562,38.607985],[-82.055127,38.474547],[-82.218967,38.591683],[-82.175167,38.608484]]]}},{"type":"Feature","properties":{"fips":"12015","name":"Charlotte","state":"FL"},"geometry":{"type":"Polygon","coordinates":[[[-82.3692013921691,26.9460810256335],[-82.255521,26.945264],[-82.255169,27.03302],[-82.057506,27.032119],[-81.983242,27.03525],[-81.562624,27.033835],[-81.562531,27.033687],[-81.565748,26.769601],[-81.931333,26.770051],[-82.205562,26.770528],[-82.2805412776288,26.7893085864431],[-82.314277,26.858384],[-82.3692013921691,26.9460810256335]]]}},{"type":"Feature","properties":{"fips":"21095","name":"Harlan","state":"KY"},"geometry":{"type":"Polygon","coordinates":[[[-83.489813,36.895413],[-83.408614,36.890218],[-83.399656,36.920955],[-83.26002,36.968951],[-83.182104,37.021115],[-83.12209,37.000997],[-83.153401,36.956591],[-82.939466,37.01552],[-82.869183,36.974182],[-82.865192,36.920923],[-82.8837542129764,36.8971301366542],[-82.895445,36.882145],[-83.012587,36.847289],[-83.07559,36.850589],[-83.114693,36.796088],[-83.136395,36.743088],[-83.236399,36.726887],[-83.386099,36.686589],[-83.436508,36.666185],[-83.4609546474638,36.6661310362733],[-83.500891,36.733254],[-83.489813,36.895413]]]}},{"type":"Feature","properties":{"fips":"22095","name":"St. John the Baptist","state":"LA"},"geometry":{"type":"Polygon","coordinates":[[[-90.68885,30.035953],[-90.642111,30.166448],[-90.631905,30.22119],[-90.554147,30.195628],[-90.485826,30.276992],[-90.320464,30.298985],[-90.160636,30.234337],[-90.156256,30.189613],[-90.220354,30.175595],[-90.259889,30.16341],[-90.326637,30.150188],[-90.474238,30.031353],[-90.538264,30.016847],[-90.532203,29.967938],[-90.529601,29.884997],[-90.629134,29.89523],[-90.656312,29.889246],[-90.68885,30.035953]]]}},{"type":"Feature","properties":{"fips":"54011","name":"Cabell","state":"WV"},"geometry":{"type":"Polygon","coordinates":[[[-82.447076,38.426982],[-82.381773,38.434783],[-82.323999,38.449268],[-82.304223,38.496308],[-82.293271,38.560283],[-82.2821333440281,38.5798607964035],[-82.27427,38.593683],[-82.218967,38.591683],[-82.055127,38.474547],[-82.047128,38.374432],[-82.220797,38.310411],[-82.264849,38.229199],[-82.28624,38.321185],[-82.343911,38.305209],[-82.5089669497313,38.4146439126517],[-82.447076,38.426982]]]}},{"type":"Feature","properties":{"fips":"54057","name":"Mineral","state":"WV"},"geometry":{"type":"Polygon","coordinates":[[[-79.166497,39.400888],[-79.091329,39.472407],[-79.0674474080724,39.4728086991282],[-79.035623,39.473344],[-78.956751,39.440264],[-78.942618,39.479614],[-78.851016,39.554044],[-78.77114,39.638387],[-78.73905,39.609697],[-78.707098,39.555857],[-78.6550361715467,39.5443822410837],[-78.767447,39.447238],[-78.850906,39.330866],[-78.979898,39.237624],[-79.134456,39.312501],[-79.2623921171761,39.3262438284674],[-79.166497,39.400888]]]}},{"type":"Feature","properties":{"fips":"12089","name":"Nassau","state":"FL"},"geometry":{"type":"Polygon","coordinates":[[[-82.0509829816809,30.3683677759449],[-82.040766,30.370144],[-82.042011,30.403253],[-82.028232,30.447385],[-82.018381,30.531176],[-82.015728,30.601698],[-82.049529,30.655544],[-82.041834,30.692374],[-82.032667,30.750674],[-81.994992,30.786074],[-81.943187,30.827437],[-81.9059784394064,30.821407341502],[-81.902354,30.82082],[-81.868624,30.792756],[-81.808543,30.790016],[-81.763384,30.773821],[-81.732238,30.749635],[-81.668283,30.744644],[-81.633273,30.729603],[-81.56171,30.715597],[-81.528281,30.723359],[-81.507218,30.722936],[-81.444124,30.709714],[-81.42742,30.69802],[-81.443099,30.600938],[-81.434064,30.522569],[-81.4289547376433,30.5061830741652],[-81.499575,30.563793],[-81.543018,30.523889],[-81.610212,30.55438],[-81.606158,30.585566],[-81.667833,30.560671],[-81.721883,30.571934],[-81.738424,30.534572],[-81.831227,30.467437],[-82.049236,30.273432],[-82.0509829816809,30.3683677759449]]]}},{"type":"Feature","properties":{"fips":"12123","name":"Taylor","state":"FL"},"geometry":{"type":"Polygon","coordinates":[[[-83.992310340478,30.0892687377287],[-83.915827,30.245152],[-83.820235,30.30354],[-83.468768,30.304212],[-83.469267,30.260351],[-83.36726,30.26044],[-83.36845,30.128672],[-83.37089,29.887934],[-83.35286,29.822222],[-83.318859,29.822623],[-83.366398,29.665701],[-83.4141422518799,29.6661877064703],[-83.414701,29.670536],[-83.483567,29.698542],[-83.537645,29.72306],[-83.583045,29.787307],[-83.625026,29.856892],[-83.679219,29.918513],[-83.788729,29.976982],[-83.93151,30.039068],[-83.992310340478,30.0892687377287]]]}},{"type":"Feature","properties":{"fips":"51083","name":"Halifax","state":"VA"},"geometry":{"type":"Polygon","coordinates":[[[-79.2184554959223,36.5414445361761],[-79.092264,37.061498],[-78.971675,37.05006],[-78.904587,37.022288],[-78.892702,36.976694],[-78.794862,36.955988],[-78.743891,37.005439],[-78.749727,36.920065],[-78.671463,36.857951],[-78.648541,36.697909],[-78.54923,36.626629],[-78.653551,36.69085],[-78.711702,36.641078],[-78.7341228011172,36.5416087348408],[-78.7962739551405,36.5417594935816],[-78.942009,36.542113],[-79.1383358988714,36.5416382700559],[-79.2184554959223,36.5414445361761]]]}},{"type":"Feature","properties":{"fips":"01047","name":"Dallas","state":"AL"},"geometry":{"type":"Polygon","coordinates":[[[-87.47308,32.307614],[-87.421744,32.308101],[-87.423153,32.482965],[-87.110817,32.489948],[-87.017762,32.729532],[-87.01766,32.663269],[-86.917595,32.664169],[-86.906403,32.536712],[-86.814912,32.340803],[-86.864367,32.274918],[-86.810313,32.224747],[-86.908302,32.225028],[-86.906956,32.04797],[-87.17786,32.047514],[-87.324783,32.199069],[-87.472206,32.264919],[-87.47308,32.307614]]]}},{"type":"Feature","properties":{"fips":"13079","name":"Crawford","state":"GA"},"geometry":{"type":"Polygon","coordinates":[[[-84.124332,32.800935],[-84.124275,32.849562],[-83.987574,32.849021],[-83.957579,32.848757],[-83.891922,32.848351],[-83.810141,32.729942],[-83.701152,32.692169],[-83.70109,32.691598],[-83.766787,32.692622],[-84.003363,32.529927],[-84.062735,32.578432],[-84.105924,32.685049],[-84.202628,32.690018],[-84.124332,32.800935]]]}},{"type":"Feature","properties":{"fips":"45051","name":"Horry","state":"SC"},"geometry":{"type":"Polygon","coordinates":[[[-79.302341,34.032219],[-79.247574,34.057269],[-79.207787,34.153877],[-79.126681,34.235362],[-79.128165,34.253652],[-79.086067,34.294956],[-79.0712542010482,34.2993130268419],[-79.0712436122253,34.2993039510346],[-79.071169,34.29924],[-78.81171,34.081006],[-78.6508712805333,33.9450557205328],[-78.615932,33.915523],[-78.541087,33.851112],[-78.67226,33.817587],[-78.772737,33.768511],[-78.862931,33.705654],[-78.938076,33.639826],[-78.9951309899024,33.572664],[-79.101074,33.572969],[-79.137683,33.66413],[-79.190264,33.705787],[-79.260283,33.814854],[-79.256829,33.878969],[-79.339076,33.969722],[-79.302341,34.032219]]]}},{"type":"Feature","properties":{"fips":"13121","name":"Fulton","state":"GA"},"geometry":{"type":"Polygon","coordinates":[[[-84.817449,33.519185],[-84.809181,33.574073],[-84.804825,33.587504],[-84.753035,33.630275],[-84.739206,33.623157],[-84.660227,33.657284],[-84.577932,33.743683],[-84.455146,33.827574],[-84.442637,33.90157],[-84.442745,33.901729],[-84.374666,33.986105],[-84.418926,34.073539],[-84.38832,34.118239],[-84.356167,34.174302],[-84.259019,34.185918],[-84.25901,34.109564],[-84.097693,34.050708],[-84.1212,34.034285],[-84.262276,33.987405],[-84.277093,33.957614],[-84.347412,33.968109],[-84.347753,33.929836],[-84.348124,33.882108],[-84.34849,33.825124],[-84.349875,33.647944],[-84.454243,33.648873],[-84.457964,33.629245],[-84.458665,33.550933],[-84.531649,33.53591],[-84.556877,33.528488],[-84.609367,33.502582],[-84.624608,33.511276],[-84.672424,33.509775],[-84.851158,33.511058],[-84.817449,33.519185]]]}},{"type":"Feature","properties":{"fips":"13255","name":"Spalding","state":"GA"},"geometry":{"type":"Polygon","coordinates":[[[-84.497527,33.257422],[-84.432907,33.2565],[-84.388118,33.352465],[-84.3544,33.352514],[-84.249164,33.352539],[-84.243903,33.335806],[-84.150581,33.335639],[-84.102582,33.298191],[-84.088991,33.285646],[-84.123767,33.202824],[-84.123981,33.17862],[-84.248185,33.189019],[-84.451336,33.208889],[-84.496783,33.183866],[-84.502352,33.221055],[-84.497527,33.257422]]]}},{"type":"Feature","properties":{"fips":"40121","name":"Pittsburg","state":"OK"},"geometry":{"type":"Polygon","coordinates":[[[-96.092001,34.767479],[-96.088792,35.049875],[-95.983077,35.151695],[-95.907966,35.143494],[-95.870663,35.185986],[-95.75597,35.177198],[-95.615664,35.249698],[-95.602342,35.220739],[-95.45125,35.296019],[-95.455018,35.160381],[-95.349525,35.160021],[-95.349409,35.05852],[-95.349437,35.029299],[-95.507738,35.029265],[-95.514475,34.680718],[-95.514511,34.594153],[-95.67181,34.593732],[-95.881987,34.593528],[-95.882196,34.680534],[-96.092043,34.680556],[-96.092001,34.767479]]]}},{"type":"Feature","properties":{"fips":"47071","name":"Hardin","state":"TN"},"geometry":{"type":"Polygon","coordinates":[[[-88.374926,35.304031],[-88.362572,35.380994],[-88.360829,35.418972],[-88.260249,35.416731],[-88.241677,35.423263],[-88.196462,35.379561],[-88.024741,35.392307],[-87.981585,35.295678],[-87.9849160436989,35.0059101243258],[-88.000032,35.005939],[-88.202959,35.008028],[-88.200064,34.995634],[-88.258111,34.995463],[-88.3635302685392,34.9957467517971],[-88.3804925115221,34.9957924082221],[-88.374926,35.304031]]]}},{"type":"Feature","properties":{"fips":"24027","name":"Howard","state":"MD"},"geometry":{"type":"Polygon","coordinates":[[[-77.168801,39.353502],[-77.16808,39.353957],[-77.10136,39.369323],[-76.992153,39.359806],[-76.969776,39.364028],[-76.882274,39.350185],[-76.793626,39.313655],[-76.728391,39.229395],[-76.697085,39.214092],[-76.72195,39.183031],[-76.776962,39.150883],[-76.789113,39.126546],[-76.840362,39.103142],[-76.888505,39.130967],[-76.958517,39.134023],[-76.962973,39.14584],[-77.00942,39.206732],[-77.144669,39.294707],[-77.186937,39.339265],[-77.168801,39.353502]]]}},{"type":"Feature","properties":{"fips":"37147","name":"Pitt","state":"NC"},"geometry":{"type":"Polygon","coordinates":[[[-77.665131,35.674935],[-77.390154,35.833062],[-77.350369,35.819228],[-77.2552,35.786352],[-77.174,35.732831],[-77.172766,35.6391],[-77.084767,35.552444],[-77.17621,35.5191],[-77.189115,35.418362],[-77.247896,35.354415],[-77.29434,35.379137],[-77.391026,35.339533],[-77.426448,35.349759],[-77.475515,35.426655],[-77.503408,35.517975],[-77.61037,35.567552],[-77.700692,35.652295],[-77.665131,35.674935]]]}},{"type":"Feature","properties":{"fips":"22115","name":"Vernon","state":"LA"},"geometry":{"type":"Polygon","coordinates":[[[-93.530936,30.924534],[-93.549841,30.967118],[-93.539526,31.008498],[-93.531219,31.051678],[-93.540278,31.128868],[-93.535097,31.185614],[-93.5524973075023,31.1848200234468],[-93.535414,31.276402],[-93.442554,31.276716],[-93.390495,31.364147],[-93.236643,31.364491],[-92.992013,31.36043],[-92.98146,31.346864],[-92.915693,31.324569],[-92.829525,31.252055],[-92.82387,30.892071],[-92.825325,30.877233],[-92.978673,30.878136],[-93.426486,30.882698],[-93.478718,30.859183],[-93.5545758543455,30.8774695018611],[-93.530936,30.924534]]]}},{"type":"Feature","properties":{"fips":"37079","name":"Greene","state":"NC"},"geometry":{"type":"Polygon","coordinates":[[[-77.822511,35.585383],[-77.801777,35.586205],[-77.700692,35.652295],[-77.61037,35.567552],[-77.503408,35.517975],[-77.475515,35.426655],[-77.676719,35.347344],[-77.697516,35.377097],[-77.806248,35.368754],[-77.826744,35.42409],[-77.822511,35.585383]]]}},{"type":"Feature","properties":{"fips":"21093","name":"Hardin","state":"KY"},"geometry":{"type":"Polygon","coordinates":[[[-86.151285,37.798878],[-86.007432,37.818439],[-85.975948,37.875793],[-85.9973516597543,37.9912256022991],[-85.976028,38.00356],[-85.9517264381006,38.0149416294697],[-85.938321,37.998756],[-85.854871,37.945385],[-85.838198,37.879284],[-85.737777,37.81179],[-85.736295,37.781026],[-85.680488,37.732284],[-85.735949,37.654598],[-85.875807,37.543997],[-85.892804,37.440308],[-86.047598,37.449933],[-86.114095,37.567131],[-86.27527,37.593519],[-86.151285,37.798878]]]}},{"type":"Feature","properties":{"fips":"45031","name":"Darlington","state":"SC"},"geometry":{"type":"Polygon","coordinates":[[[-80.288596,34.366207],[-80.04608,34.492267],[-79.884542,34.491218],[-79.829981,34.531925],[-79.752769,34.514059],[-79.750566,34.436797],[-79.657764,34.30519],[-79.725109,34.296892],[-80.069878,34.086191],[-80.158582,34.161623],[-80.112727,34.197018],[-80.177225,34.366203],[-80.243226,34.324455],[-80.288692,34.364139],[-80.288596,34.366207]]]}},{"type":"Feature","properties":{"fips":"37089","name":"Henderson","state":"NC"},"geometry":{"type":"Polygon","coordinates":[[[-82.673343,35.459453],[-82.570608,35.431045],[-82.368499,35.460616],[-82.332822,35.50022],[-82.265795,35.467818],[-82.280563,35.443069],[-82.261305,35.393198],[-82.359152,35.244489],[-82.3531752729195,35.1987141296007],[-82.411301,35.202483],[-82.455609,35.177425],[-82.53256,35.155617],[-82.5777151484413,35.1464753478475],[-82.619248,35.303708],[-82.745139,35.422967],[-82.673343,35.459453]]]}},{"type":"Feature","properties":{"fips":"22023","name":"Cameron","state":"LA"},"geometry":{"type":"Polygon","coordinates":[[[-93.929208,29.802952],[-93.872446,29.85165],[-93.8523098709223,29.8720910043919],[-93.830374,29.894359],[-93.807815,29.954549],[-93.741078,30.021571],[-93.7061835663174,30.0523143321691],[-93.179107,30.052193],[-93.128409,30.03837],[-92.996624,30.038481],[-92.771381,30.039232],[-92.737217,30.037455],[-92.616033,30.03826],[-92.6160814772774,29.5887857069487],[-92.684486,29.605001],[-92.879992,29.680285],[-92.993128,29.723846],[-93.088182,29.749125],[-93.17693,29.770487],[-93.295573,29.775071],[-93.411087,29.767357],[-93.538462,29.763299],[-93.741948,29.736343],[-93.79925,29.71526],[-93.837971,29.690619],[-93.863204,29.724059],[-93.890821,29.761673],[-93.929208,29.802952]]]}},{"type":"Feature","properties":{"fips":"28025","name":"Clay","state":"MS"},"geometry":{"type":"Polygon","coordinates":[[[-89.034498,33.73943],[-88.931604,33.754312],[-88.931176,33.812374],[-88.719979,33.81133],[-88.719626,33.680253],[-88.490978,33.673726],[-88.513937,33.650468],[-88.472714,33.524451],[-88.671553,33.506632],[-88.671526,33.565135],[-89.018613,33.562114],[-89.018343,33.625119],[-89.034924,33.654712],[-89.034498,33.73943]]]}},{"type":"Feature","properties":{"fips":"48199","name":"Hardin","state":"TX"},"geometry":{"type":"Polygon","coordinates":[[[-94.732732,30.490066],[-94.537926,30.491059],[-94.545717,30.526977],[-94.071689,30.526033],[-94.119394,30.426298],[-94.083386,30.342181],[-94.117604,30.241665],[-94.091217,30.204648],[-94.115917,30.160347],[-94.17644,30.18794],[-94.275451,30.170265],[-94.292629,30.117671],[-94.44491,30.113015],[-94.596338,30.112101],[-94.732732,30.490066]]]}},{"type":"Feature","properties":{"fips":"54079","name":"Putnam","state":"WV"},"geometry":{"type":"Polygon","coordinates":[[[-82.064562,38.607985],[-81.955791,38.657355],[-81.772843,38.680843],[-81.739877,38.675321],[-81.696348,38.626427],[-81.750547,38.591014],[-81.723066,38.467772],[-81.900222,38.398572],[-81.915197,38.325597],[-81.997406,38.266605],[-82.048589,38.290138],[-82.047128,38.374432],[-82.055127,38.474547],[-82.064562,38.607985]]]}},{"type":"Feature","properties":{"fips":"22099","name":"St. Martin","state":"LA"},"geometry":{"type":"MultiPolygon","coordinates":[[[[-91.471953,29.956304],[-91.255229,29.971457],[-91.182817,29.846172],[-91.092682,29.801],[-91.10001,29.699402],[-91.215195,29.751211],[-91.386491,29.783681],[-91.373642,29.834401],[-91.471953,29.956304]]],[[[-91.988718,30.368598],[-91.869273,30.417235],[-91.678896,30.394731],[-91.756209,30.498133],[-91.701339,30.497747],[-91.640078,30.442673],[-91.621055,30.309938],[-91.56276,30.241949],[-91.475303,30.229491],[-91.463992,30.102931],[-91.388841,30.102445],[-91.368835,30.058824],[-91.600217,30.033036],[-91.658886,30.108226],[-91.729927,30.122484],[-91.818243,30.043925],[-91.951159,30.07278],[-91.907633,30.167272],[-91.976879,30.210933],[-91.957918,30.2119],[-91.942818,30.236599],[-91.95377,30.359987],[-91.988718,30.368598]]]]}},{"type":"Feature","properties":{"fips":"51061","name":"Fauquier","state":"VA"},"geometry":{"type":"Polygon","coordinates":[[[-78.062016,38.891926],[-78.004313,38.979438],[-77.962203,39.013733],[-77.655169,38.942656],[-77.71582,38.83883],[-77.579484,38.627653],[-77.531328,38.55655],[-77.633895,38.466589],[-77.63494,38.410218],[-77.735516,38.413116],[-77.877169,38.584891],[-77.935355,38.69584],[-77.995664,38.710416],[-78.031768,38.793508],[-78.130574,38.864865],[-78.062016,38.891926]]]}},{"type":"Feature","properties":{"fips":"48197","name":"Hardeman","state":"TX"},"geometry":{"type":"Polygon","coordinates":[[[-99.997629328163,34.5611366245601],[-99.929334,34.576714],[-99.8420638841464,34.5069327688814],[-99.818186,34.48784],[-99.764882,34.435266],[-99.696462,34.381036],[-99.600026,34.374688],[-99.58448,34.407673],[-99.4750221370384,34.3968709897905],[-99.475294,34.085618],[-99.5485,34.055774],[-99.65301,34.098971],[-99.772043,34.093286],[-99.997621,34.224355],[-99.99772,34.311829],[-99.997629328163,34.5611366245601]]]}},{"type":"Feature","properties":{"fips":"51057","name":"Essex","state":"VA"},"geometry":{"type":"Polygon","coordinates":[[[-77.115997,38.149931],[-77.073796,38.141331],[-77.061695,38.161631],[-77.032394,38.091733],[-76.936959,38.077074],[-76.909028,37.988475],[-76.783745,37.895479],[-76.668182,37.778386],[-76.723086,37.756697],[-76.751072,37.728605],[-76.80197,37.794727],[-76.943221,37.782955],[-77.018996,37.844883],[-77.070115,37.96477],[-77.1701,38.079543],[-77.115997,38.149931]]]}},{"type":"Feature","properties":{"fips":"54029","name":"Hancock","state":"WV"},"geometry":{"type":"Polygon","coordinates":[[[-80.627171,40.619936],[-80.583633,40.61552],[-80.518991,40.638801],[-80.5190171173474,40.4773631462371],[-80.5190296911941,40.3996410563407],[-80.573784,40.399755],[-80.6273626299369,40.3951709330172],[-80.604895,40.446667],[-80.622195,40.520497],[-80.667957,40.582496],[-80.627171,40.619936]]]}},{"type":"Feature","properties":{"fips":"48099","name":"Coryell","state":"TX"},"geometry":{"type":"Polygon","coordinates":[[[-98.180006,31.463717],[-97.766431,31.672461],[-97.689834,31.711019],[-97.60523,31.587762],[-97.418606,31.320202],[-97.804399,31.122092],[-97.9071,31.069374],[-98.180006,31.463717]]]}},{"type":"Feature","properties":{"fips":"48093","name":"Comanche","state":"TX"},"geometry":{"type":"Polygon","coordinates":[[[-98.924401,32.078018],[-98.551158,32.261436],[-98.327499,31.941261],[-98.251211,31.980127],[-98.208386,31.917511],[-98.156568,31.841713],[-98.463736,31.683989],[-98.492802,31.723608],[-98.668441,31.700514],[-98.924401,32.078018]]]}},{"type":"Feature","properties":{"fips":"13159","name":"Jasper","state":"GA"},"geometry":{"type":"Polygon","coordinates":[[[-83.824922,33.437263],[-83.674644,33.487225],[-83.682196,33.52622],[-83.533736,33.434472],[-83.545876,33.171944],[-83.816048,33.131816],[-83.822261,33.180238],[-83.807265,33.192986],[-83.863058,33.368278],[-83.824922,33.437263]]]}},{"type":"Feature","properties":{"fips":"51595","name":"Emporia","state":"VA"},"geometry":{"type":"Polygon","coordinates":[[[-77.557345,36.71328],[-77.526448,36.713506],[-77.51445,36.720588],[-77.507331,36.689196],[-77.551229,36.672491],[-77.557345,36.71328]]]}},{"type":"Feature","properties":{"fips":"47065","name":"Hamilton","state":"TN"},"geometry":{"type":"Polygon","coordinates":[[[-85.4743388431343,34.9836733267911],[-85.365031,35.072554],[-85.387089,35.147169],[-85.246005,35.319077],[-85.225877,35.354276],[-85.168302,35.455614],[-85.151468,35.4452],[-85.131094,35.458004],[-85.102158,35.428442],[-85.016661,35.409101],[-85.030195,35.379288],[-84.946339,35.287717],[-85.026643,35.136171],[-84.9769738065923,34.9872198373549],[-84.9798540252315,34.9872056139756],[-85.045183,34.986883],[-85.2650550217158,34.9850776447417],[-85.277556,34.984975],[-85.3639190289311,34.9833765631405],[-85.384967,34.982987],[-85.4743388431343,34.9836733267911]]]}},{"type":"Feature","properties":{"fips":"01117","name":"Shelby","state":"AL"},"geometry":{"type":"Polygon","coordinates":[[[-87.026846,33.246459],[-86.882538,33.332961],[-86.830688,33.332015],[-86.830229,33.360766],[-86.778644,33.366878],[-86.674418,33.466521],[-86.517199,33.524136],[-86.516783,33.54602],[-86.481939,33.502544],[-86.378222,33.502411],[-86.378665,33.390983],[-86.340937,33.353074],[-86.35734,33.296917],[-86.458026,33.241434],[-86.484285,33.16123],[-86.459926,33.125117],[-86.491029,33.102944],[-86.511142,33.088431],[-86.517344,33.020566],[-86.610003,33.070003],[-86.881638,33.071861],[-86.881182,33.049901],[-86.969291,33.098397],[-87.025596,33.165795],[-87.026846,33.246459]]]}},{"type":"Feature","properties":{"fips":"48489","name":"Willacy","state":"TX"},"geometry":{"type":"Polygon","coordinates":[[[-97.957405,26.611769],[-97.861688,26.597995],[-97.2875411166858,26.6003398814733],[-97.253801,26.503164],[-97.2272884780129,26.4111776799575],[-97.386505,26.410437],[-97.446987,26.324947],[-97.506936,26.312702],[-97.527582,26.299304],[-97.861875,26.348156],[-97.86192,26.433579],[-98.004189,26.448784],[-97.957405,26.611769]]]}},{"type":"Feature","properties":{"fips":"48427","name":"Starr","state":"TX"},"geometry":{"type":"Polygon","coordinates":[[[-99.1768160923811,26.5696605553736],[-99.011112,26.675023],[-98.95423,26.785694],[-98.422616,26.783535],[-98.32067,26.783081],[-98.5931641791091,26.2428750129916],[-98.613465,26.252028],[-98.654221,26.23596],[-98.698856,26.265619],[-98.779912,26.326542],[-98.807348,26.369421],[-98.890965,26.357569],[-98.958325,26.394056],[-99.032316,26.412082],[-99.082002,26.39651],[-99.110855,26.426278],[-99.091635,26.476977],[-99.105031,26.500335],[-99.171404,26.549848],[-99.1768160923811,26.5696605553736]]]}},{"type":"Feature","properties":{"fips":"21235","name":"Whitley","state":"KY"},"geometry":{"type":"Polygon","coordinates":[[[-84.318033,36.833763],[-84.297416,36.945931],[-84.25772,36.972845],[-84.183131,36.939369],[-84.091853,36.955992],[-84.065833,36.854147],[-83.983674,36.800839],[-83.958534,36.727245],[-83.877503,36.687259],[-83.956319,36.645433],[-83.9307607839439,36.5876942581124],[-83.9876109506828,36.5895922860725],[-83.987842,36.5896],[-84.2271939619983,36.5921795123551],[-84.307598,36.676809],[-84.355967,36.811019],[-84.318033,36.833763]]]}},{"type":"Feature","properties":{"fips":"22067","name":"Morehouse","state":"LA"},"geometry":{"type":"Polygon","coordinates":[[[-92.0689280885167,33.0084815806166],[-91.875128,33.007728],[-91.489176,33.006182],[-91.4603762339211,33.0059969558674],[-91.4359307415474,33.0058398887954],[-91.437551,32.980932],[-91.566363,32.855561],[-91.637595,32.667298],[-91.742286,32.558906],[-91.80432,32.571316],[-91.839532,32.518482],[-91.913057,32.505902],[-91.943419,32.587119],[-91.911168,32.661139],[-91.9363,32.658873],[-91.975026,32.711428],[-92.049891,32.686078],[-92.065179,32.723003],[-92.052728,32.794734],[-92.085617,32.965193],[-92.0689280885167,33.0084815806166]]]}},{"type":"Feature","properties":{"fips":"01015","name":"Calhoun","state":"AL"},"geometry":{"type":"Polygon","coordinates":[[[-86.145562,33.679098],[-86.043993,33.763595],[-86.065272,33.842198],[-86.021271,33.851498],[-86.021471,33.866098],[-85.995169,33.864897],[-85.98647,33.893698],[-85.96917,33.892898],[-85.96917,33.914598],[-85.846174,33.95726],[-85.740968,33.935301],[-85.738975,33.96846],[-85.542214,33.956732],[-85.530094,33.941423],[-85.638049,33.773339],[-85.65581,33.627166],[-85.796054,33.55622],[-85.794559,33.585565],[-85.994935,33.586475],[-86.050669,33.67459],[-86.145562,33.679098]]]}},{"type":"Feature","properties":{"fips":"12113","name":"Santa Rosa","state":"FL"},"geometry":{"type":"Polygon","coordinates":[[[-87.313611,30.847266],[-87.286882,30.925441],[-87.163645308459,30.999021835748],[-87.162644,30.999026],[-86.927851,30.997678],[-86.831979,30.997354],[-86.7856919760059,30.9969829935168],[-86.7995592762003,30.3845638782264],[-86.850625,30.380967],[-86.9188732979657,30.3690493508797],[-87.155392,30.327748],[-87.2288564841704,30.3197321482474],[-87.233284,30.370331],[-87.151906,30.412598],[-87.121451,30.497419],[-87.209715,30.555266],[-87.258884,30.611281],[-87.269407,30.711687],[-87.302661,30.71937],[-87.313611,30.847266]]]}},{"type":"Feature","properties":{"fips":"47145","name":"Roane","state":"TN"},"geometry":{"type":"Polygon","coordinates":[[[-84.781901,35.825],[-84.729634,35.858382],[-84.680633,35.908454],[-84.603763,35.954009],[-84.446054,35.985984],[-84.341812,36.048977],[-84.32006,35.991607],[-84.271587,35.910165],[-84.263383,35.89694],[-84.32997,35.892904],[-84.379668,35.817439],[-84.584472,35.644424],[-84.619865,35.644651],[-84.619031,35.70788],[-84.723853,35.752896],[-84.754472,35.75439],[-84.781901,35.825]]]}},{"type":"Feature","properties":{"fips":"21109","name":"Jackson","state":"KY"},"geometry":{"type":"Polygon","coordinates":[[[-84.171836,37.557549],[-84.090364,37.566227],[-83.965244,37.581421],[-83.90557,37.542856],[-83.885262,37.517688],[-83.883953,37.477335],[-83.784975,37.348717],[-83.901574,37.25374],[-83.943718,37.250551],[-84.005606,37.253343],[-84.124945,37.335626],[-84.137898,37.319759],[-84.12913,37.357835],[-84.199489,37.522858],[-84.171836,37.557549]]]}},{"type":"Feature","properties":{"fips":"21121","name":"Knox","state":"KY"},"geometry":{"type":"Polygon","coordinates":[[[-84.091853,36.955992],[-83.959217,36.97718],[-83.871315,37.054919],[-83.774061,37.036831],[-83.641721,36.959855],[-83.589521,36.955786],[-83.566142,36.931525],[-83.798248,36.785197],[-83.877503,36.687259],[-83.958534,36.727245],[-83.983674,36.800839],[-84.065833,36.854147],[-84.091853,36.955992]]]}},{"type":"Feature","properties":{"fips":"01055","name":"Etowah","state":"AL"},"geometry":{"type":"Polygon","coordinates":[[[-86.370152,33.93977],[-86.303516,34.099073],[-86.206107,34.17265],[-86.1089,34.186311],[-86.106086,34.200756],[-85.843617,34.200006],[-85.841365,34.110695],[-85.797071,34.100179],[-85.738975,33.96846],[-85.740968,33.935301],[-85.846174,33.95726],[-85.96917,33.914598],[-85.96917,33.892898],[-85.98647,33.893698],[-85.995169,33.864897],[-86.021471,33.866098],[-86.021271,33.851498],[-86.065272,33.842198],[-86.142717,33.899391],[-86.199164,33.988918],[-86.277828,33.989302],[-86.325622,33.940147],[-86.370152,33.93977]]]}},{"type":"Feature","properties":{"fips":"12083","name":"Marion","state":"FL"},"geometry":{"type":"Polygon","coordinates":[[[-82.53486,29.21468],[-82.403237,29.215623],[-82.40662,29.485048],[-82.211449,29.484067],[-82.199639,29.422172],[-82.109795,29.435379],[-82.099941,29.418898],[-82.055899,29.471232],[-82.004385,29.501715],[-81.843009,29.521004],[-81.776205,29.487448],[-81.741422,29.371049],[-81.680903,29.32443],[-81.641916,29.276766],[-81.638696,29.04776],[-81.658698,28.960345],[-81.95419,28.960053],[-82.123647,28.960197],[-82.311266,28.960399],[-82.311697,28.960391],[-82.349612,28.988672],[-82.458566,29.04765],[-82.535591,29.044855],[-82.53486,29.21468]]]}},{"type":"Feature","properties":{"fips":"48147","name":"Fannin","state":"TX"},"geometry":{"type":"Polygon","coordinates":[[[-96.384602,33.397826],[-96.3796608259521,33.715530908566],[-96.363135,33.694215],[-96.307389,33.735005],[-96.277269,33.769735],[-96.229023,33.748021],[-96.173025,33.80056],[-96.15163,33.831946],[-96.063924,33.841523],[-95.935325,33.875099],[-95.887491,33.863856],[-95.8448785340707,33.860421904719],[-95.855013,33.827992],[-95.857738,33.461722],[-95.858723,33.40953],[-96.295413,33.351936],[-96.384495,33.341119],[-96.384602,33.397826]]]}},{"type":"Feature","properties":{"fips":"48149","name":"Fayette","state":"TX"},"geometry":{"type":"Polygon","coordinates":[[[-97.315823,29.786541],[-97.194235,29.896776],[-97.024461,30.051435],[-97.018379,30.032406],[-96.845857,30.116027],[-96.794552,30.160545],[-96.647223,30.145174],[-96.62198,30.044283],[-96.569844,29.961516],[-96.874222,29.632706],[-97.142643,29.628101],[-97.131188,29.643762],[-97.317893,29.784658],[-97.315823,29.786541]]]}},{"type":"Feature","properties":{"fips":"51101","name":"King William","state":"VA"},"geometry":{"type":"Polygon","coordinates":[[[-77.345223,37.789285],[-77.241044,37.909908],[-77.181418,37.891654],[-77.169004,37.897045],[-77.103108,37.786034],[-77.033273,37.720809],[-76.915586,37.693325],[-76.777729,37.554446],[-76.792184,37.517594],[-76.878069,37.531377],[-76.858427,37.579541],[-76.981158,37.567113],[-77.123675,37.626881],[-77.230225,37.71386],[-77.322496,37.733701],[-77.345223,37.789285]]]}},{"type":"Feature","properties":{"fips":"51820","name":"Waynesboro","state":"VA"},"geometry":{"type":"Polygon","coordinates":[[[-78.92872,38.091305],[-78.864449,38.095738],[-78.877327,38.042746],[-78.921941,38.031403],[-78.946801,38.051985],[-78.92872,38.091305]]]}},{"type":"Feature","properties":{"fips":"12047","name":"Hamilton","state":"FL"},"geometry":{"type":"Polygon","coordinates":[[[-83.3093471215958,30.6342387666716],[-83.1366188582036,30.6238859448931],[-83.131431,30.623575],[-82.877311,30.609016],[-82.6895297984728,30.5978892906418],[-82.726583,30.559486],[-82.647198,30.394797],[-82.689922,30.333109],[-82.794594,30.337024],[-83.002058,30.429371],[-83.082574,30.442791],[-83.170969,30.385225],[-83.221868,30.42341],[-83.272612,30.627687],[-83.3093471215958,30.6342387666716]]]}},{"type":"Feature","properties":{"fips":"48065","name":"Carson","state":"TX"},"geometry":{"type":"Polygon","coordinates":[[[-101.6228,35.620196],[-101.622831,35.624057],[-101.086068,35.625267],[-101.085935,35.619102],[-101.086281,35.18214],[-101.622941,35.183117],[-101.6228,35.620196]]]}},{"type":"Feature","properties":{"fips":"40101","name":"Muskogee","state":"OK"},"geometry":{"type":"Polygon","coordinates":[[[-95.766114,35.856284],[-95.650419,35.856644],[-95.589736,35.76516],[-95.402214,35.806633],[-95.362317,35.822574],[-95.265679,35.813266],[-95.127163,35.812755],[-95.127213,35.638788],[-95.132271,35.526055],[-95.085635,35.461396],[-95.049933,35.458894],[-95.170462,35.310106],[-95.240718,35.26231],[-95.344766,35.293035],[-95.344799,35.551751],[-95.712953,35.551738],[-95.713081,35.725807],[-95.766265,35.72575],[-95.766114,35.856284]]]}},{"type":"Feature","properties":{"fips":"28001","name":"Adams","state":"MS"},"geometry":{"type":"Polygon","coordinates":[[[-91.621358,31.267811],[-91.564192,31.261633],[-91.508858,31.291644],[-91.536061,31.338355],[-91.532336,31.390275],[-91.510356,31.438928],[-91.51714,31.498394],[-91.489618,31.534266],[-91.437616,31.546166],[-91.457517,31.587566],[-91.463817,31.620365],[-91.395715,31.644165],[-91.380915,31.732464],[-91.3801245299835,31.73262695305],[-91.318576,31.745315],[-91.3204587332816,31.7478006144822],[-91.317864,31.749766],[-91.307062,31.711361],[-91.301028,31.713863],[-91.302116,31.707496],[-91.296926,31.707374],[-91.299095,31.700089],[-91.294002,31.697894],[-91.291888,31.691703],[-91.292648,31.687112],[-91.300281,31.681197],[-91.297343,31.678585],[-91.300257,31.672488],[-91.153864,31.610068],[-91.15815,31.346695],[-91.306294,31.360862],[-91.468435,31.31957],[-91.488954,31.22592],[-91.5909938930645,31.1919985656988],[-91.590051,31.193693],[-91.644356,31.234414],[-91.621358,31.267811]]]}},{"type":"Feature","properties":{"fips":"21165","name":"Menifee","state":"KY"},"geometry":{"type":"Polygon","coordinates":[[[-83.775168,37.988663],[-83.75943,37.998731],[-83.709507,38.009317],[-83.58053,38.011702],[-83.574989,38.058883],[-83.498846,38.05062],[-83.463408,38.016975],[-83.433942,38.033974],[-83.444343,37.942468],[-83.506081,37.870076],[-83.49508,37.861906],[-83.55141,37.821615],[-83.63106,37.825372],[-83.66296,37.834735],[-83.768783,37.918371],[-83.775168,37.988663]]]}},{"type":"Feature","properties":{"fips":"28135","name":"Tallahatchie","state":"MS"},"geometry":{"type":"Polygon","coordinates":[[[-90.451012,33.985689],[-90.450981,34.072932],[-90.135695,34.0729],[-90.135456,34.160074],[-89.958579,34.159554],[-89.931485,34.164303],[-89.925497,34.140553],[-89.926099,33.897957],[-89.926294,33.823854],[-90.136491,33.809319],[-90.136787,33.721648],[-90.239603,33.737246],[-90.299057,33.697589],[-90.294502,33.750981],[-90.185599,33.765514],[-90.182584,33.809322],[-90.451643,33.81139],[-90.451012,33.985689]]]}},{"type":"Feature","properties":{"fips":"13061","name":"Clay","state":"GA"},"geometry":{"type":"Polygon","coordinates":[[[-85.1291593155832,31.7802782680766],[-85.073941,31.771441],[-84.95864,31.777854],[-84.949784,31.679914],[-84.930998,31.672309],[-84.942353,31.618669],[-84.817843,31.619771],[-84.80796,31.514383],[-84.819807,31.501192],[-85.029227,31.486071],[-85.0516814295062,31.5195403291417],[-85.041881,31.544684],[-85.05796,31.57084],[-85.058169,31.620227],[-85.12553,31.694965],[-85.11893,31.732664],[-85.1254405773425,31.7629687034183],[-85.1291593155832,31.7802782680766]]]}},{"type":"Feature","properties":{"fips":"13181","name":"Lincoln","state":"GA"},"geometry":{"type":"Polygon","coordinates":[[[-82.636698,33.974092],[-82.5629967985809,33.9565549105269],[-82.556835,33.945353],[-82.51295,33.936969],[-82.43115,33.867051],[-82.32448,33.820033],[-82.239098,33.730872],[-82.2159383647475,33.6877549753187],[-82.308246,33.700436],[-82.425328,33.650629],[-82.479518,33.639535],[-82.593527,33.827322],[-82.572297,33.866343],[-82.605539,33.85991],[-82.645451,33.984195],[-82.636698,33.974092]]]}},{"type":"Feature","properties":{"fips":"22083","name":"Richland","state":"LA"},"geometry":{"type":"Polygon","coordinates":[[[-92.020179,32.29679],[-91.993631,32.397902],[-91.944278,32.448777],[-91.913057,32.505902],[-91.839532,32.518482],[-91.80432,32.571316],[-91.742286,32.558906],[-91.637595,32.667298],[-91.59621,32.582113],[-91.445299,32.581956],[-91.457614,32.537848],[-91.485199,32.502957],[-91.476495,32.405564],[-91.635072,32.40571],[-91.764379,32.330018],[-91.775019,32.243333],[-91.894729,32.15155],[-91.980603,32.166634],[-91.993367,32.276795],[-92.034473,32.277237],[-92.020179,32.29679]]]}},{"type":"Feature","properties":{"fips":"54003","name":"Berkeley","state":"WV"},"geometry":{"type":"Polygon","coordinates":[[[-78.2291295342185,39.3906638872041],[-78.138937,39.593796],[-78.0276291001732,39.6206559623441],[-78.006734,39.601337],[-77.925988,39.607642],[-77.829814,39.587288],[-77.823762,39.525907],[-77.8109438962622,39.5007391665665],[-77.84714,39.446557],[-77.930868,39.38117],[-77.966151,39.367407],[-77.988179,39.320084],[-78.035454,39.278224],[-78.0331852353666,39.2646248420052],[-78.18737,39.363989],[-78.2291295342185,39.3906638872041]]]}},{"type":"Feature","properties":{"fips":"13105","name":"Elbert","state":"GA"},"geometry":{"type":"Polygon","coordinates":[[[-83.078004,34.223606],[-82.980018,34.210066],[-82.7746287310121,34.2883668182547],[-82.744982,34.244861],[-82.7359800166139,34.215462648637],[-82.715373,34.148165],[-82.642797,34.081312],[-82.5950257926073,34.0135178092096],[-82.591855,34.009018],[-82.5629967985809,33.9565549105269],[-82.636698,33.974092],[-82.645451,33.984195],[-82.72439,33.984472],[-82.770939,33.972636],[-82.779506,33.971124],[-82.942268,34.014957],[-82.976294,34.043219],[-83.103264,34.170528],[-83.078004,34.223606]]]}},{"type":"Feature","properties":{"fips":"51620","name":"Franklin","state":"VA"},"geometry":{"type":"Polygon","coordinates":[[[-76.96839,36.70058],[-76.952438,36.70868],[-76.924629,36.707729],[-76.925691,36.698329],[-76.912221,36.698408],[-76.92518,36.683342],[-76.912015,36.672717],[-76.917742,36.662368],[-76.909672,36.648175],[-76.934907,36.659129],[-76.962339,36.667515],[-76.947438,36.67588],[-76.9645,36.67887],[-76.96839,36.70058]]]}},{"type":"Feature","properties":{"fips":"40125","name":"Pottawatomie","state":"OK"},"geometry":{"type":"Polygon","coordinates":[[[-97.142114,35.37686],[-97.14149,35.463977],[-96.624681,35.462707],[-96.623699,35.400722],[-96.77638,35.411471],[-96.775681,34.899958],[-96.813452,34.944649],[-96.8854,34.926251],[-96.930586,34.964364],[-97.01593,34.907348],[-97.142349,34.928176],[-97.142114,35.37686]]]}},{"type":"Feature","properties":{"fips":"48391","name":"Refugio","state":"TX"},"geometry":{"type":"Polygon","coordinates":[[[-97.541071,28.164669],[-97.375579,28.388684],[-97.160751,28.553475],[-97.048529,28.549976],[-96.915284,28.485797],[-96.890951,28.507178],[-96.813494,28.430261],[-96.764325,28.426242],[-96.790512,28.319238],[-97.123799,28.272459],[-97.023586,28.187657],[-97.144916,28.102622],[-97.260818,28.075759],[-97.317163,28.137189],[-97.427171,28.117668],[-97.482384,28.168616],[-97.541071,28.164669]]]}},{"type":"Feature","properties":{"fips":"45043","name":"Georgetown","state":"SC"},"geometry":{"type":"Polygon","coordinates":[[[-79.677385,33.336413],[-79.53808,33.496896],[-79.435733,33.572702],[-79.409332,33.68889],[-79.317041,33.779878],[-79.246384,33.695347],[-79.190264,33.705787],[-79.137683,33.66413],[-79.101074,33.572969],[-78.9951309899024,33.572664],[-79.028516,33.533365],[-79.084588,33.483669],[-79.135441,33.403867],[-79.162332,33.327246],[-79.180563,33.237955],[-79.172394,33.206577],[-79.215453,33.155569],[-79.2744945846428,33.1200562677204],[-79.269396,33.136883],[-79.349575,33.153282],[-79.446699,33.213458],[-79.458734,33.235219],[-79.677014,33.304944],[-79.677385,33.336413]]]}},{"type":"Feature","properties":{"fips":"51037","name":"Charlotte","state":"VA"},"geometry":{"type":"Polygon","coordinates":[[[-78.904587,37.022288],[-78.824209,37.205361],[-78.777081,37.229179],[-78.681573,37.248759],[-78.692432,37.203673],[-78.547128,37.150431],[-78.443644,37.079371],[-78.493028,36.89122],[-78.648541,36.697909],[-78.671463,36.857951],[-78.749727,36.920065],[-78.743891,37.005439],[-78.794862,36.955988],[-78.892702,36.976694],[-78.904587,37.022288]]]}},{"type":"Feature","properties":{"fips":"51193","name":"Westmoreland","state":"VA"},"geometry":{"type":"Polygon","coordinates":[[[-77.044536,38.26045],[-76.9968756083993,38.2790701811448],[-76.990255,38.273935],[-76.957796,38.243183],[-76.962311,38.214075],[-76.910832,38.197073],[-76.8663064384604,38.1763069312986],[-76.838795,38.163476],[-76.749685,38.162114],[-76.684892,38.156497],[-76.613939,38.148587],[-76.600937,38.110084],[-76.535919,38.069532],[-76.5106939613177,38.0394889278142],[-76.616294,38.001623],[-76.63423,37.96663],[-76.764716,38.001979],[-76.876918,38.124238],[-76.936959,38.077074],[-77.032394,38.091733],[-77.061695,38.161631],[-77.044536,38.26045]]]}},{"type":"Feature","properties":{"fips":"05115","name":"Pope","state":"AR"},"geometry":{"type":"Polygon","coordinates":[[[-93.295873,35.470049],[-93.223821,35.468685],[-93.221295,35.599058],[-93.167825,35.597822],[-93.164451,35.728873],[-92.951373,35.724635],[-92.809745,35.722417],[-92.813462,35.548917],[-92.850951,35.462959],[-92.855096,35.173839],[-92.900911,35.169993],[-92.927358,35.176848],[-93.025591,35.161465],[-93.063898,35.117982],[-93.076124,35.17323],[-93.278215,35.312436],[-93.298903,35.327125],[-93.295873,35.470049]]]}},{"type":"Feature","properties":{"fips":"51175","name":"Southampton","state":"VA"},"geometry":{"type":"Polygon","coordinates":[[[-77.430951,36.707218],[-77.002103,36.920747],[-76.953546,36.94445],[-76.849684,36.996211],[-76.817737,36.882057],[-76.924629,36.707729],[-76.952438,36.70868],[-76.96839,36.70058],[-76.9645,36.67887],[-76.947438,36.67588],[-76.962339,36.667515],[-76.934907,36.659129],[-76.909672,36.648175],[-76.897592,36.64405],[-76.930936,36.559569],[-76.9157318023497,36.5460897693389],[-76.9160376328562,36.5460813302903],[-76.917318,36.546046],[-77.0716192313025,36.5461127292585],[-77.1643226037182,36.5461528198479],[-77.190175,36.546164],[-77.2989182850567,36.546038840401],[-77.355214,36.554527],[-77.411947,36.652879],[-77.501917,36.670506],[-77.430951,36.707218]]]}},{"type":"Feature","properties":{"fips":"12053","name":"Hernando","state":"FL"},"geometry":{"type":"Polygon","coordinates":[[[-82.665055,28.484434],[-82.656694,28.544814],[-82.668149,28.622411],[-82.6687096341287,28.6940772618211],[-82.418353,28.694859],[-82.417684,28.665897],[-82.263052,28.667634],[-82.274823,28.656198],[-82.208184,28.572054],[-82.054469,28.521367],[-82.054694,28.478397],[-82.253293,28.478491],[-82.253439,28.434824],[-82.6908136882946,28.4333048573934],[-82.665055,28.484434]]]}},{"type":"Feature","properties":{"fips":"54073","name":"Pleasants","state":"WV"},"geometry":{"type":"Polygon","coordinates":[[[-81.3703898088263,39.3487006724034],[-81.347567,39.34577],[-81.249088,39.389992],[-81.185946,39.430731],[-81.128533,39.449375],[-81.1212738561078,39.4576974138893],[-81.029932,39.467745],[-81.007836,39.350923],[-81.221335,39.307975],[-81.239477,39.268328],[-81.363942,39.320804],[-81.3703898088263,39.3487006724034]]]}},{"type":"Feature","properties":{"fips":"47099","name":"Lawrence","state":"TN"},"geometry":{"type":"Polygon","coordinates":[[[-87.57275,35.049051],[-87.575352,35.398454],[-87.44882,35.420622],[-87.448485,35.457844],[-87.294534,35.444676],[-87.227932,35.429332],[-87.206578,35.433207],[-87.232054,35.292704],[-87.2153,35.286625],[-87.2240536418757,34.9992307419721],[-87.424908998267,35.0014855209409],[-87.6060978676533,35.0035195262043],[-87.57275,35.049051]]]}},{"type":"Feature","properties":{"fips":"54027","name":"Hampshire","state":"WV"},"geometry":{"type":"Polygon","coordinates":[[[-78.850906,39.330866],[-78.767447,39.447238],[-78.6550361715467,39.5443822410837],[-78.590654,39.530192],[-78.4682695950029,39.5262242704717],[-78.450004,39.50674],[-78.347087,39.466012],[-78.337133,39.409169],[-78.34048,39.353492],[-78.401813,39.276754],[-78.40498,39.238006],[-78.428697,39.187217],[-78.413943,39.158415],[-78.508132,39.08863],[-78.561282,39.131444],[-78.623555,39.118509],[-78.979898,39.237624],[-78.850906,39.330866]]]}},{"type":"Feature","properties":{"fips":"01123","name":"Tallapoosa","state":"AL"},"geometry":{"type":"Polygon","coordinates":[[[-86.00917,33.09026],[-85.974715,33.105286],[-85.653654,33.106634],[-85.593177,33.10734],[-85.593151,32.72853],[-85.679854,32.71253],[-85.696755,32.697429],[-85.695854,32.595933],[-85.798585,32.581089],[-85.797156,32.494236],[-85.886148,32.493053],[-85.87986,32.754528],[-86.007187,32.754984],[-86.013884,32.826245],[-86.00917,33.09026]]]}},{"type":"Feature","properties":{"fips":"13247","name":"Rockdale","state":"GA"},"geometry":{"type":"Polygon","coordinates":[[[-84.184143,33.646157],[-84.115791,33.614666],[-84.023713,33.752808],[-83.982033,33.786054],[-83.914823,33.744203],[-83.913499,33.712207],[-83.931268,33.651259],[-84.010452,33.563564],[-84.003278,33.554875],[-84.032117,33.539408],[-84.044493,33.525776],[-84.04972,33.541081],[-84.097471,33.560009],[-84.124585,33.561133],[-84.184143,33.646157]]]}},{"type":"Feature","properties":{"fips":"40141","name":"Tillman","state":"OK"},"geometry":{"type":"Polygon","coordinates":[[[-99.237922,34.426657],[-99.16332,34.588036],[-99.082881,34.590854],[-99.10315,34.63795],[-99.001025,34.637872],[-99.001107,34.594366],[-98.826008,34.594413],[-98.826144,34.50737],[-98.661982,34.50746],[-98.661956,34.405948],[-98.662004,34.333431],[-98.60966,34.33372],[-98.6102002179226,34.1561768671247],[-98.648073,34.164441],[-98.690072,34.133155],[-98.737232,34.130992],[-98.80681,34.155901],[-98.872229,34.160446],[-98.94022,34.203686],[-98.9523248875282,34.2046698986035],[-99.002916,34.208782],[-99.0588,34.201256],[-99.131553,34.209352],[-99.189511,34.214312],[-99.2116,34.31397],[-99.2216079008455,34.3253735743726],[-99.192747,34.354861],[-99.237922,34.426657]]]}},{"type":"Feature","properties":{"fips":"37097","name":"Iredell","state":"NC"},"geometry":{"type":"Polygon","coordinates":[[[-81.109507,35.776594],[-81.041339,35.857855],[-81.005541,35.958287],[-81.028833,36.045652],[-80.975675,36.05881],[-80.881591,36.055718],[-80.693197,36.05126],[-80.707824,35.852961],[-80.771582,35.672163],[-80.737249,35.505801],[-80.784167,35.506017],[-80.906723,35.514785],[-80.947344,35.488473],[-80.939685,35.529529],[-80.960025,35.54702],[-80.925213,35.620258],[-80.994445,35.70211],[-81.065089,35.714942],[-81.109507,35.776594]]]}},{"type":"Feature","properties":{"fips":"51685","name":"Manassas Park","state":"VA"},"geometry":{"type":"Polygon","coordinates":[[[-77.475584,38.781112],[-77.473228,38.788409],[-77.458507,38.787394],[-77.459499,38.778395],[-77.444875,38.770495],[-77.440333,38.783473],[-77.422013,38.776644],[-77.419425,38.769731],[-77.427332,38.753598],[-77.439148,38.759181],[-77.442056,38.750903],[-77.443495,38.763791],[-77.458695,38.772319],[-77.45931,38.772614],[-77.459611,38.772921],[-77.474607,38.78116],[-77.475584,38.781112]]]}},{"type":"Feature","properties":{"fips":"05133","name":"Sevier","state":"AR"},"geometry":{"type":"Polygon","coordinates":[[[-94.474895,34.019655],[-94.470143947319,34.1901776556377],[-94.243788,34.1925],[-94.090003,34.186973],[-94.095263,34.078086],[-94.058028,33.9637],[-94.070238,33.927078],[-94.048874,33.882187],[-93.964656,33.796154],[-93.95891,33.751058],[-94.040865,33.781979],[-94.182551,33.788442],[-94.303523,33.831608],[-94.408441,33.945249],[-94.4772691832212,33.9408298614626],[-94.474895,34.019655]]]}},{"type":"Feature","properties":{"fips":"37177","name":"Tyrrell","state":"NC"},"geometry":{"type":"Polygon","coordinates":[[[-76.405603,35.786294],[-76.353669,35.861365],[-76.380009,35.914666],[-76.358393,36.020019],[-76.186705,36.047725],[-76.157953,36.059517],[-76.058217,36.080593],[-76.022607,36.096725],[-76.022398,36.086654],[-75.906295,36.085877],[-75.874806,36.041789],[-75.840046,36.028834],[-75.973152,35.976643],[-76.008348,35.895802],[-76.027479,35.668849],[-76.144653,35.702488],[-76.213895,35.598238],[-76.285839,35.604464],[-76.269247,35.690754],[-76.405971,35.697579],[-76.405603,35.786294]]]}},{"type":"Feature","properties":{"fips":"47049","name":"Fentress","state":"TN"},"geometry":{"type":"Polygon","coordinates":[[[-85.120445,36.407164],[-85.043924,36.558791],[-84.943144,36.58127],[-84.731839,36.524674],[-84.659115,36.395222],[-84.700785,36.370824],[-84.797861,36.296894],[-84.875842,36.285092],[-84.907753,36.156293],[-85.029461,36.170433],[-85.100213,36.138561],[-85.119583,36.144719],[-85.082497,36.196171],[-85.122245,36.304599],[-85.120445,36.407164]]]}},{"type":"Feature","properties":{"fips":"01051","name":"Elmore","state":"AL"},"geometry":{"type":"Polygon","coordinates":[[[-86.413335,32.750591],[-86.374974,32.75358],[-86.336694,32.76813],[-86.31948,32.753698],[-86.007187,32.754984],[-85.87986,32.754528],[-85.886148,32.493053],[-85.852625,32.475747],[-86.023012,32.419978],[-86.198075,32.45138],[-86.262006,32.50169],[-86.411172,32.409937],[-86.413116,32.707386],[-86.413335,32.750591]]]}},{"type":"Feature","properties":{"fips":"01005","name":"Barbour","state":"AL"},"geometry":{"type":"Polygon","coordinates":[[[-85.735732,31.624493],[-85.665654,31.786237],[-85.657668,31.880275],[-85.587344,31.997355],[-85.428476,32.014951],[-85.410241,32.146651],[-85.257834,32.147931],[-85.185067,32.061708],[-85.0514111279128,32.062256083622],[-85.0635905429847,31.991857],[-85.067829,31.967358],[-85.114031,31.89336],[-85.141831,31.839261],[-85.1291593155832,31.7802782680766],[-85.1254405773425,31.7629687034183],[-85.216076,31.702409],[-85.416038,31.706664],[-85.416437,31.619466],[-85.467038,31.620566],[-85.748251,31.618048],[-85.735732,31.624493]]]}},{"type":"Feature","properties":{"fips":"28033","name":"DeSoto","state":"MS"},"geometry":{"type":"Polygon","coordinates":[[[-90.250095,34.90732],[-90.244476,34.937596],[-90.309297,34.995694],[-89.795187,34.994293],[-89.724322525596,34.9941869687599],[-89.723442,34.772311],[-89.912202,34.772506],[-90.030051,34.70795],[-90.171483,34.75901],[-90.200199,34.724418],[-90.202126,34.860374],[-90.3114467159881,34.872838517743],[-90.250095,34.90732]]]}},{"type":"Feature","properties":{"fips":"13147","name":"Hart","state":"GA"},"geometry":{"type":"Polygon","coordinates":[[[-83.094238,34.415901],[-83.0505729641024,34.4950536521691],[-83.048289,34.493254],[-82.99509,34.472483],[-82.9913881531823,34.4729806272358],[-82.925766,34.481802],[-82.873831,34.471508],[-82.841997,34.399766],[-82.82342,34.358872],[-82.780308,34.296701],[-82.7746287310121,34.2883668182547],[-82.980018,34.210066],[-83.078004,34.223606],[-83.11336,34.27353],[-83.094238,34.415901]]]}},{"type":"Feature","properties":{"fips":"48167","name":"Galveston","state":"TX"},"geometry":{"type":"Polygon","coordinates":[[[-95.216349,29.555766],[-95.16161,29.497297],[-95.068329,29.557485],[-95.018205,29.554597],[-94.909845,29.496441],[-94.791611,29.550416],[-94.762569,29.524162],[-94.545908,29.572503],[-94.422868,29.566256],[-94.370816,29.555645988295],[-94.500807,29.505367],[-94.594853,29.467903],[-94.670389,29.43078],[-94.731047,29.369141],[-94.72253,29.331446],[-94.803695,29.279237],[-95.026219,29.148064],[-95.1150505055983,29.0755520224787],[-95.056139,29.199279],[-95.19219,29.404367],[-95.233081,29.465566],[-95.216349,29.555766]]]}},{"type":"Feature","properties":{"fips":"37183","name":"Wake","state":"NC"},"geometry":{"type":"Polygon","coordinates":[[[-78.995048,35.610166],[-78.908812,35.847536],[-78.906071,35.868096],[-78.82835,35.870876],[-78.804836,35.927552],[-78.717014,35.961265],[-78.699847,36.011427],[-78.753611,36.031384],[-78.751273,36.070834],[-78.683224,36.074484],[-78.546414,36.021826],[-78.426864,35.975012],[-78.284316,35.874578],[-78.255973,35.81812],[-78.468503,35.707072],[-78.708902,35.519458],[-78.776452,35.540476],[-78.916067,35.584102],[-78.995048,35.610166]]]}},{"type":"Feature","properties":{"fips":"47169","name":"Trousdale","state":"TN"},"geometry":{"type":"Polygon","coordinates":[[[-86.268788,36.452897],[-86.228434,36.487472],[-86.168261,36.444293],[-85.978893,36.426073],[-85.977143,36.405076],[-86.0809,36.355367],[-86.136803,36.295859],[-86.20656,36.342659],[-86.264436,36.299718],[-86.283256,36.3475],[-86.268788,36.452897]]]}},{"type":"Feature","properties":{"fips":"47029","name":"Cocke","state":"TN"},"geometry":{"type":"Polygon","coordinates":[[[-83.310782,35.895846],[-83.253886,36.081394],[-83.234585,36.085094],[-83.245787,36.124194],[-83.175098,36.127357],[-83.187386,36.174995],[-83.166085,36.180894],[-83.172485,36.157095],[-83.102761,36.120909],[-82.8937514184314,35.9338572697089],[-82.910608,35.92693],[-82.899718,35.874602],[-82.937437,35.82732],[-82.9666497428986,35.795445979574],[-82.978414,35.78261],[-83.04853,35.787706],[-83.097193,35.776067],[-83.161537,35.763363],[-83.198267,35.725494],[-83.255351,35.71623],[-83.2561415523036,35.7151240626578],[-83.261806,35.825024],[-83.310782,35.895846]]]}},{"type":"Feature","properties":{"fips":"51105","name":"Lee","state":"VA"},"geometry":{"type":"Polygon","coordinates":[[[-83.614513,36.633983],[-83.527112,36.665985],[-83.4609546474638,36.6661310362733],[-83.436508,36.666185],[-83.386099,36.686589],[-83.236399,36.726887],[-83.136395,36.743088],[-83.114693,36.796088],[-83.07559,36.850589],[-83.012587,36.847289],[-82.895445,36.882145],[-82.8837542129764,36.8971301366542],[-82.847362,36.847663],[-82.771595,36.800031],[-82.823358,36.733603],[-82.947587,36.67587],[-82.9844584955724,36.59528996905],[-83.2763,36.598187],[-83.4720935738096,36.5994757320593],[-83.675413,36.600814],[-83.614513,36.633983]]]}},{"type":"Feature","properties":{"fips":"37127","name":"Nash","state":"NC"},"geometry":{"type":"Polygon","coordinates":[[[-78.255973,35.81812],[-78.006551,36.202633],[-77.8864,36.143994],[-77.720742,36.133884],[-77.697956,36.15315],[-77.706966,36.115503],[-77.828444,35.867208],[-77.844737,35.837618],[-78.192117,35.730545],[-78.232876,35.751427],[-78.255973,35.81812]]]}},{"type":"Feature","properties":{"fips":"28019","name":"Choctaw","state":"MS"},"geometry":{"type":"Polygon","coordinates":[[[-89.45405,33.4332],[-89.381092,33.460307],[-89.261481,33.518628],[-89.088446,33.533202],[-89.088255,33.286003],[-89.1089,33.198059],[-89.213422,33.197543],[-89.213921,33.109402],[-89.317855,33.108871],[-89.316408,33.285556],[-89.453808,33.285942],[-89.45405,33.4332]]]}},{"type":"Feature","properties":{"fips":"51077","name":"Grayson","state":"VA"},"geometry":{"type":"Polygon","coordinates":[[[-81.6469,36.611918],[-81.605865,36.638079],[-81.543957,36.701517],[-81.261987,36.763033],[-81.08851,36.767422],[-81.042428,36.806448],[-80.932271,36.671593],[-80.944109,36.676303],[-80.949599,36.662992],[-80.947754,36.648361],[-80.921711,36.643533],[-80.931147,36.625268],[-80.916043,36.629343],[-80.914173,36.650246],[-80.840213077246,36.5619284516373],[-80.901661118921,36.561751187168],[-80.901726,36.561751],[-81.061866,36.56702],[-81.176712,36.571926],[-81.3532212246022,36.5762382311564],[-81.499831,36.57982],[-81.677535,36.588117],[-81.6469,36.611918]]]}},{"type":"Feature","properties":{"fips":"28063","name":"Jefferson","state":"MS"},"geometry":{"type":"Polygon","coordinates":[[[-91.345714,31.842861],[-91.290135,31.833658],[-91.2440151613247,31.8697324375039],[-91.013676,31.861852],[-90.842,31.826498],[-90.852657,31.785422],[-90.736282,31.786134],[-90.736824,31.698491],[-90.73733,31.611124],[-91.153864,31.610068],[-91.300257,31.672488],[-91.297343,31.678585],[-91.300281,31.681197],[-91.292648,31.687112],[-91.291888,31.691703],[-91.294002,31.697894],[-91.299095,31.700089],[-91.296926,31.707374],[-91.302116,31.707496],[-91.301028,31.713863],[-91.307062,31.711361],[-91.317864,31.749766],[-91.3204587332816,31.7478006144822],[-91.359514,31.799362],[-91.345714,31.842861]]]}},{"type":"Feature","properties":{"fips":"05125","name":"Saline","state":"AR"},"geometry":{"type":"Polygon","coordinates":[[[-93.074011,34.858199],[-92.739732,34.853599],[-92.651248,34.851682],[-92.654324,34.764541],[-92.549656,34.761691],[-92.552015,34.689333],[-92.443286,34.672041],[-92.381943,34.626338],[-92.346461,34.625635],[-92.348692,34.582289],[-92.244212,34.58089],[-92.245841,34.493584],[-92.403372,34.495707],[-92.40467,34.451892],[-92.589469,34.455577],[-92.668654,34.414504],[-92.685066,34.473102],[-92.793189,34.503573],[-92.808028,34.590406],[-92.875394,34.635196],[-92.979978,34.637249],[-92.969317,34.772263],[-93.075178,34.771892],[-93.074011,34.858199]]]}},{"type":"Feature","properties":{"fips":"48255","name":"Karnes","state":"TX"},"geometry":{"type":"Polygon","coordinates":[[[-98.190991,28.882333],[-97.728443,29.221748],[-97.613132,29.109765],[-97.75511,29.007113],[-97.574639,28.8133],[-97.77853,28.668027],[-97.915106,28.719648],[-98.005252,28.690239],[-98.098315,28.786949],[-98.190991,28.882333]]]}},{"type":"Feature","properties":{"fips":"48409","name":"San Patricio","state":"TX"},"geometry":{"type":"Polygon","coordinates":[[[-97.904081,28.114228],[-97.817716,28.176848],[-97.567622,28.129683],[-97.541071,28.164669],[-97.482384,28.168616],[-97.427171,28.117668],[-97.317163,28.137189],[-97.260818,28.075759],[-97.136312,27.90439],[-97.18653,27.825495],[-97.201291,27.821105],[-97.250796,27.876718],[-97.359822,27.852348],[-97.337677,27.883165],[-97.589473,27.856101],[-97.691074,27.917353],[-97.806798,27.934712],[-97.798517,27.995659],[-97.801388,28.03836],[-97.883148,28.0569],[-97.904081,28.114228]]]}},{"type":"Feature","properties":{"fips":"28055","name":"Issaquena","state":"MS"},"geometry":{"type":"Polygon","coordinates":[[[-91.1596060796211,33.0112423416025],[-90.965433,33.010545],[-90.914337,33.007697],[-90.963753,32.838133],[-90.964864,32.662798],[-90.723159,32.662128],[-90.691405,32.636284],[-90.720102,32.618858],[-90.728344,32.566265],[-90.860566,32.575173],[-90.861364,32.442115],[-90.963381,32.411185],[-90.964043,32.575605],[-91.0487604277637,32.5727970404214],[-91.049312,32.573624],[-91.0554092828289,32.5790876048294],[-91.079506,32.60068],[-91.098762,32.685291],[-91.056999,32.72558],[-91.113652,32.73997],[-91.157614,32.776033],[-91.161669,32.812465],[-91.13789,32.848975],[-91.070602,32.888659],[-91.072075,32.937832],[-91.134414,32.980533],[-91.166073,33.004106],[-91.1596060796211,33.0112423416025]]]}},{"type":"Feature","properties":{"fips":"51069","name":"Frederick","state":"VA"},"geometry":{"type":"Polygon","coordinates":[[[-78.508132,39.08863],[-78.413943,39.158415],[-78.428697,39.187217],[-78.40498,39.238006],[-78.401813,39.276754],[-78.34048,39.353492],[-78.337133,39.409169],[-78.347087,39.466012],[-78.2291295342185,39.3906638872041],[-78.18737,39.363989],[-78.0331852353666,39.2646248420052],[-78.0331834609342,39.2646236984747],[-78.109794,39.095822],[-78.151614,39.036629],[-78.163871,39.017928],[-78.31408,39.007994],[-78.336648,39.101997],[-78.391624,39.101897],[-78.454136,39.027797],[-78.532266186557,39.0527645240444],[-78.508132,39.08863]],[[-78.196629,39.142151],[-78.183583,39.132421],[-78.136725,39.184371],[-78.159931,39.203099],[-78.187794,39.20487],[-78.196629,39.142151]]]}},{"type":"Feature","properties":{"fips":"37077","name":"Granville","state":"NC"},"geometry":{"type":"Polygon","coordinates":[[[-78.802335,36.235794],[-78.7962739551405,36.5417594935816],[-78.7341228011172,36.5416087348408],[-78.509965,36.541065],[-78.4572778962559,36.5414487083995],[-78.497783,36.514477],[-78.510384,36.376016],[-78.50921,36.265694],[-78.508395,36.188961],[-78.496614,36.175199],[-78.544812,36.080846],[-78.546414,36.021826],[-78.683224,36.074484],[-78.751273,36.070834],[-78.807623,36.087688],[-78.802335,36.235794]]]}},{"type":"Feature","properties":{"fips":"13097","name":"Douglas","state":"GA"},"geometry":{"type":"Polygon","coordinates":[[[-84.901688,33.780703],[-84.86941,33.774983],[-84.767494,33.786895],[-84.724142,33.806387],[-84.622692,33.804842],[-84.577932,33.743683],[-84.660227,33.657284],[-84.739206,33.623157],[-84.753035,33.630275],[-84.804825,33.587504],[-84.809181,33.574073],[-84.905788,33.573378],[-84.901688,33.780703]]]}},{"type":"Feature","properties":{"fips":"47087","name":"Jackson","state":"TN"},"geometry":{"type":"Polygon","coordinates":[[[-85.828026,36.411836],[-85.813885,36.499473],[-85.704075,36.522395],[-85.57596,36.471617],[-85.495422,36.403074],[-85.497587,36.375051],[-85.495124,36.302278],[-85.557527,36.223177],[-85.780148,36.238011],[-85.82766,36.255272],[-85.828026,36.411836]]]}},{"type":"Feature","properties":{"fips":"54045","name":"Logan","state":"WV"},"geometry":{"type":"Polygon","coordinates":[[[-82.190658,37.974778],[-81.988776,38.024884],[-81.932507,38.025356],[-81.980248,37.9865],[-81.785641,37.936404],[-81.722136,37.809507],[-81.607532,37.788709],[-81.762137,37.756308],[-81.701734,37.701409],[-81.802937,37.660508],[-81.930238,37.682011],[-81.993444,37.640607],[-82.082648,37.701565],[-82.112411,37.854039],[-82.190658,37.974778]]]}},{"type":"Feature","properties":{"fips":"13275","name":"Thomas","state":"GA"},"geometry":{"type":"Polygon","coordinates":[[[-84.116644,31.077971],[-84.003627,31.07729],[-84.003876,31.041582],[-83.736158,31.037679],[-83.743729,30.6585269137505],[-83.820973,30.662603],[-84.007454,30.6720699684692],[-84.0837530823,30.675943397968],[-84.075958,30.912538],[-84.119058,30.980956],[-84.116644,31.077971]]]}},{"type":"Feature","properties":{"fips":"37179","name":"Union","state":"NC"},"geometry":{"type":"Polygon","coordinates":[[[-80.804506,35.027749],[-80.77248,35.033157],[-80.550349,35.208412],[-80.504985,35.184998],[-80.356982,35.16494],[-80.276829,35.195722],[-80.3208325711298,34.813620821544],[-80.561657,34.817481],[-80.5617085493824,34.8174824003365],[-80.796997,34.823874],[-80.782042,34.935782],[-80.8405485676148,35.0014509426323],[-80.804506,35.027749]]]}},{"type":"Feature","properties":{"fips":"47079","name":"Henry","state":"TN"},"geometry":{"type":"Polygon","coordinates":[[[-88.5163580599794,36.5014641981633],[-88.51192,36.501457],[-88.4890767387132,36.5012837190757],[-88.127378,36.49854],[-88.0533508007759,36.4999962506816],[-88.061428,36.443992],[-87.99092,36.360133],[-88.095868,36.359265],[-88.083157,36.256724],[-88.10046,36.254369],[-88.102163,36.231918],[-88.135824,36.218678],[-88.136905,36.209537],[-88.196474,36.129824],[-88.212559,36.12029],[-88.211698,36.145974],[-88.530322,36.152023],[-88.5163580599794,36.5014641981633]]]}},{"type":"Feature","properties":{"fips":"01101","name":"Montgomery","state":"AL"},"geometry":{"type":"Polygon","coordinates":[[[-86.496774,32.344437],[-86.459552,32.405441],[-86.411172,32.409937],[-86.262006,32.50169],[-86.198075,32.45138],[-86.023012,32.419978],[-85.992376,32.338172],[-85.919293,32.274382],[-85.986557,32.272342],[-85.996853,32.051049],[-85.995563,31.967554],[-86.191379,31.966453],[-86.302217,31.965065],[-86.303616,32.051664],[-86.406276,32.050731],[-86.408771,32.244309],[-86.48484,32.276394],[-86.496774,32.344437]]]}},{"type":"Feature","properties":{"fips":"13073","name":"Columbia","state":"GA"},"geometry":{"type":"Polygon","coordinates":[[[-82.425328,33.650629],[-82.308246,33.700436],[-82.2159383647475,33.6877549753187],[-82.199747,33.657611],[-82.161908,33.610643],[-82.1146464844333,33.5979030721672],[-82.10624,33.595637],[-82.028238,33.544934],[-82.294179,33.354635],[-82.437081,33.550538],[-82.425328,33.650629]]]}},{"type":"Feature","properties":{"fips":"48443","name":"Terrell","state":"TX"},"geometry":{"type":"Polygon","coordinates":[[[-102.566937,30.283269],[-102.343085,30.284116],[-102.342986,30.598759],[-102.138406,30.597521],[-102.137778,30.655982],[-101.76842,30.653077],[-101.652446,30.620471],[-101.646245,30.560763],[-101.740429,30.420897],[-101.65853,30.357861],[-101.7584,30.288044],[-101.761619209528,29.7788600967222],[-101.809441,29.790161],[-101.8754,29.794023],[-101.966167,29.807343],[-102.021919,29.802491],[-102.073646,29.786926],[-102.115682,29.79239],[-102.161674,29.819487],[-102.227553,29.843534],[-102.301381,29.877674],[-102.318683954588,29.8721929465015],[-102.327002,29.883305],[-102.567049,30.052808],[-102.566937,30.283269]]]}},{"type":"Feature","properties":{"fips":"40137","name":"Stephens","state":"OK"},"geometry":{"type":"Polygon","coordinates":[[[-98.141799,34.681158],[-98.089097,34.681163],[-97.668512,34.68134],[-97.563004,34.681185],[-97.562323,34.507036],[-97.562512,34.289183],[-98.139227,34.289824],[-98.139293,34.489279],[-98.142148,34.506994],[-98.141799,34.681158]]]}},{"type":"Feature","properties":{"fips":"12065","name":"Jefferson","state":"FL"},"geometry":{"type":"Polygon","coordinates":[[[-84.075539,30.273617],[-84.074691,30.434302],[-84.041152,30.521901],[-83.979006,30.550681],[-84.007454,30.6720699684692],[-83.820973,30.662603],[-83.743729,30.6585269137505],[-83.6117040588264,30.6515600937086],[-83.604186,30.581916],[-83.736954,30.507569],[-83.72172,30.434354],[-83.806667,30.371689],[-83.820235,30.30354],[-83.915827,30.245152],[-83.992310340478,30.0892687377287],[-84.000716,30.096209],[-84.06299,30.101378],[-84.0761320719114,30.0990898837301],[-84.075539,30.273617]]]}},{"type":"Feature","properties":{"fips":"47003","name":"Bedford","state":"TN"},"geometry":{"type":"Polygon","coordinates":[[[-86.639436,35.6859],[-86.543116,35.697617],[-86.402726,35.618571],[-86.34194,35.664259],[-86.245165,35.631913],[-86.234575,35.45276],[-86.25759,35.412476],[-86.422338,35.318846],[-86.525306,35.354718],[-86.599478,35.36495],[-86.618572,35.367401],[-86.664164,35.491771],[-86.639436,35.6859]]]}},{"type":"Feature","properties":{"fips":"28007","name":"Attala","state":"MS"},"geometry":{"type":"Polygon","coordinates":[[[-89.896363,32.932602],[-89.749441,33.214478],[-89.701514,33.285359],[-89.64528,33.285515],[-89.453808,33.285942],[-89.316408,33.285556],[-89.317855,33.108871],[-89.319163,32.931654],[-89.730154,32.929924],[-89.730016,32.885072],[-89.965882,32.879573],[-89.896363,32.932602]]]}},{"type":"Feature","properties":{"fips":"01067","name":"Henry","state":"AL"},"geometry":{"type":"Polygon","coordinates":[[[-85.416437,31.619466],[-85.416038,31.706664],[-85.216076,31.702409],[-85.1254405773425,31.7629687034183],[-85.11893,31.732664],[-85.12553,31.694965],[-85.058169,31.620227],[-85.05796,31.57084],[-85.041881,31.544684],[-85.0516814295062,31.5195403291417],[-85.071621,31.468384],[-85.066005,31.431363],[-85.092487,31.362881],[-85.087929,31.321648],[-85.0888299635305,31.3086477554966],[-85.179131,31.307675],[-85.417434,31.314973],[-85.416437,31.619466]]]}},{"type":"Feature","properties":{"fips":"22125","name":"West Feliciana","state":"LA"},"geometry":{"type":"MultiPolygon","coordinates":[[[[-91.644917,30.928971],[-91.636942,30.999416],[-91.224068,30.999183],[-91.1761401239669,30.9992242023186],[-91.230589,30.810482],[-91.320706,30.699417],[-91.310061,30.653961],[-91.33087,30.658677],[-91.38062,30.758804],[-91.450382,30.736168],[-91.553019,30.730798],[-91.594595,30.750184],[-91.539473,30.791224],[-91.515586,30.875181],[-91.549308,30.916228],[-91.614608,30.9176],[-91.556407,30.848643],[-91.661811,30.860019],[-91.644917,30.928971]]],[[[-91.723804,31.044254],[-91.6282572982088,31.0050970018952],[-91.636942,30.999416],[-91.687266,31.018142],[-91.750119,31.018814],[-91.723804,31.044254]]]]}},{"type":"Feature","properties":{"fips":"54031","name":"Hardy","state":"WV"},"geometry":{"type":"Polygon","coordinates":[[[-79.134296,38.81334],[-79.046853,38.92721],[-79.089655,39.038208],[-78.979898,39.237624],[-78.623555,39.118509],[-78.561282,39.131444],[-78.508132,39.08863],[-78.532266186557,39.0527645240444],[-78.561711,39.009007],[-78.620453,38.982601],[-78.681617,38.92584],[-78.772793,38.893742],[-78.821167,38.830982],[-78.869276,38.762991],[-78.999014,38.840074],[-79.023053,38.798613],[-79.057253,38.761413],[-79.134296,38.81334]]]}},{"type":"Feature","properties":{"fips":"13065","name":"Clinch","state":"GA"},"geometry":{"type":"Polygon","coordinates":[[[-82.971247,31.183988],[-82.671669,31.183739],[-82.592071,31.018487],[-82.490558,30.963166],[-82.495476,30.819553],[-82.435852,30.820068],[-82.4189841121785,30.5809166697315],[-82.459581,30.584264],[-82.4597924354137,30.5842765283062],[-82.5840051864195,30.5916365790876],[-82.581202,30.696237],[-82.766159,30.732404],[-82.846353,30.834988],[-82.971336,30.869392],[-82.971247,31.183988]]]}},{"type":"Feature","properties":{"fips":"48117","name":"Deaf Smith","state":"TX"},"geometry":{"type":"Polygon","coordinates":[[[-103.042738818608,34.9541420403614],[-103.042711,35.144735],[-103.042617950565,35.1831572590084],[-102.167471,35.183233],[-102.168839,34.747417],[-102.525184,34.746931],[-103.042769,34.747361],[-103.042738818608,34.9541420403614]]]}},{"type":"Feature","properties":{"fips":"13153","name":"Houston","state":"GA"},"geometry":{"type":"Polygon","coordinates":[[[-83.85654,32.382399],[-83.836994,32.388793],[-83.846676,32.468514],[-83.82566,32.439123],[-83.723139,32.521122],[-83.718578,32.631411],[-83.728182,32.639585],[-83.70109,32.691598],[-83.701152,32.692169],[-83.666134,32.674518],[-83.597656,32.664338],[-83.555777,32.652516],[-83.548147,32.571922],[-83.488421,32.485138],[-83.497923,32.452198],[-83.498039,32.401715],[-83.523458,32.402288],[-83.615579,32.288556],[-83.68513,32.289892],[-83.718434,32.290162],[-83.848379,32.29097],[-83.85654,32.382399]]]}},{"type":"Feature","properties":{"fips":"24009","name":"Calvert","state":"MD"},"geometry":{"type":"Polygon","coordinates":[[[-76.686358,38.748475],[-76.642749,38.769281],[-76.615902,38.720804],[-76.5270925473942,38.7127503012383],[-76.528923,38.663889],[-76.511278,38.615745],[-76.517506,38.539149],[-76.492699,38.482849],[-76.450937,38.442422],[-76.393378,38.389477],[-76.387002,38.361267],[-76.400194624698,38.3198719439614],[-76.453453,38.305057],[-76.501475,38.372497],[-76.608373,38.424445],[-76.674118,38.499622],[-76.675457,38.535876],[-76.70196,38.710864],[-76.686358,38.748475]]]}},{"type":"Feature","properties":{"fips":"13279","name":"Toombs","state":"GA"},"geometry":{"type":"Polygon","coordinates":[[[-82.438987,32.29318],[-82.40913,32.353738],[-82.409118,32.35383],[-82.354603,32.292475],[-82.232788,32.318838],[-82.181912,32.166125],[-82.225042,31.913074],[-82.407245,31.949488],[-82.431531,31.966182],[-82.483131,31.968961],[-82.438987,32.29318]]]}},{"type":"Feature","properties":{"fips":"37171","name":"Surry","state":"NC"},"geometry":{"type":"Polygon","coordinates":[[[-80.973643,36.453474],[-80.901661118921,36.561751187168],[-80.840213077246,36.5619284516373],[-80.704831,36.562319],[-80.6121887881246,36.5582162763804],[-80.4403427430004,36.5506059569159],[-80.451925,36.261515],[-80.452656,36.241651],[-80.547885,36.285419],[-80.624245,36.286822],[-80.873205,36.236305],[-80.868746,36.326447],[-80.967153,36.40202],[-80.973643,36.453474]]]}},{"type":"Feature","properties":{"fips":"21005","name":"Anderson","state":"KY"},"geometry":{"type":"Polygon","coordinates":[[[-85.169359,37.997576],[-85.101646,38.03727],[-85.047783,38.072341],[-85.023711,38.129052],[-84.996625,38.127479],[-84.91881,38.099381],[-84.864908,38.116926],[-84.830915,38.093605],[-84.849779,38.047985],[-84.796327,37.970088],[-84.933085,37.954186],[-85.030528,37.891538],[-85.058151,37.89516],[-85.126552,37.917169],[-85.152797,37.897661],[-85.167834,37.971809],[-85.169359,37.997576]]]}},{"type":"Feature","properties":{"fips":"48123","name":"DeWitt","state":"TX"},"geometry":{"type":"Polygon","coordinates":[[[-97.613132,29.109765],[-97.240108,29.384488],[-96.976378,29.104046],[-97.305916,28.864037],[-97.41734,28.925228],[-97.574639,28.8133],[-97.75511,29.007113],[-97.613132,29.109765]]]}},{"type":"Feature","properties":{"fips":"48363","name":"Palo Pinto","state":"TX"},"geometry":{"type":"Polygon","coordinates":[[[-98.575616,32.954349],[-98.427211,32.9523],[-98.426553,33.007913],[-98.056094,33.003332],[-98.064369,32.637236],[-98.066836,32.558822],[-98.068545,32.511626],[-98.475177,32.513039],[-98.576256,32.515163],[-98.575616,32.954349]]]}},{"type":"Feature","properties":{"fips":"40011","name":"Blaine","state":"OK"},"geometry":{"type":"Polygon","coordinates":[[[-98.636899,36.164894],[-98.210405,36.164889],[-98.207104,35.725187],[-98.313153,35.725161],[-98.313251,35.551523],[-98.623244,35.551522],[-98.632196,35.565627],[-98.631985,35.812402],[-98.636899,36.164894]]]}},{"type":"Feature","properties":{"fips":"13227","name":"Pickens","state":"GA"},"geometry":{"type":"Polygon","coordinates":[[[-84.654056,34.548951],[-84.371352,34.548495],[-84.345553,34.562735],[-84.319679,34.467857],[-84.256867,34.467327],[-84.257586,34.380992],[-84.393926,34.373292],[-84.411969,34.380551],[-84.58263,34.381492],[-84.58283,34.412191],[-84.653232,34.41259],[-84.644432,34.455789],[-84.654056,34.548951]]]}},{"type":"Feature","properties":{"fips":"48361","name":"Orange","state":"TX"},"geometry":{"type":"Polygon","coordinates":[[[-94.117604,30.241665],[-93.901452,30.242672],[-93.7110621713009,30.2439707156403],[-93.713359,30.225261],[-93.703764,30.173936],[-93.702436,30.112721],[-93.70394,30.054291],[-93.7061835663174,30.0523143321691],[-93.741078,30.021571],[-93.807815,29.954549],[-93.830374,29.894359],[-93.8523098709223,29.8720910043919],[-93.843896,29.954805],[-94.031976,30.028013],[-94.093978,30.086265],[-94.073678,30.114111],[-94.115917,30.160347],[-94.091217,30.204648],[-94.117604,30.241665]]]}},{"type":"Feature","properties":{"fips":"21045","name":"Casey","state":"KY"},"geometry":{"type":"Polygon","coordinates":[[[-85.131162,37.384265],[-85.073772,37.413669],[-85.044807,37.412038],[-85.039674,37.545232],[-84.8981,37.532113],[-84.847434,37.548343],[-84.850816,37.427143],[-84.722826,37.360043],[-84.706402,37.29954],[-84.720712,37.238328],[-84.901112,37.116297],[-84.954406,37.102271],[-85.043316,37.186028],[-85.056898,37.257041],[-85.165174,37.310396],[-85.131162,37.384265]]]}},{"type":"Feature","properties":{"fips":"47039","name":"Decatur","state":"TN"},"geometry":{"type":"Polygon","coordinates":[[[-88.243057,35.528858],[-88.190465,35.609088],[-88.179177,35.816785],[-88.177859,35.845841],[-88.051772,35.849975],[-87.970738,35.815705],[-88.034788,35.717261],[-88.035837,35.621839],[-87.97463,35.521025],[-88.042332,35.444617],[-88.007709,35.423381],[-87.97366,35.404958],[-88.024741,35.392307],[-88.196462,35.379561],[-88.241677,35.423263],[-88.247243,35.439296],[-88.243057,35.528858]]]}},{"type":"Feature","properties":{"fips":"21155","name":"Marion","state":"KY"},"geometry":{"type":"Polygon","coordinates":[[[-85.52129,37.554343],[-85.450493,37.685948],[-85.401945,37.730511],[-85.401784,37.730658],[-85.349334,37.655663],[-85.257298,37.630903],[-85.030172,37.63127],[-85.039674,37.545232],[-85.044807,37.412038],[-85.073772,37.413669],[-85.128685,37.453191],[-85.246759,37.420205],[-85.340446,37.469512],[-85.46625,37.465595],[-85.503001,37.54909],[-85.52129,37.554343]]]}},{"type":"Feature","properties":{"fips":"22021","name":"Caldwell","state":"LA"},"geometry":{"type":"Polygon","coordinates":[[[-92.311937,32.146036],[-92.312163,32.277348],[-92.106327,32.25873],[-92.034473,32.277237],[-91.993367,32.276795],[-91.980603,32.166634],[-91.894729,32.15155],[-91.868202,32.091555],[-91.933229,32.066882],[-91.889823,31.97169],[-91.903565,31.927457],[-92.005624,31.927383],[-92.312518,31.927656],[-92.311937,32.146036]]]}},{"type":"Feature","properties":{"fips":"47189","name":"Wilson","state":"TN"},"geometry":{"type":"Polygon","coordinates":[[[-86.567098,36.271308],[-86.552842,36.319066],[-86.521642,36.278099],[-86.451721,36.335629],[-86.298452,36.313634],[-86.283256,36.3475],[-86.264436,36.299718],[-86.20656,36.342659],[-86.136803,36.295859],[-86.115607,36.268886],[-86.059706,36.086024],[-86.063413,36.070052],[-86.014849,35.96106],[-86.090502,35.974451],[-86.153214,35.954399],[-86.176951,35.957508],[-86.251731,35.961141],[-86.515589,36.10061],[-86.556865,36.13496],[-86.594359,36.245376],[-86.567098,36.271308]]]}},{"type":"Feature","properties":{"fips":"51023","name":"Botetourt","state":"VA"},"geometry":{"type":"Polygon","coordinates":[[[-79.969071,37.544408],[-80.020554,37.647442],[-79.91756,37.701848],[-79.816721,37.800973],[-79.674162,37.763093],[-79.683554,37.661763],[-79.498699,37.532797],[-79.593707,37.448864],[-79.658798,37.48501],[-79.814043,37.403862],[-79.788679,37.34935],[-79.847476,37.309352],[-79.865099,37.328417],[-80.074119,37.422469],[-79.969071,37.544408]]]}},{"type":"Feature","properties":{"fips":"13169","name":"Jones","state":"GA"},"geometry":{"type":"Polygon","coordinates":[[[-83.816048,33.131816],[-83.545876,33.171944],[-83.444375,33.184942],[-83.42909,33.185352],[-83.414997,33.112833],[-83.357685,32.926141],[-83.40699,32.89822],[-83.513511,32.844868],[-83.56507,32.877164],[-83.658601,32.887836],[-83.696017,32.91687],[-83.710685,32.952792],[-83.72537,33.032666],[-83.816048,33.131816]]]}},{"type":"Feature","properties":{"fips":"48487","name":"Wilbarger","state":"TX"},"geometry":{"type":"Polygon","coordinates":[[[-99.475294,34.085618],[-99.4750221370384,34.3968709897905],[-99.470969,34.396471],[-99.420432,34.380464],[-99.394956,34.442099],[-99.350407,34.437083],[-99.27534,34.386599],[-99.2216079008455,34.3253735743726],[-99.2116,34.31397],[-99.189511,34.214312],[-99.131553,34.209352],[-99.0588,34.201256],[-99.002916,34.208782],[-98.9523248875282,34.2046698986035],[-98.953202,33.834025],[-99.47565,33.834005],[-99.475294,34.085618]]]}},{"type":"Feature","properties":{"fips":"22089","name":"St. Charles","state":"LA"},"geometry":{"type":"Polygon","coordinates":[[[-90.538264,30.016847],[-90.474238,30.031353],[-90.326637,30.150188],[-90.259889,30.16341],[-90.275555,30.088877],[-90.279495,30.006797],[-90.279533,29.967971],[-90.240173,29.862117],[-90.173202,29.827524],[-90.169288,29.80738],[-90.228157,29.692028],[-90.352104,29.695512],[-90.371978,29.759239],[-90.468043,29.803474],[-90.479904,29.847377],[-90.529601,29.884997],[-90.532203,29.967938],[-90.538264,30.016847]]]}},{"type":"Feature","properties":{"fips":"47053","name":"Gibson","state":"TN"},"geometry":{"type":"Polygon","coordinates":[[[-89.206297,36.011814],[-89.163406,36.026044],[-89.154464,36.204678],[-88.961232,36.201635],[-88.959839,36.222834],[-88.86361,36.137831],[-88.692709,36.062746],[-88.706811,35.791075],[-88.916181,35.797307],[-89.109285,35.862089],[-89.135958,35.967841],[-89.188844,35.99976],[-89.206297,36.011814]]]}},{"type":"Feature","properties":{"fips":"51025","name":"Brunswick","state":"VA"},"geometry":{"type":"Polygon","coordinates":[[[-78.027411,36.777858],[-78.003639,37.022756],[-77.968114,36.987292],[-77.889813,36.988818],[-77.839834,36.995912],[-77.657895,36.894514],[-77.655841,36.713539],[-77.7671039699267,36.5454424093355],[-77.8997741360467,36.5448507330424],[-78.0462083043603,36.5441976726866],[-78.027411,36.777858]]]}},{"type":"Feature","properties":{"fips":"47007","name":"Bledsoe","state":"TN"},"geometry":{"type":"Polygon","coordinates":[[[-85.423804,35.567422],[-85.265387,35.721237],[-85.254062,35.765611],[-84.928536,35.768549],[-84.916062,35.761939],[-85.107762,35.571359],[-85.146393,35.491299],[-85.131094,35.458004],[-85.151468,35.4452],[-85.168302,35.455614],[-85.225877,35.354276],[-85.403298,35.49228],[-85.436147,35.541365],[-85.423804,35.567422]]]}},{"type":"Feature","properties":{"fips":"40107","name":"Okfuskee","state":"OK"},"geometry":{"type":"Polygon","coordinates":[[[-96.624681,35.462707],[-96.620828,35.639005],[-96.192563,35.639087],[-96.1927,35.551968],[-96.087777,35.552003],[-96.08753,35.376877],[-95.981465,35.376788],[-95.981511,35.28978],[-96.441368,35.290122],[-96.44122,35.467745],[-96.536718,35.390772],[-96.623699,35.400722],[-96.624681,35.462707]]]}},{"type":"Feature","properties":{"fips":"51520","name":"Bristol","state":"VA"},"geometry":{"type":"Polygon","coordinates":[[[-82.179632,36.626798],[-82.114325,36.638403],[-82.131474,36.677236],[-82.10299,36.646397],[-82.105678,36.629731],[-82.1455732705145,36.5945603308341],[-82.173982,36.594607],[-82.2433850052002,36.5948761876654],[-82.179632,36.626798]]]}},{"type":"Feature","properties":{"fips":"48239","name":"Jackson","state":"TX"},"geometry":{"type":"Polygon","coordinates":[[[-96.938587,29.063244],[-96.658466,29.263876],[-96.640315,29.247804],[-96.309178,28.963291],[-96.323522,28.675597],[-96.404445,28.674409],[-96.39954,28.730231],[-96.428394,28.703523],[-96.643442,28.712105],[-96.69933,28.778643],[-96.711514,28.851411],[-96.792133,28.918803],[-96.832103,29.021299],[-96.938587,29.063244]]]}},{"type":"Feature","properties":{"fips":"51041","name":"Chesterfield","state":"VA"},"geometry":{"type":"Polygon","coordinates":[[[-77.855148,37.418363],[-77.809003,37.426234],[-77.655399,37.563986],[-77.595462,37.55575],[-77.596849,37.534652],[-77.528468,37.525476],[-77.507432,37.467645],[-77.420737,37.447524],[-77.386654,37.387134],[-77.277085,37.352231],[-77.249665,37.382],[-77.270675,37.320756],[-77.284019,37.313012],[-77.287284,37.316852],[-77.289844,37.313876],[-77.296501,37.312661],[-77.295912,37.309486],[-77.297606,37.312542],[-77.304713,37.311725],[-77.319081,37.308326],[-77.324356,37.308775],[-77.335015,37.314564],[-77.335666,37.313039],[-77.35311,37.306725],[-77.360455,37.277333],[-77.377381,37.255541],[-77.376785,37.244849],[-77.383856,37.238906],[-77.402732,37.236069],[-77.403671,37.237346],[-77.382521,37.242837],[-77.379193,37.26758],[-77.362322,37.282162],[-77.368203,37.298549],[-77.378294,37.284506],[-77.431705,37.276342],[-77.414406,37.260949],[-77.416501,37.233208],[-77.447408,37.223066],[-77.521624,37.216994],[-77.57212,37.23712],[-77.613349,37.270877],[-77.65061,37.265112],[-77.75862,37.268717],[-77.877171,37.365171],[-77.855148,37.418363]]]}},{"type":"Feature","properties":{"fips":"47113","name":"Madison","state":"TN"},"geometry":{"type":"Polygon","coordinates":[[[-89.069544,35.692679],[-89.021364,35.670953],[-88.916181,35.797307],[-88.706811,35.791075],[-88.606862,35.789354],[-88.603575,35.626084],[-88.613611,35.588089],[-88.675867,35.489163],[-88.841607,35.427826],[-89.078876,35.431428],[-89.069544,35.692679]]]}},{"type":"Feature","properties":{"fips":"01049","name":"DeKalb","state":"AL"},"geometry":{"type":"Polygon","coordinates":[[[-86.118894,34.403845],[-86.057712,34.475994],[-85.984247,34.486519],[-85.785471,34.624584],[-85.5828123337853,34.8604354744776],[-85.561424,34.750079],[-85.5344052578154,34.6237903384358],[-85.526894818161,34.5886856927335],[-85.5130442292733,34.5239464713237],[-85.576981,34.483543],[-85.636645,34.366622],[-85.774165,34.259094],[-85.843801,34.244595],[-85.843617,34.200006],[-86.106086,34.200756],[-86.118894,34.403845]]]}},{"type":"Feature","properties":{"fips":"48041","name":"Brazos","state":"TX"},"geometry":{"type":"Polygon","coordinates":[[[-96.566983,30.69567],[-96.45763,30.744474],[-96.338001,30.920531],[-96.24102,30.973737],[-96.207477,30.947081],[-96.16837,30.822997],[-96.187765,30.598737],[-96.130018,30.452555],[-96.080009,30.430435],[-96.147255,30.38284],[-96.15463,30.330288],[-96.178661,30.394718],[-96.299173,30.379152],[-96.272049,30.416145],[-96.340875,30.474543],[-96.358817,30.541753],[-96.510494,30.627828],[-96.601831,30.641926],[-96.566983,30.69567]]]}},{"type":"Feature","properties":{"fips":"40023","name":"Choctaw","state":"OK"},"geometry":{"type":"Polygon","coordinates":[[[-95.991578,34.156805],[-95.779376,34.156699],[-95.156521,34.156965],[-95.1559076171075,33.9384823885698],[-95.226393,33.961954],[-95.253623,33.92971],[-95.283445,33.877746],[-95.3104497954491,33.8738430381855],[-95.352338,33.867789],[-95.44737,33.86885],[-95.525322,33.885487],[-95.556915,33.92702],[-95.603657,33.927195],[-95.669978,33.905844],[-95.737508,33.895967],[-95.7896393177523,33.8724373846723],[-95.918871,33.925057],[-95.93815,34.1251],[-95.991578,34.156805]]]}},{"type":"Feature","properties":{"fips":"51031","name":"Campbell","state":"VA"},"geometry":{"type":"Polygon","coordinates":[[[-79.442859,37.055867],[-79.330477,37.238418],[-79.290287,37.304556],[-79.28198,37.317032],[-79.280053,37.319711],[-79.258522,37.354947],[-79.257603,37.35576],[-79.214792,37.332637],[-79.084898,37.394137],[-79.066776,37.38593],[-79.021687,37.429243],[-78.921417,37.245786],[-78.824209,37.205361],[-78.904587,37.022288],[-78.971675,37.05006],[-79.092264,37.061498],[-79.194525,37.055816],[-79.217104,37.118874],[-79.340559,37.137385],[-79.442859,37.055867]]]}},{"type":"Feature","properties":{"fips":"51045","name":"Craig","state":"VA"},"geometry":{"type":"Polygon","coordinates":[[[-80.46482,37.426144],[-80.39988,37.462314],[-80.291644,37.536505],[-80.28244,37.585481],[-80.223386,37.623185],[-80.2243032443768,37.6239913711709],[-80.145565,37.596428],[-80.020554,37.647442],[-79.969071,37.544408],[-80.074119,37.422469],[-80.246508,37.353942],[-80.262184,37.341526],[-80.32484,37.368833],[-80.430943,37.316378],[-80.444612,37.328473],[-80.4695688905042,37.4290254659927],[-80.46482,37.426144]]]}},{"type":"Feature","properties":{"fips":"54061","name":"Monongalia","state":"WV"},"geometry":{"type":"Polygon","coordinates":[[[-80.421388,39.721189],[-80.075947,39.72135],[-79.9160173560378,39.7210559335188],[-79.763774,39.720776],[-79.789277,39.623781],[-79.89974,39.481945],[-79.894688,39.435588],[-79.938878,39.452465],[-80.153532,39.610426],[-80.39581,39.637347],[-80.407408,39.717752],[-80.421388,39.721189]]]}},{"type":"Feature","properties":{"fips":"54017","name":"Doddridge","state":"WV"},"geometry":{"type":"Polygon","coordinates":[[[-80.888744,39.294298],[-80.713324,39.43025],[-80.618629,39.450375],[-80.583091,39.451415],[-80.544521,39.42912],[-80.531808,39.360121],[-80.603684,39.291041],[-80.528756,39.195706],[-80.596126,39.167069],[-80.700642,39.090497],[-80.728326,39.095679],[-80.81297,39.109401],[-80.91384,39.272947],[-80.888744,39.294298]]]}},{"type":"Feature","properties":{"fips":"48355","name":"Nueces","state":"TX"},"geometry":{"type":"Polygon","coordinates":[[[-97.934274,27.885202],[-97.798517,27.995659],[-97.806798,27.934712],[-97.691074,27.917353],[-97.589473,27.856101],[-97.337677,27.883165],[-97.359822,27.852348],[-97.250796,27.876718],[-97.201291,27.821105],[-97.18653,27.825495],[-97.136312,27.90439],[-97.095713,27.957835],[-97.0436840836865,27.8365323534718],[-97.044846,27.834466],[-97.090735,27.785888],[-97.140854,27.716688],[-97.212679,27.59642],[-97.2229914075318,27.5766073164796],[-97.325216,27.560896],[-97.840678,27.558358],[-97.942146,27.635932],[-97.934274,27.885202]]]}},{"type":"Feature","properties":{"fips":"37115","name":"Madison","state":"NC"},"geometry":{"type":"Polygon","coordinates":[[[-82.9666497428986,35.795445979574],[-82.937437,35.82732],[-82.899718,35.874602],[-82.910608,35.92693],[-82.8937514184314,35.9338572697089],[-82.860724,35.94743],[-82.81613,35.923986],[-82.787465,35.952163],[-82.779397,35.992511],[-82.725065,36.018204],[-82.628365,36.062105],[-82.6057036107936,36.0371988635619],[-82.595525,36.026012],[-82.610885,35.974442],[-82.557874,35.953901],[-82.5080076597225,35.9820132054415],[-82.494781,35.909484],[-82.408602,35.818178],[-82.513161,35.80338],[-82.805207,35.686067],[-82.883909,35.678235],[-82.957072,35.7467],[-82.9666497428986,35.795445979574]]]}},{"type":"Feature","properties":{"fips":"37131","name":"Northampton","state":"NC"},"geometry":{"type":"Polygon","coordinates":[[[-77.8997741360467,36.5448507330424],[-77.7671039699267,36.5454424093355],[-77.749706,36.54552],[-77.2989182850567,36.546038840401],[-77.190175,36.546164],[-77.1643226037182,36.5461528198479],[-77.066463,36.496511],[-77.122959,36.471218],[-77.208468,36.246578],[-77.29825,36.207708],[-77.291519,36.168342],[-77.310821,36.169452],[-77.386595,36.213548],[-77.445886,36.324888],[-77.541108,36.303264],[-77.585698,36.33551],[-77.555275,36.417964],[-77.645051,36.480642],[-77.899524,36.504259],[-77.8997741360467,36.5448507330424]]]}},{"type":"Feature","properties":{"fips":"51087","name":"Henrico","state":"VA"},"geometry":{"type":"Polygon","coordinates":[[[-77.61643,37.577555],[-77.65471,37.638275],[-77.630817,37.705696],[-77.445858,37.684056],[-77.42143,37.641682],[-77.40382,37.605222],[-77.240988,37.538088],[-77.221306,37.533252],[-77.177324,37.4906],[-77.224269,37.380221],[-77.249665,37.382],[-77.277085,37.352231],[-77.386654,37.387134],[-77.420737,37.447524],[-77.385513,37.535172],[-77.437616,37.598685],[-77.511812,37.581751],[-77.529827,37.559225],[-77.595462,37.55575],[-77.655399,37.563986],[-77.61643,37.577555]]]}},{"type":"Feature","properties":{"fips":"22051","name":"Jefferson","state":"LA"},"geometry":{"type":"Polygon","coordinates":[[[-90.279495,30.006797],[-90.275555,30.088877],[-90.259889,30.16341],[-90.220354,30.175595],[-90.156256,30.189613],[-90.108119,30.16494],[-90.124861,29.975817],[-90.140074,29.947904],[-90.132474,29.913005],[-90.058547,29.945334],[-90.008056,29.895528],[-90.06861,29.82883],[-90.075683,29.77185],[-89.984533,29.617396],[-89.97747,29.449371],[-89.9027063240243,29.293036606496],[-89.95646,29.253744],[-90.058512,29.183687],[-90.0898354481942,29.1644753566211],[-89.998954,29.298339],[-90.030189,29.332071],[-90.020622,29.428461],[-90.137504,29.477163],[-90.186172,29.563341],[-90.151725,29.587871],[-90.155807,29.67753],[-90.228157,29.692028],[-90.169288,29.80738],[-90.173202,29.827524],[-90.240173,29.862117],[-90.279533,29.967971],[-90.279495,30.006797]]]}},{"type":"Feature","properties":{"fips":"21147","name":"McCreary","state":"KY"},"geometry":{"type":"Polygon","coordinates":[[[-84.62256,36.793933],[-84.581678,36.804039],[-84.578158,36.867133],[-84.416816,36.94692],[-84.358024,36.9594],[-84.366101,36.943423],[-84.297416,36.945931],[-84.318033,36.833763],[-84.355967,36.811019],[-84.307598,36.676809],[-84.2271939619983,36.5921795123551],[-84.227332,36.592181],[-84.2613212015047,36.592741697267],[-84.499938,36.596678],[-84.7784558643505,36.6032105122159],[-84.62256,36.793933]]]}},{"type":"Feature","properties":{"fips":"47059","name":"Greene","state":"TN"},"geometry":{"type":"Polygon","coordinates":[[[-83.166085,36.180894],[-83.14219,36.18739],[-83.082312,36.242296],[-82.937183,36.334797],[-82.702566,36.410412],[-82.631794,36.418769],[-82.647769,36.146404],[-82.595065,36.096205],[-82.6057036107936,36.0371988635619],[-82.628365,36.062105],[-82.725065,36.018204],[-82.779397,35.992511],[-82.787465,35.952163],[-82.81613,35.923986],[-82.860724,35.94743],[-82.8937514184314,35.9338572697089],[-83.102761,36.120909],[-83.172485,36.157095],[-83.166085,36.180894]]]}},{"type":"Feature","properties":{"fips":"37037","name":"Chatham","state":"NC"},"geometry":{"type":"Polygon","coordinates":[[[-79.542428,35.843303],[-79.350051,35.843908],[-79.237297,35.844279],[-79.249538,35.87681],[-79.221534,35.875467],[-79.19546,35.871412],[-79.082036,35.860776],[-79.016305,35.86321],[-78.906071,35.868096],[-78.908812,35.847536],[-78.995048,35.610166],[-78.916067,35.584102],[-78.96964,35.521669],[-79.117096,35.628164],[-79.244663,35.569116],[-79.350073,35.518002],[-79.555804,35.515039],[-79.542428,35.843303]]]}},{"type":"Feature","properties":{"fips":"12117","name":"Seminole","state":"FL"},"geometry":{"type":"Polygon","coordinates":[[[-81.459524,28.713264],[-81.414682,28.785564],[-81.419555,28.815181],[-81.37238,28.8689],[-81.36694,28.879227],[-81.320473,28.83453],[-81.226003,28.83263],[-81.181433,28.783277],[-81.067829,28.813325],[-81.06111,28.750001],[-80.98725,28.612997],[-81.067743,28.612677],[-81.194017,28.612068],[-81.207495,28.611876],[-81.327888,28.610501],[-81.32848,28.639628],[-81.457962,28.640197],[-81.459524,28.713264]]]}},{"type":"Feature","properties":{"fips":"22013","name":"Bienville","state":"LA"},"geometry":{"type":"Polygon","coordinates":[[[-93.402923,32.368727],[-93.42338,32.39774],[-93.372722,32.41019],[-93.236922,32.410161],[-93.237242,32.454349],[-93.147058,32.45534],[-93.178751,32.584808],[-92.880926,32.585265],[-92.879461,32.454017],[-92.776982,32.453611],[-92.773173,32.235984],[-92.815344,32.147413],[-92.939092,32.14792],[-93.187138,32.148509],[-93.213143,32.235757],[-93.428644,32.235273],[-93.402923,32.368727]]]}},{"type":"Feature","properties":{"fips":"51067","name":"Franklin","state":"VA"},"geometry":{"type":"Polygon","coordinates":[[[-80.134619,36.964655],[-80.128674,37.122901],[-80.08651,37.161748],[-80.005309,37.167816],[-79.962822,37.137274],[-79.847217,37.225406],[-79.718275,37.18972],[-79.670485,37.149621],[-79.594069,37.042206],[-79.640652,36.856139],[-79.761756,36.788337],[-79.999771,36.830738],[-80.041493,36.794365],[-80.066652,36.841604],[-80.235455,36.87213],[-80.134619,36.964655]]]}},{"type":"Feature","properties":{"fips":"22109","name":"Terrebonne","state":"LA"},"geometry":{"type":"Polygon","coordinates":[[[-91.334885,29.298775],[-91.276647,29.329825],[-91.265452,29.360976],[-91.2663226707192,29.361363733346],[-91.212157,29.423429],[-91.258332,29.444319],[-91.269182,29.539162],[-91.178048,29.609703],[-91.082611,29.626814],[-91.00689,29.715093],[-90.880194,29.716809],[-90.844213,29.755882],[-90.810364,29.776199],[-90.804993,29.749484],[-90.77755,29.720273],[-90.621164,29.59919],[-90.384285,29.365755],[-90.40958,29.23961],[-90.4096172499074,29.0584338645091],[-90.442734,29.056053],[-90.488117,29.05876],[-90.652116,29.057721],[-90.748377,29.04006],[-90.81255,29.042138],[-90.867853,29.056064],[-90.877583,29.104891],[-90.941877,29.162373],[-91.000096,29.169481],[-91.094015,29.187711],[-91.158148,29.2181],[-91.278792,29.247776],[-91.334885,29.298775]]]}},{"type":"Feature","properties":{"fips":"13171","name":"Lamar","state":"GA"},"geometry":{"type":"Polygon","coordinates":[[[-84.269169,33.031438],[-84.248659,33.03933],[-84.248185,33.189019],[-84.123981,33.17862],[-84.123767,33.202824],[-84.041498,33.202629],[-84.054175,32.931497],[-84.12334,32.932184],[-84.122361,32.989576],[-84.27014,32.991011],[-84.269169,33.031438]]]}},{"type":"Feature","properties":{"fips":"13317","name":"Wilkes","state":"GA"},"geometry":{"type":"Polygon","coordinates":[[[-82.986325,33.785405],[-82.874587,33.921767],[-82.779506,33.971124],[-82.770939,33.972636],[-82.72439,33.984472],[-82.645451,33.984195],[-82.605539,33.85991],[-82.572297,33.866343],[-82.593527,33.827322],[-82.479518,33.639535],[-82.507223,33.659994],[-82.649705,33.608768],[-82.679975,33.599792],[-82.812958,33.655836],[-82.879716,33.620748],[-82.938246,33.714707],[-82.949046,33.733333],[-82.986325,33.785405]]]}},{"type":"Feature","properties":{"fips":"48431","name":"Sterling","state":"TX"},"geometry":{"type":"Polygon","coordinates":[[[-101.267122,31.650854],[-101.264216,32.087136],[-101.183997,32.087208],[-100.821594,32.08661],[-100.82537,31.696155],[-100.861099,31.705418],[-100.865256,31.562294],[-101.26763,31.556462],[-101.267122,31.650854]]]}},{"type":"Feature","properties":{"fips":"48253","name":"Jones","state":"TX"},"geometry":{"type":"Polygon","coordinates":[[[-100.144224,32.959978],[-99.988827,32.960121],[-99.612001,32.956962],[-99.612026,32.514654],[-99.629579,32.514657],[-99.630797,32.520736],[-100.146543,32.522793],[-100.144224,32.959978]]]}},{"type":"Feature","properties":{"fips":"51157","name":"Rappahannock","state":"VA"},"geometry":{"type":"Polygon","coordinates":[[[-78.318775,38.737866],[-78.284805,38.759315],[-78.201026,38.776568],[-78.130574,38.864865],[-78.031768,38.793508],[-77.995664,38.710416],[-77.935355,38.69584],[-78.175975,38.520792],[-78.231803,38.532539],[-78.338176,38.627312],[-78.318775,38.737866]]]}},{"type":"Feature","properties":{"fips":"37031","name":"Carteret","state":"NC"},"geometry":{"type":"Polygon","coordinates":[[[-77.161676,34.795075],[-77.078263,34.811322],[-76.954438,34.809066],[-76.883201,34.844893],[-76.693018,34.86918],[-76.652571,34.937595],[-76.71158,34.981768],[-76.304136,35.201453],[-76.065774,35.124937],[-76.013145,35.061855],[-76.137269,34.987858],[-76.233088,34.905477],[-76.31021,34.852309],[-76.386804,34.784579],[-76.450454,34.71445],[-76.535946,34.588577],[-76.553806,34.628252],[-76.618719,34.67255],[-76.726969,34.69669],[-76.906257,34.68282],[-77.1129643930768,34.6380928323915],[-77.096073,34.67124],[-77.165986,34.785032],[-77.161676,34.795075]]]}},{"type":"Feature","properties":{"fips":"45069","name":"Marlboro","state":"SC"},"geometry":{"type":"Polygon","coordinates":[[[-79.9246842531364,34.8078290197515],[-79.6929463837093,34.8049623069232],[-79.675299,34.804744],[-79.4617910310013,34.6300306785915],[-79.4502772890434,34.6206089970087],[-79.633413,34.297994],[-79.657764,34.30519],[-79.750566,34.436797],[-79.752769,34.514059],[-79.829981,34.531925],[-79.777456,34.61287],[-79.871959,34.693841],[-79.927398038772,34.807862590631],[-79.9246842531364,34.8078290197515]]]}},{"type":"Feature","properties":{"fips":"48163","name":"Frio","state":"TX"},"geometry":{"type":"Polygon","coordinates":[[[-99.41388,29.091335],[-98.8049,29.090434],[-98.800841,28.647487],[-99.395736,28.640784],[-99.409021,28.640566],[-99.41388,29.091335]]]}},{"type":"Feature","properties":{"fips":"28015","name":"Carroll","state":"MS"},"geometry":{"type":"Polygon","coordinates":[[[-90.174756,33.417003],[-90.101401,33.45894],[-90.102971,33.66073],[-90.127775,33.676956],[-89.78689,33.676727],[-89.785227,33.416275],[-89.646314,33.402544],[-89.64528,33.285515],[-89.701514,33.285359],[-89.749441,33.214478],[-90.174614,33.333378],[-90.174756,33.417003]]]}},{"type":"Feature","properties":{"fips":"48441","name":"Taylor","state":"TX"},"geometry":{"type":"Polygon","coordinates":[[[-100.146543,32.522793],[-99.630797,32.520736],[-99.629579,32.514657],[-99.6298,32.436586],[-99.631413,32.081274],[-99.713971,32.082089],[-100.151911,32.082638],[-100.146543,32.522793]]]}},{"type":"Feature","properties":{"fips":"28139","name":"Tippah","state":"MS"},"geometry":{"type":"Polygon","coordinates":[[[-89.088065,34.815307],[-89.017551,34.858723],[-89.0171270115524,34.9949676128363],[-88.823050501632,34.995207045695],[-88.823473,34.858629],[-88.752956,34.858775],[-88.718508,34.756781],[-88.717916,34.605209],[-88.73544,34.596483],[-89.088488,34.598247],[-89.088065,34.815307]]]}},{"type":"Feature","properties":{"fips":"51097","name":"King and Queen","state":"VA"},"geometry":{"type":"Polygon","coordinates":[[[-77.181418,37.891654],[-77.167284,37.963904],[-77.070115,37.96477],[-77.018996,37.844883],[-76.943221,37.782955],[-76.80197,37.794727],[-76.751072,37.728605],[-76.693584,37.627876],[-76.654076,37.603174],[-76.646794,37.481154],[-76.712305,37.431309],[-76.741984,37.467076],[-76.792184,37.517594],[-76.777729,37.554446],[-76.915586,37.693325],[-77.033273,37.720809],[-77.103108,37.786034],[-77.169004,37.897045],[-77.181418,37.891654]]]}},{"type":"Feature","properties":{"fips":"47143","name":"Rhea","state":"TN"},"geometry":{"type":"Polygon","coordinates":[[[-85.146393,35.491299],[-85.107762,35.571359],[-84.916062,35.761939],[-84.809834,35.818568],[-84.781901,35.825],[-84.754472,35.75439],[-84.723853,35.752896],[-84.72324,35.68967],[-84.781804,35.673908],[-84.794904,35.55255],[-84.873969,35.550217],[-84.859949,35.497072],[-84.912148,35.442671],[-84.968953,35.466674],[-85.016661,35.409101],[-85.102158,35.428442],[-85.131094,35.458004],[-85.146393,35.491299]]]}},{"type":"Feature","properties":{"fips":"48175","name":"Goliad","state":"TX"},"geometry":{"type":"Polygon","coordinates":[[[-97.77853,28.668027],[-97.574639,28.8133],[-97.41734,28.925228],[-97.305916,28.864037],[-97.202759,28.853849],[-97.158933,28.776156],[-97.182359,28.610602],[-97.160751,28.553475],[-97.375579,28.388684],[-97.551369,28.450441],[-97.558496,28.514054],[-97.696572,28.541537],[-97.77853,28.668027]]]}},{"type":"Feature","properties":{"fips":"12099","name":"Palm Beach","state":"FL"},"geometry":{"type":"Polygon","coordinates":[[[-80.885639,26.958919],[-80.580237,26.957934],[-80.142007,26.95664],[-80.0830776297553,26.970534],[-80.046263,26.859238],[-80.0323625083668,26.7730339188175],[-80.03212,26.77153],[-80.032231724777,26.7686015718408],[-80.035763,26.676043],[-80.035363,26.612346],[-80.038863,26.569347],[-80.050363,26.509549],[-80.061607857332,26.4264024766503],[-80.0758744394432,26.3209127698802],[-80.098823,26.322834],[-80.117036,26.327847],[-80.204083,26.327822],[-80.24977,26.341526],[-80.296986,26.334356],[-80.881285,26.333806],[-80.885639,26.958919]]]}},{"type":"Feature","properties":{"fips":"12101","name":"Pasco","state":"FL"},"geometry":{"type":"Polygon","coordinates":[[[-82.859624,28.174135],[-82.764103,28.244345],[-82.73146,28.325075],[-82.697433,28.420166],[-82.6908136882946,28.4333048573934],[-82.253439,28.434824],[-82.253293,28.478491],[-82.054694,28.478397],[-82.055819,28.312794],[-82.055531,28.258928],[-82.075588,28.259196],[-82.106206,28.25924],[-82.105853,28.17165],[-82.536009,28.172576],[-82.651165,28.173266],[-82.8593849560329,28.1721750746045],[-82.859624,28.174135]]]}},{"type":"Feature","properties":{"fips":"48401","name":"Rusk","state":"TX"},"geometry":{"type":"Polygon","coordinates":[[[-94.985411,32.37082],[-94.591392,32.365654],[-94.579219,32.394916],[-94.554971,32.407603],[-94.491818,32.394137],[-94.530714,32.271842],[-94.5805,32.201363],[-94.599978,31.973193],[-94.511431,31.973984],[-94.510837,31.923201],[-94.452513,31.844113],[-94.937532,31.845555],[-94.984768,31.846144],[-94.985272,32.137989],[-94.985411,32.37082]]]}},{"type":"Feature","properties":{"fips":"12105","name":"Polk","state":"FL"},"geometry":{"type":"Polygon","coordinates":[[[-82.106206,28.25924],[-82.075588,28.259196],[-82.055531,28.258928],[-82.055819,28.312794],[-81.958029,28.308925],[-81.957641,28.34518],[-81.866497,28.345665],[-81.790727,28.346413],[-81.673781,28.347024],[-81.658719,28.25428],[-81.620572,28.254286],[-81.539507,28.228202],[-81.51732,28.142787],[-81.456214,28.143163],[-81.455758,28.08489],[-81.346716,28.07291],[-81.382476,28.012361],[-81.457449,28.055084],[-81.450896,28.033833],[-81.308696,27.92188],[-81.301862,27.862081],[-81.208124,27.821125],[-81.131495,27.6494],[-81.142164,27.643238],[-81.563533,27.646645],[-82.054349,27.646382],[-82.055262,27.927253],[-82.056261,28.171592],[-82.105853,28.17165],[-82.106206,28.25924]]]}},{"type":"Feature","properties":{"fips":"48421","name":"Sherman","state":"TX"},"geometry":{"type":"Polygon","coordinates":[[[-102.162463,36.500326],[-102.032339018963,36.5000656730101],[-101.826565,36.499654],[-101.623915,36.499528],[-101.623466,36.055405],[-102.163015,36.055249],[-102.162463,36.500326]]]}},{"type":"Feature","properties":{"fips":"13119","name":"Franklin","state":"GA"},"geometry":{"type":"Polygon","coordinates":[[[-83.398049,34.460998],[-83.177838,34.477017],[-83.1028738260357,34.5374309097654],[-83.096858,34.531524],[-83.0505729641024,34.4950536521691],[-83.094238,34.415901],[-83.11336,34.27353],[-83.172745,34.238522],[-83.313591,34.259144],[-83.355269,34.22374],[-83.337942,34.260567],[-83.393915,34.324801],[-83.398049,34.460998]]]}},{"type":"Feature","properties":{"fips":"01001","name":"Autauga","state":"AL"},"geometry":{"type":"Polygon","coordinates":[[[-86.917595,32.664169],[-86.71339,32.661732],[-86.714219,32.705694],[-86.413116,32.707386],[-86.411172,32.409937],[-86.459552,32.405441],[-86.496774,32.344437],[-86.653419,32.397247],[-86.781354,32.392494],[-86.816107,32.30997],[-86.814912,32.340803],[-86.906403,32.536712],[-86.917595,32.664169]]]}},{"type":"Feature","properties":{"fips":"05113","name":"Polk","state":"AR"},"geometry":{"type":"Polygon","coordinates":[[[-94.465425,34.359548],[-94.4611686861559,34.5074566515725],[-94.4575,34.634945],[-94.4543955288439,34.7289436942281],[-94.317654,34.697438],[-93.938927,34.680651],[-93.930214,34.666049],[-93.935435,34.350233],[-94.254662,34.355792],[-94.243788,34.1925],[-94.470143947319,34.1901776556377],[-94.465425,34.359548]]]}},{"type":"Feature","properties":{"fips":"24043","name":"Washington","state":"MD"},"geometry":{"type":"Polygon","coordinates":[[[-78.342593,39.722658],[-78.0989706961667,39.7224661944281],[-78.075861,39.722448],[-77.768644,39.721538],[-77.469274,39.720229],[-77.4691450036804,39.72022900225],[-77.570182,39.619998],[-77.6776957620787,39.317940817088],[-77.719519,39.321314],[-77.74593,39.353221],[-77.740012,39.401694],[-77.798201,39.475719],[-77.8109438962622,39.5007391665665],[-77.823762,39.525907],[-77.829814,39.587288],[-77.925988,39.607642],[-78.006734,39.601337],[-78.0276291001732,39.6206559623441],[-78.08226,39.671166],[-78.225075,39.658878],[-78.313033,39.631001],[-78.3327880214991,39.6285275964988],[-78.313325,39.692474],[-78.3428335185744,39.7226582929265],[-78.342593,39.722658]]]}},{"type":"Feature","properties":{"fips":"48419","name":"Shelby","state":"TX"},"geometry":{"type":"Polygon","coordinates":[[[-94.511431,31.973984],[-94.029428406596,31.979686964168],[-93.977461,31.926419],[-93.909557,31.893144],[-93.8782518953866,31.8442765572456],[-93.85339,31.805467],[-93.803419,31.700686],[-93.816838,31.622509],[-93.834924,31.586211],[-93.896537,31.611836],[-93.984461,31.569419],[-94.090717,31.620609],[-94.399091,31.653596],[-94.433945,31.824547],[-94.452513,31.844113],[-94.510837,31.923201],[-94.511431,31.973984]]]}},{"type":"Feature","properties":{"fips":"48455","name":"Trinity","state":"TX"},"geometry":{"type":"Polygon","coordinates":[[[-95.434781,31.058098],[-94.95811,31.38693],[-94.860501,31.234955],[-94.842947,31.146578],[-94.939127,31.042048],[-95.20018,30.824566],[-95.252385,30.906719],[-95.32748,30.859547],[-95.396697,30.857706],[-95.434335,30.937405],[-95.434781,31.058098]]]}},{"type":"Feature","properties":{"fips":"51141","name":"Patrick","state":"VA"},"geometry":{"type":"Polygon","coordinates":[[[-80.602965,36.652661],[-80.525522,36.644114],[-80.46418,36.708718],[-80.458572,36.738359],[-80.386909,36.797676],[-80.235455,36.87213],[-80.066652,36.841604],[-80.041493,36.794365],[-80.094389,36.779552],[-80.0534550433501,36.5426394280866],[-80.295243,36.543973],[-80.431605,36.550219],[-80.4403427430004,36.5506059569159],[-80.6121887881246,36.5582162763804],[-80.602965,36.652661]]]}},{"type":"Feature","properties":{"fips":"54107","name":"Wood","state":"WV"},"geometry":{"type":"Polygon","coordinates":[[[-81.752754,39.184676],[-81.7214681391725,39.2109608092037],[-81.711628,39.219228],[-81.678331,39.273755],[-81.613896,39.275339],[-81.565247,39.276175],[-81.559647,39.330774],[-81.503189,39.373242],[-81.456143,39.409274],[-81.412706,39.394618],[-81.393794,39.351706],[-81.3703898088263,39.3487006724034],[-81.363942,39.320804],[-81.239477,39.268328],[-81.259324,39.267131],[-81.298017,39.185572],[-81.424906,39.135679],[-81.581447,39.026179],[-81.720677,39.084228],[-81.7502668434263,39.1040311930998],[-81.742953,39.106578],[-81.7522970367401,39.1810347474059],[-81.752754,39.184676]]]}},{"type":"Feature","properties":{"fips":"21057","name":"Cumberland","state":"KY"},"geometry":{"type":"Polygon","coordinates":[[[-85.601624,36.872196],[-85.560719,36.850857],[-85.45183,36.938138],[-85.232026,36.925069],[-85.27495,36.897901],[-85.215405,36.854467],[-85.246357,36.744294],[-85.2958124857275,36.6261495593675],[-85.4364042728859,36.618003845027],[-85.496932,36.690718],[-85.471021,36.733216],[-85.517429,36.731326],[-85.596214,36.818039],[-85.601624,36.872196]]]}},{"type":"Feature","properties":{"fips":"22003","name":"Allen","state":"LA"},"geometry":{"type":"Polygon","coordinates":[[[-93.130732,30.598093],[-92.979098,30.597995],[-92.978673,30.878136],[-92.825325,30.877233],[-92.82387,30.892071],[-92.740222,30.891503],[-92.622883,30.898761],[-92.597798,30.896001],[-92.583508,30.56269],[-92.630321,30.488012],[-92.773981,30.488218],[-92.775554,30.437656],[-93.065525,30.438677],[-93.131155,30.423591],[-93.130732,30.598093]]]}},{"type":"Feature","properties":{"fips":"24041","name":"Talbot","state":"MD"},"geometry":{"type":"Polygon","coordinates":[[[-76.379427,38.780622],[-76.309713,38.800104],[-76.302282,38.823569],[-76.315545,38.846055],[-76.3201120141128,38.8486210733804],[-76.271523,38.878887],[-76.213182,38.826153],[-76.103512,38.882308],[-76.096956,38.944259],[-75.949335,38.918333],[-75.896774,38.815109],[-76.014427,38.726463],[-75.945248,38.674109],[-76.027717,38.572433],[-76.1780381856245,38.6435510269535],[-76.177357,38.660364],[-76.200334,38.670774],[-76.238725,38.712845],[-76.275015,38.712714],[-76.322418,38.679304],[-76.347998,38.686234],[-76.389934,38.755689],[-76.379427,38.780622]]]}},{"type":"Feature","properties":{"fips":"13139","name":"Hall","state":"GA"},"geometry":{"type":"Polygon","coordinates":[[[-83.989059,34.195732],[-83.925575,34.28527],[-83.957077,34.334011],[-83.981433,34.357829],[-83.980649,34.418389],[-83.935093,34.449003],[-83.931886,34.469345],[-83.843405,34.505494],[-83.788604,34.514096],[-83.666415,34.503602],[-83.615218,34.431712],[-83.669432,34.366027],[-83.620267,34.295819],[-83.817682,34.127493],[-83.867844,34.098652],[-83.902079,34.110704],[-83.945333,34.126523],[-83.946194,34.12685],[-84.062187,34.168541],[-83.989059,34.195732]]]}},{"type":"Feature","properties":{"fips":"12011","name":"Broward","state":"FL"},"geometry":{"type":"Polygon","coordinates":[[[-80.881285,26.333806],[-80.296986,26.334356],[-80.24977,26.341526],[-80.204083,26.327822],[-80.117036,26.327847],[-80.098823,26.322834],[-80.0758744394432,26.3209127698802],[-80.085565,26.249259],[-80.1086585055892,26.0932938862554],[-80.109566,26.087165],[-80.1150067836063,25.9753261627924],[-80.165724,25.973783],[-80.278764,25.970968],[-80.294972,25.95677],[-80.439389,25.956852],[-80.680016,25.956857],[-80.680038,25.978749],[-80.872932,25.979434],[-80.87971,26.259308],[-80.881285,26.333806]]]}},{"type":"Feature","properties":{"fips":"13191","name":"McIntosh","state":"GA"},"geometry":{"type":"Polygon","coordinates":[[[-81.663206,31.538667],[-81.566009,31.576467],[-81.491798,31.699575],[-81.43576,31.642055],[-81.314548,31.659382],[-81.22222,31.63042],[-81.1748326365906,31.5395964494948],[-81.177254,31.517074],[-81.213493,31.462818],[-81.258616,31.404425],[-81.279338,31.351127],[-81.260958,31.30391],[-81.2643779480884,31.2945990647455],[-81.481696,31.336088],[-81.62429,31.452982],[-81.612054,31.469405],[-81.663206,31.538667]]]}},{"type":"Feature","properties":{"fips":"13221","name":"Oglethorpe","state":"GA"},"geometry":{"type":"Polygon","coordinates":[[[-83.306619,33.811444],[-83.275933,33.847977],[-83.24086,33.90443],[-83.258413,33.999098],[-83.123878,34.047558],[-83.048889,34.015804],[-82.976294,34.043219],[-82.942268,34.014957],[-82.779506,33.971124],[-82.874587,33.921767],[-82.986325,33.785405],[-82.949046,33.733333],[-82.995602,33.693583],[-83.118729,33.698818],[-83.28034,33.761774],[-83.306619,33.811444]]]}},{"type":"Feature","properties":{"fips":"13259","name":"Stewart","state":"GA"},"geometry":{"type":"Polygon","coordinates":[[[-85.0514111279128,32.062256083622],[-85.047063,32.087389],[-85.058749,32.136018],[-84.997765,32.185445],[-84.930127,32.219051],[-84.9199421479259,32.2308482009333],[-84.832962,32.230851],[-84.799348,32.230852],[-84.65892,32.232852],[-84.649319,32.232953],[-84.63112,32.184054],[-84.65582,31.920308],[-84.810118,31.93184],[-84.907006,31.924465],[-84.974067,31.950209],[-85.042029,31.975658],[-85.0635905429847,31.991857],[-85.0514111279128,32.062256083622]]]}},{"type":"Feature","properties":{"fips":"48505","name":"Zapata","state":"TX"},"geometry":{"type":"Polygon","coordinates":[[[-99.4608257991343,27.2622401970428],[-99.370621,27.319174],[-99.33361,27.273223],[-98.954669,27.269397],[-98.95423,26.785694],[-99.011112,26.675023],[-99.1768160923811,26.5696605553736],[-99.200522,26.656443],[-99.208907,26.724761],[-99.242444,26.788262],[-99.268613,26.843213],[-99.3289,26.879761],[-99.361144,26.928921],[-99.387367,26.982399],[-99.44697,27.026026],[-99.442123,27.106839],[-99.429984,27.159149],[-99.445238,27.223341],[-99.4608257991343,27.2622401970428]]]}},{"type":"Feature","properties":{"fips":"22121","name":"West Baton Rouge","state":"LA"},"geometry":{"type":"Polygon","coordinates":[[[-91.414815,30.511427],[-91.309752,30.650086],[-91.33087,30.658677],[-91.310061,30.653961],[-91.297658,30.649548],[-91.315282,30.594288],[-91.246058,30.535851],[-91.284161,30.509635],[-91.209308,30.522989],[-91.199056,30.422279],[-91.205707,30.407991],[-91.239534,30.351584],[-91.142105,30.323293],[-91.311487,30.322471],[-91.485155,30.497282],[-91.414815,30.511427]]]}},{"type":"Feature","properties":{"fips":"05017","name":"Chicot","state":"AR"},"geometry":{"type":"Polygon","coordinates":[[[-91.45737,33.388974],[-91.451202,33.507806],[-91.453462,33.563675],[-91.349454,33.563571],[-91.350751,33.519343],[-91.245756,33.51719],[-91.206415960587,33.5456284081563],[-91.215671,33.529423],[-91.2156615141091,33.5294098627481],[-91.189375,33.493005],[-91.171799,33.462342],[-91.147663,33.427172],[-91.113764,33.393124],[-91.142219,33.348989],[-91.125539,33.280255],[-91.086137,33.273652],[-91.068708,33.232936],[-91.084366,33.180856],[-91.104317,33.131598],[-91.153015,33.135093],[-91.180836,33.098364],[-91.120379,33.05453],[-91.1596060796211,33.0112423416025],[-91.166073,33.004106],[-91.2645640502205,33.0047388242705],[-91.4359307415474,33.0058398887954],[-91.4603762339211,33.0059969558674],[-91.45737,33.388974]]]}},{"type":"Feature","properties":{"fips":"05049","name":"Fulton","state":"AR"},"geometry":{"type":"Polygon","coordinates":[[[-92.158941,36.278518],[-92.150306261007,36.4981403333038],[-92.120391964917,36.4981931896223],[-91.985802,36.498431],[-91.6723336435146,36.4992566570116],[-91.64259,36.499335],[-91.450023110521,36.4975403827277],[-91.454363,36.335535],[-91.565898,36.337408],[-91.566061,36.249961],[-91.691443,36.25316],[-92.156931,36.261221],[-92.158941,36.278518]]]}},{"type":"Feature","properties":{"fips":"22025","name":"Catahoula","state":"LA"},"geometry":{"type":"Polygon","coordinates":[[[-92.005624,31.927383],[-91.903565,31.927457],[-91.889823,31.97169],[-91.804869,31.893193],[-91.729158,31.88251],[-91.647529,31.970525],[-91.596437,31.970401],[-91.575346,31.883266],[-91.577653,31.795857],[-91.544791,31.751731],[-91.601622,31.761864],[-91.635822,31.729119],[-91.694469,31.735286],[-91.705948,31.642863],[-91.737189,31.614088],[-91.775836,31.648626],[-91.826926,31.591671],[-91.779725,31.530973],[-91.798754,31.473354],[-91.738032,31.46741],[-91.738331,31.431572],[-91.807098,31.438794],[-91.857083,31.494527],[-91.855889,31.423831],[-91.776779,31.385215],[-91.845019,31.375916],[-91.862168,31.302314],[-91.83428,31.266344],[-91.926854,31.29483],[-91.990596,31.22521],[-92.008033,31.325809],[-92.005624,31.927383]]]}},{"type":"Feature","properties":{"fips":"22027","name":"Claiborne","state":"LA"},"geometry":{"type":"Polygon","coordinates":[[[-93.2386468140122,33.0180159427056],[-93.197402,33.017951],[-92.9887760560898,33.0172511697504],[-92.971137,33.017192],[-92.7247431731793,33.0143417676748],[-92.725486,32.818136],[-92.725407,32.759443],[-92.827976,32.759432],[-92.880926,32.585265],[-93.178751,32.584808],[-93.173589,32.633068],[-93.186698,32.716227],[-93.237744,32.715973],[-93.2386468140122,33.0180159427056]]]}},{"type":"Feature","properties":{"fips":"48215","name":"Hidalgo","state":"TX"},"geometry":{"type":"Polygon","coordinates":[[[-98.5931641791091,26.2428750129916],[-98.32067,26.783081],[-97.985494,26.780917],[-97.985303,26.615809],[-97.957405,26.611769],[-98.004189,26.448784],[-97.86192,26.433579],[-97.861875,26.348156],[-97.8622582970613,26.0577459501697],[-97.871187,26.058083],[-97.944345,26.059621],[-98.010971,26.063863],[-98.039239,26.041275],[-98.080115736643,26.0553958966484],[-98.091038,26.059169],[-98.149463,26.055813],[-98.197046,26.056153],[-98.248806,26.073101],[-98.302979,26.11005],[-98.386694,26.157872],[-98.442536,26.199151],[-98.503492,26.214798],[-98.576188,26.235221],[-98.5931641791091,26.2428750129916]]]}},{"type":"Feature","properties":{"fips":"47067","name":"Hancock","state":"TN"},"geometry":{"type":"Polygon","coordinates":[[[-83.4720935738096,36.5994757320593],[-83.2763,36.598187],[-82.9844584955724,36.59528996905],[-82.830433,36.593761],[-82.950519,36.543005],[-83.010789,36.563691],[-83.120966,36.513883],[-83.280595,36.394689],[-83.304197,36.388189],[-83.3868,36.413186],[-83.369401,36.459186],[-83.398303,36.534885],[-83.4720935738096,36.5994757320593]]]}},{"type":"Feature","properties":{"fips":"48127","name":"Dimmit","state":"TX"},"geometry":{"type":"Polygon","coordinates":[[[-100.114336,28.648122],[-99.409021,28.640566],[-99.395736,28.640784],[-99.394177,28.204627],[-100.113719,28.197819],[-100.114336,28.648122]]]}},{"type":"Feature","properties":{"fips":"37063","name":"Durham","state":"NC"},"geometry":{"type":"Polygon","coordinates":[[[-78.950597,36.23932],[-78.802335,36.235794],[-78.807623,36.087688],[-78.751273,36.070834],[-78.753611,36.031384],[-78.699847,36.011427],[-78.717014,35.961265],[-78.804836,35.927552],[-78.82835,35.870876],[-78.906071,35.868096],[-79.016305,35.86321],[-78.950597,36.23932]]]}},{"type":"Feature","properties":{"fips":"24025","name":"Harford","state":"MD"},"geometry":{"type":"Polygon","coordinates":[[[-76.5694491257313,39.7214585707527],[-76.41898,39.721526],[-76.2396837411146,39.7216419899246],[-76.233485,39.721646],[-76.2332793471166,39.7216462556279],[-76.085972,39.559011],[-76.035766,39.465692],[-76.079925,39.405506],[-76.124694,39.389968],[-76.197256746112,39.3324934771342],[-76.197291,39.332591],[-76.244409,39.337458],[-76.300231,39.300638],[-76.326396832072,39.2733926821003],[-76.338079,39.292807],[-76.315579,39.332807],[-76.427918,39.50172],[-76.532174,39.543977],[-76.5694491257313,39.7214585707527]]]}},{"type":"Feature","properties":{"fips":"48249","name":"Jim Wells","state":"TX"},"geometry":{"type":"Polygon","coordinates":[[[-98.235497,28.057966],[-97.883148,28.0569],[-97.801388,28.03836],[-97.798517,27.995659],[-97.934274,27.885202],[-97.942146,27.635932],[-98.059464,27.635862],[-98.058078,27.260981],[-98.232464,27.262487],[-98.235497,28.057966]]]}},{"type":"Feature","properties":{"fips":"13245","name":"Richmond","state":"GA"},"geometry":{"type":"Polygon","coordinates":[[[-82.353498,33.312318],[-82.294179,33.354635],[-82.028238,33.544934],[-82.016581923059,33.5290907977257],[-81.990938,33.494235],[-81.926336,33.462937],[-81.920121,33.410753],[-81.932737,33.343541],[-81.846136,33.303843],[-81.8465005323579,33.2472520854299],[-82.097135,33.230612],[-82.17424,33.296771],[-82.26758,33.267397],[-82.332774,33.308681],[-82.353498,33.312318]]]}},{"type":"Feature","properties":{"fips":"48285","name":"Lavaca","state":"TX"},"geometry":{"type":"Polygon","coordinates":[[[-97.204087,29.580613],[-97.142643,29.628101],[-96.874222,29.632706],[-96.793132,29.577378],[-96.560555,29.335439],[-96.658466,29.263876],[-96.938587,29.063244],[-96.976378,29.104046],[-97.240108,29.384488],[-97.204087,29.580613]]]}},{"type":"Feature","properties":{"fips":"13281","name":"Towns","state":"GA"},"geometry":{"type":"Polygon","coordinates":[[[-83.936427344252,34.9874843833797],[-83.619985,34.986592],[-83.5491807535047,34.988803195914],[-83.656414,34.878787],[-83.652194,34.822993],[-83.681596,34.800882],[-83.704339,34.791328],[-83.780346,34.792905],[-83.808675,34.904419],[-83.914919,34.926975],[-83.936427344252,34.9874843833797]]]}},{"type":"Feature","properties":{"fips":"37095","name":"Hyde","state":"NC"},"geometry":{"type":"Polygon","coordinates":[[[-76.637513,35.705215],[-76.405971,35.697579],[-76.269247,35.690754],[-76.285839,35.604464],[-76.213895,35.598238],[-76.144653,35.702488],[-76.027479,35.668849],[-75.901342,35.668952],[-75.814021,35.500182],[-75.7495614239622,35.1856163621922],[-75.757916,35.183079],[-75.912985,35.1196],[-76.013145,35.061855],[-76.065774,35.124937],[-76.304136,35.201453],[-76.454738,35.334376],[-76.522131,35.353623],[-76.599085,35.51996],[-76.509605,35.518356],[-76.467761,35.556504],[-76.588191,35.620654],[-76.637513,35.705215]]]}},{"type":"Feature","properties":{"fips":"54077","name":"Preston","state":"WV"},"geometry":{"type":"Polygon","coordinates":[[[-79.89974,39.481945],[-79.789277,39.623781],[-79.763774,39.720776],[-79.476662,39.721078],[-79.482366,39.531689],[-79.484372,39.3443],[-79.486873,39.205961],[-79.487175,39.194906],[-79.687283,39.271398],[-79.809729,39.230526],[-79.871969,39.294518],[-79.895536,39.299584],[-79.894688,39.435588],[-79.89974,39.481945]]]}},{"type":"Feature","properties":{"fips":"47095","name":"Lake","state":"TN"},"geometry":{"type":"Polygon","coordinates":[[[-89.678046,36.248284],[-89.602374,36.238106],[-89.554289,36.277751],[-89.611819,36.309088],[-89.600544,36.342985],[-89.5450313339691,36.344271398663],[-89.522695,36.344789],[-89.51038,36.378356],[-89.542337,36.420103],[-89.521021,36.461934],[-89.539232,36.497934],[-89.417293,36.499033],[-89.3451943195388,36.5013432086369],[-89.36012,36.409277],[-89.444587,36.235538],[-89.482971,36.212659],[-89.488283,36.187544],[-89.6276414416754,36.185460316606],[-89.69263,36.224959],[-89.678046,36.248284]]]}},{"type":"Feature","properties":{"fips":"28129","name":"Smith","state":"MS"},"geometry":{"type":"Polygon","coordinates":[[[-89.730424,32.222039],[-89.701621,32.223757],[-89.322692,32.223472],[-89.31656,31.80209],[-89.401227,31.796863],[-89.653025,31.780653],[-89.662086,32.047239],[-89.730066,32.047072],[-89.730424,32.222039]]]}},{"type":"Feature","properties":{"fips":"22047","name":"Iberville","state":"LA"},"geometry":{"type":"Polygon","coordinates":[[[-91.701339,30.497747],[-91.592122,30.496999],[-91.583457,30.48259],[-91.485155,30.497282],[-91.311487,30.322471],[-91.142105,30.323293],[-91.126597,30.31332],[-91.021014,30.321489],[-91.090166,30.153734],[-91.106559,30.108519],[-91.105997,30.062749],[-91.22423,30.02556],[-91.231842,30.040385],[-91.368835,30.058824],[-91.388841,30.102445],[-91.463992,30.102931],[-91.475303,30.229491],[-91.56276,30.241949],[-91.621055,30.309938],[-91.640078,30.442673],[-91.701339,30.497747]]]}},{"type":"Feature","properties":{"fips":"13269","name":"Taylor","state":"GA"},"geometry":{"type":"Polygon","coordinates":[[[-84.444353,32.562083],[-84.408866,32.561923],[-84.33794,32.720647],[-84.286246,32.747626],[-84.235803,32.738284],[-84.202628,32.690018],[-84.105924,32.685049],[-84.062735,32.578432],[-84.003363,32.529927],[-84.00849,32.521769],[-84.111226,32.514124],[-84.197912,32.400852],[-84.254613,32.372053],[-84.381817,32.428047],[-84.392316,32.414046],[-84.453154,32.534336],[-84.444353,32.562083]]]}},{"type":"Feature","properties":{"fips":"51650","name":"Hampton","state":"VA"},"geometry":{"type":"Polygon","coordinates":[[[-76.437748,37.094048],[-76.395795,37.107174],[-76.38369,37.11158],[-76.293126918301,37.1141637008803],[-76.271262,37.084544],[-76.304272,37.001378],[-76.2809720508166,36.977743727668],[-76.332257,36.966099],[-76.341825,36.924772],[-76.384419,36.951059],[-76.442433,37.018802],[-76.437748,37.094048]]]}},{"type":"Feature","properties":{"fips":"22065","name":"Madison","state":"LA"},"geometry":{"type":"Polygon","coordinates":[[[-91.557199,32.249654],[-91.472391,32.316529],[-91.476495,32.405564],[-91.485199,32.502957],[-91.457614,32.537848],[-91.133144,32.537909],[-91.0554092828289,32.5790876048294],[-91.049312,32.573624],[-91.0487604277637,32.5727970404214],[-91.011275,32.516596],[-91.060516,32.512361],[-91.052907,32.438442],[-90.965986,32.424806],[-90.986672,32.35176],[-90.92117,32.342073],[-90.947834,32.283486],[-90.991227,32.214662],[-91.108509,32.20815],[-91.133968,32.249339],[-91.321366,32.202916],[-91.493574,32.203247],[-91.557199,32.249654]]]}},{"type":"Feature","properties":{"fips":"05137","name":"Stone","state":"AR"},"geometry":{"type":"Polygon","coordinates":[[[-92.416846,35.788632],[-92.414396,35.975798],[-92.307215,35.974007],[-92.305109,36.061087],[-92.197449,36.059239],[-92.19564,36.133009],[-92.058375,36.036984],[-92.107592,35.930808],[-91.9638,35.938596],[-91.849456,35.867301],[-91.871023,35.809549],[-91.837176,35.705019],[-92.2408,35.712124],[-92.418409,35.716028],[-92.416846,35.788632]]]}},{"type":"Feature","properties":{"fips":"47013","name":"Campbell","state":"TN"},"geometry":{"type":"Polygon","coordinates":[[[-84.329927,36.285086],[-84.334233,36.389079],[-84.322211,36.392865],[-84.345535,36.42956],[-84.330434,36.50948],[-84.251132,36.53418],[-84.2613212015047,36.592741697267],[-84.227332,36.592181],[-84.2271939619983,36.5921795123551],[-83.987842,36.5896],[-83.9876109506828,36.5895922860725],[-83.922618,36.427779],[-83.905638,36.419979],[-83.952119,36.400378],[-84.004317,36.270378],[-84.033719,36.301779],[-84.072698,36.251989],[-84.227527,36.244879],[-84.241325,36.177578],[-84.372731,36.216778],[-84.329927,36.285086]]]}},{"type":"Feature","properties":{"fips":"05145","name":"White","state":"AR"},"geometry":{"type":"Polygon","coordinates":[[[-92.111535,35.362633],[-91.852222,35.358384],[-91.850032,35.436543],[-91.795997,35.45561],[-91.793577,35.534078],[-91.745063,35.534311],[-91.582094,35.530332],[-91.584454,35.442309],[-91.347257,35.439106],[-91.358087,35.40898],[-91.438448,35.368895],[-91.428692,35.293141],[-91.382991,35.248373],[-91.389815,35.199988],[-91.458753,35.155016],[-91.465269,35.089457],[-91.584005,35.091584],[-91.608725,35.020682],[-91.701118,35.062986],[-91.802509,35.030698],[-91.902557,35.027687],[-92.013056,35.076317],[-92.119748,35.06656],[-92.111535,35.362633]]]}},{"type":"Feature","properties":{"fips":"13039","name":"Camden","state":"GA"},"geometry":{"type":"Polygon","coordinates":[[[-81.936749,31.060787],[-81.840671,31.097665],[-81.766241,31.16965],[-81.631624,31.108117],[-81.562606,31.130285],[-81.572692,31.097269],[-81.4125180355795,30.9908345035084],[-81.408484,30.977718],[-81.405153,30.908203],[-81.44013,30.821369],[-81.460061,30.769912],[-81.444124,30.709714],[-81.507218,30.722936],[-81.528281,30.723359],[-81.56171,30.715597],[-81.633273,30.729603],[-81.668283,30.744644],[-81.732238,30.749635],[-81.763384,30.773821],[-81.808543,30.790016],[-81.868624,30.792756],[-81.902354,30.82082],[-81.9059784394064,30.821407341502],[-81.906036,31.039715],[-81.936006,31.047993],[-81.936749,31.060787]]]}},{"type":"Feature","properties":{"fips":"28083","name":"Leflore","state":"MS"},"geometry":{"type":"Polygon","coordinates":[[[-90.451643,33.81139],[-90.182584,33.809322],[-90.185599,33.765514],[-90.294502,33.750981],[-90.299057,33.697589],[-90.239603,33.737246],[-90.136787,33.721648],[-90.127775,33.676956],[-90.102971,33.66073],[-90.101401,33.45894],[-90.174756,33.417003],[-90.174614,33.333378],[-90.321513,33.375121],[-90.279627,33.339509],[-90.331589,33.302825],[-90.413236,33.23532],[-90.453233,33.329484],[-90.451643,33.81139]]]}},{"type":"Feature","properties":{"fips":"51117","name":"Mecklenburg","state":"VA"},"geometry":{"type":"Polygon","coordinates":[[[-78.711702,36.641078],[-78.653551,36.69085],[-78.54923,36.626629],[-78.648541,36.697909],[-78.493028,36.89122],[-78.421187,36.851652],[-78.027411,36.777858],[-78.0462083043603,36.5441976726866],[-78.132911,36.543811],[-78.323718509559,36.5424213915586],[-78.4572778962559,36.5414487083995],[-78.509965,36.541065],[-78.7341228011172,36.5416087348408],[-78.711702,36.641078]]]}},{"type":"Feature","properties":{"fips":"48369","name":"Parmer","state":"TX"},"geometry":{"type":"Polygon","coordinates":[[[-103.043946,34.379555],[-103.043072,34.619782],[-103.042769,34.747361],[-102.525184,34.746931],[-102.525631,34.313034],[-102.61515,34.312891],[-103.043850301172,34.3127498735079],[-103.043946,34.379555]]]}},{"type":"Feature","properties":{"fips":"40151","name":"Woods","state":"OK"},"geometry":{"type":"Polygon","coordinates":[[[-99.407015,36.999579],[-99.129449,36.999422],[-99.0003010538842,36.9993580981444],[-98.791936,36.999255],[-98.5446619733489,36.9985242404006],[-98.533617,36.46323],[-98.533658,36.397866],[-98.625361,36.392595],[-98.80782,36.460744],[-98.843702,36.506315],[-98.960334,36.506914],[-98.959973,36.598991],[-99.139855,36.78304],[-99.250383,36.785015],[-99.295186,36.819566],[-99.374218,36.879597],[-99.4562024346753,36.9997002794079],[-99.407015,36.999579]]]}},{"type":"Feature","properties":{"fips":"47015","name":"Cannon","state":"TN"},"geometry":{"type":"Polygon","coordinates":[[[-86.141766,35.914374],[-86.153214,35.954399],[-86.090502,35.974451],[-86.014849,35.96106],[-85.88921,35.857543],[-85.885156,35.839658],[-85.997426,35.711955],[-85.985062,35.660108],[-86.08889,35.646823],[-86.207147,35.70379],[-86.141766,35.914374]]]}},{"type":"Feature","properties":{"fips":"12079","name":"Madison","state":"FL"},"geometry":{"type":"Polygon","coordinates":[[[-83.806667,30.371689],[-83.72172,30.434354],[-83.736954,30.507569],[-83.604186,30.581916],[-83.6117040588264,30.6515600937086],[-83.499951,30.645663],[-83.3577163136281,30.6371378731342],[-83.3093471215958,30.6342387666716],[-83.272612,30.627687],[-83.221868,30.42341],[-83.170969,30.385225],[-83.192343,30.374846],[-83.247253,30.26067],[-83.266509,30.26026],[-83.36726,30.26044],[-83.469267,30.260351],[-83.468768,30.304212],[-83.820235,30.30354],[-83.806667,30.371689]]]}},{"type":"Feature","properties":{"fips":"51005","name":"Alleghany","state":"VA"},"geometry":{"type":"Polygon","coordinates":[[[-80.290033810255,37.686136458971],[-80.258143,37.720612],[-80.218616,37.783291],[-80.199633,37.827507],[-80.131931,37.8895],[-80.0558115945897,37.9518782200979],[-79.935364,37.954365],[-79.887329,37.892971],[-79.749814,37.885402],[-79.692793,37.844458],[-79.647589,37.874538],[-79.606341,37.862111],[-79.674162,37.763093],[-79.816721,37.800973],[-79.91756,37.701848],[-80.020554,37.647442],[-80.145565,37.596428],[-80.2243032443768,37.6239913711709],[-80.292258,37.683732],[-80.290033810255,37.686136458971]],[[-80.008516,37.761109],[-79.97707,37.754353],[-79.980001,37.781063],[-79.967071,37.803405],[-79.987402,37.813585],[-80.008516,37.761109]]]}},{"type":"Feature","properties":{"fips":"47055","name":"Giles","state":"TN"},"geometry":{"type":"Polygon","coordinates":[[[-87.232054,35.292704],[-87.206578,35.433207],[-87.129112,35.456019],[-86.960804,35.417021],[-86.906451,35.314075],[-86.828301,35.263677],[-86.8362863159495,34.992803004217],[-87.2107585799823,34.9990491809997],[-87.216683,34.999148],[-87.2240536418757,34.9992307419721],[-87.2153,35.286625],[-87.232054,35.292704]]]}},{"type":"Feature","properties":{"fips":"54015","name":"Clay","state":"WV"},"geometry":{"type":"Polygon","coordinates":[[[-81.283872,38.472029],[-81.194113,38.527634],[-81.130775,38.565948],[-81.08371,38.611982],[-81.031677,38.667839],[-80.913289,38.563827],[-80.881232,38.507045],[-80.817424,38.478553],[-80.911361,38.414785],[-81.231434,38.263716],[-81.283872,38.472029]]]}},{"type":"Feature","properties":{"fips":"54035","name":"Jackson","state":"WV"},"geometry":{"type":"Polygon","coordinates":[[[-81.89847,38.929603],[-81.827354,38.945898],[-81.775734,38.980737],[-81.793304,39.040353],[-81.807855,39.083978],[-81.7502668434263,39.1040311930998],[-81.720677,39.084228],[-81.581447,39.026179],[-81.532186,39.00545],[-81.502628,38.917922],[-81.52731,38.901666],[-81.546631,38.672387],[-81.522166,38.612746],[-81.632817,38.554699],[-81.696348,38.626427],[-81.739877,38.675321],[-81.772843,38.680843],[-81.791265,38.733104],[-81.910606,38.87597],[-81.89847,38.929603]]]}},{"type":"Feature","properties":{"fips":"48303","name":"Lubbock","state":"TX"},"geometry":{"type":"Polygon","coordinates":[[[-102.085733,33.824675],[-101.56358,33.830451],[-101.556884,33.39476],[-102.075929,33.389586],[-102.085733,33.824675]]]}},{"type":"Feature","properties":{"fips":"21015","name":"Boone","state":"KY"},"geometry":{"type":"Polygon","coordinates":[[[-84.897171,39.052407],[-84.860689,39.07814],[-84.820157,39.10548],[-84.750749,39.147358],[-84.714048,39.132659],[-84.7119293134928,39.130678600088],[-84.677247,39.09826],[-84.6220474364107,39.0783346767822],[-84.597932,38.879431],[-84.615664,38.802277],[-84.660107,38.777293],[-84.779022,38.859512],[-84.7987011365099,38.8592249335163],[-84.786406,38.88222],[-84.830472,38.897256],[-84.8643271879881,38.9137941412077],[-84.877762,38.920357],[-84.832617,38.96146],[-84.849445,39.000923],[-84.8775702820623,39.0312628990423],[-84.897171,39.052407]]]}},{"type":"Feature","properties":{"fips":"12039","name":"Gadsden","state":"FL"},"geometry":{"type":"Polygon","coordinates":[[[-84.932519,30.606393],[-84.860943,30.693246],[-84.864693,30.711542],[-84.8634638443825,30.7114970146544],[-84.812997,30.70965],[-84.474519,30.692783],[-84.3807541835525,30.6888271970459],[-84.2855145090395,30.684809171948],[-84.378384,30.573467],[-84.405454,30.474416],[-84.519796,30.451499],[-84.646408,30.388281],[-84.781111,30.459794],[-84.781813,30.518693],[-84.882616,30.533094],[-84.883316,30.605589],[-84.932519,30.606393]]]}},{"type":"Feature","properties":{"fips":"12119","name":"Sumter","state":"FL"},"geometry":{"type":"Polygon","coordinates":[[[-82.311266,28.960399],[-82.123647,28.960197],[-81.95419,28.960053],[-81.95346,28.886991],[-81.957641,28.34518],[-81.958029,28.308925],[-82.055819,28.312794],[-82.054694,28.478397],[-82.054469,28.521367],[-82.208184,28.572054],[-82.274823,28.656198],[-82.263052,28.667634],[-82.169141,28.792954],[-82.311697,28.960391],[-82.311266,28.960399]]]}},{"type":"Feature","properties":{"fips":"13309","name":"Wheeler","state":"GA"},"geometry":{"type":"Polygon","coordinates":[[[-82.927865,32.135274],[-82.874864,32.180024],[-82.884803,32.196072],[-82.773916,32.265362],[-82.755158,32.26969],[-82.721964,32.309283],[-82.67377,32.293595],[-82.655486,32.297561],[-82.644309,32.294193],[-82.597671,32.013979],[-82.543655,31.958914],[-82.595257,31.931585],[-82.645659,31.918883],[-82.723088,32.002766],[-82.887657,32.079891],[-82.927865,32.135274]]]}},{"type":"Feature","properties":{"fips":"21047","name":"Christian","state":"KY"},"geometry":{"type":"Polygon","coordinates":[[[-87.710912,37.021607],[-87.680617,37.149239],[-87.520116,37.105452],[-87.333741,37.157186],[-87.327343,37.140018],[-87.334277,37.131818],[-87.259371,37.072401],[-87.3359790500808,36.6415771604931],[-87.347796,36.64144],[-87.64115,36.638036],[-87.6941859078643,36.6368382439437],[-87.659724,36.966397],[-87.733368,37.002103],[-87.710912,37.021607]]]}},{"type":"Feature","properties":{"fips":"21051","name":"Clay","state":"KY"},"geometry":{"type":"Polygon","coordinates":[[[-83.943718,37.250551],[-83.901574,37.25374],[-83.784975,37.348717],[-83.653303,37.358075],[-83.526907,37.258529],[-83.507886,37.235877],[-83.551303,37.16751],[-83.553101,37.079281],[-83.509083,36.938509],[-83.589521,36.955786],[-83.641721,36.959855],[-83.774061,37.036831],[-83.871315,37.054919],[-83.885673,37.118767],[-83.969571,37.168876],[-83.943718,37.250551]]]}},{"type":"Feature","properties":{"fips":"21059","name":"Daviess","state":"KY"},"geometry":{"type":"Polygon","coordinates":[[[-87.394093,37.723995],[-87.271608,37.78012],[-87.323402,37.819239],[-87.304057452442,37.8934325491223],[-87.270387407739,37.87542282659],[-87.25525,37.867326],[-87.180063,37.841375],[-87.137502,37.807264],[-87.105614,37.767631],[-87.057836,37.827457],[-87.043049,37.875049],[-87.010315,37.919668],[-86.9777414251102,37.9256992083727],[-86.987159,37.8967],[-86.893859,37.882113],[-86.823429,37.737754],[-86.817783,37.673679],[-86.94876,37.630548],[-87.03826,37.560803],[-87.138821,37.575628],[-87.408547,37.683563],[-87.394093,37.723995]]]}},{"type":"Feature","properties":{"fips":"12045","name":"Gulf","state":"FL"},"geometry":{"type":"Polygon","coordinates":[[[-85.416548,29.842628],[-85.38473,29.920949],[-85.3891608928388,29.924059309219],[-85.389679,30.200973],[-85.11566,30.199976],[-85.154015,30.092043],[-85.113691,30.023173],[-85.025439,29.971399],[-85.054359,29.90186],[-85.039355,29.78017],[-85.109401,29.776793],[-85.206226,29.711188],[-85.2201422739545,29.666453713282],[-85.259719,29.681296],[-85.352615,29.659787],[-85.40283,29.758782],[-85.416548,29.842628]]]}},{"type":"Feature","properties":{"fips":"12063","name":"Jackson","state":"FL"},"geometry":{"type":"Polygon","coordinates":[[[-85.52921,30.974439],[-85.4980015850895,30.9978650493614],[-85.4882982889391,30.9979646232873],[-85.333319,30.999555],[-85.145959,31.000693],[-85.031285,31.000647],[-85.002499,31.000682],[-85.006062,30.977039],[-84.983757,30.936984],[-84.935698,30.878703],[-84.934283,30.834033],[-84.91815,30.772082],[-84.864693,30.711542],[-84.860943,30.693246],[-84.932519,30.606393],[-85.167687,30.607979],[-85.171891,30.564336],[-85.383948,30.566856],[-85.434782,30.56756],[-85.432274,30.785457],[-85.482276,30.829509],[-85.599934,30.830552],[-85.52921,30.974439]]]}},{"type":"Feature","properties":{"fips":"12075","name":"Levy","state":"FL"},"geometry":{"type":"Polygon","coordinates":[[[-83.1655541262812,29.288964743454],[-83.060528,29.349457],[-82.984371,29.471004],[-82.937329,29.591196],[-82.856518,29.584243],[-82.77291,29.584879],[-82.756458,29.562467],[-82.656301,29.564811],[-82.557565,29.537606],[-82.556766,29.480055],[-82.40662,29.485048],[-82.403237,29.215623],[-82.53486,29.21468],[-82.535591,29.044855],[-82.612653,29.009271],[-82.712039,29.030834],[-82.7555738086957,29.0009301182604],[-82.759378,29.006619],[-82.759704,29.054192],[-82.823659,29.098902],[-82.798876,29.114504],[-82.827073,29.158425],[-82.927107,29.168907],[-82.996144,29.178074],[-83.016248,29.125371],[-83.053207,29.130839],[-83.078986,29.196944],[-83.074734,29.247975],[-83.107477,29.268889],[-83.1655541262812,29.288964743454]]]}},{"type":"Feature","properties":{"fips":"12129","name":"Wakulla","state":"FL"},"geometry":{"type":"Polygon","coordinates":[[[-84.713351,30.30017],[-84.247673,30.303493],[-84.241222,30.274244],[-84.075539,30.273617],[-84.0761320719114,30.0990898837301],[-84.124889,30.090601],[-84.179149,30.073187],[-84.20801,30.084776],[-84.289727,30.057197],[-84.366115,30.008662],[-84.3454463222869,29.9697520164336],[-84.467713,30.001853],[-84.523992,29.981728],[-84.54445,30.01103],[-84.591048,30.029637],[-84.670364,30.128208],[-84.713351,30.30017]]]}},{"type":"Feature","properties":{"fips":"13087","name":"Decatur","state":"GA"},"geometry":{"type":"Polygon","coordinates":[[[-84.8634638443825,30.7114970146544],[-84.78682,30.801489],[-84.730855,31.06919],[-84.644678,31.079504],[-84.542653,31.079029],[-84.508078,31.0784],[-84.376612,31.078883],[-84.3807541835525,30.6888271970459],[-84.474519,30.692783],[-84.812997,30.70965],[-84.8634638443825,30.7114970146544]]]}},{"type":"Feature","properties":{"fips":"37111","name":"McDowell","state":"NC"},"geometry":{"type":"Polygon","coordinates":[[[-82.275399,35.704438],[-82.257842,35.698852],[-82.193402,35.735314],[-82.133484,35.823309],[-81.980337,35.884716],[-81.981954,35.911361],[-81.943188,35.96005],[-81.906652,35.883376],[-81.986885,35.807066],[-81.869388,35.719624],[-81.824122,35.574983],[-81.842468,35.542263],[-81.967619,35.526007],[-82.169049,35.527811],[-82.291026,35.591322],[-82.275399,35.704438]]]}},{"type":"Feature","properties":{"fips":"48383","name":"Reagan","state":"TX"},"geometry":{"type":"Polygon","coordinates":[[[-101.775802,31.651319],[-101.267122,31.650854],[-101.26763,31.556462],[-101.267947,31.528688],[-101.274799,31.079379],[-101.776191,31.079784],[-101.775802,31.651319]]]}},{"type":"Feature","properties":{"fips":"21079","name":"Garrard","state":"KY"},"geometry":{"type":"Polygon","coordinates":[[[-84.689343,37.727274],[-84.716925,37.815389],[-84.571158,37.72855],[-84.525643,37.769497],[-84.450201,37.697898],[-84.347805,37.539064],[-84.37444,37.472663],[-84.446719,37.485893],[-84.648559,37.609897],[-84.636022,37.621765],[-84.658296,37.634501],[-84.652294,37.650892],[-84.744888,37.713075],[-84.689343,37.727274]]]}},{"type":"Feature","properties":{"fips":"12001","name":"Alachua","state":"FL"},"geometry":{"type":"Polygon","coordinates":[[[-82.658554,29.830144],[-82.641008,29.828473],[-82.529705,29.940881],[-82.510819,29.945234],[-82.418728,29.923093],[-82.272563,29.843011],[-82.133126,29.835949],[-82.055625,29.718232],[-82.050955,29.702569],[-82.055899,29.471232],[-82.099941,29.418898],[-82.109795,29.435379],[-82.199639,29.422172],[-82.211449,29.484067],[-82.40662,29.485048],[-82.556766,29.480055],[-82.557565,29.537606],[-82.656301,29.564811],[-82.658554,29.830144]]]}},{"type":"Feature","properties":{"fips":"48111","name":"Dallam","state":"TX"},"geometry":{"type":"Polygon","coordinates":[[[-103.041924,36.500439],[-103.002434,36.500397],[-102.162463,36.500326],[-102.163015,36.055249],[-103.040824,36.055231],[-103.041924,36.500439]]]}},{"type":"Feature","properties":{"fips":"37047","name":"Columbus","state":"NC"},"geometry":{"type":"Polygon","coordinates":[[[-79.0712436122253,34.2993039510346],[-78.959775,34.442982],[-78.868961,34.484778],[-78.825861,34.461732],[-78.667588,34.469645],[-78.44532,34.3774],[-78.335084,34.367622],[-78.256085,34.399469],[-78.202532,34.353306],[-78.16235,34.357007],[-78.254622,34.216305],[-78.374295,34.204893],[-78.422921,34.139494],[-78.515289,34.165865],[-78.545218,34.145747],[-78.557052,34.061849],[-78.640688,34.009854],[-78.6508712805333,33.9450557205328],[-78.81171,34.081006],[-79.071169,34.29924],[-79.0712436122253,34.2993039510346]]]}},{"type":"Feature","properties":{"fips":"51089","name":"Henry","state":"VA"},"geometry":{"type":"Polygon","coordinates":[[[-80.094389,36.779552],[-80.041493,36.794365],[-79.999771,36.830738],[-79.761756,36.788337],[-79.640652,36.856139],[-79.714850811052,36.5414324847413],[-80.027269,36.542495],[-80.0273389151412,36.5424953856142],[-80.0534550433501,36.5426394280866],[-80.094389,36.779552]],[[-79.893913,36.672037],[-79.838012,36.659295],[-79.827459,36.647637],[-79.837359,36.704137],[-79.87476,36.715237],[-79.893913,36.672037]]]}},{"type":"Feature","properties":{"fips":"48225","name":"Houston","state":"TX"},"geometry":{"type":"Polygon","coordinates":[[[-95.728703,31.164064],[-95.725226,31.271084],[-95.655545,31.32964],[-95.739279,31.504056],[-95.651764,31.541791],[-95.273203,31.592886],[-95.168509,31.583671],[-95.099966,31.518869],[-95.101382,31.469887],[-95.003345,31.42571],[-94.976718,31.409145],[-94.95811,31.38693],[-95.434781,31.058098],[-95.617872,30.930418],[-95.681158,30.986958],[-95.656487,31.079339],[-95.76441,31.094211],[-95.728703,31.164064]]]}},{"type":"Feature","properties":{"fips":"47037","name":"Davidson","state":"TN"},"geometry":{"type":"Polygon","coordinates":[[[-87.053722,36.045582],[-87.038792,36.0789],[-86.906254,36.366218],[-86.913233,36.382621],[-86.787357,36.35964],[-86.772609,36.392519],[-86.754795,36.405496],[-86.721054,36.342076],[-86.622827,36.248754],[-86.594359,36.245376],[-86.556865,36.13496],[-86.515589,36.10061],[-86.546884,36.087817],[-86.618892,35.968224],[-86.790875,36.036715],[-86.928861,36.052942],[-87.016082,35.997874],[-87.039386,35.989242],[-87.053722,36.045582]]]}},{"type":"Feature","properties":{"fips":"48131","name":"Duval","state":"TX"},"geometry":{"type":"Polygon","coordinates":[[[-98.803325,28.05748],[-98.334323,28.0578],[-98.235497,28.057966],[-98.232464,27.262487],[-98.523284,27.26515],[-98.522293,27.343284],[-98.589537,27.358695],[-98.798323,27.354029],[-98.803325,28.05748]]]}},{"type":"Feature","properties":{"fips":"48005","name":"Angelina","state":"TX"},"geometry":{"type":"Polygon","coordinates":[[[-95.003345,31.42571],[-94.865857,31.526916],[-94.82287,31.483978],[-94.545121,31.431855],[-94.53136,31.39854],[-94.495874,31.405728],[-94.449422,31.321337],[-94.396017,31.302356],[-94.326616,31.224754],[-94.218997,31.173265],[-94.129632,31.09928],[-94.457816,31.033325],[-94.526629,31.055722],[-94.561943,31.058952],[-94.573675,31.068432],[-94.738594,31.10369],[-94.842947,31.146578],[-94.860501,31.234955],[-94.95811,31.38693],[-94.976718,31.409145],[-95.003345,31.42571]]]}},{"type":"Feature","properties":{"fips":"37091","name":"Hertford","state":"NC"},"geometry":{"type":"Polygon","coordinates":[[[-77.208468,36.246578],[-77.122959,36.471218],[-77.066463,36.496511],[-77.1643226037182,36.5461528198479],[-77.0716192313025,36.5461127292585],[-76.917318,36.546046],[-76.9160376328562,36.5460813302903],[-76.946258,36.413822],[-76.779467,36.362469],[-76.696571,36.296138],[-76.706584,36.243796],[-77.180277,36.242766],[-77.208468,36.246578]]]}},{"type":"Feature","properties":{"fips":"48263","name":"Kent","state":"TX"},"geometry":{"type":"Polygon","coordinates":[[[-101.038788,33.397214],[-100.517449,33.397866],[-100.519208,32.962926],[-100.65587,32.963469],[-100.990181,32.965023],[-101.03866,32.970225],[-101.038788,33.397214]]]}},{"type":"Feature","properties":{"fips":"48061","name":"Cameron","state":"TX"},"geometry":{"type":"Polygon","coordinates":[[[-97.861875,26.348156],[-97.527582,26.299304],[-97.506936,26.312702],[-97.446987,26.324947],[-97.386505,26.410437],[-97.2272884780129,26.4111776799575],[-97.196935,26.305865],[-97.158798,26.08266],[-97.151922,26.017653],[-97.145567,25.971132],[-97.156608,25.949022],[-97.206945,25.960899],[-97.277163,25.935438],[-97.338346,25.923125],[-97.365976,25.902447],[-97.360082,25.868874],[-97.372864,25.840117],[-97.422636,25.840378],[-97.454727,25.879337],[-97.496861,25.880058],[-97.542957,25.920035],[-97.582565,25.937857],[-97.644011,26.006614],[-97.697069,26.023455],[-97.758838,26.032131],[-97.795291,26.055218],[-97.8622582970613,26.0577459501697],[-97.861875,26.348156]]]}},{"type":"Feature","properties":{"fips":"48257","name":"Kaufman","state":"TX"},"geometry":{"type":"Polygon","coordinates":[[[-96.529412,32.545277],[-96.523008,32.559624],[-96.51897,32.813616],[-96.297376,32.814185],[-96.297322,32.841723],[-96.076801,32.838489],[-96.075899,32.357505],[-96.196231,32.354762],[-96.452372,32.358659],[-96.434514,32.38873],[-96.529678,32.54528],[-96.529412,32.545277]]]}},{"type":"Feature","properties":{"fips":"13241","name":"Rabun","state":"GA"},"geometry":{"type":"Polygon","coordinates":[[[-83.656414,34.878787],[-83.5491807535047,34.988803195914],[-83.4828732042907,34.9908739612868],[-83.322768,34.995874],[-83.108606,35.000659],[-83.124378,34.95524],[-83.140621,34.924915],[-83.201183,34.884653],[-83.252582,34.853483],[-83.284812,34.823043],[-83.323866,34.789712],[-83.320062,34.759616],[-83.353238,34.728648],[-83.3496085109133,34.7170105826273],[-83.431465,34.747272],[-83.534904,34.740013],[-83.586897,34.819991],[-83.652194,34.822993],[-83.656414,34.878787]]]}},{"type":"Feature","properties":{"fips":"22053","name":"Jefferson Davis","state":"LA"},"geometry":{"type":"Polygon","coordinates":[[[-93.131155,30.423591],[-93.065525,30.438677],[-92.775554,30.437656],[-92.773981,30.488218],[-92.630321,30.488012],[-92.632025,30.481182],[-92.594586,30.420339],[-92.630975,30.374585],[-92.591129,30.182365],[-92.625484,30.09233],[-92.637841,30.072174],[-92.737217,30.037455],[-92.771381,30.039232],[-92.996624,30.038481],[-92.887222,30.083455],[-92.893247,30.15651],[-92.9963,30.156955],[-93.031125,30.305713],[-93.030959,30.37939],[-93.131224,30.403058],[-93.131155,30.423591]]]}},{"type":"Feature","properties":{"fips":"22111","name":"Union","state":"LA"},"geometry":{"type":"Polygon","coordinates":[[[-92.725486,32.818136],[-92.7247431731793,33.0143417676748],[-92.723553,33.014328],[-92.501383,33.01216],[-92.222825,33.00908],[-92.0690147239268,33.0084819174935],[-92.0689280885167,33.0084815806166],[-92.085617,32.965193],[-92.052728,32.794734],[-92.065179,32.723003],[-92.223849,32.590366],[-92.415228,32.582854],[-92.415169,32.670254],[-92.518999,32.670807],[-92.571295,32.748579],[-92.725407,32.759443],[-92.725486,32.818136]]]}},{"type":"Feature","properties":{"fips":"47005","name":"Benton","state":"TN"},"geometry":{"type":"Polygon","coordinates":[[[-88.214442,35.982752],[-88.212559,36.12029],[-88.196474,36.129824],[-88.136905,36.209537],[-88.135824,36.218678],[-88.102163,36.231918],[-88.10046,36.254369],[-88.083157,36.256724],[-88.095868,36.359265],[-87.99092,36.360133],[-87.98074,36.353307],[-87.944295,36.264177],[-87.949603,36.24316],[-87.919043,36.130049],[-88.02239,35.965818],[-87.925835,35.930432],[-87.96274,35.840921],[-87.970738,35.815705],[-88.051772,35.849975],[-88.177859,35.845841],[-88.217436,35.846582],[-88.214442,35.982752]]]}},{"type":"Feature","properties":{"fips":"13299","name":"Ware","state":"GA"},"geometry":{"type":"Polygon","coordinates":[[[-82.699206,31.278104],[-82.629622,31.274726],[-82.628975,31.36393],[-82.628181,31.469351],[-82.597509,31.469293],[-82.494718,31.46869],[-82.48146,31.417534],[-82.417246,31.417119],[-82.383705,31.291143],[-82.31504,31.225958],[-82.284561,31.224449],[-82.208732,31.170938],[-82.208262,31.084768],[-82.131698,31.010714],[-82.415603,31.01359],[-82.420442,30.795229],[-82.149872,30.784336],[-82.218607,30.564395],[-82.4189841121785,30.5809166697315],[-82.435852,30.820068],[-82.495476,30.819553],[-82.490558,30.963166],[-82.592071,31.018487],[-82.671669,31.183739],[-82.699206,31.278104]]]}},{"type":"Feature","properties":{"fips":"28113","name":"Pike","state":"MS"},"geometry":{"type":"Polygon","coordinates":[[[-90.548199,31.349574],[-90.260391,31.350274],[-90.2595549404913,31.0006617812291],[-90.346007,31.000363],[-90.3473046214524,31.0003605479089],[-90.5475744252331,30.9999821017916],[-90.548199,31.349574]]]}},{"type":"Feature","properties":{"fips":"28021","name":"Claiborne","state":"MS"},"geometry":{"type":"Polygon","coordinates":[[[-91.234899,31.876863],[-91.18111,31.920059],[-91.17741,31.973257],[-91.117409,31.987057],[-91.080808,32.023456],[-91.079108,32.050255],[-91.034707,32.101053],[-91.039472318907,32.1079681426653],[-90.942925,32.078337],[-90.90774,32.131888],[-90.77482,32.153993],[-90.728622,32.225119],[-90.718297,32.048352],[-90.716785,31.844583],[-90.736282,31.786134],[-90.852657,31.785422],[-90.842,31.826498],[-91.013676,31.861852],[-91.2440151613247,31.8697324375039],[-91.234899,31.876863]]]}},{"type":"Feature","properties":{"fips":"48087","name":"Collingsworth","state":"TX"},"geometry":{"type":"Polygon","coordinates":[[[-100.538978,35.183144],[-100.000385,35.182702],[-100.000384017848,35.0299299999999],[-100.000382194816,34.7463605525616],[-100.415895,34.747525],[-100.540703,34.747723],[-100.538978,35.183144]]]}},{"type":"Feature","properties":{"fips":"48133","name":"Eastland","state":"TX"},"geometry":{"type":"Polygon","coordinates":[[[-99.114293,32.514811],[-99.09605,32.514768],[-98.576256,32.515163],[-98.475177,32.513039],[-98.474685,32.299084],[-98.551158,32.261436],[-98.924401,32.078018],[-99.118665,32.079585],[-99.114293,32.514811]]]}},{"type":"Feature","properties":{"fips":"48095","name":"Concho","state":"TX"},"geometry":{"type":"Polygon","coordinates":[[[-100.111234,31.580267],[-99.721698,31.576759],[-99.62492,31.467442],[-99.60185,31.49195],[-99.603223,31.087296],[-100.115216,31.087994],[-100.111234,31.580267]]]}},{"type":"Feature","properties":{"fips":"48105","name":"Crockett","state":"TX"},"geometry":{"type":"Polygon","coordinates":[[[-102.301212,31.086212],[-101.776191,31.079784],[-101.274799,31.079379],[-100.962176,31.08249],[-100.960587,30.706071],[-100.960643,30.287776],[-101.7584,30.288044],[-101.65853,30.357861],[-101.740429,30.420897],[-101.646245,30.560763],[-101.652446,30.620471],[-101.76842,30.653077],[-101.80742,30.699504],[-101.883436,30.925647],[-101.98364,30.98717],[-102.191731,31.003788],[-102.202032,31.031026],[-102.292681,31.036677],[-102.388804,31.087156],[-102.301212,31.086212]]]}},{"type":"Feature","properties":{"fips":"05015","name":"Carroll","state":"AR"},"geometry":{"type":"Polygon","coordinates":[[[-93.8666892118508,36.4988662760355],[-93.700171,36.499135],[-93.5842625342512,36.4989016403491],[-93.426989,36.498585],[-93.3153233371857,36.4983127171069],[-93.2930675065906,36.4982584490195],[-93.3023,36.482437],[-93.30082,36.12155],[-93.479521,36.125054],[-93.551135,36.126271],[-93.620058,36.201248],[-93.657512,36.303016],[-93.815078,36.306551],[-93.890128,36.377899],[-93.8666892118508,36.4988662760355]]]}},{"type":"Feature","properties":{"fips":"05033","name":"Crawford","state":"AR"},"geometry":{"type":"Polygon","coordinates":[[[-94.4930532906959,35.7592465106763],[-94.124927,35.750327],[-93.963054,35.761005],[-93.910836,35.759752],[-93.984235,35.660659],[-94.073958,35.662463],[-94.076203,35.575616],[-94.022876,35.57428],[-94.074437,35.444997],[-94.157521,35.441146],[-94.131943,35.388498],[-94.274985,35.343693],[-94.341715,35.370144],[-94.38637,35.448805],[-94.4348090628047,35.3926242553894],[-94.449696,35.496719],[-94.4731193906467,35.6385471525294],[-94.4930532906959,35.7592465106763]]]}},{"type":"Feature","properties":{"fips":"48159","name":"Franklin","state":"TX"},"geometry":{"type":"Polygon","coordinates":[[[-95.308593,33.37719],[-95.30664,33.378027],[-95.153438,33.380764],[-95.125451,33.389454],[-95.12613,33.034581],[-95.152206,33.01345],[-95.172956,32.96194],[-95.308957,32.962572],[-95.308593,33.37719]]]}},{"type":"Feature","properties":{"fips":"48343","name":"Morris","state":"TX"},"geometry":{"type":"Polygon","coordinates":[[[-94.808783,33.363636],[-94.781693,33.318905],[-94.746925,33.328938],[-94.691826,33.312405],[-94.65226,33.268861],[-94.653994,32.879506],[-94.705878,32.879177],[-94.719942,32.904502],[-94.768855,32.925834],[-94.819828,32.982886],[-94.808783,33.363636]]]}},{"type":"Feature","properties":{"fips":"48231","name":"Hunt","state":"TX"},"geometry":{"type":"Polygon","coordinates":[[[-96.297172,32.897961],[-96.297227,32.981752],[-96.295413,33.351936],[-95.858723,33.40953],[-95.861778,33.21933],[-95.862521,32.979571],[-95.9453,32.979877],[-95.968411,32.913556],[-95.986709,32.873407],[-95.934433,32.837217],[-96.076801,32.838489],[-96.297322,32.841723],[-96.297172,32.897961]]]}},{"type":"Feature","properties":{"fips":"37173","name":"Swain","state":"NC"},"geometry":{"type":"Polygon","coordinates":[[[-83.916801,35.473612],[-83.848502,35.519259],[-83.771736,35.562118],[-83.6629119015893,35.5677997932083],[-83.653159,35.568309],[-83.587827,35.566963],[-83.498335,35.562981],[-83.452431,35.602918],[-83.421576,35.611186],[-83.347262,35.660474],[-83.297154,35.65775],[-83.26474416829,35.7030894961701],[-83.181977,35.671327],[-83.155835,35.552622],[-83.186322,35.514368],[-83.236073,35.524564],[-83.351726,35.468092],[-83.339609,35.330993],[-83.432454,35.325183],[-83.495347,35.299633],[-83.680264,35.279387],[-83.585756,35.434832],[-83.9532313801504,35.4600208895767],[-83.916801,35.473612]]]}},{"type":"Feature","properties":{"fips":"51167","name":"Russell","state":"VA"},"geometry":{"type":"Polygon","coordinates":[[[-82.406633,36.876356],[-82.298596,36.905761],[-82.32783,36.970982],[-82.284965,36.998429],[-82.149375,37.041641],[-82.045338,37.046669],[-82.007716,37.119871],[-81.900892,37.142553],[-81.891041,37.113128],[-81.780545,36.958629],[-81.837096,36.929039],[-81.94595,36.864607],[-82.077689,36.855114],[-82.103853,36.798167],[-82.332078,36.708969],[-82.356356,36.779852],[-82.406633,36.876356]]]}},{"type":"Feature","properties":{"fips":"28039","name":"George","state":"MS"},"geometry":{"type":"Polygon","coordinates":[[[-88.885038,30.910788],[-88.834475,30.910323],[-88.834339,30.997983],[-88.4260209637871,30.9982813574303],[-88.4150475999783,30.7856042566701],[-88.4124674313592,30.7355974592153],[-88.834081,30.734236],[-88.884534,30.735591],[-88.885038,30.910788]]]}},{"type":"Feature","properties":{"fips":"28041","name":"Greene","state":"MS"},"geometry":{"type":"Polygon","coordinates":[[[-88.841707,31.433703],[-88.4494460690171,31.4358368612776],[-88.44866,31.421277],[-88.432007,31.114298],[-88.4260209637871,30.9982813574303],[-88.834339,30.997983],[-88.84095,31.021654],[-88.841707,31.433703]]]}},{"type":"Feature","properties":{"fips":"48119","name":"Delta","state":"TX"},"geometry":{"type":"Polygon","coordinates":[[[-95.858723,33.40953],[-95.857738,33.461722],[-95.758439,33.495098],[-95.671634,33.472636],[-95.621027,33.48706],[-95.490158,33.453663],[-95.372972,33.39094],[-95.308637,33.380662],[-95.30664,33.378027],[-95.308593,33.37719],[-95.501827,33.347865],[-95.584549,33.359344],[-95.673722,33.302117],[-95.720231,33.299411],[-95.731056,33.305222],[-95.786682,33.253997],[-95.861778,33.21933],[-95.858723,33.40953]]]}},{"type":"Feature","properties":{"fips":"51191","name":"Washington","state":"VA"},"geometry":{"type":"Polygon","coordinates":[[[-82.332078,36.708969],[-82.103853,36.798167],[-82.077689,36.855114],[-81.94595,36.864607],[-81.837096,36.929039],[-81.699561,36.789316],[-81.625477,36.646311],[-81.605865,36.638079],[-81.6469,36.611918],[-81.8267341480526,36.6147191041614],[-81.922644,36.616213],[-81.934144,36.594213],[-82.1455732705145,36.5945603308341],[-82.105678,36.629731],[-82.10299,36.646397],[-82.131474,36.677236],[-82.114325,36.638403],[-82.179632,36.626798],[-82.2433850052002,36.5948761876654],[-82.2941364201291,36.5950730329585],[-82.307831,36.619682],[-82.332078,36.708969]]]}},{"type":"Feature","properties":{"fips":"01011","name":"Bullock","state":"AL"},"geometry":{"type":"Polygon","coordinates":[[[-85.986557,32.272342],[-85.919293,32.274382],[-85.898844,32.305171],[-85.856218,32.231975],[-85.433543,32.234648],[-85.427441,32.146551],[-85.410241,32.146651],[-85.428476,32.014951],[-85.587344,31.997355],[-85.657668,31.880275],[-85.791047,31.880357],[-85.790048,31.967254],[-85.88435,31.967253],[-85.893652,32.047351],[-85.946298,32.06189],[-85.996853,32.051049],[-85.986557,32.272342]]]}},{"type":"Feature","properties":{"fips":"05059","name":"Hot Spring","state":"AR"},"geometry":{"type":"Polygon","coordinates":[[[-93.407203,34.397447],[-92.948085,34.389172],[-92.915064,34.506132],[-92.793189,34.503573],[-92.685066,34.473102],[-92.668654,34.414504],[-92.678382,34.149645],[-92.886136,34.155699],[-93.03831,34.155097],[-93.034967,34.236605],[-93.199498,34.248062],[-93.356877,34.280308],[-93.40818,34.339467],[-93.407203,34.397447]]]}},{"type":"Feature","properties":{"fips":"48193","name":"Hamilton","state":"TX"},"geometry":{"type":"Polygon","coordinates":[[[-98.463736,31.683989],[-98.156568,31.841713],[-98.208386,31.917511],[-98.005462,32.017897],[-97.766431,31.672461],[-98.180006,31.463717],[-98.27107,31.416398],[-98.463736,31.683989]]]}},{"type":"Feature","properties":{"fips":"37059","name":"Davie","state":"NC"},"geometry":{"type":"Polygon","coordinates":[[[-80.693197,36.05126],[-80.496283,36.046545],[-80.453148,36.043865],[-80.420701,35.986782],[-80.394307,35.972762],[-80.370009,35.885747],[-80.398823,35.841347],[-80.487586,35.83291],[-80.458923,35.742758],[-80.483362,35.776311],[-80.691794,35.863497],[-80.707824,35.852961],[-80.693197,36.05126]]]}},{"type":"Feature","properties":{"fips":"48313","name":"Madison","state":"TX"},"geometry":{"type":"Polygon","coordinates":[[[-96.24102,30.973737],[-95.975218,31.091967],[-95.76441,31.094211],[-95.656487,31.079339],[-95.681158,30.986958],[-95.617872,30.930418],[-95.616233,30.910196],[-95.716508,30.911405],[-95.863059,30.864125],[-96.16837,30.822997],[-96.207477,30.947081],[-96.24102,30.973737]]]}},{"type":"Feature","properties":{"fips":"51113","name":"Madison","state":"VA"},"geometry":{"type":"Polygon","coordinates":[[[-78.442767,38.527775],[-78.338176,38.627312],[-78.231803,38.532539],[-78.095819,38.403907],[-78.094498,38.311242],[-78.231833,38.230529],[-78.288478,38.272312],[-78.348971,38.277413],[-78.429626,38.366704],[-78.452801,38.475527],[-78.442767,38.527775]]]}},{"type":"Feature","properties":{"fips":"51047","name":"Culpeper","state":"VA"},"geometry":{"type":"Polygon","coordinates":[[[-78.175975,38.520792],[-77.935355,38.69584],[-77.877169,38.584891],[-77.735516,38.413116],[-77.63494,38.410218],[-77.618727,38.367835],[-77.645744,38.378107],[-77.702843,38.36084],[-77.770061,38.392992],[-77.782494,38.364465],[-77.908979,38.381503],[-78.039921,38.311566],[-78.094498,38.311242],[-78.095819,38.403907],[-78.231803,38.532539],[-78.175975,38.520792]]]}},{"type":"Feature","properties":{"fips":"51680","name":"Lynchburg","state":"VA"},"geometry":{"type":"Polygon","coordinates":[[[-79.266986,37.447868],[-79.185702,37.46582],[-79.120279,37.398187],[-79.084898,37.394137],[-79.214792,37.332637],[-79.257603,37.35576],[-79.266986,37.447868]]]}},{"type":"Feature","properties":{"fips":"40091","name":"McIntosh","state":"OK"},"geometry":{"type":"Polygon","coordinates":[[[-95.981511,35.28978],[-95.981465,35.376788],[-95.875405,35.37669],[-95.875347,35.463623],[-95.822429,35.463685],[-95.822361,35.551693],[-95.712953,35.551738],[-95.344799,35.551751],[-95.344766,35.293035],[-95.390252,35.327497],[-95.45125,35.296019],[-95.602342,35.220739],[-95.615664,35.249698],[-95.75597,35.177198],[-95.870663,35.185986],[-95.907966,35.143494],[-95.983077,35.151695],[-95.981511,35.28978]]]}},{"type":"Feature","properties":{"fips":"37075","name":"Graham","state":"NC"},"geometry":{"type":"Polygon","coordinates":[[[-84.038081,35.348363],[-84.007586,35.371661],[-84.021782,35.407418],[-83.973171,35.452582],[-83.9589178345639,35.4578994395799],[-83.9532313801504,35.4600208895767],[-83.585756,35.434832],[-83.680264,35.279387],[-83.702652,35.248462],[-83.831429,35.256117],[-83.968728,35.21821],[-84.0291044137725,35.2921237764939],[-84.02351,35.295783],[-84.038081,35.348363]]]}},{"type":"Feature","properties":{"fips":"48155","name":"Foard","state":"TX"},"geometry":{"type":"Polygon","coordinates":[[[-100.047028,34.22978],[-100.037319,34.238778],[-99.997621,34.224355],[-99.772043,34.093286],[-99.65301,34.098971],[-99.5485,34.055774],[-99.475294,34.085618],[-99.47565,33.834005],[-99.474498,33.733849],[-99.554906,33.798556],[-99.700705,33.799963],[-99.835143,33.8358],[-99.996434,33.835967],[-100.04848,33.835974],[-100.047028,34.22978]]]}},{"type":"Feature","properties":{"fips":"37023","name":"Burke","state":"NC"},"geometry":{"type":"Polygon","coordinates":[[[-81.906652,35.883376],[-81.943188,35.96005],[-81.899871,35.999909],[-81.807162,35.961955],[-81.709749,35.875003],[-81.555994,35.777538],[-81.363796,35.767802],[-81.432898,35.677847],[-81.535403,35.568137],[-81.537599,35.564228],[-81.56725,35.558201],[-81.691989,35.580041],[-81.753407,35.613588],[-81.824122,35.574983],[-81.869388,35.719624],[-81.986885,35.807066],[-81.906652,35.883376]]]}},{"type":"Feature","properties":{"fips":"21077","name":"Gallatin","state":"KY"},"geometry":{"type":"Polygon","coordinates":[[[-85.0210522365665,38.7585272930799],[-84.962535,38.778035],[-84.856904,38.790224],[-84.812877,38.786087],[-84.803247,38.850723],[-84.7987011365099,38.8592249335163],[-84.779022,38.859512],[-84.660107,38.777293],[-84.780766,38.765208],[-84.785788,38.720459],[-84.811845,38.702307],[-84.934536,38.66213],[-84.962671,38.679586],[-85.0210522365665,38.7585272930799]]]}},{"type":"Feature","properties":{"fips":"05037","name":"Cross","state":"AR"},"geometry":{"type":"Polygon","coordinates":[[[-91.039633,35.354255],[-91.039251,35.44295],[-90.610796,35.448796],[-90.502392,35.441647],[-90.506526,35.17875],[-90.503031,35.144215],[-91.042566,35.148188],[-91.039633,35.354255]]]}},{"type":"Feature","properties":{"fips":"13021","name":"Bibb","state":"GA"},"geometry":{"type":"Polygon","coordinates":[[[-83.872752,32.859489],[-83.734153,32.951009],[-83.710685,32.952792],[-83.696017,32.91687],[-83.658601,32.887836],[-83.56507,32.877164],[-83.513511,32.844868],[-83.602186,32.741448],[-83.597656,32.664338],[-83.666134,32.674518],[-83.701152,32.692169],[-83.810141,32.729942],[-83.891922,32.848351],[-83.872752,32.859489]]]}},{"type":"Feature","properties":{"fips":"21183","name":"Ohio","state":"KY"},"geometry":{"type":"Polygon","coordinates":[[[-87.099803,37.416042],[-87.135629,37.485153],[-87.03826,37.560803],[-86.94876,37.630548],[-86.817783,37.673679],[-86.823429,37.737754],[-86.638935,37.661877],[-86.640821,37.619186],[-86.59281,37.56436],[-86.66489,37.556649],[-86.612095,37.395123],[-86.759533,37.304099],[-86.815852,37.328859],[-86.899268,37.212313],[-86.98267,37.269632],[-86.985957,37.316566],[-87.07133,37.370298],[-87.136983,37.335524],[-87.099803,37.416042]]]}},{"type":"Feature","properties":{"fips":"37159","name":"Rowan","state":"NC"},"geometry":{"type":"Polygon","coordinates":[[[-80.771582,35.672163],[-80.707824,35.852961],[-80.691794,35.863497],[-80.483362,35.776311],[-80.458923,35.742758],[-80.333789,35.720033],[-80.333317,35.683563],[-80.20899,35.581495],[-80.183264,35.504141],[-80.295421,35.50292],[-80.521818,35.502253],[-80.570602,35.503318],[-80.737249,35.505801],[-80.771582,35.672163]]]}},{"type":"Feature","properties":{"fips":"37067","name":"Forsyth","state":"NC"},"geometry":{"type":"Polygon","coordinates":[[[-80.505532,36.109155],[-80.439104,36.139949],[-80.432241,36.217995],[-80.452656,36.241651],[-80.451925,36.261515],[-80.145349,36.258517],[-80.035119,36.257184],[-80.040049,36.110803],[-80.043238,36.010758],[-80.21373,36.026808],[-80.213842,35.996699],[-80.394307,35.972762],[-80.420701,35.986782],[-80.453148,36.043865],[-80.496283,36.046545],[-80.505532,36.109155]]]}},{"type":"Feature","properties":{"fips":"05079","name":"Lincoln","state":"AR"},"geometry":{"type":"Polygon","coordinates":[[[-91.976439,33.977297],[-91.953677,34.064163],[-91.745092,34.094019],[-91.716144,34.176209],[-91.445074,34.080577],[-91.438148,34.027735],[-91.421985,34.011715],[-91.548668,33.976799],[-91.557656,33.783322],[-91.663738,33.792246],[-91.975866,33.791726],[-91.976439,33.977297]]]}},{"type":"Feature","properties":{"fips":"05099","name":"Nevada","state":"AR"},"geometry":{"type":"Polygon","coordinates":[[[-93.483217,33.476172],[-93.471247,33.825329],[-93.456665,33.95682],[-93.418764,33.948839],[-93.373364,33.957093],[-93.258544,33.828893],[-93.104405,33.777093],[-93.116328,33.452922],[-93.221349,33.440487],[-93.365644,33.444491],[-93.483931,33.447368],[-93.483217,33.476172]]]}},{"type":"Feature","properties":{"fips":"05109","name":"Pike","state":"AR"},"geometry":{"type":"Polygon","coordinates":[[[-93.935435,34.350233],[-93.478485,34.340839],[-93.502208,34.214106],[-93.461694,34.20581],[-93.435069,34.07049],[-93.373364,33.957093],[-93.418764,33.948839],[-93.456665,33.95682],[-93.527784,33.943024],[-93.749844,34.006872],[-93.823076,34.008893],[-93.820722,34.183802],[-93.925834,34.186517],[-93.935435,34.350233]]]}},{"type":"Feature","properties":{"fips":"05117","name":"Prairie","state":"AR"},"geometry":{"type":"Polygon","coordinates":[[[-91.802509,35.030698],[-91.701118,35.062986],[-91.608725,35.020682],[-91.584005,35.091584],[-91.465269,35.089457],[-91.478864,35.059535],[-91.363751,35.051884],[-91.368658,34.912665],[-91.374795,34.665989],[-91.446983,34.667531],[-91.447888,34.609135],[-91.37782,34.56348],[-91.594429,34.56805],[-91.595583,34.480527],[-91.67822,34.481913],[-91.632992,34.552576],[-91.638682,34.624127],[-91.700773,34.672018],[-91.693705,34.919605],[-91.803703,34.921524],[-91.802509,35.030698]]]}},{"type":"Feature","properties":{"fips":"01025","name":"Clarke","state":"AL"},"geometry":{"type":"Polygon","coordinates":[[[-88.121414,31.950256],[-88.07349,31.990182],[-87.667769,31.991355],[-87.666836,31.875747],[-87.620112,31.827123],[-87.551529,31.827737],[-87.50093,31.829251],[-87.516131,31.697824],[-87.566823,31.695476],[-87.566402,31.658044],[-87.565413,31.553573],[-87.619844,31.519049],[-87.573733,31.435088],[-87.665572,31.423166],[-87.784796,31.324672],[-87.765152,31.297346],[-87.803517,31.319007],[-87.785775,31.282944],[-87.913637,31.187356],[-87.946588,31.19293],[-87.959619,31.316206],[-87.908068,31.323041],[-87.88729,31.392197],[-87.935106,31.442398],[-87.936534,31.521947],[-88.031277,31.560494],[-88.072234,31.5945],[-88.088288,31.699303],[-88.180384,31.814546],[-88.121414,31.950256]]]}},{"type":"Feature","properties":{"fips":"01065","name":"Hale","state":"AL"},"geometry":{"type":"Polygon","coordinates":[[[-87.813178,32.810176],[-87.831749,32.840505],[-87.804218,32.897523],[-87.729941,32.949258],[-87.715709,33.006824],[-87.421936,33.003379],[-87.4212,32.874508],[-87.472174,32.83062],[-87.473915,32.655867],[-87.525198,32.655713],[-87.524485,32.482028],[-87.728744,32.480918],[-87.728521,32.524532],[-87.812559,32.52456],[-87.787701,32.582289],[-87.736928,32.589689],[-87.813401,32.633875],[-87.808284,32.752372],[-87.870464,32.762442],[-87.813178,32.810176]]]}},{"type":"Feature","properties":{"fips":"01075","name":"Lamar","state":"AL"},"geometry":{"type":"Polygon","coordinates":[[[-88.254445,33.698779],[-88.2483874739095,33.7449075948817],[-88.207229,34.058333],[-87.98693,34.052102],[-87.951929,34.022202],[-87.951785,33.91993],[-87.946519,33.524065],[-88.2745163342439,33.534002598714],[-88.254445,33.698779]]]}},{"type":"Feature","properties":{"fips":"54013","name":"Calhoun","state":"WV"},"geometry":{"type":"Polygon","coordinates":[[[-81.27269,38.936338],[-81.162455,39.030608],[-81.136467,39.045111],[-81.033632,39.009584],[-81.002777,38.846025],[-81.051909,38.779996],[-80.98495,38.717898],[-81.031677,38.667839],[-81.08371,38.611982],[-81.158582,38.644037],[-81.171819,38.739805],[-81.278412,38.914867],[-81.27269,38.936338]]]}},{"type":"Feature","properties":{"fips":"51027","name":"Buchanan","state":"VA"},"geometry":{"type":"Polygon","coordinates":[[[-82.309415,37.300066],[-82.201745,37.375108],[-81.968297,37.537798],[-81.932279,37.511961],[-81.984891,37.454315],[-81.93695,37.41992],[-81.933601,37.389217],[-81.896001,37.331967],[-81.849949,37.285227],[-81.774747,37.274847],[-81.744003,37.242528],[-81.7390550304855,37.2394971038728],[-81.761894,37.201927],[-81.900892,37.142553],[-82.007716,37.119871],[-82.045338,37.046669],[-82.149375,37.041641],[-82.157889,37.110572],[-82.293007,37.305996],[-82.3143704529296,37.2963062518554],[-82.309415,37.300066]]]}},{"type":"Feature","properties":{"fips":"54065","name":"Morgan","state":"WV"},"geometry":{"type":"Polygon","coordinates":[[[-78.460951,39.525987],[-78.438179,39.563524],[-78.382959,39.622246],[-78.3327880214991,39.6285275964988],[-78.313033,39.631001],[-78.225075,39.658878],[-78.08226,39.671166],[-78.0276291001732,39.6206559623441],[-78.138937,39.593796],[-78.2291295342185,39.3906638872041],[-78.347087,39.466012],[-78.450004,39.50674],[-78.4682695950029,39.5262242704717],[-78.460951,39.525987]]]}},{"type":"Feature","properties":{"fips":"51185","name":"Tazewell","state":"VA"},"geometry":{"type":"Polygon","coordinates":[[[-81.900892,37.142553],[-81.761894,37.201927],[-81.7390550304855,37.2394971038728],[-81.678603,37.202467],[-81.560625,37.206663],[-81.53307,37.223414],[-81.483559,37.250604],[-81.427946,37.271015],[-81.362156,37.337687],[-81.225104,37.234874],[-81.32814,37.138949],[-81.270674,37.092413],[-81.43673,37.010135],[-81.474539,37.018476],[-81.682786,36.932934],[-81.780545,36.958629],[-81.891041,37.113128],[-81.900892,37.142553]]]}},{"type":"Feature","properties":{"fips":"37191","name":"Wayne","state":"NC"},"geometry":{"type":"Polygon","coordinates":[[[-78.30658,35.287604],[-78.153243,35.350671],[-78.15491,35.41781],[-78.064784,35.585263],[-78.048572,35.595877],[-77.822511,35.585383],[-77.826744,35.42409],[-77.806248,35.368754],[-77.818655,35.35635],[-77.834249,35.177846],[-77.892199,35.146315],[-78.044451,35.192535],[-78.16342,35.189716],[-78.173532,35.207348],[-78.246217,35.225996],[-78.30658,35.287604]]]}},{"type":"Feature","properties":{"fips":"37071","name":"Gaston","state":"NC"},"geometry":{"type":"Polygon","coordinates":[[[-81.4556,35.419811],[-80.95486,35.400078],[-80.922998,35.360241],[-80.972597,35.350338],[-81.01505,35.268655],[-81.005806,35.157023],[-81.0423024501386,35.1467686494682],[-81.04287,35.149248],[-81.3280909892918,35.1622859155574],[-81.321729,35.260449],[-81.356682,35.330604],[-81.4556,35.419811]]]}},{"type":"Feature","properties":{"fips":"47111","name":"Macon","state":"TN"},"geometry":{"type":"Polygon","coordinates":[[[-86.218902,36.500056],[-86.205565269856,36.6392468703288],[-86.081944,36.633848],[-85.975713174144,36.6286377186817],[-85.873857,36.623642],[-85.7885565436139,36.6217118590347],[-85.797033,36.610272],[-85.813885,36.499473],[-85.828026,36.411836],[-85.895719,36.420556],[-85.978893,36.426073],[-86.168261,36.444293],[-86.228434,36.487472],[-86.218902,36.500056]]]}},{"type":"Feature","properties":{"fips":"48321","name":"Matagorda","state":"TX"},"geometry":{"type":"Polygon","coordinates":[[[-96.3785331592868,28.3898650304879],[-96.322731,28.642944],[-96.323522,28.675597],[-96.309178,28.963291],[-95.965196,29.146865],[-95.874028,29.229702],[-95.84631,29.107799],[-95.770446,29.06621],[-95.769393,28.971109],[-95.67955,28.965734],[-95.567708,28.829758],[-95.507037396917,28.8247355121921],[-95.588801,28.783169],[-95.684089,28.734041],[-95.812504,28.664942],[-96.000682,28.588238],[-96.194412,28.502224],[-96.328817,28.423659],[-96.3785331592868,28.3898650304879]]]}},{"type":"Feature","properties":{"fips":"01009","name":"Blount","state":"AL"},"geometry":{"type":"Polygon","coordinates":[[[-86.963358,33.858221],[-86.924387,33.909222],[-86.793914,33.952059],[-86.685365,34.05914],[-86.704244,34.081497],[-86.601147,34.11904],[-86.514881,34.25437],[-86.45302,34.259317],[-86.409017,34.205002],[-86.303516,34.099073],[-86.370152,33.93977],[-86.325622,33.940147],[-86.348077,33.881],[-86.405981,33.835896],[-86.577528,33.801977],[-86.577799,33.765316],[-86.64529,33.773012],[-86.759212,33.840592],[-86.883947,33.843237],[-86.953664,33.815297],[-86.963358,33.858221]]]}},{"type":"Feature","properties":{"fips":"28009","name":"Benton","state":"MS"},"geometry":{"type":"Polygon","coordinates":[[[-89.3526793918484,34.9939961417459],[-89.198287901495,34.9944505301151],[-89.02654,34.994956],[-89.0171270115524,34.9949676128363],[-89.017551,34.858723],[-89.088065,34.815307],[-89.088488,34.598247],[-89.22228,34.597629],[-89.245645,34.583234],[-89.298334,34.582926],[-89.299227,34.844415],[-89.352705,34.844432],[-89.3526793918484,34.9939961417459]]]}},{"type":"Feature","properties":{"fips":"22001","name":"Acadia","state":"LA"},"geometry":{"type":"Polygon","coordinates":[[[-92.632025,30.481182],[-92.493259,30.480499],[-92.244795,30.480193],[-92.176444,30.436852],[-92.142184,30.298817],[-92.247873,30.211337],[-92.284675,30.147443],[-92.423166,30.04932],[-92.534638,30.107852],[-92.625484,30.09233],[-92.591129,30.182365],[-92.630975,30.374585],[-92.594586,30.420339],[-92.632025,30.481182]]]}},{"type":"Feature","properties":{"fips":"37045","name":"Cleveland","state":"NC"},"geometry":{"type":"Polygon","coordinates":[[[-81.702853,35.357304],[-81.691989,35.580041],[-81.56725,35.558201],[-81.537599,35.564228],[-81.515215,35.558039],[-81.4556,35.419811],[-81.356682,35.330604],[-81.321729,35.260449],[-81.3280909892918,35.1622859155574],[-81.3676041320777,35.1640921256134],[-81.494265,35.169882],[-81.7681344077739,35.1797077063839],[-81.702853,35.357304]]]}},{"type":"Feature","properties":{"fips":"54085","name":"Ritchie","state":"WV"},"geometry":{"type":"Polygon","coordinates":[[[-81.259324,39.267131],[-81.239477,39.268328],[-81.221335,39.307975],[-81.007836,39.350923],[-80.904438,39.378121],[-80.888744,39.294298],[-80.91384,39.272947],[-80.81297,39.109401],[-81.002631,39.009585],[-81.033632,39.009584],[-81.136467,39.045111],[-81.162455,39.030608],[-81.250252,39.035074],[-81.298017,39.185572],[-81.259324,39.267131]]]}},{"type":"Feature","properties":{"fips":"54095","name":"Tyler","state":"WV"},"geometry":{"type":"Polygon","coordinates":[[[-81.07595,39.50966],[-81.0373650419871,39.5380557124726],[-80.943782,39.606926],[-80.846393,39.601091],[-80.73407,39.491553],[-80.618629,39.450375],[-80.713324,39.43025],[-80.888744,39.294298],[-80.904438,39.378121],[-81.007836,39.350923],[-81.029932,39.467745],[-81.1212738561078,39.4576974138893],[-81.07595,39.50966]]]}},{"type":"Feature","properties":{"fips":"54041","name":"Lewis","state":"WV"},"geometry":{"type":"Polygon","coordinates":[[[-80.728326,39.095679],[-80.700642,39.090497],[-80.596126,39.167069],[-80.536294,39.147528],[-80.300209,39.103857],[-80.317486,38.958647],[-80.386989,38.874808],[-80.409541,38.768327],[-80.393063,38.727571],[-80.457332,38.739169],[-80.47381,38.833229],[-80.58349,38.858871],[-80.605799,38.904167],[-80.716815,39.00843],[-80.728326,39.095679]]]}},{"type":"Feature","properties":{"fips":"48323","name":"Maverick","state":"TX"},"geometry":{"type":"Polygon","coordinates":[[[-100.671215189194,29.0835160253445],[-100.111406,29.086318],[-100.114336,28.648122],[-100.113719,28.197819],[-100.197510055501,28.1970007311399],[-100.267604,28.250269],[-100.287554,28.301093],[-100.320393,28.362117],[-100.337059,28.427151],[-100.368288,28.477196],[-100.38886,28.515748],[-100.39727,28.575637],[-100.448648,28.616774],[-100.500354,28.66196],[-100.506701,28.716745],[-100.533017,28.76328],[-100.53583,28.805888],[-100.576846,28.836168],[-100.627206,28.903734],[-100.646993,28.957079],[-100.660208,29.031497],[-100.671215189194,29.0835160253445]]]}},{"type":"Feature","properties":{"fips":"47119","name":"Maury","state":"TN"},"geometry":{"type":"Polygon","coordinates":[[[-87.339232,35.65911],[-87.25561,35.700516],[-87.215099,35.850651],[-87.003959,35.779028],[-86.962471,35.782883],[-86.929251,35.77816],[-86.935719,35.760659],[-86.782016,35.706595],[-86.849573,35.525515],[-86.960804,35.417021],[-87.129112,35.456019],[-87.206578,35.433207],[-87.227932,35.429332],[-87.294534,35.444676],[-87.269432,35.505851],[-87.352305,35.584621],[-87.339232,35.65911]]]}},{"type":"Feature","properties":{"fips":"47137","name":"Pickett","state":"TN"},"geometry":{"type":"Polygon","coordinates":[[[-85.284878,36.531293],[-85.267057,36.573238],[-85.2762879474994,36.6261575408034],[-85.096128,36.622483],[-84.9748684358374,36.6145833593172],[-84.943948,36.612569],[-84.7853999785503,36.6033754199356],[-84.731839,36.524674],[-84.943144,36.58127],[-85.043924,36.558791],[-85.120445,36.407164],[-85.268647,36.539891],[-85.284878,36.531293]]]}},{"type":"Feature","properties":{"fips":"48439","name":"Tarrant","state":"TX"},"geometry":{"type":"Polygon","coordinates":[[[-97.548201,32.776114],[-97.544181,32.994177],[-97.398459,32.991732],[-97.327762,32.991418],[-97.299329,32.991282],[-97.031007,32.989691],[-97.033862,32.836508],[-97.034233,32.816662],[-97.034934,32.779929],[-97.035171,32.759693],[-97.035522,32.739451],[-97.035996,32.711097],[-97.036295,32.693227],[-97.038685,32.548666],[-97.052717,32.54884],[-97.087055,32.549296],[-97.17704,32.550646],[-97.232799,32.551484],[-97.364575,32.553417],[-97.550582,32.555391],[-97.548201,32.776114]]]}},{"type":"Feature","properties":{"fips":"37125","name":"Moore","state":"NC"},"geometry":{"type":"Polygon","coordinates":[[[-79.767957,35.511484],[-79.555804,35.515039],[-79.350073,35.518002],[-79.359765,35.469675],[-79.273565,35.353369],[-79.183556,35.307161],[-79.223021,35.268133],[-79.095808,35.192068],[-79.097551,35.174233],[-79.246383,35.212964],[-79.335477,35.161588],[-79.458751,35.043639],[-79.575931,35.069904],[-79.614304,35.163679],[-79.70268,35.255907],[-79.767957,35.511484]]]}},{"type":"Feature","properties":{"fips":"48417","name":"Shackelford","state":"TX"},"geometry":{"type":"Polygon","coordinates":[[[-99.612001,32.956962],[-99.471258,32.957025],[-99.096016,32.957037],[-99.09605,32.514768],[-99.114293,32.514811],[-99.397054,32.51511],[-99.612026,32.514654],[-99.612001,32.956962]]]}},{"type":"Feature","properties":{"fips":"10005","name":"Sussex","state":"DE"},"geometry":{"type":"Polygon","coordinates":[[[-75.7231026933327,38.8298265565277],[-75.555013,38.835649],[-75.484125,38.904448],[-75.410463,38.916418],[-75.380649,38.961873],[-75.3066521095097,38.9476601633284],[-75.302552,38.939002],[-75.304078,38.91316],[-75.232029,38.844254],[-75.159022,38.790193],[-75.113331,38.782998],[-75.089473,38.797198],[-75.071805,38.696497],[-75.053973,38.536273],[-75.048939,38.451263],[-75.185455,38.451012],[-75.3412873203482,38.4524365259555],[-75.479283,38.453698],[-75.693721,38.460128],[-75.700382,38.542743],[-75.701777515245,38.5607669290786],[-75.707551,38.635335],[-75.707555026429,38.6353853550599],[-75.7231026933327,38.8298265565277]]]}},{"type":"Feature","properties":{"fips":"22105","name":"Tangipahoa","state":"LA"},"geometry":{"type":"Polygon","coordinates":[[[-90.5671954006585,30.9999450243999],[-90.5475744252331,30.9999821017916],[-90.3473046214524,31.0003605479089],[-90.346806,30.905628],[-90.317005,30.89116],[-90.255749,30.712444],[-90.243172,30.596015],[-90.244305,30.503592],[-90.243649,30.361581],[-90.160636,30.234337],[-90.320464,30.298985],[-90.485826,30.276992],[-90.473999,30.346635],[-90.558229,30.478919],[-90.566906,30.48706],[-90.567126,30.650015],[-90.5671954006585,30.9999450243999]]]}},{"type":"Feature","properties":{"fips":"05103","name":"Ouachita","state":"AR"},"geometry":{"type":"Polygon","coordinates":[[[-93.116328,33.452922],[-93.104405,33.777093],[-93.031537,33.769801],[-92.917878,33.82164],[-92.893216,33.810069],[-92.583027,33.802299],[-92.585323,33.73646],[-92.647872,33.663845],[-92.723586,33.651901],[-92.717891,33.552127],[-92.776721,33.539257],[-92.765191,33.492189],[-92.716464,33.482873],[-92.70464,33.430839],[-92.654717,33.435103],[-92.567156,33.3672],[-92.66084,33.355985],[-92.978483,33.377142],[-93.118951,33.380298],[-93.116328,33.452922]]]}},{"type":"Feature","properties":{"fips":"12041","name":"Gilchrist","state":"FL"},"geometry":{"type":"Polygon","coordinates":[[[-82.949707,29.754409],[-82.920608,29.824143],[-82.893371,29.826839],[-82.879802,29.886847],[-82.863266,29.91105],[-82.800477,29.932126],[-82.770379,29.928109],[-82.768445,29.897007],[-82.658554,29.830144],[-82.656301,29.564811],[-82.756458,29.562467],[-82.77291,29.584879],[-82.856518,29.584243],[-82.937329,29.591196],[-82.954879,29.585605],[-82.949707,29.754409]]]}},{"type":"Feature","properties":{"fips":"13027","name":"Brooks","state":"GA"},"geometry":{"type":"Polygon","coordinates":[[[-83.736158,31.037679],[-83.573959,31.033875],[-83.574857,31.078135],[-83.551628,31.054329],[-83.475617,31.031964],[-83.441549,30.914347],[-83.346405,30.853543],[-83.449293,30.817957],[-83.482461,30.756931],[-83.3577163136281,30.6371378731342],[-83.499951,30.645663],[-83.6117040588264,30.6515600937086],[-83.743729,30.6585269137505],[-83.736158,31.037679]]]}},{"type":"Feature","properties":{"fips":"54093","name":"Tucker","state":"WV"},"geometry":{"type":"Polygon","coordinates":[[[-79.838093,39.131002],[-79.809729,39.230526],[-79.687283,39.271398],[-79.487175,39.194906],[-79.306461,39.209203],[-79.355468,39.086508],[-79.298164,39.07321],[-79.357666,38.964509],[-79.508765,38.975173],[-79.785685,39.037404],[-79.825092,39.115803],[-79.838093,39.131002]]]}},{"type":"Feature","properties":{"fips":"48435","name":"Sutton","state":"TX"},"geometry":{"type":"Polygon","coordinates":[[[-100.960587,30.706071],[-100.116234,30.710366],[-100.116461,30.290296],[-100.700393,30.288276],[-100.960643,30.287776],[-100.960587,30.706071]]]}},{"type":"Feature","properties":{"fips":"37035","name":"Catawba","state":"NC"},"geometry":{"type":"Polygon","coordinates":[[[-81.432898,35.677847],[-81.363796,35.767802],[-81.334272,35.796281],[-81.143053,35.827887],[-81.109507,35.776594],[-81.065089,35.714942],[-80.994445,35.70211],[-80.925213,35.620258],[-80.960025,35.54702],[-81.535403,35.568137],[-81.432898,35.677847]]]}},{"type":"Feature","properties":{"fips":"21023","name":"Bracken","state":"KY"},"geometry":{"type":"Polygon","coordinates":[[[-84.212904,38.805707],[-84.135088,38.789485],[-84.0526095475065,38.7716067284387],[-84.051642,38.771397],[-83.978814,38.787104],[-83.928454,38.774583],[-83.9043750861048,38.7672838752678],[-83.991605,38.593701],[-84.083746,38.608594],[-84.162031,38.554125],[-84.215625,38.554976],[-84.205346,38.582039],[-84.195573,38.590435],[-84.226155212983,38.8297636689604],[-84.212904,38.805707]]]}},{"type":"Feature","properties":{"fips":"40093","name":"Major","state":"OK"},"geometry":{"type":"Polygon","coordinates":[[[-98.960334,36.506914],[-98.843702,36.506315],[-98.80782,36.460744],[-98.625361,36.392595],[-98.533658,36.397866],[-98.533617,36.46323],[-98.104427,36.463105],[-98.103904,36.164877],[-98.210405,36.164889],[-98.636899,36.164894],[-98.955849,36.161577],[-98.960334,36.506914]]]}},{"type":"Feature","properties":{"fips":"21007","name":"Ballard","state":"KY"},"geometry":{"type":"Polygon","coordinates":[[[-89.168087,37.074218],[-89.099047,37.140967],[-89.058036,37.188767],[-89.000968,37.224401],[-88.9335100599741,37.2275116098343],[-88.815952,36.9541],[-89.080505,36.915544],[-89.1031354483266,36.9447609003223],[-89.098843,36.95785],[-89.132915,36.982057],[-89.128899,37.017908],[-89.1666202120197,37.0721103437999],[-89.168087,37.074218]]]}},{"type":"Feature","properties":{"fips":"13151","name":"Henry","state":"GA"},"geometry":{"type":"Polygon","coordinates":[[[-84.353584,33.436165],[-84.29468,33.435715],[-84.292591,33.549145],[-84.243858,33.598618],[-84.281654,33.647307],[-84.245453,33.63073],[-84.187442,33.646173],[-84.184143,33.646157],[-84.124585,33.561133],[-84.097471,33.560009],[-84.04972,33.541081],[-84.044493,33.525776],[-84.054431,33.514992],[-83.949478,33.485782],[-83.923913,33.444194],[-83.964374,33.375154],[-84.102582,33.298191],[-84.150581,33.335639],[-84.243903,33.335806],[-84.249164,33.352539],[-84.3544,33.352514],[-84.353584,33.436165]]]}},{"type":"Feature","properties":{"fips":"28085","name":"Lincoln","state":"MS"},"geometry":{"type":"Polygon","coordinates":[[[-90.736824,31.698491],[-90.414198,31.700456],[-90.379409,31.685194],[-90.245191,31.717524],[-90.24389,31.350274],[-90.260391,31.350274],[-90.548199,31.349574],[-90.633302,31.349306],[-90.633231,31.611409],[-90.73733,31.611124],[-90.736824,31.698491]]]}},{"type":"Feature","properties":{"fips":"48365","name":"Panola","state":"TX"},"geometry":{"type":"Polygon","coordinates":[[[-94.5805,32.201363],[-94.530714,32.271842],[-94.491818,32.394137],[-94.385839,32.3672],[-94.350303,32.326614],[-94.0427882328053,32.3922831932812],[-94.042739,32.363559],[-94.0426959391654,32.1960649748209],[-94.042681,32.137956],[-94.041833,31.992402],[-94.029428406596,31.979686964168],[-94.511431,31.973984],[-94.599978,31.973193],[-94.5805,32.201363]]]}},{"type":"Feature","properties":{"fips":"48293","name":"Limestone","state":"TX"},"geometry":{"type":"Polygon","coordinates":[[[-96.932215,31.708887],[-96.719114,31.814887],[-96.496713,31.796191],[-96.478349,31.769537],[-96.236629,31.413392],[-96.322853,31.374067],[-96.319165,31.357129],[-96.596862,31.2209],[-96.801123,31.522269],[-96.932215,31.708887]]]}},{"type":"Feature","properties":{"fips":"48057","name":"Calhoun","state":"TX"},"geometry":{"type":"Polygon","coordinates":[[[-96.930367,28.586728],[-96.853757,28.635199],[-96.722814,28.669759],[-96.665707,28.705705],[-96.659864,28.701671],[-96.643442,28.712105],[-96.428394,28.703523],[-96.39954,28.730231],[-96.404445,28.674409],[-96.323522,28.675597],[-96.322731,28.642944],[-96.3785331592868,28.3898650304879],[-96.390376,28.381815],[-96.442849,28.317666],[-96.63201,28.222821],[-96.719627,28.164594],[-96.792158,28.110497],[-96.8520706227301,28.0598208616046],[-96.830861,28.108],[-96.790512,28.319238],[-96.764325,28.426242],[-96.813494,28.430261],[-96.890951,28.507178],[-96.930367,28.586728]]]}},{"type":"Feature","properties":{"fips":"13173","name":"Lanier","state":"GA"},"geometry":{"type":"Polygon","coordinates":[[[-83.197971,31.025405],[-83.165072,31.147198],[-83.038246,31.146705],[-83.046885,31.18368],[-82.971247,31.183988],[-82.971336,30.869392],[-83.019419,30.849453],[-83.042924,30.947296],[-83.179465,30.950128],[-83.197971,31.025405]]]}},{"type":"Feature","properties":{"fips":"13185","name":"Lowndes","state":"GA"},"geometry":{"type":"Polygon","coordinates":[[[-83.449293,30.817957],[-83.346405,30.853543],[-83.441549,30.914347],[-83.475617,31.031964],[-83.295052,31.027278],[-83.197971,31.025405],[-83.179465,30.950128],[-83.042924,30.947296],[-83.019419,30.849453],[-83.088082,30.848658],[-83.124865,30.803655],[-83.1366188582036,30.6238859448931],[-83.3093471215958,30.6342387666716],[-83.3577163136281,30.6371378731342],[-83.482461,30.756931],[-83.449293,30.817957]]]}},{"type":"Feature","properties":{"fips":"48001","name":"Anderson","state":"TX"},"geometry":{"type":"Polygon","coordinates":[[[-96.052786,32.005895],[-95.428512,32.084475],[-95.446449,31.998517],[-95.423832,31.932009],[-95.446747,31.843116],[-95.412908,31.835157],[-95.396531,31.765266],[-95.275849,31.657229],[-95.258859,31.609959],[-95.273203,31.592886],[-95.651764,31.541791],[-95.739279,31.504056],[-95.710112,31.615587],[-95.735681,31.653822],[-95.7873,31.618385],[-95.789679,31.648776],[-95.779743,31.683938],[-95.861262,31.687451],[-95.875937,31.755503],[-95.980568,31.784561],[-96.022491,31.957549],[-96.062172,31.95634],[-96.052786,32.005895]]]}},{"type":"Feature","properties":{"fips":"45007","name":"Anderson","state":"SC"},"geometry":{"type":"Polygon","coordinates":[[[-82.978252,34.492579],[-82.840009,34.623311],[-82.787568,34.672734],[-82.487034,34.819004],[-82.460939,34.796664],[-82.455144,34.750683],[-82.467709,34.66705],[-82.419381,34.556692],[-82.313871,34.484335],[-82.7359800166139,34.215462648637],[-82.744982,34.244861],[-82.7746287310121,34.2883668182547],[-82.780308,34.296701],[-82.82342,34.358872],[-82.841997,34.399766],[-82.873831,34.471508],[-82.925766,34.481802],[-82.9913881531823,34.4729806272358],[-82.978252,34.492579]]]}},{"type":"Feature","properties":{"fips":"48007","name":"Aransas","state":"TX"},"geometry":{"type":"Polygon","coordinates":[[[-97.144916,28.102622],[-97.023586,28.187657],[-97.123799,28.272459],[-96.790512,28.319238],[-96.830861,28.108],[-96.8520706227301,28.0598208616046],[-96.886459,28.030734],[-97.003325,27.908307],[-97.0436840836865,27.8365323534718],[-97.095713,27.957835],[-97.136312,27.90439],[-97.260818,28.075759],[-97.144916,28.102622]]]}},{"type":"Feature","properties":{"fips":"48013","name":"Atascosa","state":"TX"},"geometry":{"type":"Polygon","coordinates":[[[-98.804763,29.250693],[-98.484041,29.140744],[-98.407336,29.114435],[-98.190991,28.882333],[-98.098315,28.786949],[-98.335031,28.612658],[-98.335047,28.648275],[-98.800848,28.647306],[-98.800841,28.647487],[-98.8049,29.090434],[-98.804763,29.250693]]]}},{"type":"Feature","properties":{"fips":"48015","name":"Austin","state":"TX"},"geometry":{"type":"Polygon","coordinates":[[[-96.62198,30.044283],[-96.292849,30.09615],[-96.159442,30.053832],[-96.146052,30.070224],[-96.084541,30.005137],[-96.122754,29.968545],[-96.121405,29.836652],[-96.049234,29.803187],[-96.032711,29.727944],[-96.024825,29.602899],[-96.088912,29.601658],[-96.112582,29.623617],[-96.175422,29.633806],[-96.259226,29.668912],[-96.343247,29.829697],[-96.413283,29.824985],[-96.535705,29.907326],[-96.569844,29.961516],[-96.62198,30.044283]]]}},{"type":"Feature","properties":{"fips":"45025","name":"Chesterfield","state":"SC"},"geometry":{"type":"Polygon","coordinates":[[[-80.561657,34.817481],[-80.3208325711298,34.813620821544],[-80.077223,34.809716],[-79.927398038772,34.807862590631],[-79.871959,34.693841],[-79.777456,34.61287],[-79.829981,34.531925],[-79.884542,34.491218],[-80.04608,34.492267],[-80.288596,34.366207],[-80.285538,34.393678],[-80.32759,34.49776],[-80.408373,34.614765],[-80.488532,34.704584],[-80.5617085493824,34.8174824003365],[-80.561657,34.817481]]]}},{"type":"Feature","properties":{"fips":"45033","name":"Dillon","state":"SC"},"geometry":{"type":"Polygon","coordinates":[[[-79.633413,34.297994],[-79.4502772890434,34.6206089970087],[-79.358317,34.545358],[-79.1083782887823,34.3311325283704],[-79.0712542010482,34.2993130268419],[-79.086067,34.294956],[-79.128165,34.253652],[-79.21432,34.255539],[-79.380264,34.300572],[-79.480712,34.288081],[-79.54793,34.230913],[-79.601003,34.290532],[-79.633413,34.297994]]]}},{"type":"Feature","properties":{"fips":"47135","name":"Perry","state":"TN"},"geometry":{"type":"Polygon","coordinates":[[[-88.042332,35.444617],[-87.97463,35.521025],[-88.035837,35.621839],[-88.034788,35.717261],[-87.970738,35.815705],[-87.96274,35.840921],[-87.852682,35.803799],[-87.71676,35.83875],[-87.74375,35.663952],[-87.658189,35.609349],[-87.651007,35.568762],[-87.717559,35.483347],[-87.988894,35.453666],[-88.007709,35.423381],[-88.042332,35.444617]]]}},{"type":"Feature","properties":{"fips":"13141","name":"Hancock","state":"GA"},"geometry":{"type":"Polygon","coordinates":[[[-83.253461,33.25929],[-83.145856,33.310045],[-83.164207,33.35503],[-83.012853,33.469178],[-82.983657,33.447677],[-82.851954,33.443543],[-82.824105,33.427627],[-82.755846,33.25344],[-82.748311,33.238348],[-82.855046,33.196427],[-82.888866,33.138603],[-83.00874,33.080849],[-83.052197,33.080682],[-83.10131,33.050207],[-83.097649,33.151536],[-83.274108,33.187238],[-83.253461,33.25929]]]}},{"type":"Feature","properties":{"fips":"48273","name":"Kleberg","state":"TX"},"geometry":{"type":"Polygon","coordinates":[[[-98.059464,27.635862],[-97.942146,27.635932],[-97.840678,27.558358],[-97.325216,27.560896],[-97.2229914075318,27.5766073164796],[-97.257325,27.510644],[-97.296057,27.427175],[-97.336122,27.317818],[-97.3468508769557,27.2779588322095],[-97.508863,27.266636],[-97.785102,27.283714],[-97.84134,27.243955],[-97.985887,27.209308],[-97.986076,27.260494],[-98.058078,27.260981],[-98.059464,27.635862]]]}},{"type":"Feature","properties":{"fips":"01021","name":"Chilton","state":"AL"},"geometry":{"type":"Polygon","coordinates":[[[-87.019157,32.837034],[-86.876118,32.836264],[-86.881182,33.049901],[-86.881638,33.071861],[-86.610003,33.070003],[-86.517344,33.020566],[-86.515959,32.929361],[-86.451524,32.863692],[-86.457015,32.813899],[-86.374974,32.75358],[-86.413335,32.750591],[-86.413116,32.707386],[-86.714219,32.705694],[-86.71339,32.661732],[-86.917595,32.664169],[-87.01766,32.663269],[-87.017762,32.729532],[-87.019157,32.837034]]]}},{"type":"Feature","properties":{"fips":"48237","name":"Jack","state":"TX"},"geometry":{"type":"Polygon","coordinates":[[[-98.420666,33.396195],[-98.421419,33.466797],[-97.978919,33.467129],[-97.978967,33.433748],[-97.918189,33.433873],[-97.920371,33.099328],[-97.921642,33.001284],[-98.056094,33.003332],[-98.426553,33.007913],[-98.420666,33.396195]]]}},{"type":"Feature","properties":{"fips":"40037","name":"Creek","state":"OK"},"geometry":{"type":"Polygon","coordinates":[[[-96.62212,36.159903],[-96.600218,36.163502],[-96.297888,36.162279],[-96.297905,36.075766],[-96.261294,36.075741],[-96.029583,36.075366],[-96.033118,35.856824],[-96.137229,35.857097],[-96.192383,35.856987],[-96.192563,35.639087],[-96.620828,35.639005],[-96.619655,35.941571],[-96.62212,36.159903]]]}},{"type":"Feature","properties":{"fips":"05139","name":"Union","state":"AR"},"geometry":{"type":"Polygon","coordinates":[[[-92.978483,33.377142],[-92.66084,33.355985],[-92.567156,33.3672],[-92.431386,33.269468],[-92.350277,33.298842],[-92.359113,33.281961],[-92.224569,33.253267],[-92.137549,33.162904],[-92.143552,33.098025],[-92.0690147239268,33.0084819174935],[-92.222825,33.00908],[-92.501383,33.01216],[-92.723553,33.014328],[-92.7247431731793,33.0143417676748],[-92.971137,33.017192],[-92.9887760560898,33.0172511697504],[-92.978483,33.377142]]]}},{"type":"Feature","properties":{"fips":"45041","name":"Florence","state":"SC"},"geometry":{"type":"Polygon","coordinates":[[[-80.069878,34.086191],[-79.725109,34.296892],[-79.657764,34.30519],[-79.633413,34.297994],[-79.601003,34.290532],[-79.54793,34.230913],[-79.571834,34.183689],[-79.515308,34.097207],[-79.51694,33.99398],[-79.324317,33.799123],[-79.496466,33.775372],[-79.635808,33.818038],[-79.677327,33.814694],[-79.687973,33.804914],[-79.724936,33.814552],[-79.743388,33.835056],[-79.79837,33.835562],[-79.834881,33.882601],[-79.87562,33.885245],[-79.945948,33.885997],[-79.974601,33.946527],[-79.893377,33.988747],[-80.000594,34.047877],[-80.02593,34.073226],[-80.069878,34.086191]]]}},{"type":"Feature","properties":{"fips":"47141","name":"Putnam","state":"TN"},"geometry":{"type":"Polygon","coordinates":[[[-85.809168,36.206598],[-85.780148,36.238011],[-85.557527,36.223177],[-85.495124,36.302278],[-85.43585,36.247148],[-85.204156,36.152489],[-85.119583,36.144719],[-85.100213,36.138561],[-85.15275,36.099544],[-85.246362,36.100698],[-85.264206,35.979154],[-85.309363,36.031592],[-85.507677,36.082012],[-85.644604,36.015053],[-85.767136,36.070087],[-85.807415,36.131582],[-85.809168,36.206598]]]}},{"type":"Feature","properties":{"fips":"37083","name":"Halifax","state":"NC"},"geometry":{"type":"Polygon","coordinates":[[[-77.911963,36.382446],[-77.899524,36.504259],[-77.645051,36.480642],[-77.555275,36.417964],[-77.585698,36.33551],[-77.541108,36.303264],[-77.445886,36.324888],[-77.386595,36.213548],[-77.310821,36.169452],[-77.291519,36.168342],[-77.230275,36.104999],[-77.327569,36.071361],[-77.340038,36.063998],[-77.402614,36.004966],[-77.517646,36.036775],[-77.5407,36.096085],[-77.697956,36.15315],[-77.720742,36.133884],[-77.8864,36.143994],[-78.006551,36.202633],[-77.911963,36.382446]]]}},{"type":"Feature","properties":{"fips":"13155","name":"Irwin","state":"GA"},"geometry":{"type":"Polygon","coordinates":[[[-83.500702,31.59399],[-83.452919,31.708597],[-83.453634,31.757861],[-83.325296,31.756584],[-83.325617,31.680603],[-83.266363,31.654203],[-83.176376,31.678382],[-82.99836,31.673164],[-83.058807,31.611212],[-83.11166,31.478229],[-83.145587,31.472276],[-83.338728,31.475991],[-83.42084,31.553565],[-83.500951,31.570117],[-83.500702,31.59399]]]}},{"type":"Feature","properties":{"fips":"47085","name":"Humphreys","state":"TN"},"geometry":{"type":"Polygon","coordinates":[[[-88.02239,35.965818],[-87.919043,36.130049],[-87.949603,36.24316],[-87.798508,36.244754],[-87.585973,36.197699],[-87.566798,36.177857],[-87.552874,36.016237],[-87.53453,35.993074],[-87.532493,35.96946],[-87.70696,35.905884],[-87.71676,35.83875],[-87.852682,35.803799],[-87.96274,35.840921],[-87.925835,35.930432],[-88.02239,35.965818]]]}},{"type":"Feature","properties":{"fips":"47089","name":"Jefferson","state":"TN"},"geometry":{"type":"Polygon","coordinates":[[[-83.70925,36.093234],[-83.66746,36.080587],[-83.665378,36.080864],[-83.66206,36.082239],[-83.660261,36.08387],[-83.659387,36.085533],[-83.659171,36.087848],[-83.660048,36.091278],[-83.662187,36.093784],[-83.667578,36.099022],[-83.669564,36.102002],[-83.67033,36.106295],[-83.672188,36.110526],[-83.564033,36.191896],[-83.467097,36.174688],[-83.274501,36.130794],[-83.234585,36.085094],[-83.253886,36.081394],[-83.310782,35.895846],[-83.490299,35.928044],[-83.655597,36.043119],[-83.673297,36.038486],[-83.70925,36.093234]]]}},{"type":"Feature","properties":{"fips":"54001","name":"Barbour","state":"WV"},"geometry":{"type":"Polygon","coordinates":[[[-80.224687,39.170977],[-80.166387,39.242283],[-80.023411,39.247892],[-79.895536,39.299584],[-79.871969,39.294518],[-79.809729,39.230526],[-79.838093,39.131002],[-79.825092,39.115803],[-79.895993,38.973404],[-80.085062,38.947236],[-80.044431,39.011388],[-80.128198,39.037795],[-80.227173,39.112792],[-80.224687,39.170977]]]}},{"type":"Feature","properties":{"fips":"40139","name":"Texas","state":"OK"},"geometry":{"type":"Polygon","coordinates":[[[-102.028204191045,36.9931451471083],[-101.90244,36.993702],[-101.555258848691,36.9952909392776],[-101.485326,36.995611],[-101.211486,36.997124],[-101.06645021566,36.9977361751404],[-100.945466793078,36.9982468287288],[-100.954152157693,36.4995294966262],[-101.085156,36.499244],[-101.623915,36.499528],[-101.826565,36.499654],[-102.032339018963,36.5000656730101],[-102.028204191045,36.9931451471083]]]}},{"type":"Feature","properties":{"fips":"05023","name":"Cleburne","state":"AR"},"geometry":{"type":"Polygon","coordinates":[[[-92.2408,35.712124],[-91.837176,35.705019],[-91.789645,35.711784],[-91.793577,35.534078],[-91.795997,35.45561],[-91.850032,35.436543],[-91.852222,35.358384],[-92.111535,35.362633],[-92.252843,35.36365],[-92.2408,35.712124]]]}},{"type":"Feature","properties":{"fips":"48165","name":"Gaines","state":"TX"},"geometry":{"type":"Polygon","coordinates":[[[-103.064889,32.849359],[-103.063468888475,32.9591063818305],[-102.595023,32.958831],[-102.20852,32.958956],[-102.202703,32.523271],[-102.211037,32.523244],[-103.064696,32.522193],[-103.064761,32.587983],[-103.064829054562,32.7269504153502],[-103.064889,32.849359]]]}},{"type":"Feature","properties":{"fips":"21125","name":"Laurel","state":"KY"},"geometry":{"type":"Polygon","coordinates":[[[-84.358024,36.9594],[-84.303016,37.038396],[-84.289076,37.15174],[-84.254315,37.239082],[-84.137898,37.319759],[-84.124945,37.335626],[-84.005606,37.253343],[-83.943718,37.250551],[-83.969571,37.168876],[-83.885673,37.118767],[-83.871315,37.054919],[-83.959217,36.97718],[-84.091853,36.955992],[-84.183131,36.939369],[-84.25772,36.972845],[-84.297416,36.945931],[-84.366101,36.943423],[-84.358024,36.9594]]]}},{"type":"Feature","properties":{"fips":"01061","name":"Geneva","state":"AL"},"geometry":{"type":"Polygon","coordinates":[[[-86.193476,31.192213],[-86.124944,31.182023],[-86.116734,31.193015],[-85.791402,31.196349],[-85.710333,31.195173],[-85.48576,31.199886],[-85.4882982889391,30.9979646232873],[-85.4980015850895,30.9978650493614],[-85.749715,30.995282],[-85.893632,30.993455],[-86.0350381049506,30.9937496073023],[-86.1327206705317,30.9939531204189],[-86.1872480489813,30.9940667234622],[-86.190559,31.01363],[-86.193476,31.192213]]]}},{"type":"Feature","properties":{"fips":"48277","name":"Lamar","state":"TX"},"geometry":{"type":"Polygon","coordinates":[[[-95.855013,33.827992],[-95.8448785340707,33.860421904719],[-95.820596,33.858465],[-95.7896393177523,33.8724373846723],[-95.737508,33.895967],[-95.669978,33.905844],[-95.603657,33.927195],[-95.556915,33.92702],[-95.525322,33.885487],[-95.44737,33.86885],[-95.352338,33.867789],[-95.3104497954491,33.8738430381855],[-95.310673,33.663154],[-95.308637,33.380662],[-95.372972,33.39094],[-95.490158,33.453663],[-95.621027,33.48706],[-95.671634,33.472636],[-95.758439,33.495098],[-95.857738,33.461722],[-95.855013,33.827992]]]}},{"type":"Feature","properties":{"fips":"13285","name":"Troup","state":"GA"},"geometry":{"type":"Polygon","coordinates":[[[-85.2365953712528,33.1295440282507],[-85.117402,33.163654],[-85.10798,33.195098],[-84.939015,33.224693],[-84.862135,33.223858],[-84.862359,33.191173],[-84.861768,32.872495],[-84.881702,32.868761],[-85.1861174017892,32.8701382699716],[-85.232441,33.108075],[-85.2365953712528,33.1295440282507]]]}},{"type":"Feature","properties":{"fips":"48283","name":"La Salle","state":"TX"},"geometry":{"type":"Polygon","coordinates":[[[-99.395736,28.640784],[-98.800841,28.647487],[-98.800848,28.647306],[-98.803325,28.05748],[-99.388946,28.030419],[-99.394177,28.204627],[-99.395736,28.640784]]]}},{"type":"Feature","properties":{"fips":"22005","name":"Ascension","state":"LA"},"geometry":{"type":"Polygon","coordinates":[[[-91.106559,30.108519],[-91.090166,30.153734],[-91.021014,30.321489],[-91.014065,30.330029],[-91.012205,30.335654],[-90.986968,30.345729],[-90.891728,30.345244],[-90.851844,30.331946],[-90.81091,30.275701],[-90.782121,30.274843],[-90.694146,30.175067],[-90.631905,30.22119],[-90.642111,30.166448],[-90.759583,30.143576],[-90.915512,30.112993],[-90.963745,30.066831],[-91.074654,30.081744],[-91.105997,30.062749],[-91.106559,30.108519]]]}},{"type":"Feature","properties":{"fips":"40135","name":"Sequoyah","state":"OK"},"geometry":{"type":"Polygon","coordinates":[[[-95.127213,35.638788],[-94.807757,35.638546],[-94.4731193906467,35.6385471525294],[-94.449696,35.496719],[-94.4348090628047,35.3926242553894],[-94.4340725641195,35.387474395379],[-94.49237,35.301776],[-94.594801,35.327974],[-94.668796,35.295029],[-94.750224,35.356969],[-94.813629,35.323344],[-94.828972,35.361546],[-94.914454,35.347525],[-94.901832,35.39794],[-95.00651,35.4146],[-95.049933,35.458894],[-95.085635,35.461396],[-95.132271,35.526055],[-95.127213,35.638788]]]}},{"type":"Feature","properties":{"fips":"47147","name":"Robertson","state":"TN"},"geometry":{"type":"Polygon","coordinates":[[[-87.150371,36.566824],[-87.1150035566884,36.6441420446512],[-87.0608263443929,36.6447708848516],[-86.813037,36.647647],[-86.7632909641085,36.6487206745018],[-86.606394,36.652107],[-86.5620676518653,36.6407466739073],[-86.693292,36.407231],[-86.754795,36.405496],[-86.772609,36.392519],[-86.787357,36.35964],[-86.913233,36.382621],[-86.984306,36.365377],[-87.120443,36.45546],[-87.150371,36.566824]]]}},{"type":"Feature","properties":{"fips":"48037","name":"Bowie","state":"TX"},"geometry":{"type":"Polygon","coordinates":[[[-94.74631,33.554315],[-94.746096,33.703016],[-94.7319329019959,33.7208305162803],[-94.714865,33.707261],[-94.630586,33.673401],[-94.572872,33.669886],[-94.528928,33.62184],[-94.485875,33.637867],[-94.419057,33.577217],[-94.388052,33.565511],[-94.354165,33.556452],[-94.338422,33.567082],[-94.303742,33.564486],[-94.238868,33.576722],[-94.213605,33.570622],[-94.183395,33.592212],[-94.143024,33.577725],[-94.07267,33.572234],[-94.043428,33.551425],[-94.042988,33.435824],[-94.043067,33.330498],[-94.0429458450603,33.2712410493864],[-94.056144,33.298036],[-94.218517,33.296936],[-94.231743,33.240857],[-94.379409,33.255651],[-94.415739,33.284017],[-94.517868,33.282096],[-94.572463,33.249826],[-94.65226,33.268861],[-94.691826,33.312405],[-94.746925,33.328938],[-94.74631,33.554315]]]}},{"type":"Feature","properties":{"fips":"47187","name":"Williamson","state":"TN"},"geometry":{"type":"Polygon","coordinates":[[[-87.201426,35.940579],[-87.204242,35.959186],[-87.190826,35.975884],[-87.182573,36.049726],[-87.085365,36.043805],[-87.053722,36.045582],[-87.039386,35.989242],[-87.016082,35.997874],[-86.928861,36.052942],[-86.790875,36.036715],[-86.618892,35.968224],[-86.613328,35.790331],[-86.686193,35.710051],[-86.751651,35.696447],[-86.782016,35.706595],[-86.935719,35.760659],[-86.929251,35.77816],[-86.962471,35.782883],[-87.003959,35.779028],[-87.215099,35.850651],[-87.201426,35.940579]]]}},{"type":"Feature","properties":{"fips":"37167","name":"Stanly","state":"NC"},"geometry":{"type":"Polygon","coordinates":[[[-80.49751,35.201839],[-80.295421,35.50292],[-80.183264,35.504141],[-80.182559,35.504151],[-80.108495,35.459451],[-80.051225,35.371537],[-80.098185,35.255173],[-80.075365,35.143081],[-80.112644,35.193882],[-80.172819,35.147847],[-80.276829,35.195722],[-80.356982,35.16494],[-80.504985,35.184998],[-80.49751,35.201839]]]}},{"type":"Feature","properties":{"fips":"47121","name":"Meigs","state":"TN"},"geometry":{"type":"Polygon","coordinates":[[[-85.016661,35.409101],[-84.968953,35.466674],[-84.912148,35.442671],[-84.859949,35.497072],[-84.873969,35.550217],[-84.794904,35.55255],[-84.781804,35.673908],[-84.72324,35.68967],[-84.723853,35.752896],[-84.619031,35.70788],[-84.619865,35.644651],[-84.801147,35.455181],[-84.860164,35.350074],[-84.879507,35.353231],[-84.946339,35.287717],[-85.030195,35.379288],[-85.016661,35.409101]]]}},{"type":"Feature","properties":{"fips":"48477","name":"Washington","state":"TX"},"geometry":{"type":"Polygon","coordinates":[[[-96.734469,30.241229],[-96.640883,30.296786],[-96.357407,30.373318],[-96.299173,30.379152],[-96.178661,30.394718],[-96.15463,30.330288],[-96.094404,30.309371],[-96.093165,30.225187],[-96.15901,30.206613],[-96.191782,30.13842],[-96.146052,30.070224],[-96.159442,30.053832],[-96.292849,30.09615],[-96.62198,30.044283],[-96.647223,30.145174],[-96.794552,30.160545],[-96.734469,30.241229]]]}},{"type":"Feature","properties":{"fips":"40021","name":"Cherokee","state":"OK"},"geometry":{"type":"Polygon","coordinates":[[[-95.278701,35.964102],[-95.207943,36.074772],[-95.118377,36.074544],[-95.1185,36.16163],[-95.011328,36.161763],[-94.797409,36.161652],[-94.807757,35.638546],[-95.127213,35.638788],[-95.127163,35.812755],[-95.265679,35.813266],[-95.231459,35.851195],[-95.278701,35.964102]]]}},{"type":"Feature","properties":{"fips":"40041","name":"Delaware","state":"OK"},"geometry":{"type":"Polygon","coordinates":[[[-95.00573,36.50989],[-95.00569,36.59766],[-94.999403,36.670631],[-94.6179917784172,36.6679212723442],[-94.617815,36.612604],[-94.617919,36.499414],[-94.5862,36.299969],[-94.5622679285528,36.1619726146264],[-94.797409,36.161652],[-95.011328,36.161763],[-95.00573,36.50989]]]}},{"type":"Feature","properties":{"fips":"13033","name":"Burke","state":"GA"},"geometry":{"type":"Polygon","coordinates":[[[-82.272353,32.937796],[-82.29118,33.062827],[-82.232554,33.231211],[-82.26758,33.267397],[-82.17424,33.296771],[-82.097135,33.230612],[-81.8465005323579,33.2472520854299],[-81.846536,33.241746],[-81.763535,33.203648],[-81.7625059827958,33.1972658882973],[-81.755135,33.15155],[-81.658433,33.103152],[-81.6159557107891,33.089338539364],[-81.601655,33.084688],[-81.5439662243139,33.0443999541444],[-81.767553,32.909411],[-81.857985,32.953882],[-82.081349,32.916762],[-82.144977,32.812741],[-82.214168,32.803711],[-82.316512,32.835772],[-82.272353,32.937796]]]}},{"type":"Feature","properties":{"fips":"12093","name":"Okeechobee","state":"FL"},"geometry":{"type":"Polygon","coordinates":[[[-81.140472,27.601302],[-81.142164,27.643238],[-80.87315,27.642288],[-80.778047,27.643195],[-80.777166,27.558733],[-80.679659,27.558736],[-80.677862,27.205988],[-80.677427,27.121619],[-80.885639,26.958919],[-80.878517,27.168829],[-80.940676,27.205939],[-80.971144,27.217787],[-81.034429,27.35916],[-81.09845,27.379108],[-81.214284,27.528709],[-81.140472,27.601302]]]}},{"type":"Feature","properties":{"fips":"13051","name":"Chatham","state":"GA"},"geometry":{"type":"Polygon","coordinates":[[[-81.391698,32.095886],[-81.195449,32.237591],[-81.1475951704554,32.2271694465971],[-81.119361,32.177142],[-81.113334,32.113205],[-81.038265,32.084469],[-81.006745,32.101152],[-80.943226,32.057824],[-80.885517,32.0346],[-80.84313,32.024226],[-80.848441,31.988279],[-80.911207,31.943769],[-80.941359,31.912984],[-81.000317,31.856744],[-81.036873,31.812721],[-81.077057,31.761256],[-81.130634,31.722692],[-81.1352985902005,31.7105645979661],[-81.154731,31.71307],[-81.177027,31.816113],[-81.138429,31.855717],[-81.290323,31.978821],[-81.391698,32.095886]]]}},{"type":"Feature","properties":{"fips":"51085","name":"Hanover","state":"VA"},"geometry":{"type":"Polygon","coordinates":[[[-77.759667,37.811604],[-77.687469,38.007806],[-77.642518,37.990688],[-77.48417,37.883369],[-77.436633,37.885512],[-77.407813,37.80333],[-77.404501,37.77977],[-77.345223,37.789285],[-77.322496,37.733701],[-77.230225,37.71386],[-77.123675,37.626881],[-77.140457,37.592169],[-77.240988,37.538088],[-77.40382,37.605222],[-77.42143,37.641682],[-77.445858,37.684056],[-77.630817,37.705696],[-77.636168,37.706545],[-77.711793,37.706251],[-77.797322,37.729318],[-77.759667,37.811604]]]}},{"type":"Feature","properties":{"fips":"48181","name":"Grayson","state":"TX"},"geometry":{"type":"Polygon","coordinates":[[[-96.9446168883705,33.945013250454],[-96.934343303133,33.9455889292528],[-96.905253,33.947219],[-96.897194,33.902954],[-96.850593,33.847211],[-96.794276,33.868886],[-96.776766,33.841976],[-96.712422,33.831633],[-96.682103,33.876645],[-96.659896,33.916666],[-96.5946743073771,33.8830186573983],[-96.590112,33.880665],[-96.592926,33.830916],[-96.572937,33.819098],[-96.523863,33.818114],[-96.502286,33.77346],[-96.436455,33.78005],[-96.403507,33.746289],[-96.3796608259521,33.715530908566],[-96.384602,33.397826],[-96.727251,33.402918],[-96.83411,33.405498],[-96.85369,33.413613],[-96.94386,33.41641],[-96.9446168883705,33.945013250454]]]}},{"type":"Feature","properties":{"fips":"22063","name":"Livingston","state":"LA"},"geometry":{"type":"Polygon","coordinates":[[[-90.98923,30.465831],[-90.985759,30.584454],[-90.910701,30.649385],[-90.567126,30.650015],[-90.566906,30.48706],[-90.558229,30.478919],[-90.473999,30.346635],[-90.485826,30.276992],[-90.554147,30.195628],[-90.631905,30.22119],[-90.694146,30.175067],[-90.782121,30.274843],[-90.81091,30.275701],[-90.851844,30.331946],[-90.891728,30.345244],[-90.948388,30.394227],[-90.968264,30.389151],[-90.989892,30.46488],[-90.98923,30.465831]]]}},{"type":"Feature","properties":{"fips":"51059","name":"Fairfax","state":"VA"},"geometry":{"type":"Polygon","coordinates":[[[-77.496821,38.887154],[-77.3300377059541,39.0559521134909],[-77.310705,39.052008],[-77.248403,39.026909],[-77.249803,38.985909],[-77.202502,38.96791],[-77.1800356321076,38.9664229861505],[-77.146601,38.96421],[-77.1197891567342,38.9343765552932],[-77.172276,38.893245],[-77.188854,38.896272],[-77.194712,38.899073],[-77.189854,38.894395],[-77.194263,38.886094],[-77.189754,38.878136],[-77.173243,38.878604],[-77.158398,38.873176],[-77.149701,38.87567],[-77.110799,38.843446],[-77.143206,38.805624],[-77.0392398850823,38.7853363256236],[-77.0406725707781,38.7466919304829],[-77.040998,38.737914],[-77.053199,38.709915],[-77.079499,38.709515],[-77.0857847651564,38.7052812818324],[-77.132501,38.673816],[-77.1302,38.635017],[-77.222244,38.607484],[-77.2259810335041,38.6033462530533],[-77.239495,38.666534],[-77.326141,38.702046],[-77.332296,38.716525],[-77.359123,38.723761],[-77.369465,38.710283],[-77.3806,38.737542],[-77.411324,38.744667],[-77.41352,38.772681],[-77.443539,38.80377],[-77.535991,38.847368],[-77.496821,38.887154]],[[-77.335052,38.852669],[-77.318689,38.834651],[-77.27052,38.840902],[-77.270597,38.866075],[-77.329346,38.864105],[-77.335052,38.852669]]]}},{"type":"Feature","properties":{"fips":"45081","name":"Saluda","state":"SC"},"geometry":{"type":"Polygon","coordinates":[[[-81.98991,33.997101],[-81.870084,34.135357],[-81.860571,34.179373],[-81.731614,34.187613],[-81.538899,34.081744],[-81.471972,34.076552],[-81.571307,33.87746],[-81.651759,33.81451],[-81.836803,33.866501],[-81.894595,33.975415],[-82.008298,33.961646],[-81.98991,33.997101]]]}},{"type":"Feature","properties":{"fips":"12037","name":"Franklin","state":"FL"},"geometry":{"type":"Polygon","coordinates":[[[-85.206226,29.711188],[-85.109401,29.776793],[-85.039355,29.78017],[-85.054359,29.90186],[-85.025439,29.971399],[-85.007626,30.013883],[-84.54445,30.01103],[-84.523992,29.981728],[-84.467713,30.001853],[-84.3454463222869,29.9697520164336],[-84.341439,29.962208],[-84.333746,29.923721],[-84.349066,29.896812],[-84.423834,29.902996],[-84.470323,29.924524],[-84.535873,29.910092],[-84.57744,29.887828],[-84.564976,29.81018],[-84.604003,29.786021],[-84.692619,29.763039],[-84.776954,29.692191],[-84.876731,29.655758],[-85.045074,29.586991],[-85.15731,29.64289],[-85.2201422739545,29.666453713282],[-85.206226,29.711188]]]}},{"type":"Feature","properties":{"fips":"01073","name":"Jefferson","state":"AL"},"geometry":{"type":"Polygon","coordinates":[[[-87.267185,33.497189],[-87.266923,33.512929],[-87.271056,33.529862],[-87.185794,33.555882],[-87.17943,33.613794],[-87.092733,33.62785],[-87.039818,33.687461],[-87.023286,33.772727],[-86.953664,33.815297],[-86.883947,33.843237],[-86.759212,33.840592],[-86.64529,33.773012],[-86.577799,33.765316],[-86.542758,33.765173],[-86.516783,33.54602],[-86.517199,33.524136],[-86.674418,33.466521],[-86.778644,33.366878],[-86.830229,33.360766],[-86.830688,33.332015],[-86.882538,33.332961],[-87.026846,33.246459],[-87.065738,33.246907],[-87.065754,33.275937],[-87.162007,33.306587],[-87.253788,33.417813],[-87.341698,33.470501],[-87.267185,33.497189]]]}},{"type":"Feature","properties":{"fips":"48209","name":"Hays","state":"TX"},"geometry":{"type":"Polygon","coordinates":[[[-98.172977,30.356312],[-98.010831,30.240339],[-97.928808,30.181703],[-97.813942,30.09915],[-97.813515,30.098842],[-97.70879,30.023451],[-97.899196,29.85748],[-97.875259,29.858208],[-97.943564,29.806914],[-97.999271,29.752444],[-98.01518,29.801485],[-98.018657,29.812175],[-98.030523,29.848539],[-98.2976,30.037994],[-98.172977,30.356312]]]}},{"type":"Feature","properties":{"fips":"54023","name":"Grant","state":"WV"},"geometry":{"type":"Polygon","coordinates":[[[-79.486873,39.205961],[-79.424413,39.228171],[-79.35375,39.278039],[-79.283723,39.30964],[-79.2623921171761,39.3262438284674],[-79.134456,39.312501],[-78.979898,39.237624],[-79.089655,39.038208],[-79.046853,38.92721],[-79.134296,38.81334],[-79.349867,38.957509],[-79.357666,38.964509],[-79.298164,39.07321],[-79.355468,39.086508],[-79.306461,39.209203],[-79.487175,39.194906],[-79.486873,39.205961]]]}},{"type":"Feature","properties":{"fips":"47115","name":"Marion","state":"TN"},"geometry":{"type":"Polygon","coordinates":[[[-85.873025,35.223362],[-85.740113,35.215295],[-85.709418,35.289251],[-85.558551,35.319292],[-85.403187,35.223419],[-85.387089,35.147169],[-85.365031,35.072554],[-85.4743388431343,34.9836733267911],[-85.605165,34.984678],[-85.8639461118069,34.9870308587481],[-85.863319,35.21106],[-85.873025,35.223362]]]}},{"type":"Feature","properties":{"fips":"40131","name":"Rogers","state":"OK"},"geometry":{"type":"Polygon","coordinates":[[[-95.81534,36.24953],[-95.812102,36.265913],[-95.8122,36.32205],[-95.794381,36.416467],[-95.812342,36.42358],[-95.81234,36.579426],[-95.80954,36.59754],[-95.43157,36.59754],[-95.32837,36.59763],[-95.32817,36.51024],[-95.43561,36.51016],[-95.43997,36.075268],[-95.571525,36.075282],[-95.568316,36.130125],[-95.708224,36.1619],[-95.76165,36.16275],[-95.8154,36.16263],[-95.81534,36.24953]]]}},{"type":"Feature","properties":{"fips":"48347","name":"Nacogdoches","state":"TX"},"geometry":{"type":"Polygon","coordinates":[[[-94.937532,31.845555],[-94.452513,31.844113],[-94.433945,31.824547],[-94.399091,31.653596],[-94.395278,31.638636],[-94.310888,31.589043],[-94.300622,31.526458],[-94.330364,31.359946],[-94.31593,31.304503],[-94.339773,31.24082],[-94.326616,31.224754],[-94.396017,31.302356],[-94.449422,31.321337],[-94.495874,31.405728],[-94.53136,31.39854],[-94.545121,31.431855],[-94.82287,31.483978],[-94.865857,31.526916],[-94.924219,31.579487],[-94.978128,31.793294],[-94.937532,31.845555]]]}},{"type":"Feature","properties":{"fips":"01071","name":"Jackson","state":"AL"},"geometry":{"type":"Polygon","coordinates":[[[-86.359034,34.63261],[-86.325569,34.937323],[-86.256968,34.937775],[-86.311274,34.991098],[-85.8639461118069,34.9870308587481],[-85.605165,34.984678],[-85.595165,34.924171],[-85.5828123337853,34.8604354744776],[-85.785471,34.624584],[-85.984247,34.486519],[-86.057712,34.475994],[-86.139846,34.533296],[-86.148464,34.599069],[-86.326853,34.599403],[-86.359034,34.63261]]]}},{"type":"Feature","properties":{"fips":"24021","name":"Frederick","state":"MD"},"geometry":{"type":"Polygon","coordinates":[[[-77.6776957620787,39.317940817088],[-77.570182,39.619998],[-77.4691450036804,39.72022900225],[-77.4591384979573,39.7202291767892],[-77.23995,39.720233],[-77.2170237552374,39.7202172483854],[-77.311562,39.638749],[-77.200125,39.578588],[-77.106839,39.491661],[-77.134194,39.43169],[-77.147819,39.41811],[-77.16808,39.353957],[-77.168801,39.353502],[-77.4600656264978,39.2188429438594],[-77.496606,39.251045],[-77.553114,39.279268],[-77.588235,39.301955],[-77.66613,39.317008],[-77.6776957620787,39.317940817088]]]}},{"type":"Feature","properties":{"fips":"40065","name":"Jackson","state":"OK"},"geometry":{"type":"Polygon","coordinates":[[[-99.8420638841464,34.5069327688814],[-99.666512,34.507121],[-99.666849,34.724555],[-99.42319,34.725306],[-99.405821,34.813038],[-99.246462,34.822114],[-99.14457,34.84954],[-99.149114,34.702352],[-99.052511,34.701557],[-99.10315,34.63795],[-99.082881,34.590854],[-99.16332,34.588036],[-99.237922,34.426657],[-99.192747,34.354861],[-99.2216079008455,34.3253735743726],[-99.27534,34.386599],[-99.350407,34.437083],[-99.394956,34.442099],[-99.420432,34.380464],[-99.470969,34.396471],[-99.4750221370384,34.3968709897905],[-99.58448,34.407673],[-99.600026,34.374688],[-99.696462,34.381036],[-99.764882,34.435266],[-99.818186,34.48784],[-99.8420638841464,34.5069327688814]]]}},{"type":"Feature","properties":{"fips":"24015","name":"Cecil","state":"MD"},"geometry":{"type":"Polygon","coordinates":[[[-76.1356974269902,39.7217675506067],[-75.788596,39.722199],[-75.7669046067092,39.3776515935512],[-75.885864,39.360797],[-76.044471,39.378997],[-76.079925,39.405506],[-76.035766,39.465692],[-76.085972,39.559011],[-76.2332793471166,39.7216462556279],[-76.1356974269902,39.7217675506067]]]}},{"type":"Feature","properties":{"fips":"40085","name":"Love","state":"OK"},"geometry":{"type":"Polygon","coordinates":[[[-97.5612431502211,33.899061506733],[-97.536818,33.983877],[-97.560761,34.07115],[-96.969627,34.07102],[-96.934833,34.01293],[-96.934343303133,33.9455889292528],[-96.9446168883705,33.945013250454],[-96.952313,33.944582],[-96.988745,33.918468],[-96.985567,33.886522],[-97.055838,33.855741],[-97.07859,33.812756],[-97.087852,33.774099],[-97.091072,33.735115],[-97.149394,33.721967],[-97.205652,33.809824],[-97.166629,33.847311],[-97.206141,33.91428],[-97.24618,33.900344],[-97.318243,33.865121],[-97.372941,33.819454],[-97.444193,33.823773],[-97.451469,33.87093],[-97.4841434385876,33.9138891088909],[-97.486505,33.916994],[-97.55827,33.897099],[-97.5612431502211,33.899061506733]]]}},{"type":"Feature","properties":{"fips":"13303","name":"Washington","state":"GA"},"geometry":{"type":"Polygon","coordinates":[[[-83.049081,32.985605],[-83.052197,33.080682],[-83.00874,33.080849],[-82.888866,33.138603],[-82.855046,33.196427],[-82.748311,33.238348],[-82.739483,33.174368],[-82.661917,33.126331],[-82.598018,33.032013],[-82.550225,33.019351],[-82.510851,32.917754],[-82.521052,32.822356],[-82.768365,32.769108],[-82.802456,32.809756],[-82.946966,32.759358],[-82.955364,32.756461],[-82.974265,32.839236],[-83.027036,32.856133],[-83.073648,32.946562],[-83.049081,32.985605]]]}},{"type":"Feature","properties":{"fips":"48371","name":"Pecos","state":"TX"},"geometry":{"type":"Polygon","coordinates":[[[-103.585084,30.76647],[-103.01104,31.371306],[-102.933578,31.350081],[-102.826735,31.266881],[-102.767365,31.293803],[-102.676104,31.330084],[-102.600677,31.267097],[-102.523063,31.262698],[-102.429545,31.193557],[-102.388804,31.087156],[-102.292681,31.036677],[-102.202032,31.031026],[-102.191731,31.003788],[-101.98364,30.98717],[-101.883436,30.925647],[-101.80742,30.699504],[-101.76842,30.653077],[-102.137778,30.655982],[-102.138406,30.597521],[-102.342986,30.598759],[-102.343085,30.284116],[-102.566937,30.283269],[-102.567049,30.052808],[-103.439976,30.665939],[-103.585084,30.76647]]]}},{"type":"Feature","properties":{"fips":"12021","name":"Collier","state":"FL"},"geometry":{"type":"Polygon","coordinates":[[[-81.8464852479618,26.3303720485028],[-81.819019,26.316245],[-81.746167,26.316896],[-81.6579,26.317563],[-81.659506,26.421077],[-81.56218,26.422625],[-81.563763,26.513331],[-81.544425,26.513506],[-81.271768,26.517069],[-81.271932,26.422648],[-81.268236,26.253069],[-80.87971,26.259308],[-80.872932,25.979434],[-80.873096,25.805377],[-81.4423076374621,25.8033302508746],[-81.472239,25.81693],[-81.614735,25.893977],[-81.6402369580568,25.8775375792851],[-81.672633,25.856654],[-81.727086,25.907207],[-81.7419275304192,25.9527263358319],[-81.757463,26.000374],[-81.808833,26.152246],[-81.844555,26.327712],[-81.8464852479618,26.3303720485028]]]}},{"type":"Feature","properties":{"fips":"12059","name":"Holmes","state":"FL"},"geometry":{"type":"Polygon","coordinates":[[[-86.0350381049506,30.9937496073023],[-85.893632,30.993455],[-85.749715,30.995282],[-85.4980015850895,30.9978650493614],[-85.52921,30.974439],[-85.599934,30.830552],[-85.619011,30.743868],[-85.736051,30.74637],[-85.821616,30.790775],[-85.844421,30.70313],[-86.037591,30.704572],[-86.0350381049506,30.9937496073023]]]}},{"type":"Feature","properties":{"fips":"13095","name":"Dougherty","state":"GA"},"geometry":{"type":"Polygon","coordinates":[[[-84.447032,31.605081],[-84.450398,31.621868],[-84.297801,31.621951],[-84.043213,31.623573],[-84.018404,31.650274],[-83.996246,31.625169],[-83.997796,31.443753],[-84.120777,31.442512],[-84.141124,31.440179],[-84.211593,31.435856],[-84.429876,31.436661],[-84.412521,31.45693],[-84.454923,31.548331],[-84.447032,31.605081]]]}},{"type":"Feature","properties":{"fips":"21157","name":"Marshall","state":"KY"},"geometry":{"type":"Polygon","coordinates":[[[-88.484103,36.942096],[-88.485254,37.001109],[-88.482957,37.022566],[-88.339292,37.061216],[-88.240371,36.981911],[-88.189389,36.935549],[-88.157347,36.867183],[-88.129944,36.807546],[-88.110831,36.74715],[-88.485697,36.750328],[-88.484103,36.942096]]]}},{"type":"Feature","properties":{"fips":"12087","name":"Monroe","state":"FL"},"geometry":{"type":"MultiPolygon","coordinates":[[[[-81.148718,24.710477],[-81.038908,24.772596],[-80.847471,24.851753],[-80.610869,25.006995],[-80.516571,25.095457],[-80.500513,25.156674],[-80.495394,25.199808],[-80.492769,25.205579],[-80.482826,25.224786],[-80.450659,25.240241],[-80.41887,25.23631],[-80.394931,25.253537],[-80.395081,25.272937],[-80.372121,25.310215],[-80.265472,25.354296],[-80.2293537849126,25.3421186263507],[-80.238555,25.32682],[-80.358183,25.153228],[-80.496761,24.999324],[-80.651189,24.866131],[-80.966245,24.707852],[-81.103373,24.669463],[-81.148718,24.710477]]],[[[-81.4423076374621,25.8033302508746],[-80.873096,25.805377],[-80.87319,25.363993],[-80.8581700400306,25.1775203265261],[-80.87546,25.174321],[-80.915924,25.141301],[-81.009598,25.125403],[-81.079859,25.118797],[-81.142278,25.183],[-81.170907,25.245857],[-81.148103,25.332793],[-81.146765,25.407577],[-81.208201,25.504937],[-81.240519,25.599041],[-81.289901,25.673554],[-81.355986,25.703526],[-81.38381,25.776751],[-81.4423076374621,25.8033302508746]]],[[[-81.811693,24.568745],[-81.751266,24.653517],[-81.672338,24.699514],[-81.584599,24.736696],[-81.571151,24.756354],[-81.44351,24.813364],[-81.305054,24.755185],[-81.243232,24.673998],[-81.342192,24.637774],[-81.401889,24.623544],[-81.443915,24.642677],[-81.517404,24.621239],[-81.595334,24.593107],[-81.685243,24.558676],[-81.812536,24.545469],[-81.811693,24.568745]]],[[[-82.01491,24.543071],[-81.983908,24.580682],[-81.868711,24.58412],[-81.918855,24.498131],[-82.028091,24.498716],[-82.01491,24.543071]]],[[[-82.188031,24.574699],[-82.144099,24.622481],[-82.086643,24.590071],[-82.100757,24.533288],[-82.179454,24.52947],[-82.188031,24.574699]]]]}},{"type":"Feature","properties":{"fips":"48241","name":"Jasper","state":"TX"},"geometry":{"type":"Polygon","coordinates":[[[-94.457816,31.033325],[-94.129632,31.09928],[-94.043234,31.118552],[-94.039034,31.134271],[-93.911126,31.158071],[-93.865711,30.947218],[-93.901452,30.242672],[-94.117604,30.241665],[-94.083386,30.342181],[-94.119394,30.426298],[-94.071689,30.526033],[-94.094812,30.575543],[-94.05096,30.638568],[-94.089369,30.686978],[-94.125824,30.684052],[-94.150119,30.790203],[-94.179343,30.794974],[-94.215213,30.9004],[-94.200441,30.929256],[-94.244888,30.968174],[-94.238424,31.013705],[-94.353782,31.039371],[-94.45327,31.006237],[-94.457816,31.033325]]]}},{"type":"Feature","properties":{"fips":"37197","name":"Yadkin","state":"NC"},"geometry":{"type":"Polygon","coordinates":[[[-80.873205,36.236305],[-80.624245,36.286822],[-80.547885,36.285419],[-80.452656,36.241651],[-80.432241,36.217995],[-80.439104,36.139949],[-80.505532,36.109155],[-80.496283,36.046545],[-80.693197,36.05126],[-80.881591,36.055718],[-80.873205,36.236305]]]}},{"type":"Feature","properties":{"fips":"21071","name":"Floyd","state":"KY"},"geometry":{"type":"Polygon","coordinates":[[[-82.940763,37.716338],[-82.75223,37.756227],[-82.64075,37.720182],[-82.576605,37.694385],[-82.563561,37.684844],[-82.614538,37.670322],[-82.623112,37.503541],[-82.584711,37.466574],[-82.672375,37.306841],[-82.710805,37.285323],[-82.752346,37.308039],[-82.763067,37.425549],[-82.835476,37.414445],[-82.831473,37.46699],[-82.92546,37.486525],[-82.879082,37.535395],[-82.940763,37.716338]]]}},{"type":"Feature","properties":{"fips":"51135","name":"Nottoway","state":"VA"},"geometry":{"type":"Polygon","coordinates":[[[-78.231234,37.29622],[-77.826108,37.201986],[-77.795926,37.192592],[-77.900254,37.143885],[-77.889813,36.988818],[-77.968114,36.987292],[-78.003639,37.022756],[-78.082565,37.011075],[-78.239354,37.120089],[-78.231234,37.29622]]]}},{"type":"Feature","properties":{"fips":"13057","name":"Cherokee","state":"GA"},"geometry":{"type":"Polygon","coordinates":[[[-84.644293,34.355168],[-84.653232,34.41259],[-84.58283,34.412191],[-84.58263,34.381492],[-84.411969,34.380551],[-84.393926,34.373292],[-84.257586,34.380992],[-84.258075,34.335156],[-84.259019,34.185918],[-84.356167,34.174302],[-84.38832,34.118239],[-84.418926,34.073539],[-84.618238,34.081655],[-84.63653,34.077925],[-84.659241,34.07824],[-84.644293,34.355168]]]}},{"type":"Feature","properties":{"fips":"51121","name":"Montgomery","state":"VA"},"geometry":{"type":"Polygon","coordinates":[[[-80.606962,37.244871],[-80.500823,37.275643],[-80.430943,37.316378],[-80.32484,37.368833],[-80.262184,37.341526],[-80.258577,37.308702],[-80.192536,37.234383],[-80.17777,37.13416],[-80.178125,37.1134],[-80.347858,37.021593],[-80.520014,37.011223],[-80.543933,36.984639],[-80.543145,37.048465],[-80.580469,37.089662],[-80.556479,37.09999],[-80.554973,37.117843],[-80.529844,37.111265],[-80.53303,37.118088],[-80.50854,37.135708],[-80.511287,37.147782],[-80.52476,37.147873],[-80.5274,37.134381],[-80.530711,37.132541],[-80.529762,37.133842],[-80.515768,37.201911],[-80.585999,37.182764],[-80.606962,37.244871]]]}},{"type":"Feature","properties":{"fips":"24001","name":"Allegany","state":"MD"},"geometry":{"type":"Polygon","coordinates":[[[-79.066892,39.480623],[-78.9284161298889,39.7229985874409],[-78.8082995296216,39.7230709562769],[-78.723578,39.723122],[-78.380477064564,39.72270413884],[-78.3428335185744,39.7226582929265],[-78.313325,39.692474],[-78.3327880214991,39.6285275964988],[-78.382959,39.622246],[-78.438179,39.563524],[-78.460951,39.525987],[-78.4682695950029,39.5262242704717],[-78.590654,39.530192],[-78.6550361715467,39.5443822410837],[-78.707098,39.555857],[-78.73905,39.609697],[-78.77114,39.638387],[-78.851016,39.554044],[-78.942618,39.479614],[-78.956751,39.440264],[-79.035623,39.473344],[-79.0674474080724,39.4728086991282],[-79.066892,39.480623]]]}},{"type":"Feature","properties":{"fips":"47157","name":"Shelby","state":"TN"},"geometry":{"type":"Polygon","coordinates":[[[-90.300697,35.028793],[-90.265296,35.040293],[-90.197146,35.050731],[-90.181387,35.091401],[-90.160058,35.12883],[-90.09061,35.118287],[-90.099777,35.164474],[-90.093285,35.203282],[-90.097947,35.249983],[-90.166594,35.274588],[-90.121864,35.304535],[-90.087903,35.36327],[-90.112504,35.410153],[-90.070549,35.423291],[-90.045306,35.415435],[-90.039777,35.396531],[-89.855372,35.391],[-89.849825,35.39121],[-89.70248,35.408584],[-89.632776,35.375824],[-89.644051831619,34.994066863428],[-89.7066076930667,34.9941604628742],[-89.724322525596,34.9941869687599],[-89.795187,34.994293],[-90.309297,34.995694],[-90.300697,35.028793]]]}},{"type":"Feature","properties":{"fips":"21213","name":"Simpson","state":"KY"},"geometry":{"type":"Polygon","coordinates":[[[-86.75134,36.72712],[-86.692423,36.839929],[-86.655888,36.876256],[-86.611586,36.883057],[-86.583289,36.830282],[-86.400518,36.807226],[-86.405769,36.776187],[-86.418977,36.676274],[-86.4114961989664,36.6482404228482],[-86.507771,36.652445],[-86.551292,36.637985],[-86.5620676518653,36.6407466739073],[-86.606394,36.652107],[-86.7632909641085,36.6487206745018],[-86.75134,36.72712]]]}},{"type":"Feature","properties":{"fips":"48291","name":"Liberty","state":"TX"},"geometry":{"type":"Polygon","coordinates":[[[-95.165897,30.344976],[-94.85252,30.482907],[-94.849414,30.493553],[-94.777341,30.489002],[-94.732732,30.490066],[-94.596338,30.112101],[-94.44491,30.113015],[-94.442235,29.889538],[-94.98146,29.884276],[-94.998656,29.919771],[-94.985911,29.973012],[-95.031179,29.993324],[-95.096708,30.167214],[-95.165897,30.344976]]]}},{"type":"Feature","properties":{"fips":"21187","name":"Owen","state":"KY"},"geometry":{"type":"Polygon","coordinates":[[[-85.074583,38.596838],[-84.941649,38.650654],[-84.934536,38.66213],[-84.811845,38.702307],[-84.785788,38.720459],[-84.774322,38.618594],[-84.580539,38.473039],[-84.705988,38.370102],[-84.740594,38.352415],[-84.793412,38.338669],[-84.870482,38.356751],[-84.91223,38.459844],[-84.963265,38.437358],[-84.977166,38.512989],[-85.074583,38.596838]]]}},{"type":"Feature","properties":{"fips":"05085","name":"Lonoke","state":"AR"},"geometry":{"type":"Polygon","coordinates":[[[-92.119748,35.06656],[-92.013056,35.076317],[-91.902557,35.027687],[-91.802509,35.030698],[-91.803703,34.921524],[-91.693705,34.919605],[-91.700773,34.672018],[-91.638682,34.624127],[-91.632992,34.552576],[-91.67822,34.481913],[-91.70525,34.482731],[-92.030254,34.489539],[-92.029656,34.621659],[-92.109066,34.622947],[-92.078795,34.721772],[-92.075511,34.842799],[-92.070806,35.011561],[-92.12154,35.012204],[-92.119748,35.06656]]]}},{"type":"Feature","properties":{"fips":"21021","name":"Boyle","state":"KY"},"geometry":{"type":"Polygon","coordinates":[[[-85.030172,37.63127],[-85.025021,37.678854],[-84.793574,37.717249],[-84.744888,37.713075],[-84.652294,37.650892],[-84.658296,37.634501],[-84.65787,37.618278],[-84.847434,37.548343],[-84.8981,37.532113],[-85.039674,37.545232],[-85.030172,37.63127]]]}},{"type":"Feature","properties":{"fips":"47097","name":"Lauderdale","state":"TN"},"geometry":{"type":"Polygon","coordinates":[[[-89.915491,35.754917],[-89.863874,35.747592],[-89.797053,35.782648],[-89.723426,35.809382],[-89.729517,35.847632],[-89.722634,35.873718],[-89.64727,35.89492],[-89.6491186188564,35.9047155762998],[-89.406965,35.946599],[-89.342829,35.880934],[-89.339567,35.862268],[-89.356033,35.817635],[-89.401805,35.822657],[-89.502118,35.580621],[-89.60413,35.625096],[-89.609566,35.637087],[-89.622929,35.652326],[-89.7952,35.63529],[-89.909698,35.537955],[-89.944754,35.560308],[-89.9325,35.607865],[-89.876548,35.626653],[-89.898916,35.650904],[-89.956589,35.695486],[-89.915491,35.754917]]]}},{"type":"Feature","properties":{"fips":"47031","name":"Coffee","state":"TN"},"geometry":{"type":"Polygon","coordinates":[[[-86.279905,35.387452],[-86.25759,35.412476],[-86.234575,35.45276],[-86.245165,35.631913],[-86.221631,35.706429],[-86.207147,35.70379],[-86.08889,35.646823],[-85.985062,35.660108],[-85.948192,35.573422],[-85.876962,35.524095],[-85.869712,35.380362],[-85.913593,35.289189],[-86.02704,35.343837],[-86.158018,35.362607],[-86.261489,35.333579],[-86.279905,35.387452]]]}},{"type":"Feature","properties":{"fips":"13019","name":"Berrien","state":"GA"},"geometry":{"type":"Polygon","coordinates":[[[-83.370888,31.401142],[-83.369514,31.465055],[-83.338728,31.475991],[-83.145587,31.472276],[-83.140483,31.420395],[-83.033468,31.275041],[-83.046885,31.18368],[-83.038246,31.146705],[-83.165072,31.147198],[-83.197971,31.025405],[-83.295052,31.027278],[-83.279781,31.063351],[-83.320471,31.097962],[-83.335949,31.244579],[-83.434492,31.350361],[-83.370888,31.401142]]]}},{"type":"Feature","properties":{"fips":"51165","name":"Rockingham","state":"VA"},"geometry":{"type":"Polygon","coordinates":[[[-79.201459,38.527821],[-79.154357,38.606518],[-79.092955,38.659517],[-79.088055,38.690115],[-79.057253,38.761413],[-79.023053,38.798613],[-78.999014,38.840074],[-78.869276,38.762991],[-78.641769,38.604719],[-78.691312,38.510008],[-78.548833,38.426698],[-78.48574,38.421579],[-78.553143,38.334824],[-78.663145,38.277933],[-78.655347,38.26026],[-78.658975,38.258043],[-78.662188,38.253476],[-78.668725,38.250675],[-78.669806,38.247327],[-78.674483,38.250428],[-78.675913,38.252875],[-78.681032,38.254905],[-78.685286,38.252822],[-78.689787,38.248838],[-78.697744,38.245738],[-78.704336,38.246991],[-78.710006,38.242445],[-78.711239,38.238639],[-78.715574,38.235867],[-78.726272,38.231955],[-78.726443,38.229972],[-78.749396,38.206648],[-78.888258,38.303691],[-78.913046,38.303645],[-79.2284230027078,38.4797415574873],[-79.201459,38.527821]],[[-78.917871,38.394153],[-78.890002,38.390814],[-78.82568,38.431484],[-78.871361,38.489518],[-78.915443,38.437455],[-78.917871,38.394153]]]}},{"type":"Feature","properties":{"fips":"48071","name":"Chambers","state":"TX"},"geometry":{"type":"Polygon","coordinates":[[[-95.015039,29.63195],[-94.913813,29.7663],[-94.908663,29.82607],[-94.98146,29.884276],[-94.442235,29.889538],[-94.417934,29.887149],[-94.357976,29.887464],[-94.3541225449137,29.5621028201748],[-94.370816,29.555645988295],[-94.422868,29.566256],[-94.545908,29.572503],[-94.762569,29.524162],[-94.791611,29.550416],[-94.909845,29.496441],[-95.018205,29.554597],[-95.015039,29.63195]]]}},{"type":"Feature","properties":{"fips":"47063","name":"Hamblen","state":"TN"},"geometry":{"type":"Polygon","coordinates":[[[-83.449498,36.217989],[-83.328295,36.29669],[-83.255292,36.289092],[-83.16259,36.345292],[-83.082312,36.242296],[-83.14219,36.18739],[-83.166085,36.180894],[-83.187386,36.174995],[-83.175098,36.127357],[-83.245787,36.124194],[-83.234585,36.085094],[-83.274501,36.130794],[-83.467097,36.174688],[-83.449498,36.217989]]]}},{"type":"Feature","properties":{"fips":"40095","name":"Marshall","state":"OK"},"geometry":{"type":"Polygon","coordinates":[[[-96.968424,34.172684],[-96.933503,34.172748],[-96.620784,34.162041],[-96.585355,34.114459],[-96.548028,34.063302],[-96.624803,34.009724],[-96.57701,33.964406],[-96.5946743073771,33.8830186573983],[-96.659896,33.916666],[-96.682103,33.876645],[-96.712422,33.831633],[-96.776766,33.841976],[-96.794276,33.868886],[-96.850593,33.847211],[-96.897194,33.902954],[-96.905253,33.947219],[-96.934343303133,33.9455889292528],[-96.934833,34.01293],[-96.969627,34.07102],[-96.968424,34.172684]]]}},{"type":"Feature","properties":{"fips":"48351","name":"Newton","state":"TX"},"geometry":{"type":"Polygon","coordinates":[[[-93.911126,31.158071],[-93.616445,31.175239],[-93.6006030873629,31.1826249552688],[-93.5524973075023,31.1848200234468],[-93.535097,31.185614],[-93.540278,31.128868],[-93.531219,31.051678],[-93.539526,31.008498],[-93.549841,30.967118],[-93.530936,30.924534],[-93.5545758543455,30.8774695018611],[-93.558617,30.869424],[-93.569303,30.802969],[-93.617688,30.738479],[-93.629904,30.67994],[-93.685121,30.625201],[-93.684329,30.592586],[-93.729195,30.544842],[-93.710117,30.5064],[-93.702665,30.429947],[-93.7381729998702,30.4025470540047],[-93.745333,30.397022],[-93.760328,30.329924],[-93.70719,30.275513],[-93.7110621713009,30.2439707156403],[-93.901452,30.242672],[-93.865711,30.947218],[-93.911126,31.158071]]]}},{"type":"Feature","properties":{"fips":"48275","name":"Knox","state":"TX"},"geometry":{"type":"Polygon","coordinates":[[[-99.996434,33.835967],[-99.835143,33.8358],[-99.700705,33.799963],[-99.554906,33.798556],[-99.474498,33.733849],[-99.472444,33.399023],[-99.99098,33.397404],[-99.996434,33.835967]]]}},{"type":"Feature","properties":{"fips":"51683","name":"Manassas","state":"VA"},"geometry":{"type":"Polygon","coordinates":[[[-77.526661,38.733201],[-77.495453,38.770649],[-77.475584,38.781112],[-77.474607,38.78116],[-77.459611,38.772921],[-77.45931,38.772614],[-77.458695,38.772319],[-77.451642,38.738337],[-77.471111,38.727711],[-77.514999,38.735829],[-77.506239,38.706106],[-77.526661,38.733201]]]}},{"type":"Feature","properties":{"fips":"05045","name":"Faulkner","state":"AR"},"geometry":{"type":"Polygon","coordinates":[[[-92.554443,35.113418],[-92.521689,35.114597],[-92.52772,35.230787],[-92.484883,35.275489],[-92.481468,35.368417],[-92.252843,35.36365],[-92.111535,35.362633],[-92.119748,35.06656],[-92.12154,35.012204],[-92.22717,35.014595],[-92.229886,34.927517],[-92.419073,34.93155],[-92.436413,34.842962],[-92.473547,34.947],[-92.544203,34.952897],[-92.598498,34.994844],[-92.554443,35.113418]]]}},{"type":"Feature","properties":{"fips":"47125","name":"Montgomery","state":"TN"},"geometry":{"type":"Polygon","coordinates":[[[-87.64115,36.638036],[-87.347796,36.64144],[-87.3359790500808,36.6415771604931],[-87.1150035566884,36.6441420446512],[-87.150371,36.566824],[-87.120443,36.45546],[-87.280597,36.354166],[-87.286501,36.321933],[-87.303129,36.312442],[-87.513533,36.334713],[-87.586957,36.34178],[-87.592358,36.367663],[-87.64115,36.638036]]]}},{"type":"Feature","properties":{"fips":"21135","name":"Lewis","state":"KY"},"geometry":{"type":"Polygon","coordinates":[[[-83.642994,38.643273],[-83.626922,38.679387],[-83.533339,38.702105],[-83.440404,38.669361],[-83.376302,38.661473],[-83.320531,38.622713],[-83.286514,38.599241],[-83.2642676908446,38.6131319856547],[-83.239515,38.628588],[-83.172647,38.620252],[-83.128973,38.640231],[-83.112372,38.671685],[-83.042338,38.708319],[-83.0303349312311,38.7168676766561],[-83.024075,38.683306],[-83.116177,38.539251],[-83.166419,38.503965],[-83.237181,38.426246],[-83.230598,38.339508],[-83.341347,38.319521],[-83.412003,38.396446],[-83.452848,38.381799],[-83.581613,38.431258],[-83.641852,38.525381],[-83.624596,38.611425],[-83.6469615501443,38.6418337437309],[-83.642994,38.643273]]]}},{"type":"Feature","properties":{"fips":"28071","name":"Lafayette","state":"MS"},"geometry":{"type":"Polygon","coordinates":[[[-89.721341,34.554274],[-89.668448,34.554367],[-89.476642,34.554168],[-89.424459,34.519129],[-89.32582,34.525974],[-89.246133,34.495633],[-89.246339,34.379344],[-89.245485,34.161186],[-89.509748,34.162082],[-89.50944,34.19096],[-89.72105,34.192545],[-89.721341,34.554274]]]}},{"type":"Feature","properties":{"fips":"01125","name":"Tuscaloosa","state":"AL"},"geometry":{"type":"Polygon","coordinates":[[[-87.840683,33.524839],[-87.666661,33.521667],[-87.631718,33.609833],[-87.423701,33.602096],[-87.37104,33.587065],[-87.318532,33.587393],[-87.318237,33.514166],[-87.266923,33.512929],[-87.267185,33.497189],[-87.341698,33.470501],[-87.253788,33.417813],[-87.162007,33.306587],[-87.065754,33.275937],[-87.065738,33.246907],[-87.199153,33.196554],[-87.199317,33.130657],[-87.281945,33.13306],[-87.318539,33.006179],[-87.421936,33.003379],[-87.715709,33.006824],[-87.712009,33.015624],[-87.832142,33.017597],[-87.838985,33.093961],[-87.837521,33.153637],[-87.840683,33.524839]]]}},{"type":"Feature","properties":{"fips":"51003","name":"Albemarle","state":"VA"},"geometry":{"type":"Polygon","coordinates":[[[-78.781078,38.080757],[-78.749396,38.206648],[-78.726443,38.229972],[-78.726272,38.231955],[-78.715574,38.235867],[-78.711239,38.238639],[-78.710006,38.242445],[-78.704336,38.246991],[-78.697744,38.245738],[-78.689787,38.248838],[-78.685286,38.252822],[-78.681032,38.254905],[-78.675913,38.252875],[-78.674483,38.250428],[-78.669806,38.247327],[-78.668725,38.250675],[-78.662188,38.253476],[-78.658975,38.258043],[-78.655347,38.26026],[-78.663145,38.277933],[-78.606539,38.258172],[-78.368984,38.184146],[-78.341674,38.176898],[-78.209384,38.131128],[-78.253989,38.062813],[-78.306763,38.006474],[-78.491345,37.796956],[-78.497714,37.7631],[-78.643918,37.733084],[-78.668862,37.724752],[-78.682986,37.78206],[-78.838874,38.04737],[-78.781078,38.080757]],[[-78.519333,38.010678],[-78.468884,38.013418],[-78.447968,38.05741],[-78.46613,38.0457],[-78.495034,38.065337],[-78.519333,38.010678]]]}},{"type":"Feature","properties":{"fips":"37087","name":"Haywood","state":"NC"},"geometry":{"type":"Polygon","coordinates":[[[-83.2561415523036,35.7151240626578],[-83.255351,35.71623],[-83.198267,35.725494],[-83.161537,35.763363],[-83.097193,35.776067],[-83.04853,35.787706],[-82.978414,35.78261],[-82.9666497428986,35.795445979574],[-82.957072,35.7467],[-82.883909,35.678235],[-82.84609,35.614309],[-82.77055,35.575932],[-82.798174,35.469805],[-82.745139,35.422967],[-82.831628,35.31859],[-82.920881,35.292037],[-83.164571,35.509571],[-83.186322,35.514368],[-83.155835,35.552622],[-83.181977,35.671327],[-83.26474416829,35.7030894961701],[-83.2561415523036,35.7151240626578]]]}},{"type":"Feature","properties":{"fips":"40017","name":"Canadian","state":"OK"},"geometry":{"type":"Polygon","coordinates":[[[-98.313153,35.725161],[-98.207104,35.725187],[-97.834102,35.725899],[-97.674026,35.72597],[-97.671539,35.464209],[-97.67143,35.447893],[-97.671369,35.377151],[-97.671415,35.337465],[-97.671414,35.335946],[-97.959679,35.34586],[-98.096014,35.377753],[-98.305837,35.377173],[-98.313251,35.551523],[-98.313153,35.725161]]]}},{"type":"Feature","properties":{"fips":"48251","name":"Johnson","state":"TX"},"geometry":{"type":"Polygon","coordinates":[[[-97.617005,32.555484],[-97.550582,32.555391],[-97.364575,32.553417],[-97.232799,32.551484],[-97.17704,32.550646],[-97.087055,32.549296],[-97.087043,32.266824],[-97.113748,32.259189],[-97.270479,32.226774],[-97.466106,32.183889],[-97.476086,32.17346],[-97.514333,32.133802],[-97.615087,32.203491],[-97.61572,32.318617],[-97.617005,32.555484]]]}},{"type":"Feature","properties":{"fips":"05093","name":"Mississippi","state":"AR"},"geometry":{"type":"Polygon","coordinates":[[[-90.2890769140827,35.9965128689775],[-90.103842,35.998143],[-89.9593746319162,35.9990141141563],[-89.901183,35.999365],[-89.733095,36.000608],[-89.686924,35.947716],[-89.652279,35.921462],[-89.6491186188564,35.9047155762998],[-89.64727,35.89492],[-89.722634,35.873718],[-89.729517,35.847632],[-89.723426,35.809382],[-89.797053,35.782648],[-89.863874,35.747592],[-89.915491,35.754917],[-89.956589,35.695486],[-89.898916,35.650904],[-89.876548,35.626653],[-89.9325,35.607865],[-89.944754,35.560308],[-89.958498,35.541703],[-90.037615,35.550329],[-90.045805,35.496533],[-90.022064,35.457375],[-90.045306,35.415435],[-90.070549,35.423291],[-90.112504,35.410153],[-90.140114,35.436771],[-90.286926,35.438439],[-90.286789,35.69991],[-90.2890769140827,35.9965128689775]]]}},{"type":"Feature","properties":{"fips":"12029","name":"Dixie","state":"FL"},"geometry":{"type":"Polygon","coordinates":[[[-83.4141422518799,29.6661877064703],[-83.366398,29.665701],[-83.318859,29.822623],[-82.920608,29.824143],[-82.949707,29.754409],[-82.954879,29.585605],[-82.937329,29.591196],[-82.984371,29.471004],[-83.060528,29.349457],[-83.1655541262812,29.288964743454],[-83.169576,29.290355],[-83.175518,29.34469],[-83.202446,29.394422],[-83.240509,29.433178],[-83.294747,29.437923],[-83.307828,29.468861],[-83.401552,29.523291],[-83.405068,29.59557],[-83.4141422518799,29.6661877064703]]]}},{"type":"Feature","properties":{"fips":"51590","name":"Danville","state":"VA"},"geometry":{"type":"Polygon","coordinates":[[[-79.500848,36.618262],[-79.422191,36.600518],[-79.398094,36.644037],[-79.365013,36.607797],[-79.302564,36.577431],[-79.3431159193695,36.5411430999685],[-79.4700566739243,36.5408361497866],[-79.456471,36.576971],[-79.518995,36.603359],[-79.500848,36.618262]]]}},{"type":"Feature","properties":{"fips":"28131","name":"Stone","state":"MS"},"geometry":{"type":"Polygon","coordinates":[[[-89.340806,30.909912],[-89.137967,30.909877],[-88.885038,30.910788],[-88.884534,30.735591],[-88.884533,30.677292],[-89.240073,30.67716],[-89.341446,30.64772],[-89.340806,30.909912]]]}},{"type":"Feature","properties":{"fips":"28145","name":"Union","state":"MS"},"geometry":{"type":"Polygon","coordinates":[[[-89.246133,34.495633],[-89.245645,34.583234],[-89.22228,34.597629],[-89.088488,34.598247],[-88.73544,34.596483],[-88.736465,34.50891],[-88.789442,34.49493],[-88.824966,34.364759],[-88.928901,34.379361],[-89.246339,34.379344],[-89.246133,34.495633]]]}},{"type":"Feature","properties":{"fips":"48003","name":"Andrews","state":"TX"},"geometry":{"type":"Polygon","coordinates":[[[-103.064696,32.522193],[-102.211037,32.523244],[-102.211249,32.0868],[-102.287048,32.086991],[-102.799086,32.085795],[-102.844395,32.087062],[-103.064422401106,32.087051],[-103.064422,32.145006],[-103.064696,32.522193]]]}},{"type":"Feature","properties":{"fips":"48449","name":"Titus","state":"TX"},"geometry":{"type":"Polygon","coordinates":[[[-95.125451,33.389454],[-94.81271,33.375577],[-94.808783,33.363636],[-94.819828,32.982886],[-94.935679,33.073684],[-95.12613,33.034581],[-95.125451,33.389454]]]}},{"type":"Feature","properties":{"fips":"48267","name":"Kimble","state":"TX"},"geometry":{"type":"Polygon","coordinates":[[[-100.116234,30.710366],[-99.483869,30.710771],[-99.484493,30.499641],[-99.303996,30.499832],[-99.301718,30.286653],[-99.754142,30.290698],[-100.116461,30.290296],[-100.116234,30.710366]]]}},{"type":"Feature","properties":{"fips":"05095","name":"Monroe","state":"AR"},"geometry":{"type":"Polygon","coordinates":[[[-91.446983,34.667531],[-91.374795,34.665989],[-91.368658,34.912665],[-91.29479,34.912452],[-91.293142,34.985234],[-91.237363,35.004289],[-91.14975,35.002469],[-91.152457,34.911847],[-91.100029,34.867127],[-91.102542,34.734864],[-91.049474,34.734184],[-91.052011,34.645717],[-91.054775,34.470829],[-91.000316,34.469386],[-91.002721,34.336362],[-91.056337,34.336652],[-91.17485,34.450638],[-91.291609,34.561762],[-91.37782,34.56348],[-91.447888,34.609135],[-91.446983,34.667531]]]}},{"type":"Feature","properties":{"fips":"13179","name":"Liberty","state":"GA"},"geometry":{"type":"Polygon","coordinates":[[[-81.761735,32.0479],[-81.718658,32.089351],[-81.692695,32.088313],[-81.603665,32.008469],[-81.593292,31.971233],[-81.475456,31.974167],[-81.407737,31.944302],[-81.355837,31.8149],[-81.259887,31.753754],[-81.154731,31.71307],[-81.1352985902005,31.7105645979661],[-81.139394,31.699917],[-81.133493,31.623348],[-81.173079,31.555908],[-81.1748326365906,31.5395964494948],[-81.22222,31.63042],[-81.314548,31.659382],[-81.43576,31.642055],[-81.491798,31.699575],[-81.641761,31.765451],[-81.765357,31.87454],[-81.750257,31.973207],[-81.824405,32.014882],[-81.761735,32.0479]]]}},{"type":"Feature","properties":{"fips":"05119","name":"Pulaski","state":"AR"},"geometry":{"type":"Polygon","coordinates":[[[-92.753891,34.911579],[-92.649646,34.910173],[-92.544203,34.952897],[-92.473547,34.947],[-92.436413,34.842962],[-92.419073,34.93155],[-92.229886,34.927517],[-92.22717,35.014595],[-92.12154,35.012204],[-92.070806,35.011561],[-92.075511,34.842799],[-92.078795,34.721772],[-92.109066,34.622947],[-92.029656,34.621659],[-92.030254,34.489539],[-92.143734,34.491557],[-92.208042,34.492809],[-92.245841,34.493584],[-92.244212,34.58089],[-92.348692,34.582289],[-92.346461,34.625635],[-92.381943,34.626338],[-92.443286,34.672041],[-92.552015,34.689333],[-92.549656,34.761691],[-92.654324,34.764541],[-92.651248,34.851682],[-92.739732,34.853599],[-92.753891,34.911579]]]}},{"type":"Feature","properties":{"fips":"48217","name":"Hill","state":"TX"},"geometry":{"type":"Polygon","coordinates":[[[-97.476086,32.17346],[-97.466106,32.183889],[-97.270479,32.226774],[-97.113748,32.259189],[-97.087043,32.266824],[-96.940656,32.052087],[-96.896209,32.073977],[-96.719114,31.814887],[-96.932215,31.708887],[-97.037266,31.863079],[-97.277265,31.745492],[-97.32653,31.78836],[-97.28206,31.843152],[-97.382848,31.870788],[-97.438765,31.933506],[-97.379992,31.97274],[-97.485968,32.017611],[-97.476086,32.17346]]]}},{"type":"Feature","properties":{"fips":"47025","name":"Claiborne","state":"TN"},"geometry":{"type":"Polygon","coordinates":[[[-83.9307607839439,36.5876942581124],[-83.894421,36.586481],[-83.690714,36.582581],[-83.675413,36.600814],[-83.4720935738096,36.5994757320593],[-83.398303,36.534885],[-83.369401,36.459186],[-83.3868,36.413186],[-83.532504,36.353385],[-83.658007,36.331982],[-83.667408,36.344381],[-83.73301,36.34498],[-83.805415,36.435679],[-83.905638,36.419979],[-83.922618,36.427779],[-83.9876109506828,36.5895922860725],[-83.9307607839439,36.5876942581124]]]}},{"type":"Feature","properties":{"fips":"13115","name":"Floyd","state":"GA"},"geometry":{"type":"Polygon","coordinates":[[[-85.4631408247758,34.2861909885055],[-85.387351,34.286097],[-85.334881,34.369748],[-85.180548,34.435996],[-85.107748,34.587483],[-85.069159,34.587184],[-85.104811,34.404608],[-85.005775,34.392446],[-85.023102,34.347112],[-85.046871,34.096412],[-85.257624,34.100668],[-85.25807,34.079133],[-85.4210731752288,34.0808126526072],[-85.429499,34.125095],[-85.4631408247758,34.2861909885055]]]}},{"type":"Feature","properties":{"fips":"21017","name":"Bourbon","state":"KY"},"geometry":{"type":"Polygon","coordinates":[[[-84.442661,38.283236],[-84.344921,38.285046],[-84.19405,38.37175],[-84.120185,38.275516],[-83.969281,38.20933],[-83.977924,38.192118],[-83.994222,38.172487],[-84.080527,38.115118],[-84.286461,38.067028],[-84.379613,38.111456],[-84.35523,38.178474],[-84.401847,38.207889],[-84.419918,38.214245],[-84.442661,38.283236]]]}},{"type":"Feature","properties":{"fips":"37157","name":"Rockingham","state":"NC"},"geometry":{"type":"Polygon","coordinates":[[[-80.0273389151412,36.5424953856142],[-80.027269,36.542495],[-79.714850811052,36.5414324847413],[-79.5136476625086,36.5407482050707],[-79.531865,36.249673],[-79.53241,36.241463],[-79.867407,36.251783],[-80.035119,36.257184],[-80.0273389151412,36.5424953856142]]]}},{"type":"Feature","properties":{"fips":"22079","name":"Rapides","state":"LA"},"geometry":{"type":"Polygon","coordinates":[[[-92.947159,31.346751],[-92.718899,31.517476],[-92.692887,31.399598],[-92.631944,31.390478],[-92.196131,31.477877],[-92.072937,31.345407],[-92.086718,31.335374],[-92.23323,31.321545],[-92.227124,31.074759],[-92.208605,30.962171],[-92.280738,30.965071],[-92.330778,30.963323],[-92.38021,31.000374],[-92.48033,30.952271],[-92.509043,30.895841],[-92.597798,30.896001],[-92.622883,30.898761],[-92.740222,30.891503],[-92.82387,30.892071],[-92.829525,31.252055],[-92.915693,31.324569],[-92.98146,31.346864],[-92.947159,31.346751]]]}},{"type":"Feature","properties":{"fips":"28037","name":"Franklin","state":"MS"},"geometry":{"type":"Polygon","coordinates":[[[-91.153864,31.610068],[-90.73733,31.611124],[-90.633231,31.611409],[-90.633302,31.349306],[-91.018012,31.347502],[-91.065741,31.338898],[-91.095398,31.320975],[-91.117967,31.320314],[-91.15815,31.346695],[-91.153864,31.610068]]]}},{"type":"Feature","properties":{"fips":"47061","name":"Grundy","state":"TN"},"geometry":{"type":"Polygon","coordinates":[[[-85.913593,35.289189],[-85.869712,35.380362],[-85.876962,35.524095],[-85.820334,35.504573],[-85.607326,35.531651],[-85.485622,35.406307],[-85.558551,35.319292],[-85.709418,35.289251],[-85.740113,35.215295],[-85.873025,35.223362],[-85.913593,35.289189]]]}},{"type":"Feature","properties":{"fips":"54007","name":"Braxton","state":"WV"},"geometry":{"type":"Polygon","coordinates":[[[-80.98495,38.717898],[-80.669962,38.892688],[-80.605799,38.904167],[-80.58349,38.858871],[-80.47381,38.833229],[-80.457332,38.739169],[-80.508655,38.645553],[-80.650786,38.52659],[-80.785177,38.557649],[-80.881232,38.507045],[-80.913289,38.563827],[-81.031677,38.667839],[-80.98495,38.717898]]]}},{"type":"Feature","properties":{"fips":"48331","name":"Milam","state":"TX"},"geometry":{"type":"Polygon","coordinates":[[[-97.315485,30.752363],[-97.258959,30.889579],[-97.070057,30.986031],[-96.849079,31.100471],[-96.830497,31.10522],[-96.767149,31.042829],[-96.75633,30.927206],[-96.64128,30.818051],[-96.61224,30.75771],[-96.621423,30.730764],[-96.96363,30.557198],[-97.155219,30.457344],[-97.218861,30.611883],[-97.269949,30.735362],[-97.315485,30.752363]]]}},{"type":"Feature","properties":{"fips":"24033","name":"Prince George's","state":"MD"},"geometry":{"type":"Polygon","coordinates":[[[-77.079499,38.709515],[-77.053199,38.709915],[-77.040998,38.737914],[-77.0406725707781,38.7466919304829],[-77.0392398850823,38.7853363256236],[-77.039006,38.791645],[-76.979497,38.837812],[-76.909393,38.892852],[-77.002546244247,38.9655317004459],[-76.968492,39.022828],[-76.968312,39.02308],[-76.967332,39.024662],[-76.946458,39.052482],[-76.907292,39.117908],[-76.888505,39.130967],[-76.840362,39.103142],[-76.836458,39.068437],[-76.751258,39.034714],[-76.698459,38.983783],[-76.670111,38.906919],[-76.710639,38.815694],[-76.686358,38.748475],[-76.70196,38.710864],[-76.675457,38.535876],[-76.740747,38.559141],[-76.747335,38.616677],[-76.862955,38.658649],[-77.011028,38.651975],[-77.047656,38.616303],[-77.0857847651564,38.7052812818324],[-77.079499,38.709515]]]}},{"type":"Feature","properties":{"fips":"45057","name":"Lancaster","state":"SC"},"geometry":{"type":"Polygon","coordinates":[[[-80.9061786627212,35.0751154751148],[-80.8405485676148,35.0014509426323],[-80.782042,34.935782],[-80.796997,34.823874],[-80.5617085493824,34.8174824003365],[-80.488532,34.704584],[-80.408373,34.614765],[-80.550552,34.560116],[-80.527434,34.503935],[-80.739966,34.479957],[-80.743345,34.539916],[-80.879227,34.457776],[-80.898722,34.486694],[-80.877596,34.54315],[-80.896507,34.631781],[-80.860375,34.695847],[-80.876223,34.788047],[-80.898243,34.820844],[-80.86689,34.847686],[-80.868486,34.95096],[-80.9061786627212,35.0751154751148]]]}},{"type":"Feature","properties":{"fips":"51007","name":"Amelia","state":"VA"},"geometry":{"type":"Polygon","coordinates":[[[-78.235039,37.368102],[-78.185002,37.444552],[-78.132048,37.454686],[-77.999575,37.498052],[-77.899761,37.475422],[-77.855148,37.418363],[-77.877171,37.365171],[-77.75862,37.268717],[-77.65061,37.265112],[-77.747693,37.192729],[-77.795926,37.192592],[-77.826108,37.201986],[-78.231234,37.29622],[-78.235039,37.368102]]]}},{"type":"Feature","properties":{"fips":"21053","name":"Clinton","state":"KY"},"geometry":{"type":"Polygon","coordinates":[[[-85.2958124857275,36.6261495593675],[-85.246357,36.744294],[-85.215405,36.854467],[-85.235046,36.885673],[-85.118411,36.827334],[-85.064307,36.858743],[-85.004099,36.756237],[-84.999106,36.624161],[-84.9748684358374,36.6145833593172],[-85.096128,36.622483],[-85.2762879474994,36.6261575408034],[-85.290627,36.62645],[-85.2958124857275,36.6261495593675]]]}},{"type":"Feature","properties":{"fips":"13053","name":"Chattahoochee","state":"GA"},"geometry":{"type":"Polygon","coordinates":[[[-84.983466,32.363186],[-84.9811502941337,32.3790400766818],[-84.768407,32.420591],[-84.69451,32.518732],[-84.637323,32.534855],[-84.657325,32.49494],[-84.65892,32.232852],[-84.799348,32.230852],[-84.832962,32.230851],[-84.9199421479259,32.2308482009333],[-84.891841,32.263398],[-84.955704,32.30591],[-85.008096,32.336677],[-84.983466,32.363186]]]}},{"type":"Feature","properties":{"fips":"22073","name":"Ouachita","state":"LA"},"geometry":{"type":"Polygon","coordinates":[[[-92.41539,32.47137],[-92.415515,32.495609],[-92.415404,32.522138],[-92.415228,32.582854],[-92.223849,32.590366],[-92.065179,32.723003],[-92.049891,32.686078],[-91.975026,32.711428],[-91.9363,32.658873],[-91.911168,32.661139],[-91.943419,32.587119],[-91.913057,32.505902],[-91.944278,32.448777],[-91.993631,32.397902],[-92.020179,32.29679],[-92.034473,32.277237],[-92.106327,32.25873],[-92.312163,32.277348],[-92.311957,32.320966],[-92.415577,32.408029],[-92.41539,32.47137]]]}},{"type":"Feature","properties":{"fips":"22103","name":"St. Tammany","state":"LA"},"geometry":{"type":"Polygon","coordinates":[[[-90.255749,30.712444],[-89.99459,30.665307],[-89.8261803591152,30.6688232701852],[-89.821868,30.644024],[-89.791664,30.551524],[-89.712493,30.47751],[-89.6999320828408,30.454036880786],[-89.678514,30.414012],[-89.634208,30.308256],[-89.607655,30.217096],[-89.524504,30.180753],[-89.6050884565546,30.1428141575593],[-89.685287,30.175346],[-89.797414,30.160757],[-89.903234,30.19866],[-90.040277,30.155114],[-90.108119,30.16494],[-90.156256,30.189613],[-90.160636,30.234337],[-90.243649,30.361581],[-90.244305,30.503592],[-90.243172,30.596015],[-90.255749,30.712444]]]}},{"type":"Feature","properties":{"fips":"21089","name":"Greenup","state":"KY"},"geometry":{"type":"Polygon","coordinates":[[[-83.116177,38.539251],[-83.024075,38.683306],[-83.0303349312311,38.7168676766561],[-83.011816,38.730057],[-82.943147,38.74328],[-82.889193,38.756076],[-82.871192,38.718377],[-82.869592,38.678177],[-82.851314,38.604334],[-82.8115423846504,38.5723695895619],[-82.800112,38.563183],[-82.724846,38.5576],[-82.675724,38.515504],[-82.6641207909684,38.5077181960708],[-82.810637,38.393024],[-82.817454,38.373935],[-82.970648,38.393666],[-83.000886,38.410592],[-83.051751,38.465404],[-83.166419,38.503965],[-83.116177,38.539251]]]}},{"type":"Feature","properties":{"fips":"51111","name":"Lunenburg","state":"VA"},"geometry":{"type":"Polygon","coordinates":[[[-78.443644,37.079371],[-78.275167,37.103526],[-78.239354,37.120089],[-78.082565,37.011075],[-78.003639,37.022756],[-78.027411,36.777858],[-78.421187,36.851652],[-78.493028,36.89122],[-78.443644,37.079371]]]}},{"type":"Feature","properties":{"fips":"48201","name":"Harris","state":"TX"},"geometry":{"type":"Polygon","coordinates":[[[-95.960615,30.163628],[-95.80333,30.090096],[-95.755185,30.092148],[-95.623218,30.135646],[-95.596757,30.13446],[-95.57463,30.151783],[-95.54214,30.170473],[-95.499839,30.142475],[-95.491123,30.110368],[-95.424216,30.115491],[-95.292997,30.027905],[-95.096708,30.167214],[-95.031179,29.993324],[-94.985911,29.973012],[-94.998656,29.919771],[-94.98146,29.884276],[-94.908663,29.82607],[-94.913813,29.7663],[-95.015039,29.63195],[-95.018205,29.554597],[-95.068329,29.557485],[-95.16161,29.497297],[-95.216349,29.555766],[-95.253856,29.553778],[-95.260292,29.589883],[-95.297411,29.596522],[-95.331146,29.599108],[-95.386044,29.585556],[-95.424196,29.580675],[-95.571363,29.648725],[-95.597057,29.660601],[-95.623177,29.674496],[-95.686693,29.710329],[-95.687982,29.711075],[-95.73007,29.734689],[-95.825975,29.788616],[-95.830196,29.800418],[-95.960615,30.163628]]]}},{"type":"Feature","properties":{"fips":"12111","name":"St. Lucie","state":"FL"},"geometry":{"type":"Polygon","coordinates":[[[-80.679659,27.558736],[-80.3166866116204,27.5573400246076],[-80.253665,27.37979],[-80.1980213526587,27.2630088036725],[-80.284771,27.263723],[-80.28551,27.206025],[-80.677862,27.205988],[-80.679659,27.558736]]]}},{"type":"Feature","properties":{"fips":"05135","name":"Sharp","state":"AR"},"geometry":{"type":"Polygon","coordinates":[[[-91.682207,36.000567],[-91.691443,36.25316],[-91.566061,36.249961],[-91.565898,36.337408],[-91.454363,36.335535],[-91.450023110521,36.4975403827277],[-91.4068712895641,36.4971382315405],[-91.274863,36.374583],[-91.25892,36.25788],[-91.349834,36.230967],[-91.35742,35.89066],[-91.464678,35.892549],[-91.463132,35.93685],[-91.710483,35.941784],[-91.682207,36.000567]]]}},{"type":"Feature","properties":{"fips":"13205","name":"Mitchell","state":"GA"},"geometry":{"type":"Polygon","coordinates":[[[-84.471001,31.167981],[-84.40435,31.199143],[-84.340552,31.305341],[-84.20066,31.355525],[-84.141124,31.440179],[-84.120777,31.442512],[-83.997796,31.443753],[-83.99943,31.334966],[-84.002972,31.112686],[-84.003627,31.07729],[-84.116644,31.077971],[-84.376612,31.078883],[-84.508078,31.0784],[-84.471001,31.167981]]]}},{"type":"Feature","properties":{"fips":"21073","name":"Franklin","state":"KY"},"geometry":{"type":"Polygon","coordinates":[[[-84.998898,38.274979],[-84.956959,38.332271],[-84.997667,38.335586],[-84.906256,38.374836],[-84.870482,38.356751],[-84.793412,38.338669],[-84.740594,38.352415],[-84.730989,38.216338],[-84.725168,38.195426],[-84.864804,38.141373],[-84.864908,38.116926],[-84.91881,38.099381],[-84.996625,38.127479],[-85.023711,38.129052],[-84.998898,38.274979]]]}},{"type":"Feature","properties":{"fips":"22017","name":"Caddo","state":"LA"},"geometry":{"type":"Polygon","coordinates":[[[-94.0430515276176,32.6930299766656],[-94.043026,32.797476],[-94.0430026215633,32.881088978924],[-94.042964,33.019219],[-93.8145980610549,33.0193890113342],[-93.842597,32.946764],[-93.785181,32.857353],[-93.824253,32.792451],[-93.783233,32.78436],[-93.823221,32.735142],[-93.782111,32.712212],[-93.78614,32.667073],[-93.73661,32.579845],[-93.766756,32.556683],[-93.767721,32.539534],[-93.698589,32.49294],[-93.687057,32.398121],[-93.635741,32.39593],[-93.582402,32.328516],[-93.54473,32.327474],[-93.524803,32.274003],[-93.469441,32.237181],[-93.61469,32.237526],[-93.623519,32.282854],[-93.752707,32.342375],[-93.795678,32.337476],[-93.824479,32.302211],[-93.856503,32.276393],[-93.951212,32.195625],[-94.0426959391654,32.1960649748209],[-94.042739,32.363559],[-94.0427882328053,32.3922831932812],[-94.043083,32.564261],[-94.0430515276176,32.6930299766656]]]}},{"type":"Feature","properties":{"fips":"24017","name":"Charles","state":"MD"},"geometry":{"type":"Polygon","coordinates":[[[-77.322622,38.467131],[-77.3006322180696,38.5046984048155],[-77.274031,38.550144],[-77.2259810335041,38.6033462530533],[-77.222244,38.607484],[-77.1302,38.635017],[-77.132501,38.673816],[-77.0857847651564,38.7052812818324],[-77.047656,38.616303],[-77.011028,38.651975],[-76.862955,38.658649],[-76.747335,38.616677],[-76.740747,38.559141],[-76.675457,38.535876],[-76.674118,38.499622],[-76.768654,38.512614],[-76.87146,38.389937],[-76.821256,38.268758],[-76.8663064384604,38.1763069312986],[-76.910832,38.197073],[-76.962311,38.214075],[-76.957796,38.243183],[-76.990255,38.273935],[-76.9968756083993,38.2790701811448],[-77.024855,38.300772],[-77.026912,38.321806],[-77.014646,38.354035],[-77.035898,38.37426],[-77.068194,38.38091],[-77.162692,38.345994],[-77.265295,38.333165],[-77.2843464997922,38.3516368165143],[-77.317288,38.383576],[-77.322622,38.467131]]]}},{"type":"Feature","properties":{"fips":"22029","name":"Concordia","state":"LA"},"geometry":{"type":"Polygon","coordinates":[[[-91.845019,31.375916],[-91.776779,31.385215],[-91.855889,31.423831],[-91.857083,31.494527],[-91.807098,31.438794],[-91.738331,31.431572],[-91.738032,31.46741],[-91.798754,31.473354],[-91.779725,31.530973],[-91.826926,31.591671],[-91.775836,31.648626],[-91.737189,31.614088],[-91.705948,31.642863],[-91.694469,31.735286],[-91.635822,31.729119],[-91.601622,31.761864],[-91.544791,31.751731],[-91.39829,31.753212],[-91.3801245299835,31.73262695305],[-91.380915,31.732464],[-91.395715,31.644165],[-91.463817,31.620365],[-91.457517,31.587566],[-91.437616,31.546166],[-91.489618,31.534266],[-91.51714,31.498394],[-91.510356,31.438928],[-91.532336,31.390275],[-91.536061,31.338355],[-91.508858,31.291644],[-91.564192,31.261633],[-91.621358,31.267811],[-91.644356,31.234414],[-91.590051,31.193693],[-91.5909938930645,31.1919985656988],[-91.621671,31.13687],[-91.594693,31.091444],[-91.560365,31.049508],[-91.6282572982088,31.0050970018952],[-91.723804,31.044254],[-91.719004,31.134616],[-91.677302,31.188047],[-91.83428,31.266344],[-91.862168,31.302314],[-91.845019,31.375916]]]}},{"type":"Feature","properties":{"fips":"22039","name":"Evangeline","state":"LA"},"geometry":{"type":"Polygon","coordinates":[[[-92.630321,30.488012],[-92.583508,30.56269],[-92.597798,30.896001],[-92.509043,30.895841],[-92.48033,30.952271],[-92.38021,31.000374],[-92.330778,30.963323],[-92.280738,30.965071],[-92.237794,30.84828],[-92.212593,30.848609],[-92.172314,30.767914],[-92.172484,30.673829],[-92.211478,30.568127],[-92.262719,30.538738],[-92.42078,30.53882],[-92.493259,30.480499],[-92.632025,30.481182],[-92.630321,30.488012]]]}},{"type":"Feature","properties":{"fips":"05005","name":"Baxter","state":"AR"},"geometry":{"type":"Polygon","coordinates":[[[-92.59522,36.354922],[-92.533104,36.386557],[-92.5291361751611,36.498165682126],[-92.350277,36.497787],[-92.150306261007,36.4981403333038],[-92.158941,36.278518],[-92.156931,36.261221],[-92.159928,36.173792],[-92.215212,36.13397],[-92.19564,36.133009],[-92.197449,36.059239],[-92.305109,36.061087],[-92.307215,35.974007],[-92.414396,35.975798],[-92.411563,36.062757],[-92.411862,36.162183],[-92.480417,36.199417],[-92.473163,36.2568],[-92.54297,36.263058],[-92.59522,36.354922]]]}},{"type":"Feature","properties":{"fips":"13085","name":"Dawson","state":"GA"},"geometry":{"type":"Polygon","coordinates":[[[-84.336639,34.578945],[-84.255112,34.568333],[-84.196754,34.617924],[-84.188557,34.602692],[-84.19104,34.539181],[-84.102037,34.464544],[-83.980649,34.418389],[-83.981433,34.357829],[-83.957077,34.334011],[-84.258075,34.335156],[-84.257586,34.380992],[-84.256867,34.467327],[-84.319679,34.467857],[-84.345553,34.562735],[-84.336639,34.578945]]]}},{"type":"Feature","properties":{"fips":"05101","name":"Newton","state":"AR"},"geometry":{"type":"Polygon","coordinates":[[[-93.523646,35.881514],[-93.450788,35.967497],[-93.44574,36.080787],[-93.479521,36.125054],[-93.30082,36.12155],[-92.94463,36.115253],[-92.938469,36.071665],[-92.951373,35.724635],[-93.164451,35.728873],[-93.519643,35.734464],[-93.519185,35.763487],[-93.523646,35.881514]]]}},{"type":"Feature","properties":{"fips":"13237","name":"Putnam","state":"GA"},"geometry":{"type":"Polygon","coordinates":[[[-83.533736,33.434472],[-83.279931,33.483438],[-83.224564,33.380423],[-83.164207,33.35503],[-83.145856,33.310045],[-83.253461,33.25929],[-83.274108,33.187238],[-83.36385,33.169094],[-83.42909,33.185352],[-83.444375,33.184942],[-83.545876,33.171944],[-83.533736,33.434472]]]}},{"type":"Feature","properties":{"fips":"21027","name":"Breckinridge","state":"KY"},"geometry":{"type":"Polygon","coordinates":[[[-86.6467093891411,37.8649113991803],[-86.615215,37.852857],[-86.599848,37.906754],[-86.509368,37.902887],[-86.525174,37.968228],[-86.521825,38.038327],[-86.4880524671283,38.0436653088997],[-86.242777,37.877002],[-86.151285,37.798878],[-86.27527,37.593519],[-86.409744,37.566514],[-86.511631,37.622924],[-86.59281,37.56436],[-86.640821,37.619186],[-86.638935,37.661877],[-86.62295,37.656565],[-86.677873,37.792848],[-86.6467093891411,37.8649113991803]]]}},{"type":"Feature","properties":{"fips":"22075","name":"Plaquemines","state":"LA"},"geometry":{"type":"Polygon","coordinates":[[[-90.06861,29.82883],[-90.008056,29.895528],[-89.959014,29.902637],[-89.910708,29.867865],[-89.86972,29.795451],[-89.721045,29.757652],[-89.628181,29.680682],[-89.5186,29.649117],[-89.5009667531337,29.6334554250588],[-89.504738,29.631508],[-89.535202,29.648567],[-89.602109,29.610295],[-89.564615,29.543786],[-89.569607,29.494044],[-89.53215,29.434567],[-89.482318,29.406222],[-89.380001,29.391785],[-89.312085,29.388038],[-89.257852,29.336872],[-89.200389,29.344418],[-89.134337,29.27934],[-89.116653,29.219532],[-89.025974,29.215153],[-89.01428,29.166913],[-89.066617,29.090714],[-89.11653,29.074097],[-89.148792,29.02967],[-89.142866,28.991623],[-89.218673,29.022515],[-89.259354,29.058358],[-89.322011,29.010251],[-89.400966,28.933812],[-89.40353,29.016964],[-89.361098,29.071848],[-89.390515,29.123576],[-89.432932,29.149023],[-89.482844,29.215053],[-89.564551,29.242527],[-89.606651,29.252023],[-89.639663,29.290531],[-89.726162,29.304026],[-89.842641,29.318823],[-89.883463,29.307103],[-89.9027063240243,29.293036606496],[-89.97747,29.449371],[-89.984533,29.617396],[-90.075683,29.77185],[-90.06861,29.82883]]]}},{"type":"Feature","properties":{"fips":"21075","name":"Fulton","state":"KY"},"geometry":{"type":"Polygon","coordinates":[[[-89.544434,36.57451],[-89.479346,36.566253],[-89.407906,36.562345],[-89.378694,36.622292],[-89.327319777009,36.6239462887705],[-89.324658,36.624032],[-89.278935,36.577699],[-89.227319,36.569375],[-89.199136,36.625649],[-89.1756497723469,36.6513192625535],[-89.147098,36.649117],[-89.026629,36.592124],[-88.940873,36.591514],[-88.90348,36.576864],[-88.8345890228743,36.5019803422593],[-88.964471,36.502191],[-89.211409,36.50563],[-89.3451943195388,36.5013432086369],[-89.417293,36.499033],[-89.539232,36.497934],[-89.571481,36.538087],[-89.544434,36.57451]]]}},{"type":"Feature","properties":{"fips":"47181","name":"Wayne","state":"TN"},"geometry":{"type":"Polygon","coordinates":[[[-88.024741,35.392307],[-87.97366,35.404958],[-88.007709,35.423381],[-87.988894,35.453666],[-87.717559,35.483347],[-87.645896,35.472745],[-87.575352,35.398454],[-87.57275,35.049051],[-87.6060978676533,35.0035195262043],[-87.625025,35.003732],[-87.851886,35.005656],[-87.9849160436989,35.0059101243258],[-87.981585,35.295678],[-88.024741,35.392307]]]}},{"type":"Feature","properties":{"fips":"47151","name":"Scott","state":"TN"},"geometry":{"type":"Polygon","coordinates":[[[-84.785341,36.603372],[-84.7784558643505,36.6032105122159],[-84.499938,36.596678],[-84.2613212015047,36.592741697267],[-84.251132,36.53418],[-84.330434,36.50948],[-84.345535,36.42956],[-84.322211,36.392865],[-84.334233,36.389079],[-84.329927,36.285086],[-84.372731,36.216778],[-84.403633,36.174778],[-84.441034,36.163478],[-84.573741,36.229977],[-84.699555,36.36948],[-84.700785,36.370824],[-84.659115,36.395222],[-84.731839,36.524674],[-84.7853999785503,36.6033754199356],[-84.785341,36.603372]]]}},{"type":"Feature","properties":{"fips":"40067","name":"Jefferson","state":"OK"},"geometry":{"type":"Polygon","coordinates":[[[-98.139227,34.289824],[-97.562512,34.289183],[-97.562365,34.09485],[-97.560761,34.07115],[-97.536818,33.983877],[-97.5612431502211,33.899061506733],[-97.596155,33.922106],[-97.609091,33.968093],[-97.671772,33.99137],[-97.759834,33.92521],[-97.803473,33.88019],[-97.865765,33.849393],[-97.951215,33.878424],[-97.9519059508552,33.8912258148573],[-97.953695,33.924373],[-97.947572,33.991053],[-98.005667,33.995964],[-98.082839,34.002412],[-98.099096,34.048639],[-98.099328,34.104295],[-98.123377,34.15454],[-98.1384860257464,34.1412060197111],[-98.139227,34.289824]]]}},{"type":"Feature","properties":{"fips":"01129","name":"Washington","state":"AL"},"geometry":{"type":"Polygon","coordinates":[[[-88.4636253046849,31.6979423713502],[-88.088288,31.699303],[-88.072234,31.5945],[-88.031277,31.560494],[-87.936534,31.521947],[-87.935106,31.442398],[-87.88729,31.392197],[-87.908068,31.323041],[-87.959619,31.316206],[-87.946588,31.19293],[-87.972869,31.162694],[-87.999999,31.163831],[-88.022649,31.144267],[-88.19693,31.144044],[-88.329782,31.143821],[-88.432007,31.114298],[-88.44866,31.421277],[-88.4494460690171,31.4358368612776],[-88.459478,31.621652],[-88.4636253046849,31.6979423713502]]]}},{"type":"Feature","properties":{"fips":"37019","name":"Brunswick","state":"NC"},"geometry":{"type":"Polygon","coordinates":[[[-78.640688,34.009854],[-78.557052,34.061849],[-78.545218,34.145747],[-78.515289,34.165865],[-78.422921,34.139494],[-78.374295,34.204893],[-78.254622,34.216305],[-78.16235,34.357007],[-78.137302,34.371711],[-78.029922,34.331768],[-77.956605,34.234491],[-77.8854550755211,34.038240984853],[-77.915536,33.971723],[-77.9348271350857,33.9205485057973],[-77.960172,33.853315],[-78.006765,33.858704],[-78.018689,33.888289],[-78.136952,33.912178],[-78.276147,33.912364],[-78.383964,33.901946],[-78.541087,33.851112],[-78.615932,33.915523],[-78.6508712805333,33.9450557205328],[-78.640688,34.009854]]]}},{"type":"Feature","properties":{"fips":"01089","name":"Madison","state":"AL"},"geometry":{"type":"Polygon","coordinates":[[[-86.783628017169,34.991924921992],[-86.467798,34.990692],[-86.3187607654651,34.9910785804428],[-86.311274,34.991098],[-86.256968,34.937775],[-86.325569,34.937323],[-86.359034,34.63261],[-86.326853,34.599403],[-86.330198,34.512684],[-86.423914,34.479581],[-86.533445,34.502795],[-86.550166,34.545963],[-86.578855,34.581355],[-86.646393,34.548921],[-86.689353,34.586425],[-86.790056,34.55079],[-86.783628017169,34.991924921992]]]}},{"type":"Feature","properties":{"fips":"48327","name":"Menard","state":"TX"},"geometry":{"type":"Polygon","coordinates":[[[-100.115216,31.087994],[-99.603223,31.087296],[-99.603627,30.940726],[-99.484755,30.940605],[-99.483869,30.710771],[-100.116234,30.710366],[-100.115216,31.087994]]]}},{"type":"Feature","properties":{"fips":"28089","name":"Madison","state":"MS"},"geometry":{"type":"Polygon","coordinates":[[[-90.450037,32.573783],[-90.404875,32.574716],[-90.363788,32.603331],[-90.277813,32.660428],[-90.192696,32.665815],[-90.049129,32.735674],[-89.965882,32.879573],[-89.730016,32.885072],[-89.730304,32.634228],[-89.770913,32.60615],[-89.784123,32.586891],[-89.839985,32.593295],[-89.939758,32.513744],[-90.075349,32.419086],[-90.065697,32.399529],[-90.123488,32.399451],[-90.243764,32.400098],[-90.243641,32.487533],[-90.449864,32.488394],[-90.450037,32.573783]]]}},{"type":"Feature","properties":{"fips":"21181","name":"Nicholas","state":"KY"},"geometry":{"type":"Polygon","coordinates":[[[-84.19405,38.37175],[-84.1021,38.459379],[-83.999227,38.422286],[-83.980068,38.439448],[-83.916131,38.360152],[-83.839597,38.338368],[-83.848355,38.296949],[-83.977924,38.192118],[-83.969281,38.20933],[-84.120185,38.275516],[-84.19405,38.37175]]]}},{"type":"Feature","properties":{"fips":"37153","name":"Richmond","state":"NC"},"geometry":{"type":"Polygon","coordinates":[[[-80.075365,35.143081],[-79.851268,35.183855],[-79.614304,35.163679],[-79.575931,35.069904],[-79.458751,35.043639],[-79.573423,34.99221],[-79.561856,34.91035],[-79.614045,34.815309],[-79.6929463837093,34.8049623069232],[-79.9246842531364,34.8078290197515],[-79.849536,34.900006],[-79.877197,35.03531],[-79.923972,35.11543],[-79.992941,35.08559],[-80.075365,35.143081]]]}},{"type":"Feature","properties":{"fips":"21019","name":"Boyd","state":"KY"},"geometry":{"type":"Polygon","coordinates":[[[-82.810637,38.393024],[-82.6641207909684,38.5077181960708],[-82.618474,38.477089],[-82.593673,38.421809],[-82.597979,38.344909],[-82.571877,38.315781],[-82.581796,38.248592],[-82.5846938141256,38.2405129933697],[-82.614304,38.266078],[-82.794206,38.243772],[-82.771737,38.362588],[-82.817454,38.373935],[-82.810637,38.393024]]]}},{"type":"Feature","properties":{"fips":"37051","name":"Cumberland","state":"NC"},"geometry":{"type":"Polygon","coordinates":[[[-79.097551,35.174233],[-79.095808,35.192068],[-78.998037,35.21413],[-78.935534,35.218734],[-78.794564,35.266047],[-78.617114,35.245718],[-78.672286,35.085244],[-78.641049,34.988801],[-78.546074,34.915851],[-78.494705,34.856182],[-78.516123,34.845919],[-78.827397,34.850693],[-78.901998,34.835268],[-78.940844,34.903368],[-79.038747,34.952715],[-79.056831,34.999824],[-79.112921,35.125651],[-79.097551,35.174233]]]}},{"type":"Feature","properties":{"fips":"51183","name":"Sussex","state":"VA"},"geometry":{"type":"Polygon","coordinates":[[[-77.619029,36.877844],[-77.398498,36.992985],[-77.187038,37.098933],[-77.155415,37.112034],[-76.965139,37.054308],[-76.953546,36.94445],[-77.002103,36.920747],[-77.430951,36.707218],[-77.489855,36.720943],[-77.458678,36.862963],[-77.557538,36.845572],[-77.619029,36.877844]]]}},{"type":"Feature","properties":{"fips":"48493","name":"Wilson","state":"TX"},"geometry":{"type":"Polygon","coordinates":[[[-98.407336,29.114435],[-98.134171,29.441751],[-98.11307,29.36533],[-98.084684,29.379594],[-97.840383,29.376791],[-97.858782,29.35289],[-97.728443,29.221748],[-98.190991,28.882333],[-98.407336,29.114435]]]}},{"type":"Feature","properties":{"fips":"37141","name":"Pender","state":"NC"},"geometry":{"type":"Polygon","coordinates":[[[-78.256085,34.399469],[-78.176501,34.465356],[-78.255468,34.508614],[-78.254441,34.553595],[-78.113995,34.706876],[-78.114007,34.721795],[-77.981195,34.713983],[-77.680127,34.720595],[-77.576165,34.476607],[-77.5152165445848,34.4373849694266],[-77.635034,34.359555],[-77.7135131704588,34.2902471866868],[-77.822679,34.389026],[-78.029922,34.331768],[-78.137302,34.371711],[-78.16235,34.357007],[-78.202532,34.353306],[-78.256085,34.399469]]]}},{"type":"Feature","properties":{"fips":"54097","name":"Upshur","state":"WV"},"geometry":{"type":"Polygon","coordinates":[[[-80.409541,38.768327],[-80.386989,38.874808],[-80.317486,38.958647],[-80.300209,39.103857],[-80.227173,39.112792],[-80.128198,39.037795],[-80.044431,39.011388],[-80.085062,38.947236],[-80.126105,38.745836],[-80.236831,38.743765],[-80.280059,38.694867],[-80.318246,38.684296],[-80.393063,38.727571],[-80.409541,38.768327]]]}},{"type":"Feature","properties":{"fips":"01079","name":"Lawrence","state":"AL"},"geometry":{"type":"Polygon","coordinates":[[[-87.529667,34.567081],[-87.445009,34.652728],[-87.42651,34.800022],[-87.344224,34.796493],[-87.297905,34.750812],[-87.260676,34.758626],[-87.222773,34.763226],[-87.105073,34.686037],[-87.110111,34.313799],[-87.109911,34.299299],[-87.529722,34.304598],[-87.529667,34.567081]]]}},{"type":"Feature","properties":{"fips":"28023","name":"Clarke","state":"MS"},"geometry":{"type":"Polygon","coordinates":[[[-88.913847,32.224186],[-88.4311453634628,32.2276362346889],[-88.46866,31.933173],[-88.4686624840513,31.8938557116156],[-88.640723,31.853912],[-88.910459,31.826649],[-88.913847,32.224186]]]}},{"type":"Feature","properties":{"fips":"22045","name":"Iberia","state":"LA"},"geometry":{"type":"Polygon","coordinates":[[[-92.0428943038274,29.577480288972],[-92.000124,29.613373],[-91.971957,29.832297],[-91.993895,29.975033],[-91.967868,30.038178],[-91.951159,30.07278],[-91.818243,30.043925],[-91.729927,30.122484],[-91.658886,30.108226],[-91.600217,30.033036],[-91.368835,30.058824],[-91.231842,30.040385],[-91.22423,30.02556],[-91.255229,29.971457],[-91.471953,29.956304],[-91.624347,29.94546],[-91.711283,29.846131],[-91.935286,29.671939],[-91.8625569965226,29.6673954637599],[-91.873266,29.627277],[-91.80373,29.595952],[-91.711081,29.569328],[-91.768263,29.490362],[-91.821579,29.473925],[-91.915321,29.518513],[-92.030186,29.572669],[-92.0428943038274,29.577480288972]]]}},{"type":"Feature","properties":{"fips":"01013","name":"Butler","state":"AL"},"geometry":{"type":"Polygon","coordinates":[[[-86.908939,31.961673],[-86.857583,31.962167],[-86.448198,31.964629],[-86.448635,31.655617],[-86.499533,31.655247],[-86.499213,31.525331],[-86.701554,31.523946],[-86.839386,31.525204],[-86.906769,31.632671],[-86.905899,31.753035],[-86.906899,31.830628],[-86.908939,31.961673]]]}},{"type":"Feature","properties":{"fips":"13229","name":"Pierce","state":"GA"},"geometry":{"type":"Polygon","coordinates":[[[-82.417246,31.417119],[-82.344843,31.43013],[-82.300422,31.493175],[-82.226585,31.530699],[-82.156101,31.471631],[-82.132794,31.471262],[-82.063387,31.466362],[-82.041129,31.373721],[-81.997162,31.288679],[-82.100067,31.27671],[-82.194824,31.20759],[-82.284561,31.224449],[-82.31504,31.225958],[-82.383705,31.291143],[-82.417246,31.417119]]]}},{"type":"Feature","properties":{"fips":"05039","name":"Dallas","state":"AR"},"geometry":{"type":"Polygon","coordinates":[[[-92.961217,33.973977],[-92.89306,33.983293],[-92.886136,34.155699],[-92.678382,34.149645],[-92.493624,34.144252],[-92.405887,34.115691],[-92.336695,34.059477],[-92.471609,34.057098],[-92.475646,33.972706],[-92.400485,33.913161],[-92.334249,33.795065],[-92.583027,33.802299],[-92.893216,33.810069],[-92.893303,33.902403],[-92.961217,33.973977]]]}},{"type":"Feature","properties":{"fips":"47091","name":"Johnson","state":"TN"},"geometry":{"type":"Polygon","coordinates":[[[-81.94984,36.472385],[-81.983843,36.508314],[-81.871443,36.602015],[-81.8267341480526,36.6147191041614],[-81.6469,36.611918],[-81.677535,36.588117],[-81.699962,36.536829],[-81.695311,36.467912],[-81.734312,36.413342],[-81.7253728028917,36.3897385587113],[-81.705966,36.338496],[-81.768977,36.341042],[-81.833202,36.347339],[-81.908137,36.302013],[-81.9184444729048,36.2873579173821],[-81.9343692444926,36.2647162043798],[-82.058545,36.367215],[-81.94984,36.472385]]]}},{"type":"Feature","properties":{"fips":"21043","name":"Carter","state":"KY"},"geometry":{"type":"Polygon","coordinates":[[[-83.341347,38.319521],[-83.230598,38.339508],[-83.237181,38.426246],[-83.166419,38.503965],[-83.051751,38.465404],[-83.000886,38.410592],[-82.970648,38.393666],[-82.817454,38.373935],[-82.771737,38.362588],[-82.794206,38.243772],[-82.8232,38.208264],[-82.924805,38.175114],[-83.053081,38.189545],[-83.177781,38.266963],[-83.244306,38.19238],[-83.301174,38.210033],[-83.341232,38.317651],[-83.341347,38.319521]]]}},{"type":"Feature","properties":{"fips":"21039","name":"Carlisle","state":"KY"},"geometry":{"type":"Polygon","coordinates":[[[-89.155891,36.789126],[-89.147674,36.847148],[-89.120472,36.891896],[-89.1031354483266,36.9447609003223],[-89.080505,36.915544],[-88.815952,36.9541],[-88.812897,36.946864],[-88.813229,36.773115],[-89.067265,36.772763],[-89.104158,36.797285],[-89.1559849090704,36.7862926633714],[-89.155891,36.789126]]]}},{"type":"Feature","properties":{"fips":"45023","name":"Chester","state":"SC"},"geometry":{"type":"Polygon","coordinates":[[[-81.476578,34.822573],[-80.898243,34.820844],[-80.876223,34.788047],[-80.860375,34.695847],[-80.896507,34.631781],[-80.877596,34.54315],[-81.422698,34.572019],[-81.415995,34.633589],[-81.488377,34.73304],[-81.476578,34.822573]]]}},{"type":"Feature","properties":{"fips":"47093","name":"Knox","state":"TN"},"geometry":{"type":"Polygon","coordinates":[[[-84.272869,35.940506],[-84.094011,36.068911],[-83.941711,36.186378],[-83.905169,36.160906],[-83.732704,36.164583],[-83.699405,36.109469],[-83.66746,36.080587],[-83.70925,36.093234],[-83.673297,36.038486],[-83.650957,35.986368],[-83.794275,35.887125],[-83.850155,35.842019],[-83.997055,35.883727],[-84.016481,35.839498],[-84.145659,35.849586],[-84.166267,35.805106],[-84.179798,35.820232],[-84.263383,35.89694],[-84.271587,35.910165],[-84.272869,35.940506]]]}},{"type":"Feature","properties":{"fips":"13315","name":"Wilcox","state":"GA"},"geometry":{"type":"Polygon","coordinates":[[[-83.609663,32.027938],[-83.608547,32.118405],[-83.361051,32.124009],[-83.337313,32.105885],[-83.295206,32.07918],[-83.292061,31.984506],[-83.205739,31.900325],[-83.204236,31.884682],[-83.177469,31.847857],[-83.190422,31.849395],[-83.480176,31.847312],[-83.54164,31.853102],[-83.612256,31.854089],[-83.609663,32.027938]]]}},{"type":"Feature","properties":{"fips":"37093","name":"Hoke","state":"NC"},"geometry":{"type":"Polygon","coordinates":[[[-79.458751,35.043639],[-79.335477,35.161588],[-79.246383,35.212964],[-79.097551,35.174233],[-79.112921,35.125651],[-79.056831,34.999824],[-79.038747,34.952715],[-79.166706,34.853007],[-79.191391,34.833717],[-79.347868,34.838553],[-79.353124,34.944242],[-79.458751,35.043639]]]}},{"type":"Feature","properties":{"fips":"05147","name":"Woodruff","state":"AR"},"geometry":{"type":"Polygon","coordinates":[[[-91.465269,35.089457],[-91.458753,35.155016],[-91.389815,35.199988],[-91.382991,35.248373],[-91.428692,35.293141],[-91.438448,35.368895],[-91.358087,35.40898],[-91.347257,35.439106],[-91.253007,35.445779],[-91.251555,35.357561],[-91.039633,35.354255],[-91.042566,35.148188],[-91.045445,35.001048],[-91.14975,35.002469],[-91.237363,35.004289],[-91.293142,34.985234],[-91.29479,34.912452],[-91.368658,34.912665],[-91.363751,35.051884],[-91.478864,35.059535],[-91.465269,35.089457]]]}},{"type":"Feature","properties":{"fips":"21087","name":"Green","state":"KY"},"geometry":{"type":"Polygon","coordinates":[[[-85.697325,37.301838],[-85.657332,37.421996],[-85.634193,37.471785],[-85.583497,37.469917],[-85.585163,37.432852],[-85.478081,37.363673],[-85.352771,37.192432],[-85.380258,37.168314],[-85.526881,37.10945],[-85.632313,37.125056],[-85.686482,37.182427],[-85.697325,37.301838]]]}},{"type":"Feature","properties":{"fips":"51163","name":"Rockbridge","state":"VA"},"geometry":{"type":"Polygon","coordinates":[[[-79.674162,37.763093],[-79.606341,37.862111],[-79.647589,37.874538],[-79.533622,38.003629],[-79.482668,38.086054],[-79.183978,37.914194],[-79.15739,37.891003],[-79.144388,37.856096],[-79.172131,37.803097],[-79.232845,37.812831],[-79.345235,37.660625],[-79.436947,37.617057],[-79.434068,37.572327],[-79.498699,37.532797],[-79.683554,37.661763],[-79.674162,37.763093]],[[-79.455667,37.765219],[-79.4349,37.778308],[-79.414948,37.788627],[-79.453328,37.793157],[-79.461582,37.786356],[-79.455667,37.765219]],[[-79.366105,37.726315],[-79.37909,37.70545],[-79.371705,37.695747],[-79.333081,37.737942],[-79.332708,37.760742],[-79.381509,37.742149],[-79.366105,37.726315]]]}},{"type":"Feature","properties":{"fips":"48035","name":"Bosque","state":"TX"},"geometry":{"type":"Polygon","coordinates":[[[-97.864864,32.087328],[-97.642178,32.201296],[-97.615087,32.203491],[-97.514333,32.133802],[-97.476086,32.17346],[-97.485968,32.017611],[-97.379992,31.97274],[-97.438765,31.933506],[-97.382848,31.870788],[-97.28206,31.843152],[-97.32653,31.78836],[-97.277265,31.745492],[-97.60523,31.587762],[-97.689834,31.711019],[-97.766431,31.672461],[-98.005462,32.017897],[-97.864864,32.087328]]]}},{"type":"Feature","properties":{"fips":"45061","name":"Lee","state":"SC"},"geometry":{"type":"Polygon","coordinates":[[[-80.479857,34.168696],[-80.437359,34.284502],[-80.288692,34.364139],[-80.243226,34.324455],[-80.177225,34.366203],[-80.112727,34.197018],[-80.158582,34.161623],[-80.069878,34.086191],[-80.02593,34.073226],[-80.000594,34.047877],[-80.180371,33.952002],[-80.228344,33.995178],[-80.321721,34.080356],[-80.481318,34.112622],[-80.479857,34.168696]]]}},{"type":"Feature","properties":{"fips":"51013","name":"Arlington","state":"VA"},"geometry":{"type":"Polygon","coordinates":[[[-77.172276,38.893245],[-77.1197891567342,38.9343765552932],[-77.119759,38.934343],[-77.0902,38.904211],[-77.039099,38.868112],[-77.0390663567647,38.8412718895186],[-77.087805,38.827357],[-77.110799,38.843446],[-77.149701,38.87567],[-77.172276,38.893245]]]}},{"type":"Feature","properties":{"fips":"45077","name":"Pickens","state":"SC"},"geometry":{"type":"Polygon","coordinates":[[[-82.943604,34.988154],[-82.897559231248,35.0560052045865],[-82.897499,35.056021],[-82.783283,35.0856],[-82.7617976610408,35.0818284636457],[-82.74971,35.047603],[-82.571493,35.074566],[-82.593937,35.007887],[-82.537858,35.015471],[-82.487034,34.819004],[-82.787568,34.672734],[-82.840009,34.623311],[-82.855588,34.72527],[-82.900458,34.741449],[-82.903309,34.935044],[-82.943604,34.988154]]]}},{"type":"Feature","properties":{"fips":"01095","name":"Marshall","state":"AL"},"geometry":{"type":"Polygon","coordinates":[[[-86.58132,34.371094],[-86.550166,34.545963],[-86.533445,34.502795],[-86.423914,34.479581],[-86.330198,34.512684],[-86.326853,34.599403],[-86.148464,34.599069],[-86.139846,34.533296],[-86.057712,34.475994],[-86.118894,34.403845],[-86.106086,34.200756],[-86.1089,34.186311],[-86.206107,34.17265],[-86.303516,34.099073],[-86.409017,34.205002],[-86.45302,34.259317],[-86.477525,34.302758],[-86.581936,34.304694],[-86.58132,34.371094]]]}},{"type":"Feature","properties":{"fips":"47153","name":"Sequatchie","state":"TN"},"geometry":{"type":"Polygon","coordinates":[[[-85.557535,35.532977],[-85.459856,35.54685],[-85.423804,35.567422],[-85.436147,35.541365],[-85.403298,35.49228],[-85.225877,35.354276],[-85.246005,35.319077],[-85.387089,35.147169],[-85.403187,35.223419],[-85.558551,35.319292],[-85.485622,35.406307],[-85.607326,35.531651],[-85.557535,35.532977]]]}},{"type":"Feature","properties":{"fips":"13167","name":"Johnson","state":"GA"},"geometry":{"type":"Polygon","coordinates":[[[-82.946966,32.759358],[-82.802456,32.809756],[-82.768365,32.769108],[-82.521052,32.822356],[-82.458249,32.768223],[-82.434149,32.762258],[-82.499431,32.68634],[-82.465065,32.646833],[-82.594439,32.579158],[-82.564378,32.53249],[-82.647733,32.512507],[-82.668557,32.612164],[-82.794538,32.66023],[-82.862763,32.71576],[-82.957066,32.708318],[-82.946966,32.759358]]]}},{"type":"Feature","properties":{"fips":"28149","name":"Warren","state":"MS"},"geometry":{"type":"Polygon","coordinates":[[[-91.108509,32.20815],[-90.991227,32.214662],[-90.947834,32.283486],[-90.92117,32.342073],[-90.986672,32.35176],[-90.965986,32.424806],[-91.052907,32.438442],[-91.060516,32.512361],[-91.011275,32.516596],[-91.0487604277637,32.5727970404214],[-90.964043,32.575605],[-90.963381,32.411185],[-90.861364,32.442115],[-90.860566,32.575173],[-90.728344,32.566265],[-90.720102,32.618858],[-90.655527,32.589771],[-90.654589,32.546044],[-90.553904,32.531907],[-90.553821,32.507574],[-90.636162,32.374498],[-90.705175,32.346788],[-90.728622,32.225119],[-90.77482,32.153993],[-90.90774,32.131888],[-90.942925,32.078337],[-91.039472318907,32.1079681426653],[-91.108509,32.20815]]]}},{"type":"Feature","properties":{"fips":"28143","name":"Tunica","state":"MS"},"geometry":{"type":"Polygon","coordinates":[[[-90.5748549582232,34.6316539794501],[-90.550158,34.663445],[-90.546053,34.702076],[-90.505494,34.764568],[-90.473527,34.788835],[-90.463795,34.834923],[-90.4079823819208,34.835265981566],[-90.401633,34.835305],[-90.313476,34.871698],[-90.3114467159881,34.872838517743],[-90.202126,34.860374],[-90.200199,34.724418],[-90.231412,34.701991],[-90.239971,34.626237],[-90.198631,34.554425],[-90.198536,34.511088],[-90.304317,34.509621],[-90.301851,34.424546],[-90.399498,34.423807],[-90.5694607451505,34.5243442788972],[-90.569347,34.524867],[-90.549244,34.568101],[-90.587224,34.615732],[-90.5748549582232,34.6316539794501]]]}},{"type":"Feature","properties":{"fips":"05127","name":"Scott","state":"AR"},"geometry":{"type":"Polygon","coordinates":[[[-94.449058,34.890556],[-94.4475060874703,34.9340729057232],[-94.230551,34.968547],[-94.228244,35.057595],[-94.140463,35.099674],[-94.141765,35.055685],[-94.074449,35.026432],[-93.704962,35.019716],[-93.709985,34.745978],[-93.816923,34.711231],[-93.879286,34.66564],[-93.930214,34.666049],[-93.938927,34.680651],[-94.317654,34.697438],[-94.4543955288439,34.7289436942281],[-94.449058,34.890556]]]}},{"type":"Feature","properties":{"fips":"12109","name":"St. Johns","state":"FL"},"geometry":{"type":"Polygon","coordinates":[[[-81.680215,30.12124],[-81.433783,30.105536],[-81.436929,30.252335],[-81.3743761280233,30.252931],[-81.288955,29.91518],[-81.270442,29.883106],[-81.2619334605748,29.8221234866761],[-81.256711,29.784693],[-81.2104095965538,29.6706408057043],[-81.324059,29.62561],[-81.52366,29.622432],[-81.52523,29.759497],[-81.581207,29.840176],[-81.583457,29.844556],[-81.60099,29.956017],[-81.688876,30.028566],[-81.680215,30.12124]]]}},{"type":"Feature","properties":{"fips":"48091","name":"Comal","state":"TX"},"geometry":{"type":"Polygon","coordinates":[[[-98.646124,29.745181],[-98.414018,29.937557],[-98.2976,30.037994],[-98.030523,29.848539],[-98.018657,29.812175],[-98.01518,29.801485],[-97.999271,29.752444],[-98.090927,29.683245],[-98.310928,29.594473],[-98.313494,29.602279],[-98.378068,29.662613],[-98.352589,29.734365],[-98.443852,29.71965],[-98.443469,29.734453],[-98.550489,29.760713],[-98.646124,29.745181]]]}},{"type":"Feature","properties":{"fips":"48109","name":"Culberson","state":"TX"},"geometry":{"type":"Polygon","coordinates":[[[-104.91835699428,32.0004720730735],[-104.84774,32.000464602835],[-104.643526,32.000443],[-104.024521,32.00001],[-104.102351,31.105203],[-104.917163,30.663626],[-104.916487,30.821034],[-104.91289,31.62512],[-104.91835699428,32.0004720730735]]]}},{"type":"Feature","properties":{"fips":"21115","name":"Johnson","state":"KY"},"geometry":{"type":"Polygon","coordinates":[[[-82.961423,37.893827],[-82.989014,37.963968],[-82.952043,38.000316],[-82.831615,37.967884],[-82.612393,37.879272],[-82.670812,37.852091],[-82.64075,37.720182],[-82.75223,37.756227],[-82.940763,37.716338],[-82.950582,37.794734],[-83.004649,37.859247],[-82.961423,37.893827]]]}},{"type":"Feature","properties":{"fips":"47041","name":"DeKalb","state":"TN"},"geometry":{"type":"Polygon","coordinates":[[[-86.059706,36.086024],[-85.910118,36.116925],[-85.864024,36.093809],[-85.807415,36.131582],[-85.767136,36.070087],[-85.644604,36.015053],[-85.630384,36.006521],[-85.662917,35.971501],[-85.632449,35.847385],[-85.682095,35.831254],[-85.868174,35.84636],[-85.885156,35.839658],[-85.88921,35.857543],[-86.014849,35.96106],[-86.063413,36.070052],[-86.059706,36.086024]]]}},{"type":"Feature","properties":{"fips":"48337","name":"Montague","state":"TX"},"geometry":{"type":"Polygon","coordinates":[[[-97.978919,33.467129],[-97.977869,33.888738],[-97.9519059508552,33.8912258148573],[-97.951215,33.878424],[-97.865765,33.849393],[-97.803473,33.88019],[-97.759834,33.92521],[-97.671772,33.99137],[-97.609091,33.968093],[-97.596155,33.922106],[-97.5612431502211,33.899061506733],[-97.55827,33.897099],[-97.486505,33.916994],[-97.4841434385876,33.9138891088909],[-97.487065,33.433681],[-97.918189,33.433873],[-97.978967,33.433748],[-97.978919,33.467129]]]}},{"type":"Feature","properties":{"fips":"10003","name":"New Castle","state":"DE"},"geometry":{"type":"Polygon","coordinates":[[[-75.773786,39.7222],[-75.753228,39.757989],[-75.717059,39.792325],[-75.662846,39.821425],[-75.5943169052201,39.8345949730913],[-75.5925626443241,39.8349321082726],[-75.5796477422344,39.8374141038914],[-75.570433,39.839185],[-75.481207,39.829191],[-75.415062,39.801919],[-75.459439,39.765813],[-75.47764,39.715013],[-75.509742,39.686113],[-75.535144,39.647212],[-75.559446,39.629812],[-75.543965,39.596],[-75.512732,39.578],[-75.527676,39.535278],[-75.528088,39.498114],[-75.593068,39.479186],[-75.57183,39.438897],[-75.521682,39.387871],[-75.5056428576184,39.3703942225828],[-75.584765,39.308644],[-75.619631,39.310058],[-75.651159,39.291594],[-75.714901,39.299366],[-75.7604414164505,39.2967896211001],[-75.766895,39.377499],[-75.7669046067092,39.3776515935512],[-75.788596,39.722199],[-75.773786,39.7222]]]}},{"type":"Feature","properties":{"fips":"12009","name":"Brevard","state":"FL"},"geometry":{"type":"Polygon","coordinates":[[[-80.967895,28.790197],[-80.7275056700738,28.7911928713227],[-80.647288,28.677875],[-80.583884,28.597705],[-80.525094,28.459454],[-80.587813,28.410856],[-80.606874,28.336484],[-80.604214,28.257733],[-80.589975,28.17799],[-80.547675,28.048795],[-80.4476769492176,27.860513513361],[-80.509075,27.822058],[-80.868881,27.822522],[-80.862908,28.347487],[-80.872792,28.369612],[-80.873318,28.48206],[-80.98725,28.612997],[-80.967895,28.790197]]]}},{"type":"Feature","properties":{"fips":"45019","name":"Charleston","state":"SC"},"geometry":{"type":"Polygon","coordinates":[[[-80.401322,32.858532],[-80.149255,32.818195],[-80.183738,32.847075],[-80.097659,32.886962],[-80.096772,32.942603],[-80.140755,32.979818],[-80.17638,33.009964],[-80.149246,33.021601],[-80.056018,32.999355],[-80.011774,32.899881],[-79.94756,32.907748],[-79.91508,32.815498],[-79.642327,33.124386],[-79.521962,33.146698],[-79.446699,33.213458],[-79.349575,33.153282],[-79.269396,33.136883],[-79.2744945846428,33.1200562677204],[-79.291591,33.109773],[-79.329909,33.089986],[-79.339313,33.050336],[-79.359961,33.006672],[-79.423447,33.015085],[-79.483499,33.001265],[-79.522449,33.03535],[-79.580725,33.006447],[-79.606615,32.972248],[-79.569762,32.926692],[-79.601309,32.89815],[-79.695141,32.850398],[-79.726389,32.805996],[-79.818237,32.766352],[-79.868352,32.734849],[-79.884961,32.684402],[-79.968468,32.639732],[-80.000801,32.605892],[-80.077039,32.603319],[-80.148406,32.578479],[-80.190108,32.546841],[-80.246361,32.531114],[-80.2520535958345,32.5278724387921],[-80.336815,32.4932],[-80.414877,32.54648],[-80.427316,32.625183],[-80.389269,32.652957],[-80.453553,32.740501],[-80.401322,32.858532]]]}},{"type":"Feature","properties":{"fips":"45085","name":"Sumter","state":"SC"},"geometry":{"type":"Polygon","coordinates":[[[-80.616186,34.099605],[-80.58011,34.099949],[-80.479857,34.168696],[-80.481318,34.112622],[-80.321721,34.080356],[-80.228344,33.995178],[-80.180371,33.952002],[-80.000594,34.047877],[-79.893377,33.988747],[-79.974601,33.946527],[-80.255904,33.803708],[-80.383367,33.769794],[-80.396993,33.746864],[-80.392003,33.71555],[-80.478709,33.714265],[-80.534085,33.643911],[-80.627531,33.731212],[-80.620107,33.743237],[-80.596205,33.786431],[-80.633545,33.85268],[-80.613869,34.057324],[-80.636526,34.082982],[-80.616186,34.099605]]]}},{"type":"Feature","properties":{"fips":"51530","name":"Buena Vista","state":"VA"},"geometry":{"type":"Polygon","coordinates":[[[-79.381509,37.742149],[-79.332708,37.760742],[-79.333081,37.737942],[-79.371705,37.695747],[-79.37909,37.70545],[-79.366105,37.726315],[-79.381509,37.742149]]]}},{"type":"Feature","properties":{"fips":"05083","name":"Logan","state":"AR"},"geometry":{"type":"Polygon","coordinates":[[[-94.140463,35.099674],[-94.139676,35.128952],[-94.031236,35.140908],[-94.028872,35.214176],[-93.920157,35.229585],[-93.917127,35.319046],[-93.810086,35.313031],[-93.806947,35.424174],[-93.710043,35.375237],[-93.43473,35.428874],[-93.418472,35.326641],[-93.298903,35.327125],[-93.278215,35.312436],[-93.279929,35.212556],[-93.456977,35.215908],[-93.529736,35.145502],[-93.706843,35.134886],[-93.704962,35.019716],[-94.074449,35.026432],[-94.141765,35.055685],[-94.140463,35.099674]]]}},{"type":"Feature","properties":{"fips":"51660","name":"Harrisonburg","state":"VA"},"geometry":{"type":"Polygon","coordinates":[[[-78.915443,38.437455],[-78.871361,38.489518],[-78.82568,38.431484],[-78.890002,38.390814],[-78.917871,38.394153],[-78.915443,38.437455]]]}},{"type":"Feature","properties":{"fips":"13243","name":"Randolph","state":"GA"},"geometry":{"type":"Polygon","coordinates":[[[-84.95864,31.777854],[-84.910338,31.776841],[-84.907006,31.924465],[-84.810118,31.93184],[-84.65582,31.920308],[-84.599776,31.920171],[-84.603086,31.772001],[-84.535096,31.679021],[-84.546854,31.621199],[-84.59715,31.637613],[-84.817843,31.619771],[-84.942353,31.618669],[-84.930998,31.672309],[-84.949784,31.679914],[-84.95864,31.777854]]]}},{"type":"Feature","properties":{"fips":"13113","name":"Fayette","state":"GA"},"geometry":{"type":"Polygon","coordinates":[[[-84.609367,33.502582],[-84.556877,33.528488],[-84.531649,33.53591],[-84.458665,33.550933],[-84.4377,33.547069],[-84.397479,33.485738],[-84.381673,33.463258],[-84.388118,33.352465],[-84.432907,33.2565],[-84.497527,33.257422],[-84.528184,33.326942],[-84.618975,33.410029],[-84.609367,33.502582]]]}},{"type":"Feature","properties":{"fips":"13273","name":"Terrell","state":"GA"},"geometry":{"type":"Polygon","coordinates":[[[-84.599776,31.920171],[-84.45331,31.919224],[-84.443807,31.967456],[-84.357615,31.885156],[-84.338245,31.873591],[-84.259611,31.827865],[-84.286456,31.791182],[-84.297801,31.621951],[-84.450398,31.621868],[-84.476994,31.621167],[-84.546854,31.621199],[-84.535096,31.679021],[-84.603086,31.772001],[-84.599776,31.920171]]]}},{"type":"Feature","properties":{"fips":"21101","name":"Henderson","state":"KY"},"geometry":{"type":"Polygon","coordinates":[[[-87.921744,37.907885],[-87.87254,37.920999],[-87.808013,37.875191],[-87.723635,37.892058],[-87.7131573360969,37.8830423995257],[-87.681633,37.855917],[-87.625851,37.851919],[-87.608479,37.898794],[-87.551277,37.925418],[-87.486347,37.920218],[-87.4487002885408,37.9338545298067],[-87.418585,37.944763],[-87.331765,37.908253],[-87.304057452442,37.8934325491223],[-87.323402,37.819239],[-87.271608,37.78012],[-87.394093,37.723995],[-87.408547,37.683563],[-87.472811,37.664869],[-87.495331,37.647547],[-87.734545,37.638376],[-87.762235,37.762654],[-87.815093,37.762423],[-87.9253933817098,37.8995914771373],[-87.921744,37.907885]]]}},{"type":"Feature","properties":{"fips":"13123","name":"Gilmer","state":"GA"},"geometry":{"type":"Polygon","coordinates":[[[-84.657098,34.728905],[-84.627348,34.784728],[-84.618637,34.855398],[-84.422754,34.854795],[-84.343661,34.824781],[-84.196754,34.617924],[-84.255112,34.568333],[-84.336639,34.578945],[-84.345553,34.562735],[-84.371352,34.548495],[-84.654056,34.548951],[-84.654523,34.583187],[-84.657098,34.728905]]]}},{"type":"Feature","properties":{"fips":"22085","name":"Sabine","state":"LA"},"geometry":{"type":"Polygon","coordinates":[[[-93.8782518953866,31.8442765572456],[-93.713534,31.845246],[-93.441171,31.845233],[-93.441689,31.714485],[-93.338436,31.714205],[-93.337625,31.538274],[-93.236752,31.537863],[-93.236643,31.364491],[-93.390495,31.364147],[-93.442554,31.276716],[-93.535414,31.276402],[-93.5524973075023,31.1848200234468],[-93.6006030873629,31.1826249552688],[-93.602443,31.182541],[-93.613942,31.259375],[-93.67544,31.30104],[-93.668146,31.375103],[-93.697603,31.428409],[-93.749476,31.46869],[-93.725925,31.504092],[-93.787687,31.527344],[-93.834924,31.586211],[-93.816838,31.622509],[-93.803419,31.700686],[-93.85339,31.805467],[-93.8782518953866,31.8442765572456]]]}},{"type":"Feature","properties":{"fips":"51187","name":"Warren","state":"VA"},"geometry":{"type":"Polygon","coordinates":[[[-78.300414,38.943592],[-78.31408,39.007994],[-78.163871,39.017928],[-78.151614,39.036629],[-78.055971,39.01958],[-78.004313,38.979438],[-78.062016,38.891926],[-78.130574,38.864865],[-78.201026,38.776568],[-78.284805,38.759315],[-78.290403,38.780373],[-78.394704,38.82279],[-78.300414,38.943592]]]}},{"type":"Feature","properties":{"fips":"01053","name":"Escambia","state":"AL"},"geometry":{"type":"Polygon","coordinates":[[[-87.61589,31.244458],[-87.559287,31.227291],[-87.427455,31.260386],[-86.763961,31.261293],[-86.772519,31.202243],[-86.700282,31.192217],[-86.700251,31.008901],[-86.6882409642461,30.9962018900015],[-86.7856919760059,30.9969829935168],[-86.831979,30.997354],[-86.927851,30.997678],[-87.162644,30.999026],[-87.163645308459,30.999021835748],[-87.312206,30.998404],[-87.425791,30.998058],[-87.519533,30.997552],[-87.5988289462621,30.9974221769053],[-87.61553,31.007724],[-87.61589,31.244458]]]}},{"type":"Feature","properties":{"fips":"13005","name":"Bacon","state":"GA"},"geometry":{"type":"Polygon","coordinates":[[[-82.627342,31.672672],[-82.521393,31.672512],[-82.52142,31.710796],[-82.49572,31.709904],[-82.226585,31.530699],[-82.300422,31.493175],[-82.344843,31.43013],[-82.417246,31.417119],[-82.48146,31.417534],[-82.494718,31.46869],[-82.597509,31.469293],[-82.628273,31.558329],[-82.627342,31.672672]]]}},{"type":"Feature","properties":{"fips":"40005","name":"Atoka","state":"OK"},"geometry":{"type":"Polygon","coordinates":[[[-96.407074,34.41839],[-96.145423,34.418313],[-96.145442,34.505944],[-96.092012,34.506059],[-96.092043,34.680556],[-95.882196,34.680534],[-95.881987,34.593528],[-95.67181,34.593732],[-95.67175,34.506794],[-95.779134,34.506644],[-95.779376,34.156699],[-95.991578,34.156805],[-96.407517,34.157317],[-96.407074,34.41839]]]}},{"type":"Feature","properties":{"fips":"13023","name":"Bleckley","state":"GA"},"geometry":{"type":"Polygon","coordinates":[[[-83.497923,32.452198],[-83.412055,32.502091],[-83.226536,32.584201],[-83.138991,32.423069],[-83.173252,32.452533],[-83.30475,32.341958],[-83.346528,32.272489],[-83.498039,32.401715],[-83.497923,32.452198]]]}},{"type":"Feature","properties":{"fips":"05073","name":"Lafayette","state":"AR"},"geometry":{"type":"Polygon","coordinates":[[[-93.832852,33.148479],[-93.736622,33.166081],[-93.739424,33.20181],[-93.664921,33.329487],[-93.705253,33.339197],[-93.6991,33.387929],[-93.74476,33.44458],[-93.719951,33.48203],[-93.483217,33.476172],[-93.483931,33.447368],[-93.365644,33.444491],[-93.442029,33.258275],[-93.481748,33.260065],[-93.4905581209888,33.0186347572102],[-93.5209925078522,33.0187422898925],[-93.723273,33.019457],[-93.8071252110518,33.0193945746385],[-93.863322,33.098852],[-93.832852,33.148479]]]}},{"type":"Feature","properties":{"fips":"51095","name":"James City","state":"VA"},"geometry":{"type":"Polygon","coordinates":[[[-76.891798,37.432632],[-76.741984,37.467076],[-76.712305,37.431309],[-76.658651,37.380139],[-76.755511,37.35422],[-76.727859,37.305927],[-76.740546,37.305789],[-76.725294,37.279904],[-76.741017,37.265984],[-76.726003,37.249901],[-76.666322,37.249621],[-76.680151,37.265997],[-76.601254,37.237567],[-76.591302,37.213205],[-76.581218,37.182511],[-76.641581,37.153827],[-76.652445,37.198818],[-76.760314,37.176799],[-76.883156,37.223057],[-76.874437,37.365427],[-76.904471,37.377665],[-76.891798,37.432632]]]}},{"type":"Feature","properties":{"fips":"28093","name":"Marshall","state":"MS"},"geometry":{"type":"Polygon","coordinates":[[[-89.724322525596,34.9941869687599],[-89.7066076930667,34.9941604628742],[-89.644051831619,34.994066863428],[-89.434954,34.993754],[-89.3526793918484,34.9939961417459],[-89.352705,34.844432],[-89.299227,34.844415],[-89.298334,34.582926],[-89.245645,34.583234],[-89.246133,34.495633],[-89.32582,34.525974],[-89.424459,34.519129],[-89.476642,34.554168],[-89.668448,34.554367],[-89.669183,34.685597],[-89.722333,34.685504],[-89.723442,34.772311],[-89.724322525596,34.9941869687599]]]}},{"type":"Feature","properties":{"fips":"28003","name":"Alcorn","state":"MS"},"geometry":{"type":"Polygon","coordinates":[[[-88.823050501632,34.995207045695],[-88.786612,34.995252],[-88.469877,34.996033],[-88.3804925115221,34.9957924082221],[-88.3635302685392,34.9957467517971],[-88.365472,34.755604],[-88.718508,34.756781],[-88.752956,34.858775],[-88.823473,34.858629],[-88.823050501632,34.995207045695]]]}},{"type":"Feature","properties":{"fips":"13233","name":"Polk","state":"GA"},"geometry":{"type":"Polygon","coordinates":[[[-85.4210731752288,34.0808126526072],[-85.25807,34.079133],[-85.257624,34.100668],[-85.046871,34.096412],[-85.047046,34.082881],[-84.922742,34.082497],[-84.978683,33.951393],[-85.049833,33.952635],[-85.05031,33.904488],[-85.3866705737728,33.9017014940033],[-85.398871,33.964128],[-85.4210731752288,34.0808126526072]]]}},{"type":"Feature","properties":{"fips":"40057","name":"Harmon","state":"OK"},"geometry":{"type":"Polygon","coordinates":[[[-100.000384017848,35.0299299999999],[-99.888444,35.029889],[-99.888222,34.943897],[-99.731092,34.944058],[-99.719797,34.768451],[-99.666849,34.724555],[-99.666512,34.507121],[-99.8420638841464,34.5069327688814],[-99.929334,34.576714],[-99.997629328163,34.5611366245601],[-100.000381,34.560509],[-100.000382194816,34.7463605525616],[-100.000384017848,35.0299299999999]]]}},{"type":"Feature","properties":{"fips":"13291","name":"Union","state":"GA"},"geometry":{"type":"Polygon","coordinates":[[[-84.1294469626359,34.9879469539553],[-84.0053367334383,34.9876495840123],[-83.936646,34.987485],[-83.936427344252,34.9874843833797],[-83.914919,34.926975],[-83.808675,34.904419],[-83.780346,34.792905],[-83.825465,34.778972],[-83.856506,34.722191],[-83.982612,34.71589],[-84.036276,34.642087],[-84.158035,34.648243],[-84.093193,34.801411],[-84.107422,34.886896],[-84.178834,34.952086],[-84.1294469626359,34.9879469539553]]]}},{"type":"Feature","properties":{"fips":"21029","name":"Bullitt","state":"KY"},"geometry":{"type":"Polygon","coordinates":[[[-85.882805,38.040545],[-85.712578,38.087311],[-85.567145,38.074743],[-85.53923,38.08034],[-85.42883,38.118383],[-85.516882,38.011267],[-85.489202,37.990654],[-85.529946,37.947231],[-85.585424,37.906395],[-85.680471,37.81512],[-85.737777,37.81179],[-85.838198,37.879284],[-85.854871,37.945385],[-85.938321,37.998756],[-85.882805,38.040545]]]}},{"type":"Feature","properties":{"fips":"47127","name":"Moore","state":"TN"},"geometry":{"type":"Polygon","coordinates":[[[-86.525306,35.354718],[-86.422338,35.318846],[-86.25759,35.412476],[-86.279905,35.387452],[-86.261489,35.333579],[-86.245315,35.324051],[-86.306076,35.231178],[-86.318168,35.126986],[-86.36389,35.123209],[-86.392192,35.235381],[-86.52728,35.311536],[-86.525306,35.354718]]]}},{"type":"Feature","properties":{"fips":"48309","name":"McLennan","state":"TX"},"geometry":{"type":"Polygon","coordinates":[[[-97.60523,31.587762],[-97.277265,31.745492],[-97.037266,31.863079],[-96.932215,31.708887],[-96.801123,31.522269],[-97.278113,31.279799],[-97.343426,31.244215],[-97.418606,31.320202],[-97.60523,31.587762]]]}},{"type":"Feature","properties":{"fips":"37161","name":"Rutherford","state":"NC"},"geometry":{"type":"Polygon","coordinates":[[[-82.265795,35.467818],[-82.233203,35.519402],[-82.169049,35.527811],[-81.967619,35.526007],[-81.842468,35.542263],[-81.824122,35.574983],[-81.753407,35.613588],[-81.691989,35.580041],[-81.702853,35.357304],[-81.7681344077739,35.1797077063839],[-81.8744102050921,35.183520599502],[-81.9693584012576,35.1869270884005],[-81.963869,35.24945],[-82.089483,35.359686],[-82.153139,35.408075],[-82.261305,35.393198],[-82.280563,35.443069],[-82.265795,35.467818]]]}},{"type":"Feature","properties":{"fips":"13183","name":"Long","state":"GA"},"geometry":{"type":"Polygon","coordinates":[[[-81.981389,31.794578],[-81.824405,32.014882],[-81.750257,31.973207],[-81.765357,31.87454],[-81.641761,31.765451],[-81.491798,31.699575],[-81.566009,31.576467],[-81.663206,31.538667],[-81.681892,31.54181],[-81.701774,31.584922],[-81.850624,31.667671],[-81.969052,31.789324],[-81.981389,31.794578]]]}},{"type":"Feature","properties":{"fips":"48135","name":"Ector","state":"TX"},"geometry":{"type":"Polygon","coordinates":[[[-102.799086,32.085795],[-102.287048,32.086991],[-102.287345,31.651276],[-102.31805,31.651327],[-102.767246,31.651714],[-102.798939,31.651783],[-102.799086,32.085795]]]}},{"type":"Feature","properties":{"fips":"48067","name":"Cass","state":"TX"},"geometry":{"type":"Polygon","coordinates":[[[-94.65226,33.268861],[-94.572463,33.249826],[-94.517868,33.282096],[-94.415739,33.284017],[-94.379409,33.255651],[-94.231743,33.240857],[-94.218517,33.296936],[-94.056144,33.298036],[-94.0429458450603,33.2712410493864],[-94.042719,33.160291],[-94.042964,33.019219],[-94.0430026215633,32.881088978924],[-94.653994,32.879506],[-94.65226,33.268861]]]}},{"type":"Feature","properties":{"fips":"21173","name":"Montgomery","state":"KY"},"geometry":{"type":"Polygon","coordinates":[[[-83.994222,38.172487],[-83.977924,38.192118],[-83.974602,38.15876],[-83.881353,38.136517],[-83.75943,37.998731],[-83.775168,37.988663],[-83.768783,37.918371],[-83.814919,37.900227],[-83.96631,37.930768],[-84.080527,38.115118],[-83.994222,38.172487]]]}},{"type":"Feature","properties":{"fips":"48055","name":"Caldwell","state":"TX"},"geometry":{"type":"Polygon","coordinates":[[[-97.899196,29.85748],[-97.70879,30.023451],[-97.64937,30.067944],[-97.315823,29.786541],[-97.317893,29.784658],[-97.597743,29.630718],[-97.633176,29.649863],[-97.647785,29.662127],[-97.721852,29.682088],[-97.875259,29.858208],[-97.899196,29.85748]]]}},{"type":"Feature","properties":{"fips":"54071","name":"Pendleton","state":"WV"},"geometry":{"type":"Polygon","coordinates":[[[-79.619174,38.620815],[-79.626774,38.664214],[-79.510073,38.780712],[-79.519474,38.89201],[-79.349867,38.957509],[-79.134296,38.81334],[-79.057253,38.761413],[-79.088055,38.690115],[-79.092955,38.659517],[-79.154357,38.606518],[-79.201459,38.527821],[-79.2284230027078,38.4797415574873],[-79.23162,38.474041],[-79.297758,38.416438],[-79.3112960655144,38.418454601455],[-79.370302,38.427244],[-79.476638,38.457228],[-79.54257,38.553217],[-79.649075,38.591515],[-79.619174,38.620815]]]}},{"type":"Feature","properties":{"fips":"37117","name":"Martin","state":"NC"},"geometry":{"type":"Polygon","coordinates":[[[-77.402614,36.004966],[-77.340038,36.063998],[-77.327569,36.071361],[-77.205817,36.005323],[-77.185816,35.930874],[-77.027544,35.929683],[-77.044053,35.861466],[-76.93904,35.90151],[-76.894022,35.861937],[-76.895486,35.813155],[-76.834825,35.88291],[-76.760598,35.864887],[-76.777404,35.857839],[-76.847264,35.719982],[-76.985842,35.658848],[-77.174,35.732831],[-77.2552,35.786352],[-77.350369,35.819228],[-77.342418,35.905262],[-77.402614,36.004966]]]}},{"type":"Feature","properties":{"fips":"37185","name":"Warren","state":"NC"},"geometry":{"type":"Polygon","coordinates":[[[-78.323718509559,36.5424213915586],[-78.132911,36.543811],[-78.0462083043603,36.5441976726866],[-77.8997741360467,36.5448507330424],[-77.899524,36.504259],[-77.911963,36.382446],[-78.006551,36.202633],[-78.108277,36.209876],[-78.133399,36.246383],[-78.306965,36.266191],[-78.277165,36.306132],[-78.323718509559,36.5424213915586]]]}},{"type":"Feature","properties":{"fips":"47027","name":"Clay","state":"TN"},"geometry":{"type":"Polygon","coordinates":[[[-85.797033,36.610272],[-85.7885565436139,36.6217118590347],[-85.731862,36.620429],[-85.488353,36.614994],[-85.4364042728859,36.618003845027],[-85.2958124857275,36.6261495593675],[-85.290627,36.62645],[-85.2762879474994,36.6261575408034],[-85.267057,36.573238],[-85.284878,36.531293],[-85.446372,36.49797],[-85.495422,36.403074],[-85.57596,36.471617],[-85.704075,36.522395],[-85.813885,36.499473],[-85.797033,36.610272]]]}},{"type":"Feature","properties":{"fips":"01111","name":"Randolph","state":"AL"},"geometry":{"type":"Polygon","coordinates":[[[-85.641129,33.320501],[-85.643482,33.495885],[-85.347744,33.501378],[-85.3049438332249,33.4827563368455],[-85.2943468643453,33.4279931463646],[-85.2365953712528,33.1295440282507],[-85.232441,33.108075],[-85.593177,33.10734],[-85.653654,33.106634],[-85.641129,33.320501]]]}},{"type":"Feature","properties":{"fips":"40053","name":"Grant","state":"OK"},"geometry":{"type":"Polygon","coordinates":[[[-98.1119851837458,36.9982479946353],[-98.045342,36.998327],[-97.8023129703503,36.998698609394],[-97.768704,36.99875],[-97.4623460298641,36.9988242387969],[-97.462459,36.593627],[-98.104286,36.593578],[-98.109375,36.610551],[-98.1119851837458,36.9982479946353]]]}},{"type":"Feature","properties":{"fips":"40061","name":"Haskell","state":"OK"},"geometry":{"type":"Polygon","coordinates":[[[-95.45125,35.296019],[-95.390252,35.327497],[-95.344766,35.293035],[-95.240718,35.26231],[-95.170462,35.310106],[-95.049933,35.458894],[-95.00651,35.4146],[-94.901832,35.39794],[-94.914454,35.347525],[-94.828972,35.361546],[-94.813629,35.323344],[-94.814276,35.202331],[-94.927774,35.20261],[-94.927863,35.058246],[-95.349409,35.05852],[-95.349525,35.160021],[-95.455018,35.160381],[-95.45125,35.296019]]]}},{"type":"Feature","properties":{"fips":"47177","name":"Warren","state":"TN"},"geometry":{"type":"Polygon","coordinates":[[[-85.997426,35.711955],[-85.885156,35.839658],[-85.868174,35.84636],[-85.682095,35.831254],[-85.6203,35.801247],[-85.602876,35.794996],[-85.615146,35.760531],[-85.592068,35.754471],[-85.597875,35.725055],[-85.60514,35.708529],[-85.557535,35.532977],[-85.607326,35.531651],[-85.820334,35.504573],[-85.876962,35.524095],[-85.948192,35.573422],[-85.985062,35.660108],[-85.997426,35.711955]]]}},{"type":"Feature","properties":{"fips":"48325","name":"Medina","state":"TX"},"geometry":{"type":"Polygon","coordinates":[[[-99.411817,29.627514],[-98.983787,29.62345],[-98.971383,29.551842],[-98.927161,29.56225],[-98.806552,29.690709],[-98.804763,29.250693],[-98.8049,29.090434],[-99.41388,29.091335],[-99.411817,29.627514]]]}},{"type":"Feature","properties":{"fips":"12023","name":"Columbia","state":"FL"},"geometry":{"type":"Polygon","coordinates":[[[-82.800477,29.932126],[-82.761519,29.965517],[-82.793975,29.986202],[-82.794594,30.337024],[-82.689922,30.333109],[-82.647198,30.394797],[-82.726583,30.559486],[-82.6895297984728,30.5978892906418],[-82.5840051864195,30.5916365790876],[-82.4597924354137,30.5842765283062],[-82.458364,30.136449],[-82.575991,29.990857],[-82.529705,29.940881],[-82.641008,29.828473],[-82.658554,29.830144],[-82.768445,29.897007],[-82.770379,29.928109],[-82.800477,29.932126]]]}},{"type":"Feature","properties":{"fips":"24011","name":"Caroline","state":"MD"},"geometry":{"type":"Polygon","coordinates":[[[-76.014427,38.726463],[-75.896774,38.815109],[-75.949335,38.918333],[-75.940933,38.976295],[-75.834948,39.108437],[-75.7481548142541,39.1431317309597],[-75.7231026933327,38.8298265565277],[-75.707555026429,38.6353853550599],[-75.839103,38.704124],[-75.945248,38.674109],[-76.014427,38.726463]]]}},{"type":"Feature","properties":{"fips":"48029","name":"Bexar","state":"TX"},"geometry":{"type":"Polygon","coordinates":[[[-98.806552,29.690709],[-98.778782,29.720167],[-98.652552,29.749865],[-98.646124,29.745181],[-98.550489,29.760713],[-98.443469,29.734453],[-98.443852,29.71965],[-98.352589,29.734365],[-98.378068,29.662613],[-98.313494,29.602279],[-98.310928,29.594473],[-98.304121,29.584736],[-98.122555,29.47797],[-98.122547,29.446028],[-98.134171,29.441751],[-98.407336,29.114435],[-98.484041,29.140744],[-98.804763,29.250693],[-98.806552,29.690709]]]}},{"type":"Feature","properties":{"fips":"48393","name":"Roberts","state":"TX"},"geometry":{"type":"Polygon","coordinates":[[[-101.086068,35.625267],[-101.085735,36.055276],[-101.085716,36.057572],[-100.546724,36.056536],[-100.540221,36.056491],[-100.540158,35.619296],[-101.085935,35.619102],[-101.086068,35.625267]]]}},{"type":"Feature","properties":{"fips":"48479","name":"Webb","state":"TX"},"geometry":{"type":"Polygon","coordinates":[[[-100.197510055501,28.1970007311399],[-100.113719,28.197819],[-99.394177,28.204627],[-99.388946,28.030419],[-98.803325,28.05748],[-98.798323,27.354029],[-98.798087,27.268012],[-98.954669,27.269397],[-99.33361,27.273223],[-99.370621,27.319174],[-99.4608257991343,27.2622401970428],[-99.463309,27.268437],[-99.487937,27.294941],[-99.529654,27.306051],[-99.487521,27.412396],[-99.495104,27.451518],[-99.497519,27.500496],[-99.52832,27.498896],[-99.530138,27.580207],[-99.556812,27.614336],[-99.624515,27.634515],[-99.704601,27.654954],[-99.758534,27.717071],[-99.801651,27.741771],[-99.844737,27.778809],[-99.87784,27.824376],[-99.904385,27.875284],[-99.917461,27.917973],[-99.932161,27.96771],[-99.984923,27.990729],[-100.028725,28.073118],[-100.075474,28.124882],[-100.174413,28.179448],[-100.197510055501,28.1970007311399]]]}},{"type":"Feature","properties":{"fips":"05149","name":"Yell","state":"AR"},"geometry":{"type":"Polygon","coordinates":[[[-93.704962,35.019716],[-93.706843,35.134886],[-93.529736,35.145502],[-93.456977,35.215908],[-93.279929,35.212556],[-93.278215,35.312436],[-93.076124,35.17323],[-93.063898,35.117982],[-93.025591,35.161465],[-92.927358,35.176848],[-92.900911,35.169993],[-93.040124,35.109496],[-93.040561,35.07688],[-93.305682,34.875463],[-93.287785,34.773242],[-93.394487,34.77242],[-93.394402,34.743393],[-93.709985,34.745978],[-93.704962,35.019716]]]}},{"type":"Feature","properties":{"fips":"51155","name":"Pulaski","state":"VA"},"geometry":{"type":"Polygon","coordinates":[[[-80.930627,37.115087],[-80.854627,37.147482],[-80.80149,37.179632],[-80.606962,37.244871],[-80.585999,37.182764],[-80.515768,37.201911],[-80.529762,37.133842],[-80.548837,37.146557],[-80.553642,37.14673],[-80.573087,37.139876],[-80.592875,37.127866],[-80.595167,37.125125],[-80.596409,37.118889],[-80.590406,37.102],[-80.580469,37.089662],[-80.543145,37.048465],[-80.543933,36.984639],[-80.56826,36.960672],[-80.633987,36.93178],[-80.68259,36.895144],[-80.740483,36.879001],[-80.893249,37.027399],[-80.912674,37.073349],[-80.930627,37.115087]]]}},{"type":"Feature","properties":{"fips":"28107","name":"Panola","state":"MS"},"geometry":{"type":"Polygon","coordinates":[[[-90.198631,34.554425],[-89.721341,34.554274],[-89.72105,34.192545],[-89.721431,34.163513],[-89.931485,34.164303],[-89.958579,34.159554],[-90.135456,34.160074],[-90.134441,34.265195],[-90.194086,34.301407],[-90.198536,34.511088],[-90.198631,34.554425]]]}},{"type":"Feature","properties":{"fips":"13001","name":"Appling","state":"GA"},"geometry":{"type":"Polygon","coordinates":[[[-82.550714,31.736334],[-82.520251,31.838388],[-82.431362,31.837993],[-82.431531,31.966182],[-82.407245,31.949488],[-82.225042,31.913074],[-82.111818,31.900487],[-82.048582,31.827075],[-82.085899,31.823256],[-82.133013,31.773404],[-82.132794,31.471262],[-82.156101,31.471631],[-82.226585,31.530699],[-82.49572,31.709904],[-82.52142,31.710796],[-82.550714,31.736334]]]}},{"type":"Feature","properties":{"fips":"51109","name":"Louisa","state":"VA"},"geometry":{"type":"Polygon","coordinates":[[[-78.253989,38.062813],[-78.209384,38.131128],[-78.101989,38.152546],[-77.947054,38.120035],[-77.838217,38.106239],[-77.687469,38.007806],[-77.759667,37.811604],[-77.797322,37.729318],[-77.881807,37.757211],[-77.907073,37.821921],[-77.946863,37.852647],[-78.06331,37.905108],[-78.205125,37.95734],[-78.306763,38.006474],[-78.253989,38.062813]]]}},{"type":"Feature","properties":{"fips":"37165","name":"Scotland","state":"NC"},"geometry":{"type":"Polygon","coordinates":[[[-79.6929463837093,34.8049623069232],[-79.614045,34.815309],[-79.561856,34.91035],[-79.573423,34.99221],[-79.458751,35.043639],[-79.353124,34.944242],[-79.347868,34.838553],[-79.331006,34.774418],[-79.4617910310013,34.6300306785915],[-79.675299,34.804744],[-79.6929463837093,34.8049623069232]]]}},{"type":"Feature","properties":{"fips":"05013","name":"Calhoun","state":"AR"},"geometry":{"type":"Polygon","coordinates":[[[-92.776721,33.539257],[-92.717891,33.552127],[-92.723586,33.651901],[-92.647872,33.663845],[-92.585323,33.73646],[-92.583027,33.802299],[-92.334249,33.795065],[-92.341936,33.742983],[-92.330918,33.707745],[-92.313493,33.492946],[-92.378679,33.314836],[-92.350277,33.298842],[-92.431386,33.269468],[-92.567156,33.3672],[-92.654717,33.435103],[-92.70464,33.430839],[-92.716464,33.482873],[-92.765191,33.492189],[-92.776721,33.539257]]]}},{"type":"Feature","properties":{"fips":"21197","name":"Powell","state":"KY"},"geometry":{"type":"Polygon","coordinates":[[[-84.02737,37.869454],[-83.96631,37.930768],[-83.814919,37.900227],[-83.768783,37.918371],[-83.66296,37.834735],[-83.63106,37.825372],[-83.707974,37.716463],[-83.7221,37.71642],[-83.777592,37.756776],[-83.906251,37.759363],[-83.987475,37.848805],[-84.001967,37.837592],[-84.02737,37.869454]]]}},{"type":"Feature","properties":{"fips":"47185","name":"White","state":"TN"},"geometry":{"type":"Polygon","coordinates":[[[-85.632449,35.847385],[-85.662917,35.971501],[-85.630384,36.006521],[-85.644604,36.015053],[-85.507677,36.082012],[-85.309363,36.031592],[-85.264206,35.979154],[-85.242698,35.91304],[-85.248435,35.798748],[-85.269359,35.793388],[-85.265064,35.821973],[-85.362267,35.796774],[-85.474213,35.822656],[-85.602876,35.794996],[-85.6203,35.801247],[-85.682095,35.831254],[-85.632449,35.847385]]]}},{"type":"Feature","properties":{"fips":"54067","name":"Nicholas","state":"WV"},"geometry":{"type":"Polygon","coordinates":[[[-81.231434,38.263716],[-80.911361,38.414785],[-80.817424,38.478553],[-80.881232,38.507045],[-80.785177,38.557649],[-80.650786,38.52659],[-80.62552,38.354392],[-80.436514,38.267334],[-80.711961,38.079129],[-80.882187,38.103457],[-80.96942,38.215685],[-81.074198,38.196053],[-81.231491,38.263426],[-81.231434,38.263716]]]}},{"type":"Feature","properties":{"fips":"28117","name":"Prentiss","state":"MS"},"geometry":{"type":"Polygon","coordinates":[[[-88.73544,34.596483],[-88.717916,34.605209],[-88.718508,34.756781],[-88.365472,34.755604],[-88.330699,34.740721],[-88.329193,34.463571],[-88.542079,34.465276],[-88.541749,34.509192],[-88.736465,34.50891],[-88.73544,34.596483]]]}},{"type":"Feature","properties":{"fips":"48387","name":"Red River","state":"TX"},"geometry":{"type":"Polygon","coordinates":[[[-95.3104497954491,33.8738430381855],[-95.283445,33.877746],[-95.253623,33.92971],[-95.226393,33.961954],[-95.1559076171075,33.9384823885698],[-95.149462,33.936336],[-95.095002,33.904816],[-95.046568,33.862565],[-94.98165,33.852284],[-94.93956,33.810503],[-94.902276,33.776289],[-94.841634,33.739431],[-94.766146,33.748031],[-94.7319329019959,33.7208305162803],[-94.746096,33.703016],[-94.74631,33.554315],[-94.746925,33.328938],[-94.781693,33.318905],[-94.808783,33.363636],[-94.81271,33.375577],[-95.125451,33.389454],[-95.153438,33.380764],[-95.30664,33.378027],[-95.308637,33.380662],[-95.310673,33.663154],[-95.3104497954491,33.8738430381855]]]}},{"type":"Feature","properties":{"fips":"01121","name":"Talladega","state":"AL"},"geometry":{"type":"Polygon","coordinates":[[[-86.459926,33.125117],[-86.484285,33.16123],[-86.458026,33.241434],[-86.35734,33.296917],[-86.340937,33.353074],[-86.378665,33.390983],[-86.281999,33.509895],[-86.235328,33.494532],[-86.16948,33.619236],[-86.191868,33.698273],[-86.145562,33.679098],[-86.050669,33.67459],[-85.994935,33.586475],[-85.794559,33.585565],[-85.796054,33.55622],[-85.805241,33.535189],[-85.85189,33.498742],[-85.904909,33.498655],[-85.923762,33.396206],[-85.976525,33.38187],[-85.980293,33.29419],[-86.118198,33.29632],[-86.120567,33.194511],[-86.17283,33.195681],[-86.17437,33.104394],[-86.279117,33.103928],[-86.491029,33.102944],[-86.459926,33.125117]]]}},{"type":"Feature","properties":{"fips":"21175","name":"Morgan","state":"KY"},"geometry":{"type":"Polygon","coordinates":[[[-83.506081,37.870076],[-83.444343,37.942468],[-83.433942,38.033974],[-83.430638,38.046959],[-83.263289,38.115386],[-83.267544,38.05895],[-83.194445,38.010649],[-83.022115,38.007047],[-82.989014,37.963968],[-82.961423,37.893827],[-83.004649,37.859247],[-83.129258,37.894438],[-83.113277,37.864121],[-83.269662,37.766012],[-83.262172,37.712657],[-83.386437,37.813675],[-83.484258,37.84391],[-83.49508,37.861906],[-83.506081,37.870076]]]}},{"type":"Feature","properties":{"fips":"47069","name":"Hardeman","state":"TN"},"geometry":{"type":"Polygon","coordinates":[[[-89.183944,35.397126],[-89.182551,35.432816],[-89.078876,35.431428],[-88.841607,35.427826],[-88.79274,35.328971],[-88.781768,35.247587],[-88.786612,34.995252],[-88.823050501632,34.995207045695],[-89.0171270115524,34.9949676128363],[-89.02654,34.994956],[-89.198287901495,34.9944505301151],[-89.183944,35.397126]]]}},{"type":"Feature","properties":{"fips":"40059","name":"Harper","state":"OK"},"geometry":{"type":"Polygon","coordinates":[[[-100.002571514322,37.001619153912],[-99.995201,37.001631],[-99.657658,37.000197],[-99.5411149123609,36.9999096445655],[-99.4562024346753,36.9997002794079],[-99.374218,36.879597],[-99.295186,36.819566],[-99.295193,36.595031],[-99.605634,36.592754],[-100.00316,36.59325],[-100.002571514322,37.001619153912]]]}},{"type":"Feature","properties":{"fips":"48045","name":"Briscoe","state":"TX"},"geometry":{"type":"Polygon","coordinates":[[[-101.471562,34.747462],[-101.090749,34.748246],[-100.944939,34.748281],[-100.946132,34.312759],[-101.041484,34.312444],[-101.47158,34.31229],[-101.471562,34.747462]]]}},{"type":"Feature","properties":{"fips":"47073","name":"Hawkins","state":"TN"},"geometry":{"type":"Polygon","coordinates":[[[-83.280595,36.394689],[-83.120966,36.513883],[-83.010789,36.563691],[-82.950519,36.543005],[-82.830433,36.593761],[-82.609181949399,36.5950896860685],[-82.610175,36.5193],[-82.702279,36.455499],[-82.680677,36.4318],[-82.702566,36.410412],[-82.937183,36.334797],[-83.082312,36.242296],[-83.16259,36.345292],[-83.255292,36.289092],[-83.288896,36.378789],[-83.280595,36.394689]]]}},{"type":"Feature","properties":{"fips":"48333","name":"Mills","state":"TX"},"geometry":{"type":"Polygon","coordinates":[[[-98.991608,31.484071],[-98.779951,31.610735],[-98.760057,31.687896],[-98.668441,31.700514],[-98.492802,31.723608],[-98.463736,31.683989],[-98.27107,31.416398],[-98.281557,31.401451],[-98.562732,31.230443],[-98.626926,31.281182],[-98.587268,31.325463],[-98.643921,31.31407],[-98.65456,31.370022],[-98.713131,31.34883],[-98.696634,31.407287],[-98.7244,31.427174],[-98.854292,31.413425],[-98.8725,31.444299],[-98.933188,31.436928],[-98.991608,31.484071]]]}},{"type":"Feature","properties":{"fips":"51073","name":"Gloucester","state":"VA"},"geometry":{"type":"Polygon","coordinates":[[[-76.712305,37.431309],[-76.646794,37.481154],[-76.654076,37.603174],[-76.55593,37.555054],[-76.437561,37.51436],[-76.447944,37.420064],[-76.4029458753529,37.3926000017912],[-76.437525,37.37975],[-76.38777,37.30767],[-76.36229,37.270226],[-76.3769368097175,37.2494917623633],[-76.501939,37.241756],[-76.658651,37.380139],[-76.712305,37.431309]]]}},{"type":"Feature","properties":{"fips":"05009","name":"Boone","state":"AR"},"geometry":{"type":"Polygon","coordinates":[[[-93.3023,36.482437],[-93.2930675065906,36.4982584490195],[-93.125969,36.497851],[-92.8540081073941,36.4980234071379],[-92.884495,36.490742],[-92.890725,36.114245],[-92.94463,36.115253],[-93.30082,36.12155],[-93.3023,36.482437]]]}},{"type":"Feature","properties":{"fips":"21117","name":"Kenton","state":"KY"},"geometry":{"type":"Polygon","coordinates":[[[-84.607928,39.073238],[-84.550844,39.09936],[-84.5065187374369,39.101766408188],[-84.4508,38.993609],[-84.450774,38.819526],[-84.418176,38.80662],[-84.532288,38.791937],[-84.615664,38.802277],[-84.597932,38.879431],[-84.6220474364107,39.0783346767822],[-84.607928,39.073238]]]}},{"type":"Feature","properties":{"fips":"48039","name":"Brazoria","state":"TX"},"geometry":{"type":"Polygon","coordinates":[[[-95.847656,29.26259],[-95.752866,29.324503],[-95.625863,29.293349],[-95.590793,29.327485],[-95.547577,29.395197],[-95.550622,29.438306],[-95.462602,29.439238],[-95.4463,29.499637],[-95.424196,29.580675],[-95.386044,29.585556],[-95.331146,29.599108],[-95.297411,29.596522],[-95.260292,29.589883],[-95.253856,29.553778],[-95.216349,29.555766],[-95.233081,29.465566],[-95.19219,29.404367],[-95.056139,29.199279],[-95.1150505055983,29.0755520224787],[-95.125134,29.067321],[-95.191391,29.02309],[-95.297147,28.934073],[-95.38239,28.866348],[-95.439594,28.859022],[-95.507037396917,28.8247355121921],[-95.567708,28.829758],[-95.67955,28.965734],[-95.769393,28.971109],[-95.770446,29.06621],[-95.84631,29.107799],[-95.874028,29.229702],[-95.847656,29.26259]]]}},{"type":"Feature","properties":{"fips":"21113","name":"Jessamine","state":"KY"},"geometry":{"type":"Polygon","coordinates":[[[-84.689021,37.851091],[-84.709918,37.861952],[-84.660135,38.003745],[-84.479629,37.940219],[-84.43572,37.847202],[-84.476283,37.853131],[-84.462031,37.803431],[-84.525643,37.769497],[-84.571158,37.72855],[-84.716925,37.815389],[-84.689021,37.851091]]]}},{"type":"Feature","properties":{"fips":"28121","name":"Rankin","state":"MS"},"geometry":{"type":"Polygon","coordinates":[[[-90.254799,32.151188],[-90.194855,32.187855],[-90.160981,32.308156],[-90.093681,32.390244],[-90.065697,32.399529],[-90.075349,32.419086],[-89.939758,32.513744],[-89.839985,32.593295],[-89.784123,32.586891],[-89.730063,32.352733],[-89.730424,32.222039],[-89.730066,32.047072],[-90.230331,32.049728],[-90.254799,32.151188]]]}},{"type":"Feature","properties":{"fips":"45065","name":"McCormick","state":"SC"},"geometry":{"type":"Polygon","coordinates":[[[-82.5950257926073,34.0135178092096],[-82.530567,34.071925],[-82.326947,34.06412],[-82.306243,33.971584],[-82.243651,34.017886],[-82.200286,33.978597],[-82.04513,33.983396],[-82.046974,33.95321],[-82.155595,33.928917],[-82.113728,33.82988],[-82.182987,33.724113],[-82.095527,33.633869],[-82.1146464844333,33.5979030721672],[-82.161908,33.610643],[-82.199747,33.657611],[-82.2159383647475,33.6877549753187],[-82.239098,33.730872],[-82.32448,33.820033],[-82.43115,33.867051],[-82.51295,33.936969],[-82.556835,33.945353],[-82.5629967985809,33.9565549105269],[-82.591855,34.009018],[-82.5950257926073,34.0135178092096]]]}},{"type":"Feature","properties":{"fips":"12033","name":"Escambia","state":"FL"},"geometry":{"type":"Polygon","coordinates":[[[-87.592064,30.95146],[-87.598937,30.997422],[-87.5988289462621,30.9974221769053],[-87.519533,30.997552],[-87.425791,30.998058],[-87.312206,30.998404],[-87.163645308459,30.999021835748],[-87.286882,30.925441],[-87.313611,30.847266],[-87.302661,30.71937],[-87.269407,30.711687],[-87.258884,30.611281],[-87.209715,30.555266],[-87.121451,30.497419],[-87.151906,30.412598],[-87.233284,30.370331],[-87.2288564841704,30.3197321482474],[-87.267827,30.31548],[-87.319518,30.317814],[-87.419859,30.297128],[-87.518324,30.280435],[-87.452282,30.344097],[-87.431784,30.403193],[-87.366601,30.436643],[-87.414685,30.457289],[-87.444722,30.507484],[-87.43145,30.550252],[-87.401189,30.604383],[-87.400189,30.657201],[-87.442291,30.692661],[-87.523621,30.738285],[-87.542268,30.767481],[-87.634943,30.865857],[-87.592064,30.95146]]]}},{"type":"Feature","properties":{"fips":"37025","name":"Cabarrus","state":"NC"},"geometry":{"type":"Polygon","coordinates":[[[-80.784167,35.506017],[-80.737249,35.505801],[-80.570602,35.503318],[-80.521818,35.502253],[-80.295421,35.50292],[-80.49751,35.201839],[-80.504985,35.184998],[-80.550349,35.208412],[-80.599733,35.234105],[-80.66648,35.267934],[-80.719672,35.362792],[-80.764295,35.400203],[-80.752167,35.41405],[-80.784167,35.506017]]]}},{"type":"Feature","properties":{"fips":"48189","name":"Hale","state":"TX"},"geometry":{"type":"Polygon","coordinates":[[[-102.090415,34.313132],[-101.99802,34.313039],[-101.564856,34.312493],[-101.56358,33.830451],[-102.085733,33.824675],[-102.090415,34.313132]]]}},{"type":"Feature","properties":{"fips":"21201","name":"Robertson","state":"KY"},"geometry":{"type":"Polygon","coordinates":[[[-84.162031,38.554125],[-84.083746,38.608594],[-83.991605,38.593701],[-83.970585,38.586843],[-83.930348,38.492278],[-83.980068,38.439448],[-83.999227,38.422286],[-84.1021,38.459379],[-84.183689,38.49741],[-84.162031,38.554125]]]}},{"type":"Feature","properties":{"fips":"21025","name":"Breathitt","state":"KY"},"geometry":{"type":"Polygon","coordinates":[[[-83.579186,37.506249],[-83.522308,37.638516],[-83.495488,37.619595],[-83.418474,37.690729],[-83.248692,37.669616],[-83.134949,37.606812],[-83.089796,37.632167],[-83.01217,37.583474],[-82.948544,37.503167],[-83.088514,37.522666],[-83.124348,37.404973],[-83.214735,37.443538],[-83.38165,37.338266],[-83.449454,37.378853],[-83.547628,37.334418],[-83.534281,37.417409],[-83.579186,37.506249]]]}},{"type":"Feature","properties":{"fips":"45017","name":"Calhoun","state":"SC"},"geometry":{"type":"Polygon","coordinates":[[[-81.058521,33.747053],[-81.01233,33.88008],[-80.91731,33.813735],[-80.78486,33.761008],[-80.620107,33.743237],[-80.627531,33.731212],[-80.534085,33.643911],[-80.540514,33.629032],[-80.496273,33.558481],[-80.552272,33.565414],[-80.616575,33.466006],[-80.807631,33.604081],[-80.885414,33.618208],[-80.93979,33.608798],[-81.042854,33.707131],[-80.924968,33.756803],[-81.014003,33.781241],[-81.058521,33.747053]]]}},{"type":"Feature","properties":{"fips":"13293","name":"Upson","state":"GA"},"geometry":{"type":"Polygon","coordinates":[[[-84.52702,32.970548],[-84.505457,32.972853],[-84.489708,32.993729],[-84.27014,32.991011],[-84.122361,32.989576],[-84.12334,32.932184],[-84.124275,32.849562],[-84.124332,32.800935],[-84.202628,32.690018],[-84.235803,32.738284],[-84.286246,32.747626],[-84.380398,32.779176],[-84.506888,32.881788],[-84.526902,32.914098],[-84.52702,32.970548]]]}},{"type":"Feature","properties":{"fips":"22059","name":"LaSalle","state":"LA"},"geometry":{"type":"Polygon","coordinates":[[[-92.362608,31.796633],[-92.340494,31.813367],[-92.312518,31.927656],[-92.005624,31.927383],[-92.008033,31.325809],[-92.025948,31.343009],[-92.086718,31.335374],[-92.072937,31.345407],[-92.196131,31.477877],[-92.277615,31.496236],[-92.275088,31.536087],[-92.35127,31.624551],[-92.362608,31.796633]]]}},{"type":"Feature","properties":{"fips":"24510","name":"Baltimore","state":"MD"},"geometry":{"type":"Polygon","coordinates":[[[-76.711186,39.354383],[-76.678191,39.371994],[-76.613875,39.371762],[-76.609805,39.3722],[-76.529793,39.372058],[-76.529685,39.33028],[-76.529486,39.218408],[-76.550086,39.197207],[-76.618612,39.237398],[-76.711054,39.277889],[-76.711186,39.354383]]]}},{"type":"Feature","properties":{"fips":"37143","name":"Perquimans","state":"NC"},"geometry":{"type":"Polygon","coordinates":[[[-76.590107,36.238862],[-76.559646,36.351056],[-76.453711,36.378092],[-76.375064,36.258901],[-76.290671,36.223497],[-76.177396,36.109191],[-76.157953,36.059517],[-76.186705,36.047725],[-76.358393,36.020019],[-76.396794,36.026443],[-76.402957,36.072867],[-76.572077,36.109463],[-76.590107,36.238862]]]}},{"type":"Feature","properties":{"fips":"47021","name":"Cheatham","state":"TN"},"geometry":{"type":"Polygon","coordinates":[[[-87.280597,36.354166],[-87.120443,36.45546],[-86.984306,36.365377],[-86.913233,36.382621],[-86.906254,36.366218],[-87.038792,36.0789],[-87.053722,36.045582],[-87.085365,36.043805],[-87.182573,36.049726],[-87.149876,36.176878],[-87.193301,36.248969],[-87.153043,36.30535],[-87.286501,36.321933],[-87.280597,36.354166]]]}},{"type":"Feature","properties":{"fips":"12055","name":"Highlands","state":"FL"},"geometry":{"type":"Polygon","coordinates":[[[-81.563533,27.646645],[-81.142164,27.643238],[-81.140472,27.601302],[-81.214284,27.528709],[-81.09845,27.379108],[-81.034429,27.35916],[-80.971144,27.217787],[-80.940676,27.205939],[-81.169138,27.209585],[-81.168281,27.121734],[-81.267677,27.121097],[-81.267216,27.032474],[-81.562531,27.033687],[-81.562624,27.033835],[-81.564062,27.340641],[-81.563533,27.646645]]]}},{"type":"Feature","properties":{"fips":"48173","name":"Glasscock","state":"TX"},"geometry":{"type":"Polygon","coordinates":[[[-101.776085,32.086925],[-101.695011,32.087532],[-101.264216,32.087136],[-101.267122,31.650854],[-101.775802,31.651319],[-101.776085,32.086925]]]}},{"type":"Feature","properties":{"fips":"51125","name":"Nelson","state":"VA"},"geometry":{"type":"Polygon","coordinates":[[[-79.144388,37.856096],[-79.15739,37.891003],[-79.062454,37.9176],[-79.005129,37.88169],[-78.902282,37.951402],[-78.838874,38.04737],[-78.682986,37.78206],[-78.668862,37.724752],[-78.643918,37.733084],[-78.641666,37.683675],[-78.677134,37.69624],[-78.739437,37.631542],[-78.82254,37.630642],[-78.825238,37.552542],[-78.869245,37.542092],[-78.986017,37.695546],[-79.067355,37.720255],[-79.071417,37.778303],[-79.137964,37.814141],[-79.172131,37.803097],[-79.144388,37.856096]]]}},{"type":"Feature","properties":{"fips":"01099","name":"Monroe","state":"AL"},"geometry":{"type":"Polygon","coordinates":[[[-87.784796,31.324672],[-87.665572,31.423166],[-87.573733,31.435088],[-87.619844,31.519049],[-87.565413,31.553573],[-87.566402,31.658044],[-87.566823,31.695476],[-87.516131,31.697824],[-87.50093,31.829251],[-86.906899,31.830628],[-86.905899,31.753035],[-87.050472,31.718636],[-87.135051,31.642417],[-87.166581,31.519561],[-87.427455,31.260386],[-87.559287,31.227291],[-87.61589,31.244458],[-87.714287,31.302117],[-87.765152,31.297346],[-87.784796,31.324672]]]}},{"type":"Feature","properties":{"fips":"05129","name":"Searcy","state":"AR"},"geometry":{"type":"Polygon","coordinates":[[[-92.938469,36.071665],[-92.94463,36.115253],[-92.890725,36.114245],[-92.837821,36.070125],[-92.411563,36.062757],[-92.414396,35.975798],[-92.416846,35.788632],[-92.629837,35.790823],[-92.63143,35.718381],[-92.809745,35.722417],[-92.951373,35.724635],[-92.938469,36.071665]]]}},{"type":"Feature","properties":{"fips":"13177","name":"Lee","state":"GA"},"geometry":{"type":"Polygon","coordinates":[[[-84.338143,31.91619],[-83.922494,31.909653],[-83.939437,31.847929],[-84.008445,31.801645],[-84.018404,31.650274],[-84.043213,31.623573],[-84.297801,31.621951],[-84.286456,31.791182],[-84.259611,31.827865],[-84.338245,31.873591],[-84.338143,31.91619]]]}},{"type":"Feature","properties":{"fips":"13195","name":"Madison","state":"GA"},"geometry":{"type":"Polygon","coordinates":[[[-83.402428,34.197499],[-83.355269,34.22374],[-83.313591,34.259144],[-83.172745,34.238522],[-83.11336,34.27353],[-83.078004,34.223606],[-83.103264,34.170528],[-82.976294,34.043219],[-83.048889,34.015804],[-83.123878,34.047558],[-83.258413,33.999098],[-83.294327,34.00808],[-83.359495,34.040288],[-83.386763,34.050241],[-83.357051,34.116199],[-83.402428,34.197499]]]}},{"type":"Feature","properties":{"fips":"28105","name":"Oktibbeha","state":"MS"},"geometry":{"type":"Polygon","coordinates":[[[-89.088446,33.533202],[-89.035677,33.562154],[-89.018613,33.562114],[-88.671526,33.565135],[-88.671553,33.506632],[-88.670552,33.286855],[-88.813053,33.286424],[-88.965963,33.286108],[-89.088255,33.286003],[-89.088446,33.533202]]]}},{"type":"Feature","properties":{"fips":"45063","name":"Lexington","state":"SC"},"geometry":{"type":"Polygon","coordinates":[[[-81.471972,34.076552],[-81.394124,34.071488],[-81.437172,34.129963],[-81.338961,34.197587],[-81.275845,34.097381],[-81.139282,34.068341],[-81.05211,33.997616],[-81.01233,33.88008],[-81.058521,33.747053],[-81.014003,33.781241],[-80.924968,33.756803],[-81.042854,33.707131],[-81.086633,33.695409],[-81.187271,33.652937],[-81.414769,33.73216],[-81.571307,33.87746],[-81.471972,34.076552]]]}},{"type":"Feature","properties":{"fips":"05065","name":"Izard","state":"AR"},"geometry":{"type":"Polygon","coordinates":[[[-92.215212,36.13397],[-92.159928,36.173792],[-92.156931,36.261221],[-91.691443,36.25316],[-91.682207,36.000567],[-91.710483,35.941784],[-91.753447,35.942849],[-91.849456,35.867301],[-91.9638,35.938596],[-92.107592,35.930808],[-92.058375,36.036984],[-92.19564,36.133009],[-92.215212,36.13397]]]}},{"type":"Feature","properties":{"fips":"12057","name":"Hillsborough","state":"FL"},"geometry":{"type":"Polygon","coordinates":[[[-82.651165,28.173266],[-82.536009,28.172576],[-82.105853,28.17165],[-82.056261,28.171592],[-82.055262,27.927253],[-82.054349,27.646382],[-82.5447404124373,27.6581333425825],[-82.514265,27.705588],[-82.477638,27.723004],[-82.43198,27.768092],[-82.448786,27.810036],[-82.489849,27.822607],[-82.553946,27.848462],[-82.5663805212513,27.8363382177134],[-82.577519,27.916],[-82.648616,27.966337],[-82.651165,28.173266]]]}},{"type":"Feature","properties":{"fips":"21231","name":"Wayne","state":"KY"},"geometry":{"type":"Polygon","coordinates":[[[-85.064307,36.858743],[-84.960878,36.916338],[-84.945527,36.959747],[-84.835712,36.997612],[-84.770172,36.957735],[-84.679165,36.980914],[-84.578158,36.867133],[-84.581678,36.804039],[-84.62256,36.793933],[-84.7784558643505,36.6032105122159],[-84.785341,36.603372],[-84.7853999785503,36.6033754199356],[-84.943948,36.612569],[-84.9748684358374,36.6145833593172],[-84.999106,36.624161],[-85.004099,36.756237],[-85.064307,36.858743]]]}},{"type":"Feature","properties":{"fips":"37149","name":"Polk","state":"NC"},"geometry":{"type":"Polygon","coordinates":[[[-82.359152,35.244489],[-82.261305,35.393198],[-82.153139,35.408075],[-82.089483,35.359686],[-81.963869,35.24945],[-81.9693584012576,35.1869270884005],[-82.039651,35.189449],[-82.1058516370446,35.1908770736399],[-82.215996376597,35.1932531051427],[-82.295354,35.194965],[-82.3133570690064,35.196132318454],[-82.3531752729195,35.1987141296007],[-82.359152,35.244489]]]}},{"type":"Feature","properties":{"fips":"12007","name":"Bradford","state":"FL"},"geometry":{"type":"Polygon","coordinates":[[[-82.306677,29.956612],[-82.259971,30.02809],[-82.14734,30.109985],[-82.142578,30.143117],[-82.049425,30.143136],[-82.046112,29.747129],[-82.049244,29.71867],[-82.055625,29.718232],[-82.133126,29.835949],[-82.272563,29.843011],[-82.418728,29.923093],[-82.306677,29.956612]]]}},{"type":"Feature","properties":{"fips":"13063","name":"Clayton","state":"GA"},"geometry":{"type":"Polygon","coordinates":[[[-84.457964,33.629245],[-84.454243,33.648873],[-84.349875,33.647944],[-84.32342,33.647728],[-84.296366,33.647468],[-84.281654,33.647307],[-84.243858,33.598618],[-84.292591,33.549145],[-84.29468,33.435715],[-84.353584,33.436165],[-84.3544,33.352514],[-84.388118,33.352465],[-84.381673,33.463258],[-84.397479,33.485738],[-84.4377,33.547069],[-84.458665,33.550933],[-84.457964,33.629245]]]}},{"type":"Feature","properties":{"fips":"21177","name":"Muhlenberg","state":"KY"},"geometry":{"type":"Polygon","coordinates":[[[-87.38703,37.273606],[-87.295965,37.391819],[-87.210958,37.38093],[-87.099803,37.416042],[-87.136983,37.335524],[-87.07133,37.370298],[-86.985957,37.316566],[-86.98267,37.269632],[-86.899268,37.212313],[-86.924273,37.144623],[-86.894067,37.088349],[-86.941391,37.068981],[-86.976399,37.073588],[-87.053164,37.061019],[-87.250256,37.040557],[-87.259371,37.072401],[-87.334277,37.131818],[-87.327343,37.140018],[-87.333741,37.157186],[-87.38703,37.273606]]]}},{"type":"Feature","properties":{"fips":"48457","name":"Tyler","state":"TX"},"geometry":{"type":"Polygon","coordinates":[[[-94.561943,31.058952],[-94.526629,31.055722],[-94.457816,31.033325],[-94.45327,31.006237],[-94.353782,31.039371],[-94.238424,31.013705],[-94.244888,30.968174],[-94.200441,30.929256],[-94.215213,30.9004],[-94.179343,30.794974],[-94.150119,30.790203],[-94.125824,30.684052],[-94.089369,30.686978],[-94.05096,30.638568],[-94.094812,30.575543],[-94.071689,30.526033],[-94.545717,30.526977],[-94.657992,31.012007],[-94.561943,31.058952]]]}},{"type":"Feature","properties":{"fips":"13305","name":"Wayne","state":"GA"},"geometry":{"type":"Polygon","coordinates":[[[-82.133013,31.773404],[-82.085899,31.823256],[-82.048582,31.827075],[-81.982941,31.784904],[-81.969052,31.789324],[-81.850624,31.667671],[-81.701774,31.584922],[-81.681892,31.54181],[-81.663206,31.538667],[-81.612054,31.469405],[-81.62429,31.452982],[-81.691977,31.400545],[-81.731694,31.330048],[-81.801052,31.363737],[-81.923238,31.345875],[-82.041129,31.373721],[-82.063387,31.466362],[-82.132794,31.471262],[-82.133013,31.773404]]]}},{"type":"Feature","properties":{"fips":"13175","name":"Laurens","state":"GA"},"geometry":{"type":"Polygon","coordinates":[[[-83.226536,32.584201],[-82.957066,32.708318],[-82.862763,32.71576],[-82.794538,32.66023],[-82.668557,32.612164],[-82.647733,32.512507],[-82.748486,32.32882],[-82.721964,32.309283],[-82.755158,32.26969],[-82.773916,32.265362],[-82.884803,32.196072],[-82.990967,32.147274],[-83.138991,32.423069],[-83.226536,32.584201]]]}},{"type":"Feature","properties":{"fips":"51800","name":"Suffolk","state":"VA"},"geometry":{"type":"Polygon","coordinates":[[[-76.930936,36.559569],[-76.897592,36.64405],[-76.53352,36.915563],[-76.445301,36.941891],[-76.399567,36.930947],[-76.420368,36.866348],[-76.457469,36.814841],[-76.461781,36.782566],[-76.4914825754723,36.5507329938364],[-76.5419658657183,36.5507845323601],[-76.738329,36.550985],[-76.9157318023497,36.5460897693389],[-76.930936,36.559569]]]}},{"type":"Feature","properties":{"fips":"48495","name":"Winkler","state":"TX"},"geometry":{"type":"Polygon","coordinates":[[[-103.326501,32.00037],[-103.064423,32.000518],[-103.064422401106,32.087051],[-102.844395,32.087062],[-102.799086,32.085795],[-102.798939,31.651783],[-103.327538,31.65142],[-103.326501,32.00037]]]}},{"type":"Feature","properties":{"fips":"13253","name":"Seminole","state":"GA"},"geometry":{"type":"Polygon","coordinates":[[[-85.0211075623628,31.0754638723064],[-84.922423,31.07259],[-84.730855,31.06919],[-84.78682,30.801489],[-84.8634638443825,30.7114970146544],[-84.864693,30.711542],[-84.91815,30.772082],[-84.934283,30.834033],[-84.935698,30.878703],[-84.983757,30.936984],[-85.006062,30.977039],[-85.002499,31.000682],[-85.011392,31.053546],[-85.0211075623628,31.0754638723064]]]}},{"type":"Feature","properties":{"fips":"21137","name":"Lincoln","state":"KY"},"geometry":{"type":"Polygon","coordinates":[[[-84.847434,37.548343],[-84.65787,37.618278],[-84.658296,37.634501],[-84.636022,37.621765],[-84.648559,37.609897],[-84.446719,37.485893],[-84.502932,37.328801],[-84.556461,37.355729],[-84.720712,37.238328],[-84.706402,37.29954],[-84.722826,37.360043],[-84.850816,37.427143],[-84.847434,37.548343]]]}},{"type":"Feature","properties":{"fips":"48031","name":"Blanco","state":"TX"},"geometry":{"type":"Polygon","coordinates":[[[-98.59167,30.499875],[-98.411462,30.502095],[-98.351041,30.486096],[-98.125556,30.426186],[-98.172977,30.356312],[-98.2976,30.037994],[-98.414018,29.937557],[-98.587897,30.138954],[-98.59167,30.499875]]]}},{"type":"Feature","properties":{"fips":"47175","name":"Van Buren","state":"TN"},"geometry":{"type":"Polygon","coordinates":[[[-85.602876,35.794996],[-85.474213,35.822656],[-85.362267,35.796774],[-85.265064,35.821973],[-85.269359,35.793388],[-85.254062,35.765611],[-85.265387,35.721237],[-85.423804,35.567422],[-85.459856,35.54685],[-85.557535,35.532977],[-85.60514,35.708529],[-85.597875,35.725055],[-85.592068,35.754471],[-85.615146,35.760531],[-85.602876,35.794996]]]}},{"type":"Feature","properties":{"fips":"13075","name":"Cook","state":"GA"},"geometry":{"type":"Polygon","coordinates":[[[-83.574857,31.078135],[-83.540698,31.17898],[-83.509961,31.205972],[-83.512607,31.327405],[-83.460644,31.326263],[-83.434492,31.350361],[-83.335949,31.244579],[-83.320471,31.097962],[-83.279781,31.063351],[-83.295052,31.027278],[-83.475617,31.031964],[-83.551628,31.054329],[-83.574857,31.078135]]]}},{"type":"Feature","properties":{"fips":"45055","name":"Kershaw","state":"SC"},"geometry":{"type":"Polygon","coordinates":[[[-80.879227,34.457776],[-80.743345,34.539916],[-80.739966,34.479957],[-80.527434,34.503935],[-80.550552,34.560116],[-80.408373,34.614765],[-80.32759,34.49776],[-80.285538,34.393678],[-80.288596,34.366207],[-80.288692,34.364139],[-80.437359,34.284502],[-80.479857,34.168696],[-80.58011,34.099949],[-80.616186,34.099605],[-80.719318,34.068972],[-80.869524,34.182271],[-80.825921,34.26876],[-80.769926,34.377111],[-80.879227,34.457776]]]}},{"type":"Feature","properties":{"fips":"48413","name":"Schleicher","state":"TX"},"geometry":{"type":"Polygon","coordinates":[[[-100.962176,31.08249],[-100.688764,31.086576],[-100.115216,31.087994],[-100.116234,30.710366],[-100.960587,30.706071],[-100.962176,31.08249]]]}},{"type":"Feature","properties":{"fips":"05143","name":"Washington","state":"AR"},"geometry":{"type":"Polygon","coordinates":[[[-94.5518886566514,36.1021239714216],[-94.391125,36.099396],[-94.336184,36.142009],[-94.333639,36.214689],[-93.973702,36.204238],[-93.887891,36.235129],[-93.944108,36.091122],[-93.963054,35.761005],[-94.124927,35.750327],[-94.4930532906959,35.7592465106763],[-94.494549,35.768303],[-94.532071,35.987852],[-94.5518886566514,36.1021239714216]]]}},{"type":"Feature","properties":{"fips":"40049","name":"Garvin","state":"OK"},"geometry":{"type":"Polygon","coordinates":[[[-97.668099,34.855164],[-96.932436,34.854496],[-96.932452,34.636812],[-97.200073,34.622762],[-97.143973,34.506606],[-97.352183,34.506796],[-97.562323,34.507036],[-97.563004,34.681185],[-97.668512,34.68134],[-97.668099,34.855164]]]}},{"type":"Feature","properties":{"fips":"48467","name":"Van Zandt","state":"TX"},"geometry":{"type":"Polygon","coordinates":[[[-96.076801,32.838489],[-95.934433,32.837217],[-95.863949,32.777061],[-95.795966,32.775318],[-95.659803,32.711402],[-95.635017,32.72038],[-95.594541,32.687026],[-95.5943,32.479858],[-95.449165,32.355233],[-96.075899,32.357505],[-96.076801,32.838489]]]}},{"type":"Feature","properties":{"fips":"48423","name":"Smith","state":"TX"},"geometry":{"type":"Polygon","coordinates":[[[-95.594541,32.687026],[-95.46876,32.605676],[-95.332164,32.604252],[-95.166299,32.543948],[-95.15341,32.570115],[-95.015037,32.542696],[-95.009992,32.516478],[-94.986935,32.537246],[-94.985411,32.37082],[-94.985272,32.137989],[-95.459908,32.135559],[-95.478585,32.147224],[-95.488733,32.232486],[-95.449165,32.355233],[-95.5943,32.479858],[-95.594541,32.687026]]]}},{"type":"Feature","properties":{"fips":"48473","name":"Waller","state":"TX"},"geometry":{"type":"Polygon","coordinates":[[[-96.15901,30.206613],[-96.093165,30.225187],[-96.069319,30.229964],[-95.804306,30.24557],[-95.80333,30.090096],[-95.960615,30.163628],[-95.830196,29.800418],[-95.825975,29.788616],[-95.97094,29.728554],[-96.032711,29.727944],[-96.049234,29.803187],[-96.121405,29.836652],[-96.122754,29.968545],[-96.084541,30.005137],[-96.146052,30.070224],[-96.191782,30.13842],[-96.15901,30.206613]]]}},{"type":"Feature","properties":{"fips":"40099","name":"Murray","state":"OK"},"geometry":{"type":"Polygon","coordinates":[[[-97.352183,34.506796],[-97.143973,34.506606],[-97.200073,34.622762],[-96.932452,34.636812],[-96.932423,34.593261],[-96.827144,34.59322],[-96.827343,34.506062],[-96.88079,34.506053],[-96.881005,34.332977],[-96.933305,34.332561],[-97.028817,34.332299],[-97.038239,34.375707],[-97.352115,34.376188],[-97.352183,34.506796]]]}},{"type":"Feature","properties":{"fips":"24005","name":"Baltimore","state":"MD"},"geometry":{"type":"Polygon","coordinates":[[[-76.89556,39.429487],[-76.7870971997576,39.7210481461113],[-76.715771,39.721393],[-76.6976581403161,39.7214011168578],[-76.5694491257313,39.7214585707527],[-76.532174,39.543977],[-76.427918,39.50172],[-76.315579,39.332807],[-76.338079,39.292807],[-76.326396832072,39.2733926821003],[-76.349994,39.248822],[-76.3843466278042,39.2359006117102],[-76.395509,39.231702],[-76.430182,39.204233],[-76.470052,39.201367],[-76.4788479844282,39.1916416662047],[-76.529486,39.218408],[-76.529685,39.33028],[-76.529793,39.372058],[-76.609805,39.3722],[-76.613875,39.371762],[-76.678191,39.371994],[-76.711186,39.354383],[-76.711054,39.277889],[-76.618612,39.237398],[-76.63415,39.223405],[-76.697085,39.214092],[-76.728391,39.229395],[-76.793626,39.313655],[-76.882274,39.350185],[-76.89556,39.429487]]]}},{"type":"Feature","properties":{"fips":"28027","name":"Coahoma","state":"MS"},"geometry":{"type":"Polygon","coordinates":[[[-90.938064,34.148754],[-90.894385,34.160953],[-90.882701,34.184364],[-90.89456,34.22438],[-90.839981,34.236114],[-90.812829,34.279438],[-90.752681,34.289266],[-90.765174,34.342818],[-90.729131,34.364206],[-90.660404,34.33576],[-90.641398,34.383869],[-90.575336,34.415152],[-90.583717,34.458829],[-90.5694607451505,34.5243442788972],[-90.399498,34.423807],[-90.399014,34.261524],[-90.450572,34.262402],[-90.450981,34.072932],[-90.451012,33.985689],[-90.657002,33.987586],[-90.659457,34.118867],[-90.9440807601938,34.1200652947774],[-90.938064,34.148754]]]}},{"type":"Feature","properties":{"fips":"21227","name":"Warren","state":"KY"},"geometry":{"type":"Polygon","coordinates":[[[-86.674462,36.999766],[-86.620024,37.183103],[-86.399165,37.169896],[-86.28175,37.080597],[-86.218607,37.104029],[-86.113512,37.061072],[-86.16674,36.934015],[-86.201417,36.935315],[-86.405769,36.776187],[-86.400518,36.807226],[-86.583289,36.830282],[-86.611586,36.883057],[-86.668785,36.989116],[-86.674462,36.999766]]]}},{"type":"Feature","properties":{"fips":"47173","name":"Union","state":"TN"},"geometry":{"type":"Polygon","coordinates":[[[-84.004317,36.270378],[-83.952119,36.400378],[-83.905638,36.419979],[-83.805415,36.435679],[-83.73301,36.34498],[-83.667408,36.344381],[-83.714704,36.173783],[-83.732704,36.164583],[-83.905169,36.160906],[-83.941711,36.186378],[-83.998721,36.252363],[-84.004317,36.270378]]]}},{"type":"Feature","properties":{"fips":"51029","name":"Buckingham","state":"VA"},"geometry":{"type":"Polygon","coordinates":[[[-78.82254,37.630642],[-78.739437,37.631542],[-78.677134,37.69624],[-78.641666,37.683675],[-78.643918,37.733084],[-78.497714,37.7631],[-78.491345,37.796956],[-78.463499,37.759782],[-78.239748,37.690495],[-78.249021,37.635546],[-78.465089,37.339677],[-78.511491,37.329724],[-78.594436,37.397974],[-78.630175,37.38425],[-78.635714,37.416193],[-78.825238,37.552542],[-78.82254,37.630642]]]}},{"type":"Feature","properties":{"fips":"40001","name":"Adair","state":"OK"},"geometry":{"type":"Polygon","coordinates":[[[-94.797409,36.161652],[-94.5622679285528,36.1619726146264],[-94.5518886566514,36.1021239714216],[-94.532071,35.987852],[-94.494549,35.768303],[-94.4930532906959,35.7592465106763],[-94.4731193906467,35.6385471525294],[-94.807757,35.638546],[-94.797409,36.161652]]]}},{"type":"Feature","properties":{"fips":"22119","name":"Webster","state":"LA"},"geometry":{"type":"Polygon","coordinates":[[[-93.5209925078522,33.0187422898925],[-93.4905581209888,33.0186347572102],[-93.377134,33.018234],[-93.2386468140122,33.0180159427056],[-93.237744,32.715973],[-93.186698,32.716227],[-93.173589,32.633068],[-93.178751,32.584808],[-93.147058,32.45534],[-93.237242,32.454349],[-93.236922,32.410161],[-93.372722,32.41019],[-93.44115,32.410468],[-93.444867,32.761395],[-93.473797,32.783172],[-93.448039,32.866321],[-93.530405,32.975397],[-93.5209925078522,33.0187422898925]]]}},{"type":"Feature","properties":{"fips":"40103","name":"Noble","state":"OK"},"geometry":{"type":"Polygon","coordinates":[[[-97.461603,36.593637],[-97.057556,36.593872],[-96.912756,36.598949],[-96.888017,36.574886],[-97.009785,36.506935],[-97.032106,36.333354],[-96.924936,36.333344],[-96.925069,36.246474],[-97.140968,36.246435],[-97.140668,36.159231],[-97.354132,36.159072],[-97.371722,36.164285],[-97.460792,36.164462],[-97.461603,36.593637]]]}},{"type":"Feature","properties":{"fips":"48377","name":"Presidio","state":"TX"},"geometry":{"type":"Polygon","coordinates":[[[-104.980753891325,30.6288120187883],[-103.90101,30.41219],[-103.80068,30.412527],[-103.792793,29.500188],[-103.793873010934,29.2592383933486],[-103.856893,29.281852],[-103.975235,29.296017],[-104.055596,29.33091],[-104.143692,29.383278],[-104.181273,29.426265],[-104.229081,29.48105],[-104.308813,29.524337],[-104.371175,29.543063],[-104.452301,29.60366],[-104.539761,29.676074],[-104.565688,29.770462],[-104.619039,29.844445],[-104.672327,29.911112],[-104.685479,29.989943],[-104.703998,30.02421],[-104.692094,30.107304],[-104.702788,30.211736],[-104.740448,30.259454],[-104.761634,30.301148],[-104.824314,30.370466],[-104.859521,30.390413],[-104.869872,30.458645],[-104.889376,30.535144],[-104.924796,30.604832],[-104.972071,30.61026],[-104.980753891325,30.6288120187883]]]}},{"type":"Feature","properties":{"fips":"51033","name":"Caroline","state":"VA"},"geometry":{"type":"Polygon","coordinates":[[[-77.642518,37.990688],[-77.370297,38.246576],[-77.326692,38.245136],[-77.229757,38.245208],[-77.2143,38.197029],[-77.115997,38.149931],[-77.1701,38.079543],[-77.070115,37.96477],[-77.167284,37.963904],[-77.181418,37.891654],[-77.241044,37.909908],[-77.345223,37.789285],[-77.404501,37.77977],[-77.407813,37.80333],[-77.436633,37.885512],[-77.48417,37.883369],[-77.642518,37.990688]]]}},{"type":"Feature","properties":{"fips":"48315","name":"Marion","state":"TX"},"geometry":{"type":"Polygon","coordinates":[[[-94.705878,32.879177],[-94.653994,32.879506],[-94.0430026215633,32.881088978924],[-94.043026,32.797476],[-94.0430515276176,32.6930299766656],[-94.143428,32.74148],[-94.176401,32.694694],[-94.25037,32.745166],[-94.390783,32.694377],[-94.507323,32.693738],[-94.70214,32.793088],[-94.672351,32.834756],[-94.705878,32.879177]]]}},{"type":"Feature","properties":{"fips":"01091","name":"Marengo","state":"AL"},"geometry":{"type":"Polygon","coordinates":[[[-88.113584,32.00624],[-88.007077,32.185313],[-88.019145,32.28524],[-87.930661,32.310574],[-88.046335,32.377087],[-88.031623,32.43361],[-87.85342,32.532086],[-87.824977,32.544789],[-87.812559,32.52456],[-87.728521,32.524532],[-87.728744,32.480918],[-87.524485,32.482028],[-87.52429,32.307293],[-87.47308,32.307614],[-87.472206,32.264919],[-87.514066,32.265993],[-87.521946,32.132816],[-87.624005,32.132345],[-87.622756,32.005482],[-87.667769,31.991355],[-88.07349,31.990182],[-88.113584,32.00624]]]}},{"type":"Feature","properties":{"fips":"01119","name":"Sumter","state":"AL"},"geometry":{"type":"Polygon","coordinates":[[[-88.3892485641243,32.5781223959586],[-88.373338,32.711825],[-88.3474902478349,32.9290347868805],[-88.3400849921393,32.991264337875],[-88.171852,32.99586],[-88.175329,32.932093],[-88.207316,32.924782],[-88.132685,32.832853],[-88.053729,32.593052],[-87.928689,32.632284],[-87.840858,32.605036],[-87.898355,32.592321],[-87.85342,32.532086],[-88.031623,32.43361],[-88.046335,32.377087],[-87.930661,32.310574],[-88.4213122213943,32.3086791230113],[-88.3892485641243,32.5781223959586]]]}},{"type":"Feature","properties":{"fips":"51171","name":"Shenandoah","state":"VA"},"geometry":{"type":"Polygon","coordinates":[[[-78.821167,38.830982],[-78.772793,38.893742],[-78.681617,38.92584],[-78.620453,38.982601],[-78.561711,39.009007],[-78.532266186557,39.0527645240444],[-78.454136,39.027797],[-78.391624,39.101897],[-78.336648,39.101997],[-78.31408,39.007994],[-78.300414,38.943592],[-78.394704,38.82279],[-78.50926,38.725626],[-78.54894,38.738542],[-78.641769,38.604719],[-78.869276,38.762991],[-78.821167,38.830982]]]}},{"type":"Feature","properties":{"fips":"54033","name":"Harrison","state":"WV"},"geometry":{"type":"Polygon","coordinates":[[[-80.531808,39.360121],[-80.544521,39.42912],[-80.494085,39.469599],[-80.282776,39.435797],[-80.197286,39.393186],[-80.199504,39.27069],[-80.166387,39.242283],[-80.224687,39.170977],[-80.227173,39.112792],[-80.300209,39.103857],[-80.536294,39.147528],[-80.596126,39.167069],[-80.528756,39.195706],[-80.603684,39.291041],[-80.531808,39.360121]]]}},{"type":"Feature","properties":{"fips":"48021","name":"Bastrop","state":"TX"},"geometry":{"type":"Polygon","coordinates":[[[-97.491254,30.21211],[-97.486329,30.220528],[-97.400089,30.367906],[-97.369539,30.419563],[-97.334463,30.402843],[-97.081834,30.259357],[-97.024461,30.051435],[-97.194235,29.896776],[-97.315823,29.786541],[-97.64937,30.067944],[-97.491254,30.21211]]]}},{"type":"Feature","properties":{"fips":"51840","name":"Winchester","state":"VA"},"geometry":{"type":"Polygon","coordinates":[[[-78.187794,39.20487],[-78.159931,39.203099],[-78.136725,39.184371],[-78.183583,39.132421],[-78.196629,39.142151],[-78.187794,39.20487]]]}},{"type":"Feature","properties":{"fips":"37055","name":"Dare","state":"NC"},"geometry":{"type":"Polygon","coordinates":[[[-76.008348,35.895802],[-75.973152,35.976643],[-75.840046,36.028834],[-75.76628,36.056956],[-75.7706514625597,36.2320803070508],[-75.71831,36.113674],[-75.658537,36.02043],[-75.569794,35.863301],[-75.51901,35.769087],[-75.496086,35.728515],[-75.458659,35.596597],[-75.486771,35.391652],[-75.533627,35.225825],[-75.635493,35.22026],[-75.7495614239622,35.1856163621922],[-75.814021,35.500182],[-75.901342,35.668952],[-76.027479,35.668849],[-76.008348,35.895802]]]}},{"type":"Feature","properties":{"fips":"47077","name":"Henderson","state":"TN"},"geometry":{"type":"Polygon","coordinates":[[[-88.603575,35.626084],[-88.606862,35.789354],[-88.56955,35.824451],[-88.179177,35.816785],[-88.190465,35.609088],[-88.243057,35.528858],[-88.247243,35.439296],[-88.241677,35.423263],[-88.260249,35.416731],[-88.360829,35.418972],[-88.364005,35.492801],[-88.505354,35.51203],[-88.56557,35.587088],[-88.613611,35.588089],[-88.603575,35.626084]]]}},{"type":"Feature","properties":{"fips":"48389","name":"Reeves","state":"TX"},"geometry":{"type":"Polygon","coordinates":[[[-104.024521,32.00001],[-103.980213477381,32.0000328513626],[-103.885584,31.870373],[-103.829385,31.887992],[-103.797232,31.770187],[-103.625726,31.705032],[-103.610887,31.651802],[-103.57489,31.632662],[-103.530927,31.642284],[-103.503505,31.505477],[-103.459426,31.428494],[-103.329941,31.411998],[-103.261677,31.42757],[-103.181225,31.370245],[-103.01104,31.371306],[-103.585084,30.76647],[-104.102351,31.105203],[-104.024521,32.00001]]]}},{"type":"Feature","properties":{"fips":"37041","name":"Chowan","state":"NC"},"geometry":{"type":"Polygon","coordinates":[[[-76.706584,36.243796],[-76.696571,36.296138],[-76.669975,36.315214],[-76.559646,36.351056],[-76.590107,36.238862],[-76.572077,36.109463],[-76.402957,36.072867],[-76.396794,36.026443],[-76.511899,35.980726],[-76.606214,35.978051],[-76.682535,36.030947],[-76.736933,36.150583],[-76.706584,36.243796]]]}},{"type":"Feature","properties":{"fips":"47161","name":"Stewart","state":"TN"},"geometry":{"type":"Polygon","coordinates":[[[-88.070532,36.678118],[-88.011792,36.677025],[-87.849567,36.663701],[-87.853204,36.633247],[-87.6941859078643,36.6368382439437],[-87.64115,36.638036],[-87.592358,36.367663],[-87.715494,36.36824],[-87.821816,36.328724],[-87.98074,36.353307],[-87.99092,36.360133],[-88.061428,36.443992],[-88.0533508007759,36.4999962506816],[-88.050466,36.500053],[-88.033802,36.551733],[-88.055738,36.630475],[-88.070532,36.678118]]]}},{"type":"Feature","properties":{"fips":"37105","name":"Lee","state":"NC"},"geometry":{"type":"Polygon","coordinates":[[[-79.350073,35.518002],[-79.244663,35.569116],[-79.117096,35.628164],[-78.96964,35.521669],[-79.183556,35.307161],[-79.273565,35.353369],[-79.359765,35.469675],[-79.350073,35.518002]]]}},{"type":"Feature","properties":{"fips":"48465","name":"Val Verde","state":"TX"},"geometry":{"type":"Polygon","coordinates":[[[-101.7584,30.288044],[-100.960643,30.287776],[-100.700393,30.288276],[-100.699932,29.623897],[-100.699141,29.419747],[-100.757822,29.238325],[-100.801867546029,29.232831568098],[-100.848664,29.271421],[-100.886842,29.307848],[-100.995607,29.363403],[-101.060151,29.458661],[-101.137503,29.473542],[-101.19272,29.520285],[-101.254895,29.520342],[-101.305533,29.577925],[-101.307332,29.640716],[-101.367198,29.664041],[-101.400636,29.738079],[-101.453499,29.759671],[-101.503223,29.764582],[-101.561569,29.794658],[-101.654578,29.765163],[-101.714224,29.76766],[-101.761619209528,29.7788600967222],[-101.7584,30.288044]]]}},{"type":"Feature","properties":{"fips":"01133","name":"Winston","state":"AL"},"geometry":{"type":"Polygon","coordinates":[[[-87.634725,34.306997],[-87.529722,34.304598],[-87.109911,34.299299],[-87.111992,33.992385],[-87.151036,33.993225],[-87.169807,34.005204],[-87.216735,33.993907],[-87.636118,34.002203],[-87.634725,34.306997]]]}},{"type":"Feature","properties":{"fips":"22043","name":"Grant","state":"LA"},"geometry":{"type":"Polygon","coordinates":[[[-92.973529,31.708922],[-92.62086,31.709618],[-92.619309,31.797288],[-92.362608,31.796633],[-92.35127,31.624551],[-92.275088,31.536087],[-92.277615,31.496236],[-92.196131,31.477877],[-92.631944,31.390478],[-92.692887,31.399598],[-92.718899,31.517476],[-92.806206,31.598548],[-92.908313,31.625169],[-92.964615,31.680721],[-92.973529,31.708922]]]}},{"type":"Feature","properties":{"fips":"13047","name":"Catoosa","state":"GA"},"geometry":{"type":"Polygon","coordinates":[[[-85.2650550217158,34.9850776447417],[-85.045183,34.986883],[-84.9798540252315,34.9872056139756],[-85.061648,34.819478],[-85.144789,34.767639],[-85.201856,34.77508],[-85.20218,34.854451],[-85.264762,34.854277],[-85.2650550217158,34.9850776447417]]]}},{"type":"Feature","properties":{"fips":"47155","name":"Sevier","state":"TN"},"geometry":{"type":"Polygon","coordinates":[[[-83.794275,35.887125],[-83.650957,35.986368],[-83.673297,36.038486],[-83.655597,36.043119],[-83.490299,35.928044],[-83.310782,35.895846],[-83.261806,35.825024],[-83.2561415523036,35.7151240626578],[-83.26474416829,35.7030894961701],[-83.297154,35.65775],[-83.347262,35.660474],[-83.421576,35.611186],[-83.452431,35.602918],[-83.498335,35.562981],[-83.587827,35.566963],[-83.653159,35.568309],[-83.6629119015893,35.5677997932083],[-83.662814,35.690618],[-83.70525,35.71158],[-83.794275,35.887125]]]}},{"type":"Feature","properties":{"fips":"37069","name":"Franklin","state":"NC"},"geometry":{"type":"Polygon","coordinates":[[[-78.544812,36.080846],[-78.496614,36.175199],[-78.42188,36.164309],[-78.37814,36.235065],[-78.306965,36.266191],[-78.133399,36.246383],[-78.108277,36.209876],[-78.006551,36.202633],[-78.255973,35.81812],[-78.284316,35.874578],[-78.426864,35.975012],[-78.546414,36.021826],[-78.544812,36.080846]]]}},{"type":"Feature","properties":{"fips":"21139","name":"Livingston","state":"KY"},"geometry":{"type":"Polygon","coordinates":[[[-88.486947,37.339596],[-88.465861,37.400547],[-88.418594,37.421987],[-88.4161335687515,37.4212865145119],[-88.358476490182,37.4048715275665],[-88.35084,37.397099],[-88.318134,37.398007],[-88.21898,37.273145],[-88.193519,37.147256],[-88.231145,37.081575],[-88.209221,36.999976],[-88.240371,36.981911],[-88.339292,37.061216],[-88.482957,37.022566],[-88.48380327698,37.0680802698954],[-88.476127,37.068223],[-88.444605,37.098601],[-88.424776,37.149901],[-88.471753,37.220155],[-88.514661,37.290948],[-88.486947,37.339596]]]}},{"type":"Feature","properties":{"fips":"21063","name":"Elliott","state":"KY"},"geometry":{"type":"Polygon","coordinates":[[[-83.263289,38.115386],[-83.199219,38.168998],[-83.205257,38.175513],[-83.215454,38.177072],[-83.226762,38.173792],[-83.23793,38.177722],[-83.243324,38.176098],[-83.248937,38.18025],[-83.264341,38.187422],[-83.259942,38.190083],[-83.247194,38.185361],[-83.244306,38.19238],[-83.177781,38.266963],[-83.053081,38.189545],[-82.924805,38.175114],[-82.888644,38.112806],[-83.022115,38.007047],[-83.194445,38.010649],[-83.267544,38.05895],[-83.263289,38.115386]]]}},{"type":"Feature","properties":{"fips":"47105","name":"Loudon","state":"TN"},"geometry":{"type":"Polygon","coordinates":[[[-84.584472,35.644424],[-84.379668,35.817439],[-84.32997,35.892904],[-84.263383,35.89694],[-84.179798,35.820232],[-84.166267,35.805106],[-84.172812,35.712756],[-84.134468,35.647399],[-84.188319,35.610549],[-84.290765,35.654925],[-84.504274,35.665866],[-84.52585,35.624186],[-84.566934,35.629773],[-84.584472,35.644424]]]}},{"type":"Feature","properties":{"fips":"37103","name":"Jones","state":"NC"},"geometry":{"type":"Polygon","coordinates":[[[-77.731026,35.008138],[-77.601282,35.071368],[-77.507463,35.172814],[-77.527182,35.243001],[-77.473692,35.228985],[-77.187679,35.081086],[-77.109656,35.068609],[-77.108851,34.83078],[-77.078263,34.811322],[-77.161676,34.795075],[-77.165986,34.785032],[-77.267433,34.925537],[-77.366768,34.90865],[-77.502771,34.969635],[-77.674805,34.9739],[-77.731026,35.008138]]]}},{"type":"Feature","properties":{"fips":"48345","name":"Motley","state":"TX"},"geometry":{"type":"Polygon","coordinates":[[[-101.041484,34.312444],[-100.946132,34.312759],[-100.51734,34.314102],[-100.518691,33.83565],[-101.041158,33.833625],[-101.041484,34.312444]]]}},{"type":"Feature","properties":{"fips":"48375","name":"Potter","state":"TX"},"geometry":{"type":"Polygon","coordinates":[[[-102.162752,35.620035],[-101.6228,35.620196],[-101.622941,35.183117],[-102.167471,35.183233],[-102.162752,35.620035]]]}},{"type":"Feature","properties":{"fips":"51019","name":"Bedford","state":"VA"},"geometry":{"type":"Polygon","coordinates":[[[-79.847476,37.309352],[-79.788679,37.34935],[-79.814043,37.403862],[-79.658798,37.48501],[-79.593707,37.448864],[-79.498699,37.532797],[-79.434068,37.572327],[-79.436947,37.617057],[-79.384118,37.594329],[-79.345314,37.521041],[-79.220028,37.505329],[-79.185702,37.46582],[-79.266986,37.447868],[-79.257603,37.35576],[-79.258522,37.354947],[-79.280053,37.319711],[-79.28198,37.317032],[-79.290287,37.304556],[-79.330477,37.238418],[-79.442859,37.055867],[-79.479921,37.006035],[-79.594069,37.042206],[-79.670485,37.149621],[-79.718275,37.18972],[-79.847217,37.225406],[-79.858405,37.267155],[-79.847476,37.309352]]]}},{"type":"Feature","properties":{"fips":"51053","name":"Dinwiddie","state":"VA"},"geometry":{"type":"Polygon","coordinates":[[[-77.900254,37.143885],[-77.795926,37.192592],[-77.747693,37.192729],[-77.65061,37.265112],[-77.613349,37.270877],[-77.57212,37.23712],[-77.521624,37.216994],[-77.447408,37.223066],[-77.42347,37.165095],[-77.399203,37.17085],[-77.394645,37.035734],[-77.398498,36.992985],[-77.619029,36.877844],[-77.639012,36.873966],[-77.657895,36.894514],[-77.839834,36.995912],[-77.889813,36.988818],[-77.900254,37.143885]]]}},{"type":"Feature","properties":{"fips":"12019","name":"Clay","state":"FL"},"geometry":{"type":"Polygon","coordinates":[[[-82.049411,30.186933],[-81.703501,30.189025],[-81.679626,30.190495],[-81.692116,30.14474],[-81.680215,30.12124],[-81.688876,30.028566],[-81.60099,29.956017],[-81.583457,29.844556],[-81.581207,29.840176],[-81.81243,29.83649],[-81.90926,29.79356],[-81.939427,29.747497],[-82.049244,29.71867],[-82.046112,29.747129],[-82.049425,30.143136],[-82.049411,30.186933]]]}},{"type":"Feature","properties":{"fips":"13069","name":"Coffee","state":"GA"},"geometry":{"type":"Polygon","coordinates":[[[-83.145587,31.472276],[-83.11166,31.478229],[-83.058807,31.611212],[-82.99836,31.673164],[-82.995698,31.780983],[-82.868118,31.782347],[-82.836366,31.816154],[-82.836633,31.671398],[-82.627342,31.672672],[-82.628273,31.558329],[-82.597509,31.469293],[-82.628181,31.469351],[-82.628975,31.36393],[-82.817558,31.364527],[-82.844093,31.403328],[-83.140483,31.420395],[-83.145587,31.472276]]]}},{"type":"Feature","properties":{"fips":"45049","name":"Hampton","state":"SC"},"geometry":{"type":"Polygon","coordinates":[[[-81.4131167951736,32.7442613279615],[-81.338543,32.768456],[-81.261662,32.839139],[-81.236956,32.940244],[-81.082291,33.02663],[-80.986703,32.900674],[-80.900059,32.832632],[-80.826265,32.70425],[-80.869705,32.660935],[-80.902448,32.621561],[-81.014625,32.753058],[-81.2842383817656,32.547110946285],[-81.328753,32.561228],[-81.3869019026942,32.5989648538998],[-81.397106,32.605587],[-81.393818,32.653491],[-81.41267,32.739083],[-81.4131167951736,32.7442613279615]]]}},{"type":"Feature","properties":{"fips":"51570","name":"Colonial Heights","state":"VA"},"geometry":{"type":"Polygon","coordinates":[[[-77.431705,37.276342],[-77.378294,37.284506],[-77.368203,37.298549],[-77.362322,37.282162],[-77.379193,37.26758],[-77.382521,37.242837],[-77.403671,37.237346],[-77.405034,37.2361],[-77.406415,37.235645],[-77.408023,37.234552],[-77.409183,37.234272],[-77.409877,37.233723],[-77.413119,37.234257],[-77.413559,37.233949],[-77.41542,37.233796],[-77.416501,37.233208],[-77.414406,37.260949],[-77.431705,37.276342]]]}},{"type":"Feature","properties":{"fips":"48221","name":"Hood","state":"TX"},"geometry":{"type":"Polygon","coordinates":[[[-98.066836,32.558822],[-97.617005,32.555484],[-97.61572,32.318617],[-97.78276,32.316493],[-97.945625,32.233468],[-98.068545,32.511626],[-98.066836,32.558822]]]}},{"type":"Feature","properties":{"fips":"12067","name":"Lafayette","state":"FL"},"geometry":{"type":"Polygon","coordinates":[[[-83.36845,30.128672],[-83.36726,30.26044],[-83.266509,30.26026],[-83.247253,30.26067],[-83.225659,30.113321],[-83.160557,30.109823],[-82.963112,29.99305],[-82.879802,29.886847],[-82.893371,29.826839],[-82.920608,29.824143],[-83.318859,29.822623],[-83.35286,29.822222],[-83.37089,29.887934],[-83.36845,30.128672]]]}},{"type":"Feature","properties":{"fips":"37107","name":"Lenoir","state":"NC"},"geometry":{"type":"Polygon","coordinates":[[[-77.818655,35.35635],[-77.806248,35.368754],[-77.697516,35.377097],[-77.676719,35.347344],[-77.475515,35.426655],[-77.426448,35.349759],[-77.391026,35.339533],[-77.431253,35.32983],[-77.473692,35.228985],[-77.527182,35.243001],[-77.507463,35.172814],[-77.601282,35.071368],[-77.731026,35.008138],[-77.749572,35.10861],[-77.769177,35.145576],[-77.834249,35.177846],[-77.818655,35.35635]]]}},{"type":"Feature","properties":{"fips":"37137","name":"Pamlico","state":"NC"},"geometry":{"type":"Polygon","coordinates":[[[-76.987266,35.15495],[-76.895919,35.253889],[-76.845505,35.216059],[-76.632561,35.235324],[-76.590497,35.361857],[-76.522131,35.353623],[-76.454738,35.334376],[-76.304136,35.201453],[-76.71158,34.981768],[-76.780586,34.950434],[-76.953285,35.021248],[-76.940819,35.119103],[-76.987266,35.15495]]]}},{"type":"Feature","properties":{"fips":"51133","name":"Northumberland","state":"VA"},"geometry":{"type":"Polygon","coordinates":[[[-76.616294,38.001623],[-76.5106939613177,38.0394889278142],[-76.491998,38.017222],[-76.427487,37.977038],[-76.357581,37.951678],[-76.29202,37.92312],[-76.236725,37.889174],[-76.251358,37.833072],[-76.310307,37.794849],[-76.312858,37.720338],[-76.3252991496906,37.6825738854367],[-76.420071,37.823766],[-76.507828,37.838814],[-76.556042,37.931524],[-76.63423,37.96663],[-76.616294,38.001623]]]}},{"type":"Feature","properties":{"fips":"47001","name":"Anderson","state":"TN"},"geometry":{"type":"Polygon","coordinates":[[[-84.441034,36.163478],[-84.403633,36.174778],[-84.372731,36.216778],[-84.241325,36.177578],[-84.227527,36.244879],[-84.072698,36.251989],[-84.033719,36.301779],[-84.004317,36.270378],[-83.998721,36.252363],[-83.941711,36.186378],[-84.094011,36.068911],[-84.272869,35.940506],[-84.271587,35.910165],[-84.32006,35.991607],[-84.341812,36.048977],[-84.449734,36.141677],[-84.441034,36.163478]]]}},{"type":"Feature","properties":{"fips":"21151","name":"Madison","state":"KY"},"geometry":{"type":"Polygon","coordinates":[[[-84.462031,37.803431],[-84.476283,37.853131],[-84.43572,37.847202],[-84.386165,37.84549],[-84.337393,37.892007],[-84.272406,37.917546],[-84.261183,37.875986],[-84.080337,37.853066],[-84.120226,37.817381],[-84.073908,37.801117],[-84.089212,37.668149],[-84.126948,37.642421],[-84.090364,37.566227],[-84.171836,37.557549],[-84.199489,37.522858],[-84.268112,37.51531],[-84.347805,37.539064],[-84.450201,37.697898],[-84.525643,37.769497],[-84.462031,37.803431]]]}},{"type":"Feature","properties":{"fips":"13143","name":"Haralson","state":"GA"},"geometry":{"type":"Polygon","coordinates":[[[-85.3866705737728,33.9017014940033],[-85.05031,33.904488],[-85.036861,33.892587],[-85.037926,33.811942],[-85.050889,33.714632],[-85.289742,33.652087],[-85.3381162999059,33.6531143916014],[-85.360532,33.767957],[-85.3866705737728,33.9017014940033]]]}},{"type":"Feature","properties":{"fips":"05007","name":"Benton","state":"AR"},"geometry":{"type":"Polygon","coordinates":[[[-94.617919,36.499414],[-94.361203,36.4996],[-94.0770881248555,36.49897595691],[-93.95919,36.498717],[-93.8666892118508,36.4988662760355],[-93.890128,36.377899],[-93.815078,36.306551],[-93.868987,36.307363],[-93.887891,36.235129],[-93.973702,36.204238],[-94.333639,36.214689],[-94.336184,36.142009],[-94.391125,36.099396],[-94.5518886566514,36.1021239714216],[-94.5622679285528,36.1619726146264],[-94.5862,36.299969],[-94.617919,36.499414]]]}},{"type":"Feature","properties":{"fips":"13213","name":"Murray","state":"GA"},"geometry":{"type":"Polygon","coordinates":[[[-84.94434,34.676868],[-84.864945,34.707356],[-84.878499,34.77961],[-84.818715,34.87695],[-84.8104774668864,34.9878779552292],[-84.7758376712973,34.9879372061493],[-84.727434,34.98802],[-84.621483,34.988329],[-84.622731,34.875077],[-84.618637,34.855398],[-84.627348,34.784728],[-84.657098,34.728905],[-84.654523,34.583187],[-84.715692,34.622876],[-84.863793,34.608597],[-84.913456,34.634128],[-84.94434,34.676868]]]}},{"type":"Feature","properties":{"fips":"24031","name":"Montgomery","state":"MD"},"geometry":{"type":"Polygon","coordinates":[[[-77.521222,39.161057],[-77.485971,39.185665],[-77.459883,39.218682],[-77.4600656264978,39.2188429438594],[-77.168801,39.353502],[-77.186937,39.339265],[-77.144669,39.294707],[-77.00942,39.206732],[-76.962973,39.14584],[-76.958517,39.134023],[-76.888505,39.130967],[-76.907292,39.117908],[-76.946458,39.052482],[-76.967332,39.024662],[-76.968312,39.02308],[-76.968492,39.022828],[-77.002546244247,38.9655317004459],[-77.041018,38.995548],[-77.119759,38.934343],[-77.1197891567342,38.9343765552932],[-77.146601,38.96421],[-77.1800356321076,38.9664229861505],[-77.202502,38.96791],[-77.249803,38.985909],[-77.248403,39.026909],[-77.310705,39.052008],[-77.3300377059541,39.0559521134909],[-77.3429916044968,39.0585948705951],[-77.359702,39.062004],[-77.462617,39.076248],[-77.481279,39.105658],[-77.519929,39.120925],[-77.521222,39.161057]]]}},{"type":"Feature","properties":{"fips":"51770","name":"Roanoke","state":"VA"},"geometry":{"type":"Polygon","coordinates":[[[-80.033464,37.26289],[-80.022226,37.308338],[-79.9673,37.337629],[-79.879276,37.304047],[-79.957781,37.21272],[-80.033846,37.247762],[-80.033464,37.26289]]]}},{"type":"Feature","properties":{"fips":"37189","name":"Watauga","state":"NC"},"geometry":{"type":"Polygon","coordinates":[[[-81.9184444729048,36.2873579173821],[-81.908137,36.302013],[-81.833202,36.347339],[-81.768977,36.341042],[-81.705966,36.338496],[-81.7253728028917,36.3897385587113],[-81.638186,36.349606],[-81.566349,36.272202],[-81.477516,36.24025],[-81.455792,36.200441],[-81.545488,36.117475],[-81.674833,36.122619],[-81.810516,36.111511],[-81.82923,36.168791],[-81.909008,36.216392],[-81.9184444729048,36.2873579173821]]]}},{"type":"Feature","properties":{"fips":"22041","name":"Franklin","state":"LA"},"geometry":{"type":"Polygon","coordinates":[[[-91.933229,32.066882],[-91.868202,32.091555],[-91.894729,32.15155],[-91.775019,32.243333],[-91.764379,32.330018],[-91.635072,32.40571],[-91.476495,32.405564],[-91.472391,32.316529],[-91.557199,32.249654],[-91.493574,32.203247],[-91.489761,32.092422],[-91.528204,31.959343],[-91.511374,31.930025],[-91.575346,31.883266],[-91.596437,31.970401],[-91.647529,31.970525],[-91.729158,31.88251],[-91.804869,31.893193],[-91.889823,31.97169],[-91.933229,32.066882]]]}},{"type":"Feature","properties":{"fips":"01069","name":"Houston","state":"AL"},"geometry":{"type":"Polygon","coordinates":[[[-85.666121,31.267316],[-85.485854,31.246096],[-85.417434,31.314973],[-85.179131,31.307675],[-85.0888299635305,31.3086477554966],[-85.089774,31.295026],[-85.108192,31.258591],[-85.107516,31.186451],[-85.035615,31.108192],[-85.0211075623628,31.0754638723064],[-85.011392,31.053546],[-85.002499,31.000682],[-85.031285,31.000647],[-85.145959,31.000693],[-85.333319,30.999555],[-85.4882982889391,30.9979646232873],[-85.48576,31.199886],[-85.710333,31.195173],[-85.666121,31.267316]]]}},{"type":"Feature","properties":{"fips":"13043","name":"Candler","state":"GA"},"geometry":{"type":"Polygon","coordinates":[[[-82.254526,32.351498],[-82.148338,32.520429],[-82.079842,32.560063],[-82.030233,32.53877],[-81.918671,32.41541],[-81.969069,32.268783],[-82.025339,32.278883],[-82.232788,32.318838],[-82.254526,32.351498]]]}},{"type":"Feature","properties":{"fips":"13207","name":"Monroe","state":"GA"},"geometry":{"type":"Polygon","coordinates":[[[-84.12334,32.932184],[-84.054175,32.931497],[-84.041498,33.202629],[-83.842615,33.196773],[-83.822261,33.180238],[-83.816048,33.131816],[-83.72537,33.032666],[-83.710685,32.952792],[-83.734153,32.951009],[-83.872752,32.859489],[-83.891922,32.848351],[-83.957579,32.848757],[-83.987574,32.849021],[-84.124275,32.849562],[-84.12334,32.932184]]]}},{"type":"Feature","properties":{"fips":"40105","name":"Nowata","state":"OK"},"geometry":{"type":"Polygon","coordinates":[[[-95.80982,36.94193],[-95.7867618707782,36.999270917592],[-95.573598,36.99931],[-95.5224145523987,36.9993197867829],[-95.407733005873,36.9993417150323],[-95.431758,36.942593],[-95.43157,36.59754],[-95.80954,36.59754],[-95.80982,36.94193]]]}},{"type":"Feature","properties":{"fips":"51149","name":"Prince George","state":"VA"},"geometry":{"type":"Polygon","coordinates":[[[-77.399203,37.17085],[-77.329767,37.197495],[-77.376785,37.244849],[-77.377381,37.255541],[-77.360455,37.277333],[-77.35311,37.306725],[-77.335666,37.313039],[-77.328318,37.271946],[-77.304852,37.262421],[-77.260648,37.282763],[-77.25247,37.295192],[-77.273351,37.316465],[-77.284019,37.313012],[-77.270675,37.320756],[-77.124694,37.302923],[-77.069269,37.269742],[-76.996003,37.300979],[-76.972439,37.248501],[-77.012301,37.232883],[-77.155415,37.112034],[-77.187038,37.098933],[-77.398498,36.992985],[-77.394645,37.035734],[-77.399203,37.17085]]]}},{"type":"Feature","properties":{"fips":"51119","name":"Middlesex","state":"VA"},"geometry":{"type":"Polygon","coordinates":[[[-76.723086,37.756697],[-76.668182,37.778386],[-76.587234,37.737073],[-76.528637,37.6309],[-76.2888778367019,37.587359934104],[-76.29796,37.557636],[-76.2894927971781,37.5360752880088],[-76.404118,37.535542],[-76.437561,37.51436],[-76.55593,37.555054],[-76.654076,37.603174],[-76.693584,37.627876],[-76.751072,37.728605],[-76.723086,37.756697]]]}},{"type":"Feature","properties":{"fips":"01027","name":"Clay","state":"AL"},"geometry":{"type":"Polygon","coordinates":[[[-86.17283,33.195681],[-86.120567,33.194511],[-86.118198,33.29632],[-85.980293,33.29419],[-85.976525,33.38187],[-85.923762,33.396206],[-85.904909,33.498655],[-85.85189,33.498742],[-85.887782,33.469427],[-85.782735,33.469349],[-85.765427,33.498593],[-85.643482,33.495885],[-85.641129,33.320501],[-85.653654,33.106634],[-85.974715,33.105286],[-86.00917,33.09026],[-86.010919,33.104636],[-86.17437,33.104394],[-86.17283,33.195681]]]}},{"type":"Feature","properties":{"fips":"47163","name":"Sullivan","state":"TN"},"geometry":{"type":"Polygon","coordinates":[[[-82.702279,36.455499],[-82.610175,36.5193],[-82.609181949399,36.5950896860685],[-82.487238,36.595822],[-82.2941364201291,36.5950730329585],[-82.2433850052002,36.5948761876654],[-82.173982,36.594607],[-82.1455732705145,36.5945603308341],[-81.934144,36.594213],[-81.922644,36.616213],[-81.8267341480526,36.6147191041614],[-81.871443,36.602015],[-81.983843,36.508314],[-82.188653,36.400408],[-82.299859,36.396505],[-82.421572,36.447254],[-82.601474,36.4232],[-82.680677,36.4318],[-82.702279,36.455499]]]}},{"type":"Feature","properties":{"fips":"22037","name":"East Feliciana","state":"LA"},"geometry":{"type":"Polygon","coordinates":[[[-91.320706,30.699417],[-91.230589,30.810482],[-91.1761401239669,30.9992242023186],[-91.0601274679966,30.9993239353092],[-90.8258291412919,30.9995253553406],[-90.862696,30.944246],[-90.834735,30.813177],[-90.848768,30.719458],[-91.053104,30.712161],[-91.254736,30.704912],[-91.297658,30.649548],[-91.310061,30.653961],[-91.320706,30.699417]]]}},{"type":"Feature","properties":{"fips":"13249","name":"Schley","state":"GA"},"geometry":{"type":"Polygon","coordinates":[[[-84.429451,32.232151],[-84.389927,32.297237],[-84.392316,32.414046],[-84.381817,32.428047],[-84.254613,32.372053],[-84.255912,32.296156],[-84.220144,32.23115],[-84.181657,32.229703],[-84.183569,32.158493],[-84.430218,32.166257],[-84.429451,32.232151]]]}},{"type":"Feature","properties":{"fips":"13261","name":"Sumter","state":"GA"},"geometry":{"type":"Polygon","coordinates":[[[-84.433014,32.04196],[-84.431214,32.134058],[-84.430218,32.166257],[-84.183569,32.158493],[-84.181657,32.229703],[-84.134736,32.185392],[-84.0276,32.171165],[-84.033494,32.153078],[-83.961278,32.030595],[-83.920102,31.927242],[-83.922494,31.909653],[-84.338143,31.91619],[-84.338245,31.873591],[-84.357615,31.885156],[-84.443807,31.967456],[-84.433014,32.04196]]]}},{"type":"Feature","properties":{"fips":"51830","name":"Williamsburg","state":"VA"},"geometry":{"type":"Polygon","coordinates":[[[-76.741017,37.265984],[-76.725294,37.279904],[-76.740546,37.305789],[-76.727859,37.305927],[-76.727264,37.298783],[-76.7158,37.280639],[-76.710106,37.277362],[-76.709861,37.282726],[-76.701121,37.282873],[-76.685665,37.29371],[-76.68167,37.292608],[-76.681566,37.281283],[-76.678297,37.276808],[-76.684786,37.270769],[-76.680151,37.265997],[-76.666322,37.249621],[-76.726003,37.249901],[-76.741017,37.265984]]]}},{"type":"Feature","properties":{"fips":"40031","name":"Comanche","state":"OK"},"geometry":{"type":"Polygon","coordinates":[[[-98.826008,34.594413],[-98.826041,34.855122],[-98.619816,34.85534],[-98.093127,34.854988],[-98.08901,34.834806],[-98.089097,34.681163],[-98.141799,34.681158],[-98.142148,34.506994],[-98.24412,34.507121],[-98.295928,34.449043],[-98.504958,34.449414],[-98.661956,34.405948],[-98.661982,34.50746],[-98.826144,34.50737],[-98.826008,34.594413]]]}},{"type":"Feature","properties":{"fips":"28051","name":"Holmes","state":"MS"},"geometry":{"type":"Polygon","coordinates":[[[-90.43152,33.095709],[-90.330312,33.137818],[-90.331589,33.302825],[-90.279627,33.339509],[-90.321513,33.375121],[-90.174614,33.333378],[-89.749441,33.214478],[-89.896363,32.932602],[-89.965882,32.879573],[-90.338339,33.010131],[-90.346221,33.022385],[-90.364031,33.010596],[-90.43152,33.095709]]]}},{"type":"Feature","properties":{"fips":"13297","name":"Walton","state":"GA"},"geometry":{"type":"Polygon","coordinates":[[[-83.982033,33.786054],[-83.843184,33.894775],[-83.799104,33.929844],[-83.760869,33.894573],[-83.647031,33.906198],[-83.533165,33.820923],[-83.505928,33.81776],[-83.526386,33.796119],[-83.680896,33.596919],[-83.691551,33.616989],[-83.914823,33.744203],[-83.982033,33.786054]]]}},{"type":"Feature","properties":{"fips":"13189","name":"McDuffie","state":"GA"},"geometry":{"type":"Polygon","coordinates":[[[-82.649705,33.608768],[-82.507223,33.659994],[-82.479518,33.639535],[-82.425328,33.650629],[-82.437081,33.550538],[-82.294179,33.354635],[-82.353498,33.312318],[-82.383829,33.312106],[-82.548068,33.352783],[-82.649705,33.608768]]]}},{"type":"Feature","properties":{"fips":"13163","name":"Jefferson","state":"GA"},"geometry":{"type":"Polygon","coordinates":[[[-82.661917,33.126331],[-82.578816,33.11984],[-82.584942,33.171453],[-82.431957,33.27483],[-82.383829,33.312106],[-82.353498,33.312318],[-82.332774,33.308681],[-82.26758,33.267397],[-82.232554,33.231211],[-82.29118,33.062827],[-82.272353,32.937796],[-82.316512,32.835772],[-82.419129,32.810927],[-82.434149,32.762258],[-82.458249,32.768223],[-82.521052,32.822356],[-82.510851,32.917754],[-82.550225,33.019351],[-82.598018,33.032013],[-82.661917,33.126331]]]}},{"type":"Feature","properties":{"fips":"37043","name":"Clay","state":"NC"},"geometry":{"type":"Polygon","coordinates":[[[-84.0053367334383,34.9876495840123],[-83.855493,35.137956],[-83.738129,35.15595],[-83.659004,35.159891],[-83.4828732042907,34.9908739612868],[-83.5491807535047,34.988803195914],[-83.619985,34.986592],[-83.936427344252,34.9874843833797],[-83.936646,34.987485],[-84.0053367334383,34.9876495840123]]]}},{"type":"Feature","properties":{"fips":"40019","name":"Carter","state":"OK"},"geometry":{"type":"Polygon","coordinates":[[[-97.562512,34.289183],[-97.562323,34.507036],[-97.352183,34.506796],[-97.352115,34.376188],[-97.038239,34.375707],[-97.028817,34.332299],[-96.933305,34.332561],[-96.933503,34.172748],[-96.968424,34.172684],[-96.969627,34.07102],[-97.560761,34.07115],[-97.562365,34.09485],[-97.562512,34.289183]]]}},{"type":"Feature","properties":{"fips":"01103","name":"Morgan","state":"AL"},"geometry":{"type":"Polygon","coordinates":[[[-87.105073,34.686037],[-86.83819,34.556534],[-86.790056,34.55079],[-86.689353,34.586425],[-86.646393,34.548921],[-86.578855,34.581355],[-86.550166,34.545963],[-86.58132,34.371094],[-86.581936,34.304694],[-87.110111,34.313799],[-87.105073,34.686037]]]}},{"type":"Feature","properties":{"fips":"05003","name":"Ashley","state":"AR"},"geometry":{"type":"Polygon","coordinates":[[[-92.137549,33.162904],[-92.116277,33.223018],[-91.977286,33.301833],[-91.990179,33.398292],[-91.45737,33.388974],[-91.4603762339211,33.0059969558674],[-91.489176,33.006182],[-91.875128,33.007728],[-92.0689280885167,33.0084815806166],[-92.0690147239268,33.0084819174935],[-92.143552,33.098025],[-92.137549,33.162904]]]}},{"type":"Feature","properties":{"fips":"54091","name":"Taylor","state":"WV"},"geometry":{"type":"Polygon","coordinates":[[[-80.197286,39.393186],[-80.087334,39.386215],[-79.938878,39.452465],[-79.894688,39.435588],[-79.895536,39.299584],[-80.023411,39.247892],[-80.166387,39.242283],[-80.199504,39.27069],[-80.197286,39.393186]]]}},{"type":"Feature","properties":{"fips":"05053","name":"Grant","state":"AR"},"geometry":{"type":"Polygon","coordinates":[[[-92.668654,34.414504],[-92.589469,34.455577],[-92.40467,34.451892],[-92.403372,34.495707],[-92.245841,34.493584],[-92.208042,34.492809],[-92.212827,34.230399],[-92.233303,34.062367],[-92.336695,34.059477],[-92.405887,34.115691],[-92.493624,34.144252],[-92.678382,34.149645],[-92.668654,34.414504]]]}},{"type":"Feature","properties":{"fips":"12027","name":"DeSoto","state":"FL"},"geometry":{"type":"Polygon","coordinates":[[[-82.056497,27.207769],[-82.055753,27.338264],[-81.564062,27.340641],[-81.562624,27.033835],[-81.983242,27.03525],[-82.057506,27.032119],[-82.056497,27.207769]]]}},{"type":"Feature","properties":{"fips":"37013","name":"Beaufort","state":"NC"},"geometry":{"type":"Polygon","coordinates":[[[-77.17621,35.5191],[-77.084767,35.552444],[-77.172766,35.6391],[-77.174,35.732831],[-76.985842,35.658848],[-76.847264,35.719982],[-76.844279,35.705717],[-76.637513,35.705215],[-76.588191,35.620654],[-76.467761,35.556504],[-76.509605,35.518356],[-76.599085,35.51996],[-76.522131,35.353623],[-76.590497,35.361857],[-76.632561,35.235324],[-76.845505,35.216059],[-76.895919,35.253889],[-76.958887,35.301013],[-77.189115,35.418362],[-77.17621,35.5191]]]}},{"type":"Feature","properties":{"fips":"51730","name":"Petersburg","state":"VA"},"geometry":{"type":"Polygon","coordinates":[[[-77.447408,37.223066],[-77.416501,37.233208],[-77.41542,37.233796],[-77.413559,37.233949],[-77.413119,37.234257],[-77.409877,37.233723],[-77.409183,37.234272],[-77.408023,37.234552],[-77.406415,37.235645],[-77.405034,37.2361],[-77.403671,37.237346],[-77.402732,37.236069],[-77.383856,37.238906],[-77.376785,37.244849],[-77.329767,37.197495],[-77.399203,37.17085],[-77.42347,37.165095],[-77.447408,37.223066]]]}},{"type":"Feature","properties":{"fips":"51775","name":"Salem","state":"VA"},"geometry":{"type":"Polygon","coordinates":[[[-80.12034,37.286886],[-80.022226,37.308338],[-80.033464,37.26289],[-80.051202,37.2522],[-80.105036,37.278118],[-80.12034,37.286886]]]}},{"type":"Feature","properties":{"fips":"54025","name":"Greenbrier","state":"WV"},"geometry":{"type":"Polygon","coordinates":[[[-80.882187,38.103457],[-80.711961,38.079129],[-80.436514,38.267334],[-80.360048,38.225845],[-80.363295,38.114331],[-80.264653,38.046616],[-80.169169,38.036111],[-79.9619822726354,38.0636070994933],[-79.971231,38.044326],[-80.036236,37.96792],[-80.0558115945897,37.9518782200979],[-80.131931,37.8895],[-80.199633,37.827507],[-80.218616,37.783291],[-80.258143,37.720612],[-80.290033810255,37.686136458971],[-80.394562,37.716918],[-80.450651,37.683858],[-80.663348,37.731696],[-80.668228,37.762966],[-80.806256,37.868878],[-80.748867,37.865099],[-80.810866,37.949141],[-80.769866,37.98527],[-80.882187,38.103457]]]}},{"type":"Feature","properties":{"fips":"28161","name":"Yalobusha","state":"MS"},"geometry":{"type":"Polygon","coordinates":[[[-89.931485,34.164303],[-89.721431,34.163513],[-89.72105,34.192545],[-89.50944,34.19096],[-89.509748,34.162082],[-89.507353,33.867469],[-89.76905,33.867334],[-89.926099,33.897957],[-89.925497,34.140553],[-89.931485,34.164303]]]}},{"type":"Feature","properties":{"fips":"12035","name":"Flagler","state":"FL"},"geometry":{"type":"Polygon","coordinates":[[[-81.52366,29.622432],[-81.324059,29.62561],[-81.2104095965538,29.6706408057043],[-81.163581,29.55529],[-81.1029673517454,29.426996650452],[-81.155881,29.410954],[-81.150081,29.265957],[-81.41729,29.261156],[-81.420745,29.399645],[-81.433992,29.398552],[-81.476893,29.396552],[-81.520596,29.500249],[-81.52366,29.622432]]]}},{"type":"Feature","properties":{"fips":"12095","name":"Orange","state":"FL"},"geometry":{"type":"Polygon","coordinates":[[[-81.658597,28.766442],[-81.646513,28.785872],[-81.592971,28.78597],[-81.414682,28.785564],[-81.459524,28.713264],[-81.457962,28.640197],[-81.32848,28.639628],[-81.327888,28.610501],[-81.207495,28.611876],[-81.194017,28.612068],[-81.067743,28.612677],[-80.98725,28.612997],[-80.873318,28.48206],[-80.872792,28.369612],[-80.862908,28.347487],[-81.531924,28.347284],[-81.657268,28.347098],[-81.658597,28.766442]]]}},{"type":"Feature","properties":{"fips":"13235","name":"Pulaski","state":"GA"},"geometry":{"type":"Polygon","coordinates":[[[-83.615579,32.288556],[-83.523458,32.402288],[-83.498039,32.401715],[-83.346528,32.272489],[-83.373931,32.249741],[-83.291106,32.178825],[-83.337313,32.105885],[-83.361051,32.124009],[-83.608547,32.118405],[-83.606214,32.275644],[-83.615579,32.288556]]]}},{"type":"Feature","properties":{"fips":"51035","name":"Carroll","state":"VA"},"geometry":{"type":"Polygon","coordinates":[[[-81.042428,36.806448],[-80.812735,36.853232],[-80.740483,36.879001],[-80.68259,36.895144],[-80.633987,36.93178],[-80.46418,36.708718],[-80.525522,36.644114],[-80.602965,36.652661],[-80.6121887881246,36.5582162763804],[-80.704831,36.562319],[-80.840213077246,36.5619284516373],[-80.914173,36.650246],[-80.888758,36.675437],[-80.877274,36.692215],[-80.891142,36.695963],[-80.90549,36.686853],[-80.914951,36.694798],[-80.920497,36.678139],[-80.932271,36.671593],[-81.042428,36.806448]]]}},{"type":"Feature","properties":{"fips":"21199","name":"Pulaski","state":"KY"},"geometry":{"type":"Polygon","coordinates":[[[-84.901112,37.116297],[-84.720712,37.238328],[-84.556461,37.355729],[-84.502932,37.328801],[-84.303191,37.166118],[-84.289076,37.15174],[-84.303016,37.038396],[-84.358024,36.9594],[-84.416816,36.94692],[-84.578158,36.867133],[-84.679165,36.980914],[-84.770172,36.957735],[-84.835712,36.997612],[-84.905778,37.047187],[-84.901112,37.116297]]]}},{"type":"Feature","properties":{"fips":"37193","name":"Wilkes","state":"NC"},"geometry":{"type":"Polygon","coordinates":[[[-81.455792,36.200441],[-81.477516,36.24025],[-81.366667,36.285884],[-81.323639,36.376822],[-81.253552,36.366622],[-81.162956,36.432515],[-81.095112,36.440773],[-81.026688,36.373195],[-80.967153,36.40202],[-80.868746,36.326447],[-80.873205,36.236305],[-80.881591,36.055718],[-80.975675,36.05881],[-81.028833,36.045652],[-81.263596,36.025818],[-81.328324,35.996583],[-81.397773,36.066431],[-81.545488,36.117475],[-81.455792,36.200441]]]}},{"type":"Feature","properties":{"fips":"40123","name":"Pontotoc","state":"OK"},"geometry":{"type":"Polygon","coordinates":[[[-96.932436,34.854496],[-96.930586,34.964364],[-96.8854,34.926251],[-96.813452,34.944649],[-96.775681,34.899958],[-96.727591,34.857182],[-96.710934,34.911715],[-96.577089,34.916584],[-96.528587,34.869586],[-96.490786,34.910585],[-96.406135,34.934191],[-96.406483,34.767328],[-96.406357,34.680023],[-96.512171,34.680065],[-96.513787,34.505396],[-96.827343,34.506062],[-96.827144,34.59322],[-96.932423,34.593261],[-96.932452,34.636812],[-96.932436,34.854496]]]}},{"type":"Feature","properties":{"fips":"13009","name":"Baldwin","state":"GA"},"geometry":{"type":"Polygon","coordinates":[[[-83.42909,33.185352],[-83.36385,33.169094],[-83.274108,33.187238],[-83.097649,33.151536],[-83.10131,33.050207],[-83.052197,33.080682],[-83.049081,32.985605],[-83.073648,32.946562],[-83.133847,33.007248],[-83.357685,32.926141],[-83.414997,33.112833],[-83.42909,33.185352]]]}},{"type":"Feature","properties":{"fips":"13013","name":"Barrow","state":"GA"},"geometry":{"type":"Polygon","coordinates":[[[-83.864874,34.013482],[-83.817682,34.127493],[-83.767532,34.066448],[-83.563277,34.031864],[-83.5369,33.966178],[-83.537385,33.965912],[-83.647031,33.906198],[-83.760869,33.894573],[-83.799104,33.929844],[-83.863523,34.001308],[-83.864874,34.013482]]]}},{"type":"Feature","properties":{"fips":"13029","name":"Bryan","state":"GA"},"geometry":{"type":"Polygon","coordinates":[[[-81.780858,32.15289],[-81.43583,32.241289],[-81.406776,32.101931],[-81.391698,32.095886],[-81.290323,31.978821],[-81.138429,31.855717],[-81.177027,31.816113],[-81.154731,31.71307],[-81.259887,31.753754],[-81.355837,31.8149],[-81.407737,31.944302],[-81.475456,31.974167],[-81.593292,31.971233],[-81.603665,32.008469],[-81.692695,32.088313],[-81.718658,32.089351],[-81.75634,32.104584],[-81.780858,32.15289]]]}},{"type":"Feature","properties":{"fips":"01081","name":"Lee","state":"AL"},"geometry":{"type":"Polygon","coordinates":[[[-85.696755,32.697429],[-85.679854,32.71253],[-85.593151,32.72853],[-85.574954,32.736347],[-85.285043,32.730731],[-85.1245332227506,32.7516296067514],[-85.11425,32.730447],[-85.088533,32.657958],[-85.0760723726048,32.6080674751571],[-85.069848,32.583146],[-85.0071,32.523868],[-85.0011308391237,32.5101547883978],[-85.059294,32.472909],[-85.333843,32.468639],[-85.330143,32.410842],[-85.434045,32.40984],[-85.438575,32.49709],[-85.489348,32.496937],[-85.695854,32.595933],[-85.696755,32.697429]]]}},{"type":"Feature","properties":{"fips":"21013","name":"Bell","state":"KY"},"geometry":{"type":"Polygon","coordinates":[[[-83.956319,36.645433],[-83.877503,36.687259],[-83.798248,36.785197],[-83.566142,36.931525],[-83.589521,36.955786],[-83.509083,36.938509],[-83.489813,36.895413],[-83.500891,36.733254],[-83.4609546474638,36.6661310362733],[-83.527112,36.665985],[-83.614513,36.633983],[-83.675413,36.600814],[-83.690714,36.582581],[-83.894421,36.586481],[-83.9307607839439,36.5876942581124],[-83.956319,36.645433]]]}},{"type":"Feature","properties":{"fips":"48245","name":"Jefferson","state":"TX"},"geometry":{"type":"Polygon","coordinates":[[[-94.44491,30.113015],[-94.292629,30.117671],[-94.275451,30.170265],[-94.17644,30.18794],[-94.115917,30.160347],[-94.073678,30.114111],[-94.093978,30.086265],[-94.031976,30.028013],[-93.843896,29.954805],[-93.8523098709223,29.8720910043919],[-93.872446,29.85165],[-93.929208,29.802952],[-93.890821,29.761673],[-93.863204,29.724059],[-93.837971,29.690619],[-93.861291,29.679007],[-93.961867,29.682213],[-94.056506,29.671163],[-94.161549,29.636588],[-94.3541225449137,29.5621028201748],[-94.357976,29.887464],[-94.417934,29.887149],[-94.442235,29.889538],[-94.44491,30.113015]]]}},{"type":"Feature","properties":{"fips":"22117","name":"Washington","state":"LA"},"geometry":{"type":"Polygon","coordinates":[[[-90.3473046214524,31.0003605479089],[-90.346007,31.000363],[-90.2595549404913,31.0006617812291],[-89.897516,31.001913],[-89.8359078243282,31.0021014231176],[-89.728147,31.002431],[-89.7281756901606,31.0023138879841],[-89.750073,30.91293],[-89.791745,30.820387],[-89.836331,30.727197],[-89.8261803591152,30.6688232701852],[-89.99459,30.665307],[-90.255749,30.712444],[-90.317005,30.89116],[-90.346806,30.905628],[-90.3473046214524,31.0003605479089]]]}},{"type":"Feature","properties":{"fips":"48405","name":"San Augustine","state":"TX"},"geometry":{"type":"Polygon","coordinates":[[[-94.399091,31.653596],[-94.090717,31.620609],[-93.984461,31.569419],[-93.983239,31.466114],[-94.044154,31.409979],[-94.039034,31.134271],[-94.043234,31.118552],[-94.129632,31.09928],[-94.218997,31.173265],[-94.326616,31.224754],[-94.339773,31.24082],[-94.31593,31.304503],[-94.330364,31.359946],[-94.300622,31.526458],[-94.310888,31.589043],[-94.395278,31.638636],[-94.399091,31.653596]]]}},{"type":"Feature","properties":{"fips":"28005","name":"Amite","state":"MS"},"geometry":{"type":"Polygon","coordinates":[[[-91.065741,31.338898],[-91.018012,31.347502],[-90.633302,31.349306],[-90.548199,31.349574],[-90.5475744252331,30.9999821017916],[-90.5671954006585,30.9999450243999],[-90.758775,30.999583],[-90.8258291412919,30.9995253553406],[-91.0601274679966,30.9993239353092],[-91.059469,31.281921],[-91.095398,31.320975],[-91.065741,31.338898]]]}},{"type":"Feature","properties":{"fips":"13131","name":"Grady","state":"GA"},"geometry":{"type":"Polygon","coordinates":[[[-84.376612,31.078883],[-84.116644,31.077971],[-84.119058,30.980956],[-84.075958,30.912538],[-84.0837530823,30.675943397968],[-84.124993,30.678037],[-84.2855145090395,30.684809171948],[-84.3807541835525,30.6888271970459],[-84.376612,31.078883]]]}},{"type":"Feature","properties":{"fips":"54109","name":"Wyoming","state":"WV"},"geometry":{"type":"Polygon","coordinates":[[[-81.855939,37.54891],[-81.795537,37.631509],[-81.802937,37.660508],[-81.701734,37.701409],[-81.762137,37.756308],[-81.607532,37.788709],[-81.57653,37.76331],[-81.514228,37.791211],[-81.457627,37.784011],[-81.321717,37.597796],[-81.222121,37.510416],[-81.307387,37.459486],[-81.291455,37.414391],[-81.311201,37.424509],[-81.465845,37.484703],[-81.654431,37.523312],[-81.817937,37.50661],[-81.855939,37.54891]]]}},{"type":"Feature","properties":{"fips":"12073","name":"Leon","state":"FL"},"geometry":{"type":"Polygon","coordinates":[[[-84.715144,30.333077],[-84.646408,30.388281],[-84.519796,30.451499],[-84.405454,30.474416],[-84.378384,30.573467],[-84.2855145090395,30.684809171948],[-84.124993,30.678037],[-84.0837530823,30.675943397968],[-84.007454,30.6720699684692],[-83.979006,30.550681],[-84.041152,30.521901],[-84.074691,30.434302],[-84.075539,30.273617],[-84.241222,30.274244],[-84.247673,30.303493],[-84.713351,30.30017],[-84.715144,30.333077]]]}},{"type":"Feature","properties":{"fips":"05107","name":"Phillips","state":"AR"},"geometry":{"type":"Polygon","coordinates":[[[-91.078469,34.144207],[-91.056337,34.336652],[-91.002721,34.336362],[-91.000316,34.469386],[-91.054775,34.470829],[-91.052011,34.645717],[-90.597057,34.641339],[-90.5748549582232,34.6316539794501],[-90.587224,34.615732],[-90.549244,34.568101],[-90.569347,34.524867],[-90.5694607451505,34.5243442788972],[-90.583717,34.458829],[-90.575336,34.415152],[-90.641398,34.383869],[-90.660404,34.33576],[-90.729131,34.364206],[-90.765174,34.342818],[-90.752681,34.289266],[-90.812829,34.279438],[-90.839981,34.236114],[-90.89456,34.22438],[-90.882701,34.184364],[-90.894385,34.160953],[-90.938064,34.148754],[-90.9440807601938,34.1200652947774],[-90.9448449522363,34.1164215264479],[-90.973503,34.118695],[-91.117918,34.119039],[-91.078469,34.144207]]]}},{"type":"Feature","properties":{"fips":"13295","name":"Walker","state":"GA"},"geometry":{"type":"Polygon","coordinates":[[[-85.5344052578154,34.6237903384358],[-85.490795,34.669449],[-85.49053,34.69911],[-85.450409,34.759241],[-85.450561,34.831677],[-85.43371,34.875077],[-85.3639190289311,34.9833765631405],[-85.277556,34.984975],[-85.2650550217158,34.9850776447417],[-85.264762,34.854277],[-85.20218,34.854451],[-85.201856,34.77508],[-85.144789,34.767639],[-85.168851,34.720279],[-85.050847,34.71998],[-85.050446,34.622482],[-85.069159,34.587184],[-85.107748,34.587483],[-85.360395,34.582012],[-85.526894818161,34.5886856927335],[-85.5344052578154,34.6237903384358]]]}},{"type":"Feature","properties":{"fips":"13045","name":"Carroll","state":"GA"},"geometry":{"type":"Polygon","coordinates":[[[-85.3381162999059,33.6531143916014],[-85.289742,33.652087],[-85.050889,33.714632],[-85.037926,33.811942],[-84.971203,33.799617],[-84.901688,33.780703],[-84.905788,33.573378],[-84.809181,33.574073],[-84.817449,33.519185],[-84.851158,33.511058],[-84.935378,33.437421],[-85.015358,33.425506],[-85.2943468643453,33.4279931463646],[-85.3049438332249,33.4827563368455],[-85.314048,33.529805],[-85.3381162999059,33.6531143916014]]]}},{"type":"Feature","properties":{"fips":"13059","name":"Clarke","state":"GA"},"geometry":{"type":"Polygon","coordinates":[[[-83.5369,33.966178],[-83.503054,33.999577],[-83.359495,34.040288],[-83.294327,34.00808],[-83.258413,33.999098],[-83.24086,33.90443],[-83.275933,33.847977],[-83.415512,33.918541],[-83.508313,33.9312],[-83.537385,33.965912],[-83.5369,33.966178]]]}},{"type":"Feature","properties":{"fips":"48403","name":"Sabine","state":"TX"},"geometry":{"type":"Polygon","coordinates":[[[-94.044154,31.409979],[-93.983239,31.466114],[-93.984461,31.569419],[-93.896537,31.611836],[-93.834924,31.586211],[-93.787687,31.527344],[-93.725925,31.504092],[-93.749476,31.46869],[-93.697603,31.428409],[-93.668146,31.375103],[-93.67544,31.30104],[-93.613942,31.259375],[-93.602443,31.182541],[-93.6006030873629,31.1826249552688],[-93.616445,31.175239],[-93.911126,31.158071],[-94.039034,31.134271],[-94.044154,31.409979]]]}},{"type":"Feature","properties":{"fips":"48447","name":"Throckmorton","state":"TX"},"geometry":{"type":"Polygon","coordinates":[[[-99.472444,33.399023],[-98.953938,33.397534],[-98.950875,32.956918],[-99.096016,32.957037],[-99.471258,32.957025],[-99.472444,33.399023]]]}},{"type":"Feature","properties":{"fips":"12043","name":"Glades","state":"FL"},"geometry":{"type":"Polygon","coordinates":[[[-81.562531,27.033687],[-81.267216,27.032474],[-81.267677,27.121097],[-81.168281,27.121734],[-81.169138,27.209585],[-80.940676,27.205939],[-80.878517,27.168829],[-80.885639,26.958919],[-80.945319,26.769099],[-81.565748,26.769601],[-81.562531,27.033687]]]}},{"type":"Feature","properties":{"fips":"01029","name":"Cleburne","state":"AL"},"geometry":{"type":"Polygon","coordinates":[[[-85.85189,33.498742],[-85.805241,33.535189],[-85.796054,33.55622],[-85.65581,33.627166],[-85.638049,33.773339],[-85.530094,33.941423],[-85.495289,33.95691],[-85.398871,33.964128],[-85.3866705737728,33.9017014940033],[-85.360532,33.767957],[-85.3381162999059,33.6531143916014],[-85.314048,33.529805],[-85.3049438332249,33.4827563368455],[-85.347744,33.501378],[-85.643482,33.495885],[-85.765427,33.498593],[-85.782735,33.469349],[-85.887782,33.469427],[-85.85189,33.498742]]]}},{"type":"Feature","properties":{"fips":"45079","name":"Richland","state":"SC"},"geometry":{"type":"Polygon","coordinates":[[[-81.316911,34.239458],[-81.178293,34.174552],[-81.181196,34.220285],[-81.095863,34.213872],[-80.825921,34.26876],[-80.869524,34.182271],[-80.719318,34.068972],[-80.616186,34.099605],[-80.636526,34.082982],[-80.613869,34.057324],[-80.633545,33.85268],[-80.596205,33.786431],[-80.620107,33.743237],[-80.78486,33.761008],[-80.91731,33.813735],[-81.01233,33.88008],[-81.05211,33.997616],[-81.139282,34.068341],[-81.275845,34.097381],[-81.338961,34.197587],[-81.316911,34.239458]]]}},{"type":"Feature","properties":{"fips":"51099","name":"King George","state":"VA"},"geometry":{"type":"Polygon","coordinates":[[[-77.330094,38.33401],[-77.2843464997922,38.3516368165143],[-77.265295,38.333165],[-77.162692,38.345994],[-77.068194,38.38091],[-77.035898,38.37426],[-77.014646,38.354035],[-77.026912,38.321806],[-77.024855,38.300772],[-76.9968756083993,38.2790701811448],[-77.044536,38.26045],[-77.061695,38.161631],[-77.073796,38.141331],[-77.115997,38.149931],[-77.2143,38.197029],[-77.229757,38.245208],[-77.326692,38.245136],[-77.330094,38.33401]]]}},{"type":"Feature","properties":{"fips":"48195","name":"Hansford","state":"TX"},"geometry":{"type":"Polygon","coordinates":[[[-101.623915,36.499528],[-101.085156,36.499244],[-101.085716,36.057572],[-101.085735,36.055276],[-101.623466,36.055405],[-101.623915,36.499528]]]}},{"type":"Feature","properties":{"fips":"01041","name":"Crenshaw","state":"AL"},"geometry":{"type":"Polygon","coordinates":[[[-86.499533,31.655247],[-86.448635,31.655617],[-86.448198,31.964629],[-86.405005,31.963775],[-86.406276,32.050731],[-86.303616,32.051664],[-86.302217,31.965065],[-86.191379,31.966453],[-86.199378,31.79045],[-86.148339,31.790951],[-86.147147,31.66315],[-86.179672,31.616414],[-86.145895,31.617741],[-86.14395,31.537675],[-86.194784,31.529949],[-86.193951,31.440072],[-86.277031,31.455602],[-86.280155,31.52851],[-86.398536,31.451325],[-86.39994,31.527128],[-86.499213,31.525331],[-86.499533,31.655247]]]}},{"type":"Feature","properties":{"fips":"47133","name":"Overton","state":"TN"},"geometry":{"type":"Polygon","coordinates":[[[-85.495422,36.403074],[-85.446372,36.49797],[-85.284878,36.531293],[-85.268647,36.539891],[-85.120445,36.407164],[-85.122245,36.304599],[-85.082497,36.196171],[-85.119583,36.144719],[-85.204156,36.152489],[-85.43585,36.247148],[-85.495124,36.302278],[-85.497587,36.375051],[-85.495422,36.403074]]]}},{"type":"Feature","properties":{"fips":"37175","name":"Transylvania","state":"NC"},"geometry":{"type":"Polygon","coordinates":[[[-83.056934,35.053864],[-82.983216,35.13192],[-82.920881,35.292037],[-82.831628,35.31859],[-82.745139,35.422967],[-82.619248,35.303708],[-82.5777151484413,35.1464753478475],[-82.68604,35.124545],[-82.746431,35.079131],[-82.7617976610408,35.0818284636457],[-82.783283,35.0856],[-82.897499,35.056021],[-82.897559231248,35.0560052045865],[-83.0084105925124,35.0269348608162],[-83.056934,35.053864]]]}},{"type":"Feature","properties":{"fips":"48229","name":"Hudspeth","state":"TX"},"geometry":{"type":"Polygon","coordinates":[[[-105.997971151664,32.001974590699],[-105.750527,32.002206],[-105.153994,32.000497],[-104.91835699428,32.0004720730735],[-104.91289,31.62512],[-104.916487,30.821034],[-104.917163,30.663626],[-104.980753891325,30.6288120187883],[-105.00124,30.672583],[-105.062334,30.686303],[-105.098282,30.718914],[-105.160153,30.757059],[-105.21866,30.801567],[-105.314863,30.816961],[-105.394242,30.852979],[-105.399609,30.888941],[-105.488027,30.943278],[-105.55743,30.990229],[-105.579542,31.035396],[-105.627349,31.098545],[-105.709491,31.136375],[-105.773257,31.166897],[-105.794386,31.20224],[-105.869353,31.288634],[-105.938452,31.318735],[-105.953943,31.364749],[-105.996429378287,31.3878401295126],[-105.954328,31.423468],[-105.993255,31.478392],[-105.997971151664,32.001974590699]]]}},{"type":"Feature","properties":{"fips":"47009","name":"Blount","state":"TN"},"geometry":{"type":"Polygon","coordinates":[[[-84.134468,35.647399],[-84.172812,35.712756],[-84.166267,35.805106],[-84.145659,35.849586],[-84.016481,35.839498],[-83.997055,35.883727],[-83.850155,35.842019],[-83.794275,35.887125],[-83.70525,35.71158],[-83.662814,35.690618],[-83.6629119015893,35.5677997932083],[-83.771736,35.562118],[-83.848502,35.519259],[-83.916801,35.473612],[-83.9532313801504,35.4600208895767],[-83.9589178345639,35.4578994395799],[-83.93854,35.487773],[-83.993815,35.550001],[-84.081561,35.541231],[-84.188319,35.610549],[-84.134468,35.647399]]]}},{"type":"Feature","properties":{"fips":"45013","name":"Beaufort","state":"SC"},"geometry":{"type":"Polygon","coordinates":[[[-81.006369,32.306521],[-80.982108,32.305925],[-80.93494,32.300108],[-80.934386,32.320005],[-80.928775,32.331302],[-80.829489,32.411836],[-80.831543,32.593388],[-80.869705,32.660935],[-80.826265,32.70425],[-80.668144,32.667492],[-80.683135,32.652383],[-80.647828,32.596371],[-80.551504,32.565769],[-80.4722931246951,32.4833489145801],[-80.484617,32.460976],[-80.457502,32.410264],[-80.434303,32.375193],[-80.455192,32.326458],[-80.539429,32.287024],[-80.596394,32.273549],[-80.644794,32.291497],[-80.714601,32.325656],[-80.766038,32.292608],[-80.726967,32.265706],[-80.669166,32.216783],[-80.721463,32.160427],[-80.812503,32.109746],[-80.858735,32.099581],[-80.8674276818916,32.07849],[-80.961468,32.126224],[-80.99836,32.194375],[-81.006369,32.306521]]]}},{"type":"Feature","properties":{"fips":"48017","name":"Bailey","state":"TX"},"geometry":{"type":"Polygon","coordinates":[[[-103.043516,34.079382],[-103.043835830165,34.302648],[-103.043850301172,34.3127498735079],[-102.61515,34.312891],[-102.615447,33.825121],[-103.047346,33.824675],[-103.043516,34.079382]]]}},{"type":"Feature","properties":{"fips":"45035","name":"Dorchester","state":"SC"},"geometry":{"type":"Polygon","coordinates":[[[-80.790296,33.18084],[-80.50279,33.334496],[-80.484578,33.280034],[-80.361851,33.257443],[-80.297577,33.181838],[-80.33594,33.145463],[-80.23571,33.079388],[-80.149246,33.021601],[-80.17638,33.009964],[-80.140755,32.979818],[-80.096772,32.942603],[-80.097659,32.886962],[-80.183738,32.847075],[-80.149255,32.818195],[-80.401322,32.858532],[-80.385344,32.886119],[-80.407088,33.000169],[-80.387986,33.034112],[-80.474788,33.064394],[-80.6221,33.06608],[-80.703062,33.152485],[-80.790296,33.18084]]]}},{"type":"Feature","properties":{"fips":"21105","name":"Hickman","state":"KY"},"geometry":{"type":"Polygon","coordinates":[[[-89.202511,36.716618],[-89.15699,36.755968],[-89.1559849090704,36.7862926633714],[-89.104158,36.797285],[-89.067265,36.772763],[-88.813229,36.773115],[-88.819387,36.749969],[-88.8167641573481,36.5019514318132],[-88.8271780363405,36.5019683222569],[-88.8345890228743,36.5019803422593],[-88.90348,36.576864],[-88.940873,36.591514],[-89.026629,36.592124],[-89.147098,36.649117],[-89.1756497723469,36.6513192625535],[-89.165488,36.662426],[-89.202511,36.716618]]]}},{"type":"Feature","properties":{"fips":"05071","name":"Johnson","state":"AR"},"geometry":{"type":"Polygon","coordinates":[[[-93.695856,35.76862],[-93.519185,35.763487],[-93.519643,35.734464],[-93.164451,35.728873],[-93.167825,35.597822],[-93.221295,35.599058],[-93.223821,35.468685],[-93.295873,35.470049],[-93.298903,35.327125],[-93.418472,35.326641],[-93.43473,35.428874],[-93.710043,35.375237],[-93.695856,35.76862]]]}},{"type":"Feature","properties":{"fips":"22097","name":"St. Landry","state":"LA"},"geometry":{"type":"Polygon","coordinates":[[[-92.42078,30.53882],[-92.262719,30.538738],[-92.211478,30.568127],[-92.172484,30.673829],[-92.172314,30.767914],[-92.212593,30.848609],[-91.815258,30.848107],[-91.733673,30.70173],[-91.75698,30.562551],[-91.731432,30.512119],[-91.756209,30.498133],[-91.678896,30.394731],[-91.869273,30.417235],[-91.988718,30.368598],[-92.042619,30.376496],[-92.077056,30.365239],[-92.142184,30.298817],[-92.176444,30.436852],[-92.244795,30.480193],[-92.493259,30.480499],[-92.42078,30.53882]]]}},{"type":"Feature","properties":{"fips":"01077","name":"Lauderdale","state":"AL"},"geometry":{"type":"Polygon","coordinates":[[[-88.202959,35.008028],[-88.000032,35.005939],[-87.9849160436989,35.0059101243258],[-87.851886,35.005656],[-87.625025,35.003732],[-87.6060978676533,35.0035195262043],[-87.424908998267,35.0014855209409],[-87.2240536418757,34.9992307419721],[-87.216683,34.999148],[-87.2107585799823,34.9990491809997],[-87.214914,34.816011],[-87.278302,34.773563],[-87.260676,34.758626],[-87.297905,34.750812],[-87.344224,34.796493],[-87.42651,34.800022],[-87.495307,34.819044],[-87.524363,34.832384],[-87.806963,34.732061],[-87.92029,34.804468],[-87.973222,34.88255],[-88.097888,34.892202],[-88.154617,34.922392],[-88.200064,34.995634],[-88.202959,35.008028]]]}},{"type":"Feature","properties":{"fips":"54075","name":"Pocahontas","state":"WV"},"geometry":{"type":"Polygon","coordinates":[[[-80.360048,38.225845],[-80.352171,38.345337],[-80.245518,38.388457],[-80.11692,38.473953],[-80.029208,38.459184],[-79.86325,38.55082],[-79.776883,38.739711],[-79.73918,38.679613],[-79.626774,38.664214],[-79.619174,38.620815],[-79.649075,38.591515],[-79.669128,38.510883],[-79.691088,38.463744],[-79.689675,38.431439],[-79.7346,38.356728],[-79.804093,38.313922],[-79.787542,38.273298],[-79.7970135368069,38.2672681211392],[-79.850324,38.233329],[-79.916174,38.184386],[-79.938952,38.111619],[-79.9619822726354,38.0636070994933],[-80.169169,38.036111],[-80.264653,38.046616],[-80.363295,38.114331],[-80.360048,38.225845]]]}},{"type":"Feature","properties":{"fips":"54081","name":"Raleigh","state":"WV"},"geometry":{"type":"Polygon","coordinates":[[[-81.571534,37.927707],[-81.456632,37.987307],[-81.438531,37.968008],[-81.380829,37.969109],[-81.347,37.976672],[-81.295127,37.889311],[-81.072833,37.873682],[-81.056898,37.835383],[-80.94511,37.819131],[-80.877729,37.685603],[-80.947017,37.715449],[-81.068774,37.639823],[-81.09463,37.588658],[-81.198869,37.575533],[-81.222121,37.510416],[-81.321717,37.597796],[-81.457627,37.784011],[-81.514228,37.791211],[-81.571534,37.927707]]]}},{"type":"Feature","properties":{"fips":"45027","name":"Clarendon","state":"SC"},"geometry":{"type":"Polygon","coordinates":[[[-80.534085,33.643911],[-80.478709,33.714265],[-80.392003,33.71555],[-80.396993,33.746864],[-80.383367,33.769794],[-80.255904,33.803708],[-79.974601,33.946527],[-79.945948,33.885997],[-79.87562,33.885245],[-79.915305,33.818648],[-79.995638,33.767906],[-79.974382,33.72159],[-80.101697,33.496891],[-80.150003,33.448463],[-80.222267,33.443716],[-80.393145,33.445339],[-80.496273,33.558481],[-80.540514,33.629032],[-80.534085,33.643911]]]}},{"type":"Feature","properties":{"fips":"47083","name":"Houston","state":"TN"},"geometry":{"type":"Polygon","coordinates":[[[-87.98074,36.353307],[-87.821816,36.328724],[-87.715494,36.36824],[-87.592358,36.367663],[-87.586957,36.34178],[-87.513533,36.334713],[-87.523627,36.24889],[-87.566798,36.177857],[-87.585973,36.197699],[-87.798508,36.244754],[-87.949603,36.24316],[-87.944295,36.264177],[-87.98074,36.353307]]]}},{"type":"Feature","properties":{"fips":"28157","name":"Wilkinson","state":"MS"},"geometry":{"type":"Polygon","coordinates":[[[-91.6282572982088,31.0050970018952],[-91.560365,31.049508],[-91.594693,31.091444],[-91.621671,31.13687],[-91.5909938930645,31.1919985656988],[-91.488954,31.22592],[-91.468435,31.31957],[-91.306294,31.360862],[-91.15815,31.346695],[-91.117967,31.320314],[-91.095398,31.320975],[-91.059469,31.281921],[-91.0601274679966,30.9993239353092],[-91.1761401239669,30.9992242023186],[-91.224068,30.999183],[-91.636942,30.999416],[-91.6282572982088,31.0050970018952]]]}},{"type":"Feature","properties":{"fips":"47107","name":"McMinn","state":"TN"},"geometry":{"type":"Polygon","coordinates":[[[-84.801147,35.455181],[-84.619865,35.644651],[-84.584472,35.644424],[-84.566934,35.629773],[-84.52585,35.624186],[-84.409226,35.398378],[-84.401025,35.330374],[-84.495529,35.285472],[-84.667398,35.268041],[-84.703607,35.241043],[-84.72534,35.289471],[-84.860164,35.350074],[-84.801147,35.455181]]]}},{"type":"Feature","properties":{"fips":"21055","name":"Crittenden","state":"KY"},"geometry":{"type":"Polygon","coordinates":[[[-88.358436,37.40486],[-88.281667,37.452596],[-88.157061,37.466937],[-88.062294,37.487837],[-88.0662484288003,37.5041305345896],[-88.015572,37.54721],[-87.932952,37.480052],[-87.929999,37.409167],[-87.847694,37.420701],[-87.801046,37.379445],[-88.089493,37.222066],[-88.095781,37.179684],[-88.183675,37.126115],[-88.193519,37.147256],[-88.21898,37.273145],[-88.318134,37.398007],[-88.35084,37.397099],[-88.358476490182,37.4048715275665],[-88.358436,37.40486]]]}},{"type":"Feature","properties":{"fips":"40113","name":"Osage","state":"OK"},"geometry":{"type":"Polygon","coordinates":[[[-97.064107,36.684207],[-96.931943,36.686097],[-96.889475,36.75123],[-96.752375,36.782092],[-96.749838,36.998988],[-96.5255820442829,36.9986779687248],[-96.500288,36.998643],[-96.217571,36.99907],[-96.0008102061996,36.9992010529279],[-96.001171,36.423686],[-96.001226,36.161296],[-96.268287,36.16198],[-96.256624,36.225676],[-96.326732,36.226551],[-96.433812,36.285889],[-96.457684,36.332664],[-96.515229,36.298332],[-96.573481,36.315709],[-96.518709,36.377576],[-96.575697,36.374347],[-96.635727,36.425908],[-96.710769,36.437656],[-96.706195,36.477564],[-96.753554,36.562601],[-96.821031,36.538771],[-96.875321,36.470915],[-96.940235,36.455525],[-97.009785,36.506935],[-96.888017,36.574886],[-96.912756,36.598949],[-97.057556,36.593872],[-97.064107,36.684207]]]}},{"type":"Feature","properties":{"fips":"05019","name":"Clark","state":"AR"},"geometry":{"type":"Polygon","coordinates":[[[-93.478485,34.340839],[-93.40818,34.339467],[-93.356877,34.280308],[-93.199498,34.248062],[-93.034967,34.236605],[-93.03831,34.155097],[-92.886136,34.155699],[-92.89306,33.983293],[-92.961217,33.973977],[-92.893303,33.902403],[-92.893216,33.810069],[-92.917878,33.82164],[-93.031537,33.769801],[-93.104405,33.777093],[-93.258544,33.828893],[-93.373364,33.957093],[-93.435069,34.07049],[-93.461694,34.20581],[-93.502208,34.214106],[-93.478485,34.340839]]]}},{"type":"Feature","properties":{"fips":"37009","name":"Ashe","state":"NC"},"geometry":{"type":"Polygon","coordinates":[[[-81.734312,36.413342],[-81.695311,36.467912],[-81.699962,36.536829],[-81.677535,36.588117],[-81.499831,36.57982],[-81.3532212246022,36.5762382311564],[-81.244244,36.385105],[-81.253552,36.366622],[-81.323639,36.376822],[-81.366667,36.285884],[-81.477516,36.24025],[-81.566349,36.272202],[-81.638186,36.349606],[-81.7253728028917,36.3897385587113],[-81.734312,36.413342]]]}},{"type":"Feature","properties":{"fips":"21131","name":"Leslie","state":"KY"},"geometry":{"type":"Polygon","coordinates":[[[-83.551303,37.16751],[-83.507886,37.235877],[-83.398108,37.320495],[-83.32462,37.225561],[-83.201887,37.17413],[-83.167233,37.102372],[-83.182104,37.021115],[-83.26002,36.968951],[-83.399656,36.920955],[-83.408614,36.890218],[-83.489813,36.895413],[-83.509083,36.938509],[-83.553101,37.079281],[-83.551303,37.16751]]]}},{"type":"Feature","properties":{"fips":"13157","name":"Jackson","state":"GA"},"geometry":{"type":"Polygon","coordinates":[[[-83.817682,34.127493],[-83.620267,34.295819],[-83.561521,34.252712],[-83.479238,34.26071],[-83.402428,34.197499],[-83.357051,34.116199],[-83.386763,34.050241],[-83.359495,34.040288],[-83.503054,33.999577],[-83.5369,33.966178],[-83.563277,34.031864],[-83.767532,34.066448],[-83.817682,34.127493]]]}},{"type":"Feature","properties":{"fips":"12061","name":"Indian River","state":"FL"},"geometry":{"type":"Polygon","coordinates":[[[-80.881172,27.80917],[-80.868881,27.822522],[-80.509075,27.822058],[-80.4476769492176,27.860513513361],[-80.383695,27.740045],[-80.330956,27.597541],[-80.3166866116204,27.5573400246076],[-80.679659,27.558736],[-80.777166,27.558733],[-80.778047,27.643195],[-80.87315,27.642288],[-80.881172,27.80917]]]}},{"type":"Feature","properties":{"fips":"22069","name":"Natchitoches","state":"LA"},"geometry":{"type":"Polygon","coordinates":[[[-93.441171,31.845233],[-93.419781,31.934058],[-93.355452,31.932222],[-93.239501,31.90352],[-93.23847,31.972781],[-93.121188,31.97261],[-93.187138,32.148509],[-92.939092,32.14792],[-92.872174,31.945856],[-92.9668,31.781299],[-92.973529,31.708922],[-92.964615,31.680721],[-92.908313,31.625169],[-92.806206,31.598548],[-92.718899,31.517476],[-92.947159,31.346751],[-92.98146,31.346864],[-92.992013,31.36043],[-93.236643,31.364491],[-93.236752,31.537863],[-93.337625,31.538274],[-93.338436,31.714205],[-93.441689,31.714485],[-93.441171,31.845233]]]}},{"type":"Feature","properties":{"fips":"51036","name":"Charles City","state":"VA"},"geometry":{"type":"Polygon","coordinates":[[[-77.249665,37.382],[-77.224269,37.380221],[-77.177324,37.4906],[-77.095814,37.440292],[-76.904116,37.403821],[-76.904471,37.377665],[-76.874437,37.365427],[-76.883156,37.223057],[-76.921569,37.22534],[-76.972439,37.248501],[-76.996003,37.300979],[-77.069269,37.269742],[-77.124694,37.302923],[-77.270675,37.320756],[-77.249665,37.382]]]}},{"type":"Feature","properties":{"fips":"48471","name":"Walker","state":"TX"},"geometry":{"type":"Polygon","coordinates":[[[-95.863059,30.864125],[-95.716508,30.911405],[-95.616233,30.910196],[-95.617872,30.930418],[-95.434781,31.058098],[-95.434335,30.937405],[-95.396697,30.857706],[-95.32748,30.859547],[-95.338625,30.737826],[-95.359156,30.504369],[-95.598878,30.50898],[-95.83024,30.630284],[-95.834197,30.658],[-95.863059,30.864125]]]}},{"type":"Feature","properties":{"fips":"40069","name":"Johnston","state":"OK"},"geometry":{"type":"Polygon","coordinates":[[[-96.933305,34.332561],[-96.881005,34.332977],[-96.88079,34.506053],[-96.827343,34.506062],[-96.513787,34.505396],[-96.513768,34.419569],[-96.407074,34.41839],[-96.407517,34.157317],[-96.453836,34.1141],[-96.585355,34.114459],[-96.620784,34.162041],[-96.933503,34.172748],[-96.933305,34.332561]]]}},{"type":"Feature","properties":{"fips":"51079","name":"Greene","state":"VA"},"geometry":{"type":"Polygon","coordinates":[[[-78.663145,38.277933],[-78.553143,38.334824],[-78.48574,38.421579],[-78.452801,38.475527],[-78.429626,38.366704],[-78.348971,38.277413],[-78.288478,38.272312],[-78.355252,38.200976],[-78.368984,38.184146],[-78.606539,38.258172],[-78.663145,38.277933]]]}},{"type":"Feature","properties":{"fips":"40079","name":"Le Flore","state":"OK"},"geometry":{"type":"Polygon","coordinates":[[[-95.059512,34.855019],[-94.997832,34.854915],[-94.998125,34.941964],[-94.927664,34.942025],[-94.927863,35.058246],[-94.927774,35.20261],[-94.814276,35.202331],[-94.813629,35.323344],[-94.750224,35.356969],[-94.668796,35.295029],[-94.594801,35.327974],[-94.49237,35.301776],[-94.4340725641195,35.387474395379],[-94.431515,35.369591],[-94.435316,35.275893],[-94.4363568693981,35.2467061646578],[-94.4475060874703,34.9340729057232],[-94.449058,34.890556],[-94.4543955288439,34.7289436942281],[-94.4575,34.634945],[-94.4611686861559,34.5074566515725],[-94.937604,34.507296],[-94.937555,34.680792],[-95.059616,34.680736],[-95.059512,34.855019]]]}},{"type":"Feature","properties":{"fips":"40089","name":"McCurtain","state":"OK"},"geometry":{"type":"Polygon","coordinates":[[[-95.156521,34.156965],[-95.151323,34.243737],[-95.046585,34.243776],[-95.046746,34.507276],[-94.937604,34.507296],[-94.4611686861559,34.5074566515725],[-94.465425,34.359548],[-94.470143947319,34.1901776556377],[-94.474895,34.019655],[-94.4772691832212,33.9408298614626],[-94.481842,33.789008],[-94.485875,33.637867],[-94.528928,33.62184],[-94.572872,33.669886],[-94.630586,33.673401],[-94.714865,33.707261],[-94.7319329019959,33.7208305162803],[-94.766146,33.748031],[-94.841634,33.739431],[-94.902276,33.776289],[-94.93956,33.810503],[-94.98165,33.852284],[-95.046568,33.862565],[-95.095002,33.904816],[-95.149462,33.936336],[-95.1559076171075,33.9384823885698],[-95.156521,34.156965]]]}},{"type":"Feature","properties":{"fips":"51075","name":"Goochland","state":"VA"},"geometry":{"type":"Polygon","coordinates":[[[-78.147714,37.773949],[-78.06331,37.905108],[-77.946863,37.852647],[-77.907073,37.821921],[-77.881807,37.757211],[-77.797322,37.729318],[-77.711793,37.706251],[-77.636168,37.706545],[-77.630817,37.705696],[-77.65471,37.638275],[-77.61643,37.577555],[-77.655399,37.563986],[-77.814902,37.60653],[-77.918397,37.691673],[-77.982236,37.624279],[-78.072174,37.657385],[-78.093798,37.70945],[-78.159326,37.748528],[-78.147714,37.773949]]]}},{"type":"Feature","properties":{"fips":"45047","name":"Greenwood","state":"SC"},"geometry":{"type":"Polygon","coordinates":[[[-82.334234,34.34263],[-82.246337,34.409676],[-82.168857,34.330151],[-82.08367,34.29924],[-81.945019,34.203148],[-81.897154,34.146307],[-81.870084,34.135357],[-81.98991,33.997101],[-82.008298,33.961646],[-82.046974,33.95321],[-82.04513,33.983396],[-82.200286,33.978597],[-82.243651,34.017886],[-82.306243,33.971584],[-82.326947,34.06412],[-82.268843,34.107127],[-82.248241,34.220551],[-82.334234,34.34263]]]}},{"type":"Feature","properties":{"fips":"13239","name":"Quitman","state":"GA"},"geometry":{"type":"Polygon","coordinates":[[[-85.141831,31.839261],[-85.114031,31.89336],[-85.067829,31.967358],[-85.0635905429847,31.991857],[-85.042029,31.975658],[-84.974067,31.950209],[-84.907006,31.924465],[-84.910338,31.776841],[-84.95864,31.777854],[-85.073941,31.771441],[-85.1291593155832,31.7802782680766],[-85.141831,31.839261]]]}},{"type":"Feature","properties":{"fips":"51071","name":"Giles","state":"VA"},"geometry":{"type":"Polygon","coordinates":[[[-80.9808452568928,37.3008528161905],[-80.919259,37.306163],[-80.835479,37.334824],[-80.883248,37.383933],[-80.865148,37.419927],[-80.8581481168198,37.4210069067215],[-80.8573585701898,37.421128713999],[-80.836446,37.424355],[-80.770082,37.372363],[-80.664971,37.414215],[-80.544836,37.474695],[-80.4695688905042,37.4290254659927],[-80.444612,37.328473],[-80.430943,37.316378],[-80.500823,37.275643],[-80.606962,37.244871],[-80.80149,37.179632],[-80.854627,37.147482],[-81.014489,37.275385],[-80.9808452568928,37.3008528161905]]]}},{"type":"Feature","properties":{"fips":"54005","name":"Boone","state":"WV"},"geometry":{"type":"Polygon","coordinates":[[[-81.932507,38.025356],[-81.953263,38.118878],[-81.878779,38.137202],[-81.83347,38.20957],[-81.64387,38.220759],[-81.515836,38.11236],[-81.456632,37.987307],[-81.571534,37.927707],[-81.514228,37.791211],[-81.57653,37.76331],[-81.607532,37.788709],[-81.722136,37.809507],[-81.785641,37.936404],[-81.980248,37.9865],[-81.932507,38.025356]]]}},{"type":"Feature","properties":{"fips":"54047","name":"McDowell","state":"WV"},"geometry":{"type":"Polygon","coordinates":[[[-81.984891,37.454315],[-81.932279,37.511961],[-81.890889,37.526832],[-81.855939,37.54891],[-81.817937,37.50661],[-81.654431,37.523312],[-81.465845,37.484703],[-81.311201,37.424509],[-81.362156,37.337687],[-81.427946,37.271015],[-81.483559,37.250604],[-81.53307,37.223414],[-81.560625,37.206663],[-81.678603,37.202467],[-81.7390550304855,37.2394971038728],[-81.744003,37.242528],[-81.774747,37.274847],[-81.849949,37.285227],[-81.896001,37.331967],[-81.933601,37.389217],[-81.93695,37.41992],[-81.984891,37.454315]]]}},{"type":"Feature","properties":{"fips":"51630","name":"Fredericksburg","state":"VA"},"geometry":{"type":"Polygon","coordinates":[[[-77.530283,38.309175],[-77.526243,38.309531],[-77.527185,38.320655],[-77.503735,38.32644],[-77.478996,38.316693],[-77.475137,38.32096],[-77.46765,38.318931],[-77.455692,38.301341],[-77.447126,38.284614],[-77.448445,38.28357],[-77.454402,38.283573],[-77.450232,38.274815],[-77.457512,38.271402],[-77.466464,38.279971],[-77.473836,38.270151],[-77.494628,38.27388],[-77.497532,38.283156],[-77.512009,38.279871],[-77.507785,38.292383],[-77.51788,38.297641],[-77.516317,38.306333],[-77.532313,38.308498],[-77.530283,38.309175]]]}},{"type":"Feature","properties":{"fips":"13225","name":"Peach","state":"GA"},"geometry":{"type":"Polygon","coordinates":[[[-84.00849,32.521769],[-84.003363,32.529927],[-83.766787,32.692622],[-83.70109,32.691598],[-83.728182,32.639585],[-83.718578,32.631411],[-83.723139,32.521122],[-83.82566,32.439123],[-83.846676,32.468514],[-84.018168,32.506498],[-84.00849,32.521769]]]}},{"type":"Feature","properties":{"fips":"54039","name":"Kanawha","state":"WV"},"geometry":{"type":"Polygon","coordinates":[[[-81.900222,38.398572],[-81.723066,38.467772],[-81.750547,38.591014],[-81.696348,38.626427],[-81.632817,38.554699],[-81.522166,38.612746],[-81.471654,38.546336],[-81.194113,38.527634],[-81.283872,38.472029],[-81.231434,38.263716],[-81.231491,38.263426],[-81.328907,38.182516],[-81.380829,37.969109],[-81.438531,37.968008],[-81.456632,37.987307],[-81.515836,38.11236],[-81.64387,38.220759],[-81.83347,38.20957],[-81.812825,38.311407],[-81.915197,38.325597],[-81.900222,38.398572]]]}},{"type":"Feature","properties":{"fips":"05035","name":"Crittenden","state":"AR"},"geometry":{"type":"Polygon","coordinates":[[[-90.506526,35.17875],[-90.502392,35.441647],[-90.286926,35.438439],[-90.140114,35.436771],[-90.112504,35.410153],[-90.087903,35.36327],[-90.121864,35.304535],[-90.166594,35.274588],[-90.097947,35.249983],[-90.093285,35.203282],[-90.099777,35.164474],[-90.09061,35.118287],[-90.160058,35.12883],[-90.181387,35.091401],[-90.197146,35.050731],[-90.265296,35.040293],[-90.300697,35.028793],[-90.309297,34.995694],[-90.244476,34.937596],[-90.250095,34.90732],[-90.3114467159881,34.872838517743],[-90.313476,34.871698],[-90.401633,34.835305],[-90.4079823819208,34.835265981566],[-90.408539,34.904021],[-90.400438,35.148231],[-90.503031,35.144215],[-90.506526,35.17875]]]}},{"type":"Feature","properties":{"fips":"22071","name":"Orleans","state":"LA"},"geometry":{"type":"Polygon","coordinates":[[[-90.140074,29.947904],[-90.124861,29.975817],[-90.108119,30.16494],[-90.040277,30.155114],[-89.903234,30.19866],[-89.797414,30.160757],[-89.685287,30.175346],[-89.6050884565546,30.1428141575593],[-89.656986,30.118381],[-89.683712,30.076018],[-89.782534,30.045372],[-89.845065,30.01841],[-89.8452971195724,30.0163818405701],[-89.861832,29.988274],[-89.929794,29.987679],[-89.945365,29.982401],[-90.012102,29.94598],[-89.91681,29.910391],[-89.910708,29.867865],[-89.959014,29.902637],[-90.008056,29.895528],[-90.058547,29.945334],[-90.132474,29.913005],[-90.140074,29.947904]]]}},{"type":"Feature","properties":{"fips":"51143","name":"Pittsylvania","state":"VA"},"geometry":{"type":"Polygon","coordinates":[[[-79.640652,36.856139],[-79.594069,37.042206],[-79.479921,37.006035],[-79.442859,37.055867],[-79.340559,37.137385],[-79.217104,37.118874],[-79.194525,37.055816],[-79.092264,37.061498],[-79.2184554959223,36.5414445361761],[-79.3431159193695,36.5411430999685],[-79.302564,36.577431],[-79.365013,36.607797],[-79.398094,36.644037],[-79.422191,36.600518],[-79.500848,36.618262],[-79.518995,36.603359],[-79.456471,36.576971],[-79.4700566739243,36.5408361497866],[-79.510647,36.540738],[-79.5136476625086,36.5407482050707],[-79.714850811052,36.5414324847413],[-79.640652,36.856139]]]}},{"type":"Feature","properties":{"fips":"48185","name":"Grimes","state":"TX"},"geometry":{"type":"Polygon","coordinates":[[[-96.16837,30.822997],[-95.863059,30.864125],[-95.834197,30.658],[-95.83024,30.630284],[-95.804306,30.24557],[-96.069319,30.229964],[-96.093165,30.225187],[-96.094404,30.309371],[-96.15463,30.330288],[-96.147255,30.38284],[-96.080009,30.430435],[-96.130018,30.452555],[-96.187765,30.598737],[-96.16837,30.822997]]]}},{"type":"Feature","properties":{"fips":"28123","name":"Scott","state":"MS"},"geometry":{"type":"Polygon","coordinates":[[[-89.770913,32.60615],[-89.730304,32.634228],[-89.730152,32.577248],[-89.322598,32.576433],[-89.322692,32.223472],[-89.701621,32.223757],[-89.730424,32.222039],[-89.730063,32.352733],[-89.784123,32.586891],[-89.770913,32.60615]]]}},{"type":"Feature","properties":{"fips":"05081","name":"Little River","state":"AR"},"geometry":{"type":"Polygon","coordinates":[[[-94.481842,33.789008],[-94.4772691832212,33.9408298614626],[-94.408441,33.945249],[-94.303523,33.831608],[-94.182551,33.788442],[-94.040865,33.781979],[-93.95891,33.751058],[-93.956951,33.750927],[-93.969675,33.739666],[-93.967717,33.675836],[-93.825878,33.609891],[-93.986157,33.534743],[-94.043428,33.551425],[-94.07267,33.572234],[-94.143024,33.577725],[-94.183395,33.592212],[-94.213605,33.570622],[-94.238868,33.576722],[-94.303742,33.564486],[-94.338422,33.567082],[-94.354165,33.556452],[-94.388052,33.565511],[-94.419057,33.577217],[-94.485875,33.637867],[-94.481842,33.789008]]]}},{"type":"Feature","properties":{"fips":"40013","name":"Bryan","state":"OK"},"geometry":{"type":"Polygon","coordinates":[[[-96.624803,34.009724],[-96.548028,34.063302],[-96.585355,34.114459],[-96.453836,34.1141],[-96.407517,34.157317],[-95.991578,34.156805],[-95.93815,34.1251],[-95.918871,33.925057],[-95.7896393177523,33.8724373846723],[-95.820596,33.858465],[-95.8448785340707,33.860421904719],[-95.887491,33.863856],[-95.935325,33.875099],[-96.063924,33.841523],[-96.15163,33.831946],[-96.173025,33.80056],[-96.229023,33.748021],[-96.277269,33.769735],[-96.307389,33.735005],[-96.363135,33.694215],[-96.3796608259521,33.715530908566],[-96.403507,33.746289],[-96.436455,33.78005],[-96.502286,33.77346],[-96.523863,33.818114],[-96.572937,33.819098],[-96.592926,33.830916],[-96.590112,33.880665],[-96.5946743073771,33.8830186573983],[-96.57701,33.964406],[-96.624803,34.009724]]]}},{"type":"Feature","properties":{"fips":"51001","name":"Accomack","state":"VA"},"geometry":{"type":"Polygon","coordinates":[[[-75.941182,37.563839],[-75.898665,37.635425],[-75.859262,37.703111],[-75.812155,37.749502],[-75.818125,37.791698],[-75.73588,37.816561],[-75.708888,37.84302],[-75.730946,37.898328],[-75.724905,37.914983],[-75.669711,37.950796],[-75.624341,37.994211],[-75.242266,38.027209],[-75.338623,37.894986],[-75.380638,37.851702],[-75.439001,37.869335],[-75.48927,37.832457],[-75.551898,37.748122],[-75.591953,37.663178],[-75.614527,37.609296],[-75.607824,37.560706],[-75.672877,37.483696],[-75.6654179108751,37.4672935154925],[-75.713275,37.449876],[-75.763912,37.463308],[-75.776564,37.454589],[-75.812793,37.473895],[-75.793521,37.488837],[-75.804797,37.514726],[-75.788012,37.528816],[-75.835214,37.554245],[-75.90041,37.557265],[-75.9455743189307,37.5490406581517],[-75.941182,37.563839]]]}},{"type":"Feature","properties":{"fips":"13031","name":"Bulloch","state":"GA"},"geometry":{"type":"Polygon","coordinates":[[[-82.001236,32.60691],[-81.841005,32.649093],[-81.82785,32.652797],[-81.689643,32.54629],[-81.548006,32.489286],[-81.534904,32.39358],[-81.450279,32.297416],[-81.435104,32.259403],[-81.43583,32.241289],[-81.780858,32.15289],[-81.81628,32.23747],[-81.969069,32.268783],[-81.918671,32.41541],[-82.030233,32.53877],[-82.001236,32.60691]]]}},{"type":"Feature","properties":{"fips":"37121","name":"Mitchell","state":"NC"},"geometry":{"type":"Polygon","coordinates":[[[-82.409458,36.083409],[-82.346857,36.115209],[-82.297655,36.13351],[-82.26569,36.127614],[-82.2202530102866,36.1538200398431],[-82.211251,36.159012],[-82.140847,36.136216],[-82.127146,36.104417],[-82.0811489171324,36.1056921143326],[-82.034104,35.942057],[-81.981954,35.911361],[-81.980337,35.884716],[-82.133484,35.823309],[-82.197718,36.015239],[-82.338201,36.030088],[-82.351672,36.084334],[-82.4169375946732,36.0729700107085],[-82.409458,36.083409]]]}},{"type":"Feature","properties":{"fips":"13307","name":"Webster","state":"GA"},"geometry":{"type":"Polygon","coordinates":[[[-84.63112,32.184054],[-84.649319,32.232953],[-84.527117,32.134556],[-84.431214,32.134058],[-84.433014,32.04196],[-84.443807,31.967456],[-84.45331,31.919224],[-84.599776,31.920171],[-84.65582,31.920308],[-84.63112,32.184054]]]}},{"type":"Feature","properties":{"fips":"13135","name":"Gwinnett","state":"GA"},"geometry":{"type":"Polygon","coordinates":[[[-84.262276,33.987405],[-84.1212,34.034285],[-84.097693,34.050708],[-84.117994,34.065945],[-84.062187,34.168541],[-83.946194,34.12685],[-83.945333,34.126523],[-83.902079,34.110704],[-83.867844,34.098652],[-83.817682,34.127493],[-83.864874,34.013482],[-83.863523,34.001308],[-83.799104,33.929844],[-83.843184,33.894775],[-83.982033,33.786054],[-84.023713,33.752808],[-84.158407,33.853602],[-84.207699,33.877931],[-84.259822,33.918901],[-84.277093,33.957614],[-84.262276,33.987405]]]}},{"type":"Feature","properties":{"fips":"48461","name":"Upton","state":"TX"},"geometry":{"type":"Polygon","coordinates":[[[-102.31805,31.651327],[-102.287345,31.651276],[-101.775802,31.651319],[-101.776191,31.079784],[-102.301212,31.086212],[-102.31805,31.651327]]]}},{"type":"Feature","properties":{"fips":"22101","name":"St. Mary","state":"LA"},"geometry":{"type":"Polygon","coordinates":[[[-91.935286,29.671939],[-91.711283,29.846131],[-91.624347,29.94546],[-91.471953,29.956304],[-91.373642,29.834401],[-91.386491,29.783681],[-91.215195,29.751211],[-91.10001,29.699402],[-91.105395,29.643281],[-91.082611,29.626814],[-91.178048,29.609703],[-91.269182,29.539162],[-91.258332,29.444319],[-91.212157,29.423429],[-91.2663226707192,29.361363733346],[-91.334051,29.391525],[-91.363967,29.420664],[-91.347514,29.444438],[-91.394307,29.497115],[-91.460963,29.469961],[-91.48559,29.499116],[-91.531021,29.531543],[-91.537445,29.565888],[-91.541974,29.594353],[-91.600179,29.631156],[-91.643832,29.630625],[-91.623829,29.69924],[-91.667128,29.745822],[-91.737253,29.74937],[-91.808142,29.725097],[-91.85307,29.702936],[-91.8625569965226,29.6673954637599],[-91.935286,29.671939]]]}},{"type":"Feature","properties":{"fips":"11001","name":"District of Columbia","state":"DC"},"geometry":{"type":"Polygon","coordinates":[[[-77.119759,38.934343],[-77.041018,38.995548],[-77.002546244247,38.9655317004459],[-76.909393,38.892852],[-76.979497,38.837812],[-77.039006,38.791645],[-77.0390663567647,38.8412718895186],[-77.039099,38.868112],[-77.0902,38.904211],[-77.119759,38.934343]]]}},{"type":"Feature","properties":{"fips":"01131","name":"Wilcox","state":"AL"},"geometry":{"type":"Polygon","coordinates":[[[-87.667769,31.991355],[-87.622756,32.005482],[-87.624005,32.132345],[-87.521946,32.132816],[-87.514066,32.265993],[-87.472206,32.264919],[-87.324783,32.199069],[-87.17786,32.047514],[-86.906956,32.04797],[-86.856576,32.048352],[-86.857583,31.962167],[-86.908939,31.961673],[-86.906899,31.830628],[-87.50093,31.829251],[-87.551529,31.827737],[-87.620112,31.827123],[-87.666836,31.875747],[-87.667769,31.991355]]]}},{"type":"Feature","properties":{"fips":"54099","name":"Wayne","state":"WV"},"geometry":{"type":"Polygon","coordinates":[[[-82.598864,38.201007],[-82.5846938141256,38.2405129933697],[-82.581796,38.248592],[-82.571877,38.315781],[-82.597979,38.344909],[-82.593673,38.421809],[-82.560664,38.404338],[-82.5089669497313,38.4146439126517],[-82.343911,38.305209],[-82.28624,38.321185],[-82.264849,38.229199],[-82.283316,38.141936],[-82.192314,38.046314],[-82.306391,37.94364],[-82.403743,37.862894],[-82.3984648162589,37.8430541504629],[-82.41869,37.872375],[-82.487556,37.916975],[-82.479420123223,37.9385625246981],[-82.464987,37.976859],[-82.549407,38.063063],[-82.626182,38.134835],[-82.598864,38.201007]]]}},{"type":"Feature","properties":{"fips":"48043","name":"Brewster","state":"TX"},"geometry":{"type":"Polygon","coordinates":[[[-103.80068,30.412527],[-103.439976,30.665939],[-102.567049,30.052808],[-102.327002,29.883305],[-102.318683954588,29.8721929465015],[-102.349861,29.862317],[-102.369522,29.820395],[-102.392906,29.765569],[-102.468946,29.779817],[-102.512687,29.780303],[-102.551081,29.752358],[-102.612879,29.748182],[-102.677192,29.738261],[-102.693466,29.676507],[-102.738428,29.621929],[-102.777531,29.556497],[-102.808692,29.522319],[-102.83097,29.444267],[-102.824564,29.399558],[-102.871857,29.352093],[-102.891022,29.287113],[-102.871347,29.241625],[-102.917805,29.190697],[-102.995688,29.161219],[-103.035683,29.103029],[-103.076355,29.085722],[-103.100368,29.026877],[-103.126748,28.982124],[-103.227801,28.991532],[-103.28119,28.982138],[-103.361998,29.018914],[-103.463196,29.066822],[-103.524613,29.120998],[-103.59236,29.15026],[-103.660203,29.170934],[-103.724743,29.19147],[-103.789034,29.257502],[-103.793873010934,29.2592383933486],[-103.792793,29.500188],[-103.80068,30.412527]]]}},{"type":"Feature","properties":{"fips":"51159","name":"Richmond","state":"VA"},"geometry":{"type":"Polygon","coordinates":[[[-76.936959,38.077074],[-76.876918,38.124238],[-76.764716,38.001979],[-76.63423,37.96663],[-76.556042,37.931524],[-76.507828,37.838814],[-76.564735,37.837288],[-76.668182,37.778386],[-76.783745,37.895479],[-76.909028,37.988475],[-76.936959,38.077074]]]}},{"type":"Feature","properties":{"fips":"48157","name":"Fort Bend","state":"TX"},"geometry":{"type":"Polygon","coordinates":[[[-96.088912,29.601658],[-96.024825,29.602899],[-96.032711,29.727944],[-95.97094,29.728554],[-95.825975,29.788616],[-95.73007,29.734689],[-95.687982,29.711075],[-95.686693,29.710329],[-95.623177,29.674496],[-95.597057,29.660601],[-95.571363,29.648725],[-95.424196,29.580675],[-95.4463,29.499637],[-95.462602,29.439238],[-95.550622,29.438306],[-95.547577,29.395197],[-95.590793,29.327485],[-95.625863,29.293349],[-95.752866,29.324503],[-95.847656,29.26259],[-95.94681,29.333433],[-95.97343,29.411445],[-96.059627,29.473329],[-96.044596,29.562238],[-96.088912,29.601658]]]}},{"type":"Feature","properties":{"fips":"40117","name":"Pawnee","state":"OK"},"geometry":{"type":"Polygon","coordinates":[[[-97.009785,36.506935],[-96.940235,36.455525],[-96.875321,36.470915],[-96.821031,36.538771],[-96.753554,36.562601],[-96.706195,36.477564],[-96.710769,36.437656],[-96.635727,36.425908],[-96.575697,36.374347],[-96.518709,36.377576],[-96.573481,36.315709],[-96.515229,36.298332],[-96.457684,36.332664],[-96.433812,36.285889],[-96.326732,36.226551],[-96.256624,36.225676],[-96.268287,36.16198],[-96.297888,36.162279],[-96.600218,36.163502],[-96.62212,36.159903],[-96.819005,36.158886],[-96.818968,36.246478],[-96.925069,36.246474],[-96.924936,36.333344],[-97.032106,36.333354],[-97.009785,36.506935]]]}},{"type":"Feature","properties":{"fips":"45053","name":"Jasper","state":"SC"},"geometry":{"type":"Polygon","coordinates":[[[-81.2842383817656,32.547110946285],[-81.014625,32.753058],[-80.902448,32.621561],[-80.869705,32.660935],[-80.831543,32.593388],[-80.829489,32.411836],[-80.928775,32.331302],[-80.934386,32.320005],[-80.93494,32.300108],[-80.982108,32.305925],[-81.006369,32.306521],[-80.99836,32.194375],[-80.961468,32.126224],[-80.8674276818916,32.07849],[-80.885517,32.0346],[-80.943226,32.057824],[-81.006745,32.101152],[-81.038265,32.084469],[-81.113334,32.113205],[-81.119361,32.177142],[-81.1475951704554,32.2271694465971],[-81.153531,32.237687],[-81.128034,32.276297],[-81.133032,32.334794],[-81.1734737944861,32.3849027808867],[-81.194931,32.411489],[-81.194829,32.465086],[-81.274927,32.544158],[-81.2842383817656,32.547110946285]]]}},{"type":"Feature","properties":{"fips":"45075","name":"Orangeburg","state":"SC"},"geometry":{"type":"Polygon","coordinates":[[[-81.372931,33.490417],[-81.187271,33.652937],[-81.086633,33.695409],[-81.042854,33.707131],[-80.93979,33.608798],[-80.885414,33.618208],[-80.807631,33.604081],[-80.616575,33.466006],[-80.552272,33.565414],[-80.496273,33.558481],[-80.393145,33.445339],[-80.222267,33.443716],[-80.253836,33.29926],[-80.361851,33.257443],[-80.484578,33.280034],[-80.50279,33.334496],[-80.790296,33.18084],[-80.797912,33.176944],[-80.846151,33.238328],[-80.887109,33.264183],[-80.940103,33.30356],[-81.222673,33.44],[-81.301445,33.481218],[-81.372931,33.490417]]]}},{"type":"Feature","properties":{"fips":"54059","name":"Mingo","state":"WV"},"geometry":{"type":"Polygon","coordinates":[[[-82.403743,37.862894],[-82.306391,37.94364],[-82.190658,37.974778],[-82.112411,37.854039],[-82.082648,37.701565],[-81.993444,37.640607],[-81.930238,37.682011],[-81.802937,37.660508],[-81.795537,37.631509],[-81.855939,37.54891],[-81.890889,37.526832],[-81.932279,37.511961],[-81.968297,37.537798],[-82.064418,37.544516],[-82.141555,37.595166],[-82.226111,37.653092],[-82.296118,37.686174],[-82.3206749571778,37.7459658434594],[-82.327356,37.762233],[-82.369973,37.801749],[-82.3984648162589,37.8430541504629],[-82.403743,37.862894]]]}},{"type":"Feature","properties":{"fips":"54083","name":"Randolph","state":"WV"},"geometry":{"type":"Polygon","coordinates":[[[-80.236831,38.743765],[-80.126105,38.745836],[-80.085062,38.947236],[-79.895993,38.973404],[-79.825092,39.115803],[-79.785685,39.037404],[-79.508765,38.975173],[-79.357666,38.964509],[-79.349867,38.957509],[-79.519474,38.89201],[-79.510073,38.780712],[-79.626774,38.664214],[-79.73918,38.679613],[-79.776883,38.739711],[-79.86325,38.55082],[-80.029208,38.459184],[-80.11692,38.473953],[-80.245518,38.388457],[-80.183931,38.525386],[-80.280059,38.694867],[-80.236831,38.743765]]]}},{"type":"Feature","properties":{"fips":"28073","name":"Lamar","state":"MS"},"geometry":{"type":"Polygon","coordinates":[[[-89.654212,31.433805],[-89.586819,31.433688],[-89.451616,31.434029],[-89.451073,31.346383],[-89.347863,31.3467],[-89.34895,31.01037],[-89.425337,30.982452],[-89.50134,31.016026],[-89.654038,31.002502],[-89.654212,31.433805]]]}},{"type":"Feature","properties":{"fips":"13091","name":"Dodge","state":"GA"},"geometry":{"type":"Polygon","coordinates":[[[-83.346528,32.272489],[-83.30475,32.341958],[-83.173252,32.452533],[-83.138991,32.423069],[-82.990967,32.147274],[-82.884803,32.196072],[-82.874864,32.180024],[-82.927865,32.135274],[-82.934566,32.153274],[-83.205739,31.900325],[-83.292061,31.984506],[-83.295206,32.07918],[-83.337313,32.105885],[-83.291106,32.178825],[-83.373931,32.249741],[-83.346528,32.272489]]]}},{"type":"Feature","properties":{"fips":"13103","name":"Effingham","state":"GA"},"geometry":{"type":"Polygon","coordinates":[[[-81.548006,32.489286],[-81.528169,32.514888],[-81.3869019026942,32.5989648538998],[-81.328753,32.561228],[-81.2842383817656,32.547110946285],[-81.274927,32.544158],[-81.194829,32.465086],[-81.194931,32.411489],[-81.1734737944861,32.3849027808867],[-81.133032,32.334794],[-81.128034,32.276297],[-81.153531,32.237687],[-81.1475951704554,32.2271694465971],[-81.195449,32.237591],[-81.391698,32.095886],[-81.406776,32.101931],[-81.43583,32.241289],[-81.435104,32.259403],[-81.450279,32.297416],[-81.534904,32.39358],[-81.548006,32.489286]]]}},{"type":"Feature","properties":{"fips":"05041","name":"Desha","state":"AR"},"geometry":{"type":"Polygon","coordinates":[[[-91.548668,33.976799],[-91.421985,34.011715],[-91.393306,33.982791],[-91.322048,34.009935],[-91.347754,33.954867],[-91.275735,33.94233],[-91.170177,33.9587],[-91.137071,33.926124],[-91.196924,34.048243],[-91.183266,34.083973],[-91.117918,34.119039],[-90.973503,34.118695],[-90.9448449522363,34.1164215264479],[-90.946323,34.109374],[-90.90113,34.094667],[-90.874541,34.072041],[-90.89242,34.02686],[-90.942662,34.01805],[-90.979945,34.000106],[-91.004981,33.977011],[-91.048367,33.985078],[-91.088696,33.961334],[-91.035961,33.943758],[-91.026382,33.90798],[-91.061247,33.877505],[-91.052819,33.824181],[-91.025173,33.805953],[-91.026782,33.763642],[-91.08551,33.77641],[-91.111494,33.774568],[-91.143287,33.747141],[-91.075389,33.714403],[-91.10098,33.660551],[-91.178311,33.651109],[-91.130902,33.610919],[-91.188942,33.576225],[-91.206415960587,33.5456284081563],[-91.245756,33.51719],[-91.350751,33.519343],[-91.349454,33.563571],[-91.453462,33.563675],[-91.450284,33.780543],[-91.557656,33.783322],[-91.548668,33.976799]]]}},{"type":"Feature","properties":{"fips":"54055","name":"Mercer","state":"WV"},"geometry":{"type":"Polygon","coordinates":[[[-81.311201,37.424509],[-81.291455,37.414391],[-81.307387,37.459486],[-81.222121,37.510416],[-81.198869,37.575533],[-81.09463,37.588658],[-80.866887,37.434589],[-80.8581481168198,37.4210069067215],[-80.865148,37.419927],[-80.883248,37.383933],[-80.835479,37.334824],[-80.919259,37.306163],[-80.9808452568928,37.3008528161905],[-80.996013,37.299545],[-81.112596,37.278497],[-81.225104,37.234874],[-81.362156,37.337687],[-81.311201,37.424509]]]}},{"type":"Feature","properties":{"fips":"28155","name":"Webster","state":"MS"},"geometry":{"type":"Polygon","coordinates":[[[-89.507135,33.721819],[-89.216469,33.721979],[-89.191781,33.738602],[-89.034498,33.73943],[-89.034924,33.654712],[-89.018343,33.625119],[-89.018613,33.562114],[-89.035677,33.562154],[-89.088446,33.533202],[-89.261481,33.518628],[-89.381092,33.460307],[-89.506496,33.459806],[-89.506872,33.677605],[-89.507135,33.721819]]]}},{"type":"Feature","properties":{"fips":"01093","name":"Marion","state":"AL"},"geometry":{"type":"Polygon","coordinates":[[[-88.2035834952194,34.0865277314681],[-88.1732617345949,34.3210395343343],[-87.634725,34.306997],[-87.636118,34.002203],[-87.635932,33.915251],[-87.739347,33.914731],[-87.951785,33.91993],[-87.951929,34.022202],[-87.98693,34.052102],[-88.207229,34.058333],[-88.2035834952194,34.0865277314681]]]}},{"type":"Feature","properties":{"fips":"01043","name":"Cullman","state":"AL"},"geometry":{"type":"Polygon","coordinates":[[[-87.111992,33.992385],[-87.109911,34.299299],[-87.110111,34.313799],[-86.581936,34.304694],[-86.477525,34.302758],[-86.45302,34.259317],[-86.514881,34.25437],[-86.601147,34.11904],[-86.704244,34.081497],[-86.685365,34.05914],[-86.793914,33.952059],[-86.924387,33.909222],[-86.963358,33.858221],[-87.091836,33.890093],[-87.151036,33.993225],[-87.111992,33.992385]]]}},{"type":"Feature","properties":{"fips":"12003","name":"Baker","state":"FL"},"geometry":{"type":"Polygon","coordinates":[[[-82.459581,30.584264],[-82.4189841121785,30.5809166697315],[-82.218607,30.564395],[-82.229427,30.520814],[-82.200965,30.474427],[-82.210318,30.424577],[-82.180043,30.36861],[-82.143306,30.363378],[-82.094709,30.360766],[-82.0509829816809,30.3683677759449],[-82.049236,30.273432],[-82.049411,30.186933],[-82.049425,30.143136],[-82.142578,30.143117],[-82.458364,30.136449],[-82.4597924354137,30.5842765283062],[-82.459581,30.584264]]]}},{"type":"Feature","properties":{"fips":"24037","name":"St. Mary's","state":"MD"},"geometry":{"type":"Polygon","coordinates":[[[-76.87146,38.389937],[-76.768654,38.512614],[-76.674118,38.499622],[-76.608373,38.424445],[-76.501475,38.372497],[-76.453453,38.305057],[-76.400194624698,38.3198719439614],[-76.402894,38.311402],[-76.374481,38.296348],[-76.392668,38.239663],[-76.353516,38.178135],[-76.327209,38.14514],[-76.323177,38.092258],[-76.33301,38.036615],[-76.357581,37.951678],[-76.427487,37.977038],[-76.491998,38.017222],[-76.5106939613177,38.0394889278142],[-76.535919,38.069532],[-76.600937,38.110084],[-76.613939,38.148587],[-76.684892,38.156497],[-76.749685,38.162114],[-76.838795,38.163476],[-76.8663064384604,38.1763069312986],[-76.821256,38.268758],[-76.87146,38.389937]]]}},{"type":"Feature","properties":{"fips":"47101","name":"Lewis","state":"TN"},"geometry":{"type":"Polygon","coordinates":[[[-87.651007,35.568762],[-87.658189,35.609349],[-87.586867,35.653304],[-87.459587,35.615124],[-87.339232,35.65911],[-87.352305,35.584621],[-87.269432,35.505851],[-87.294534,35.444676],[-87.448485,35.457844],[-87.44882,35.420622],[-87.575352,35.398454],[-87.645896,35.472745],[-87.717559,35.483347],[-87.651007,35.568762]]]}},{"type":"Feature","properties":{"fips":"13111","name":"Fannin","state":"GA"},"geometry":{"type":"Polygon","coordinates":[[[-84.621483,34.988329],[-84.509052,34.988033],[-84.321869,34.988408],[-84.1294469626359,34.9879469539553],[-84.178834,34.952086],[-84.107422,34.886896],[-84.093193,34.801411],[-84.158035,34.648243],[-84.188557,34.602692],[-84.196754,34.617924],[-84.343661,34.824781],[-84.422754,34.854795],[-84.618637,34.855398],[-84.622731,34.875077],[-84.621483,34.988329]]]}},{"type":"Feature","properties":{"fips":"13127","name":"Glynn","state":"GA"},"geometry":{"type":"Polygon","coordinates":[[[-81.782554,31.170608],[-81.731694,31.330048],[-81.691977,31.400545],[-81.62429,31.452982],[-81.481696,31.336088],[-81.2643779480884,31.2945990647455],[-81.282842,31.24433],[-81.304957,31.206173],[-81.368241,31.136534],[-81.402096,31.125383],[-81.401267,31.072781],[-81.420474,31.016703],[-81.4125180355795,30.9908345035084],[-81.572692,31.097269],[-81.562606,31.130285],[-81.631624,31.108117],[-81.766241,31.16965],[-81.782554,31.170608]]]}},{"type":"Feature","properties":{"fips":"22057","name":"Lafourche","state":"LA"},"geometry":{"type":"Polygon","coordinates":[[[-90.981838,29.744875],[-90.924626,29.830326],[-90.885452,29.877562],[-90.885749,29.905348],[-90.7787,29.922007],[-90.656312,29.889246],[-90.629134,29.89523],[-90.529601,29.884997],[-90.479904,29.847377],[-90.468043,29.803474],[-90.371978,29.759239],[-90.352104,29.695512],[-90.228157,29.692028],[-90.155807,29.67753],[-90.151725,29.587871],[-90.186172,29.563341],[-90.137504,29.477163],[-90.020622,29.428461],[-90.030189,29.332071],[-89.998954,29.298339],[-90.0898354481942,29.1644753566211],[-90.122753,29.144286],[-90.223587,29.085075],[-90.334935,29.063803],[-90.4096172499074,29.0584338645091],[-90.40958,29.23961],[-90.384285,29.365755],[-90.621164,29.59919],[-90.77755,29.720273],[-90.804993,29.749484],[-90.810364,29.776199],[-90.844213,29.755882],[-90.880194,29.716809],[-91.00689,29.715093],[-90.981838,29.744875]]]}},{"type":"Feature","properties":{"fips":"05021","name":"Clay","state":"AR"},"geometry":{"type":"Polygon","coordinates":[[[-90.749933,36.280211],[-90.748637,36.412764],[-90.784029207405,36.4984625681699],[-90.765672,36.498494],[-90.5761790655673,36.498405927798],[-90.494575,36.498368],[-90.2207490539154,36.4959375921945],[-90.153871,36.495344],[-90.141399,36.459874],[-90.131038,36.415069],[-90.066136,36.386272],[-90.063526,36.356911],[-90.06398,36.303038],[-90.114922,36.265595],[-90.155928,36.214074],[-90.1891019136628,36.1989984552544],[-90.32096,36.200575],[-90.319581,36.259139],[-90.806676,36.267032],[-90.749933,36.280211]]]}},{"type":"Feature","properties":{"fips":"13133","name":"Greene","state":"GA"},"geometry":{"type":"Polygon","coordinates":[[[-83.406189,33.698307],[-83.29145,33.734315],[-83.28034,33.761774],[-83.118729,33.698818],[-82.995602,33.693583],[-82.951163,33.661272],[-83.014038,33.580383],[-83.012853,33.469178],[-83.164207,33.35503],[-83.224564,33.380423],[-83.279931,33.483438],[-83.269213,33.533226],[-83.34687,33.600498],[-83.406189,33.698307]]]}},{"type":"Feature","properties":{"fips":"13277","name":"Tift","state":"GA"},"geometry":{"type":"Polygon","coordinates":[[[-83.651764,31.433918],[-83.650507,31.49581],[-83.649384,31.567977],[-83.648972,31.596466],[-83.500702,31.59399],[-83.500951,31.570117],[-83.42084,31.553565],[-83.338728,31.475991],[-83.369514,31.465055],[-83.370888,31.401142],[-83.434492,31.350361],[-83.460644,31.326263],[-83.512607,31.327405],[-83.65409,31.330661],[-83.651764,31.433918]]]}},{"type":"Feature","properties":{"fips":"51015","name":"Augusta","state":"VA"},"geometry":{"type":"Polygon","coordinates":[[[-79.438103,38.216235],[-79.308692,38.382707],[-79.3112960655144,38.418454601455],[-79.297758,38.416438],[-79.23162,38.474041],[-79.2284230027078,38.4797415574873],[-78.913046,38.303645],[-78.888258,38.303691],[-78.749396,38.206648],[-78.781078,38.080757],[-78.838874,38.04737],[-78.902282,37.951402],[-79.005129,37.88169],[-79.062454,37.9176],[-79.15739,37.891003],[-79.183978,37.914194],[-79.482668,38.086054],[-79.436678,38.1628],[-79.512158,38.180419],[-79.438103,38.216235]],[[-79.105671,38.139591],[-79.049819,38.121176],[-79.038169,38.129998],[-79.022841,38.195645],[-79.095448,38.185377],[-79.105671,38.139591]],[[-78.946801,38.051985],[-78.921941,38.031403],[-78.877327,38.042746],[-78.864449,38.095738],[-78.92872,38.091305],[-78.946801,38.051985]]]}},{"type":"Feature","properties":{"fips":"51009","name":"Amherst","state":"VA"},"geometry":{"type":"Polygon","coordinates":[[[-79.436947,37.617057],[-79.345235,37.660625],[-79.232845,37.812831],[-79.172131,37.803097],[-79.137964,37.814141],[-79.071417,37.778303],[-79.067355,37.720255],[-78.986017,37.695546],[-78.869245,37.542092],[-78.949942,37.503142],[-79.021687,37.429243],[-79.066776,37.38593],[-79.084898,37.394137],[-79.120279,37.398187],[-79.185702,37.46582],[-79.220028,37.505329],[-79.345314,37.521041],[-79.384118,37.594329],[-79.436947,37.617057]]]}},{"type":"Feature","properties":{"fips":"28079","name":"Leake","state":"MS"},"geometry":{"type":"Polygon","coordinates":[[[-89.730304,32.634228],[-89.730016,32.885072],[-89.730154,32.929924],[-89.319163,32.931654],[-89.317588,32.576458],[-89.322598,32.576433],[-89.730152,32.577248],[-89.730304,32.634228]]]}},{"type":"Feature","properties":{"fips":"51750","name":"Radford","state":"VA"},"geometry":{"type":"Polygon","coordinates":[[[-80.595167,37.125125],[-80.592875,37.127866],[-80.573087,37.139876],[-80.553642,37.14673],[-80.548837,37.146557],[-80.529762,37.133842],[-80.530711,37.132541],[-80.5274,37.134381],[-80.52476,37.147873],[-80.511287,37.147782],[-80.50854,37.135708],[-80.53303,37.118088],[-80.529844,37.111265],[-80.554973,37.117843],[-80.556479,37.09999],[-80.580469,37.089662],[-80.590406,37.102],[-80.596409,37.118889],[-80.595167,37.125125]]]}},{"type":"Feature","properties":{"fips":"51177","name":"Spotsylvania","state":"VA"},"geometry":{"type":"Polygon","coordinates":[[[-77.947054,38.120035],[-77.715214,38.3356],[-77.702843,38.36084],[-77.645744,38.378107],[-77.618727,38.367835],[-77.603727,38.333464],[-77.530283,38.309175],[-77.532313,38.308498],[-77.516317,38.306333],[-77.51788,38.297641],[-77.507785,38.292383],[-77.512009,38.279871],[-77.497532,38.283156],[-77.494628,38.27388],[-77.473836,38.270151],[-77.466464,38.279971],[-77.457512,38.271402],[-77.450232,38.274815],[-77.454402,38.283573],[-77.448445,38.28357],[-77.447126,38.284614],[-77.39085,38.245589],[-77.370297,38.246576],[-77.642518,37.990688],[-77.687469,38.007806],[-77.838217,38.106239],[-77.947054,38.120035]]]}},{"type":"Feature","properties":{"fips":"40033","name":"Cotton","state":"OK"},"geometry":{"type":"Polygon","coordinates":[[[-98.661956,34.405948],[-98.504958,34.449414],[-98.295928,34.449043],[-98.24412,34.507121],[-98.142148,34.506994],[-98.139293,34.489279],[-98.139227,34.289824],[-98.1384860257464,34.1412060197111],[-98.16912,34.114171],[-98.225282,34.127245],[-98.31875,34.146421],[-98.364023,34.157109],[-98.398441,34.128456],[-98.414426,34.085074],[-98.423533,34.0819494760059],[-98.475066,34.064269],[-98.5282,34.094961],[-98.577136,34.148962],[-98.6102002179226,34.1561768671247],[-98.60966,34.33372],[-98.662004,34.333431],[-98.661956,34.405948]]]}},{"type":"Feature","properties":{"fips":"40075","name":"Kiowa","state":"OK"},"geometry":{"type":"Polygon","coordinates":[[[-99.404312,35.116898],[-99.360226,35.116738],[-98.749158,35.116346],[-98.651267,35.124181],[-98.620692,35.097765],[-98.619816,34.85534],[-98.826041,34.855122],[-98.826008,34.594413],[-99.001107,34.594366],[-99.001025,34.637872],[-99.10315,34.63795],[-99.052511,34.701557],[-99.149114,34.702352],[-99.14457,34.84954],[-99.246462,34.822114],[-99.30622,34.857632],[-99.327788,35.041697],[-99.368367,35.087867],[-99.409291,35.114509],[-99.404312,35.116898]]]}},{"type":"Feature","properties":{"fips":"22077","name":"Pointe Coupee","state":"LA"},"geometry":{"type":"Polygon","coordinates":[[[-91.802732,30.867697],[-91.796521,30.982842],[-91.750119,31.018814],[-91.687266,31.018142],[-91.636942,30.999416],[-91.644917,30.928971],[-91.661811,30.860019],[-91.556407,30.848643],[-91.614608,30.9176],[-91.549308,30.916228],[-91.515586,30.875181],[-91.539473,30.791224],[-91.594595,30.750184],[-91.553019,30.730798],[-91.450382,30.736168],[-91.38062,30.758804],[-91.33087,30.658677],[-91.309752,30.650086],[-91.414815,30.511427],[-91.485155,30.497282],[-91.583457,30.48259],[-91.592122,30.496999],[-91.701339,30.497747],[-91.756209,30.498133],[-91.731432,30.512119],[-91.75698,30.562551],[-91.733673,30.70173],[-91.815258,30.848107],[-91.802732,30.867697]]]}},{"type":"Feature","properties":{"fips":"51063","name":"Floyd","state":"VA"},"geometry":{"type":"Polygon","coordinates":[[[-80.56826,36.960672],[-80.543933,36.984639],[-80.520014,37.011223],[-80.347858,37.021593],[-80.178125,37.1134],[-80.128674,37.122901],[-80.134619,36.964655],[-80.235455,36.87213],[-80.386909,36.797676],[-80.458572,36.738359],[-80.46418,36.708718],[-80.633987,36.93178],[-80.56826,36.960672]]]}},{"type":"Feature","properties":{"fips":"47123","name":"Monroe","state":"TN"},"geometry":{"type":"Polygon","coordinates":[[[-84.504274,35.665866],[-84.290765,35.654925],[-84.188319,35.610549],[-84.081561,35.541231],[-83.993815,35.550001],[-83.93854,35.487773],[-83.9589178345639,35.4578994395799],[-83.973171,35.452582],[-84.021782,35.407418],[-84.007586,35.371661],[-84.038081,35.348363],[-84.02351,35.295783],[-84.0291044137725,35.2921237764939],[-84.097508,35.247382],[-84.178516,35.240679],[-84.223718,35.269078],[-84.28322,35.226577],[-84.2865983787409,35.2057582184959],[-84.325722,35.219377],[-84.356923,35.233676],[-84.495529,35.285472],[-84.401025,35.330374],[-84.409226,35.398378],[-84.52585,35.624186],[-84.504274,35.665866]]]}},{"type":"Feature","properties":{"fips":"48097","name":"Cooke","state":"TX"},"geometry":{"type":"Polygon","coordinates":[[[-97.4841434385876,33.9138891088909],[-97.451469,33.87093],[-97.444193,33.823773],[-97.372941,33.819454],[-97.318243,33.865121],[-97.24618,33.900344],[-97.206141,33.91428],[-97.166629,33.847311],[-97.205652,33.809824],[-97.149394,33.721967],[-97.091072,33.735115],[-97.087852,33.774099],[-97.07859,33.812756],[-97.055838,33.855741],[-96.985567,33.886522],[-96.988745,33.918468],[-96.952313,33.944582],[-96.9446168883705,33.945013250454],[-96.94386,33.41641],[-97.220092,33.425122],[-97.383095,33.43045],[-97.406768,33.43311],[-97.487065,33.433681],[-97.4841434385876,33.9138891088909]]]}},{"type":"Feature","properties":{"fips":"48187","name":"Guadalupe","state":"TX"},"geometry":{"type":"Polygon","coordinates":[[[-98.310928,29.594473],[-98.090927,29.683245],[-97.999271,29.752444],[-97.943564,29.806914],[-97.875259,29.858208],[-97.721852,29.682088],[-97.647785,29.662127],[-97.633176,29.649863],[-97.840383,29.376791],[-98.084684,29.379594],[-98.11307,29.36533],[-98.134171,29.441751],[-98.122547,29.446028],[-98.122555,29.47797],[-98.304121,29.584736],[-98.310928,29.594473]]]}},{"type":"Feature","properties":{"fips":"54103","name":"Wetzel","state":"WV"},"geometry":{"type":"Polygon","coordinates":[[[-80.865575,39.662751],[-80.829764,39.711839],[-80.8355216930075,39.7192518022001],[-80.519342,39.721403],[-80.421388,39.721189],[-80.407408,39.717752],[-80.39581,39.637347],[-80.432837,39.639292],[-80.498163,39.563327],[-80.494085,39.469599],[-80.544521,39.42912],[-80.583091,39.451415],[-80.618629,39.450375],[-80.73407,39.491553],[-80.846393,39.601091],[-80.943782,39.606926],[-80.865575,39.662751]]]}},{"type":"Feature","properties":{"fips":"12121","name":"Suwannee","state":"FL"},"geometry":{"type":"Polygon","coordinates":[[[-83.247253,30.26067],[-83.192343,30.374846],[-83.170969,30.385225],[-83.082574,30.442791],[-83.002058,30.429371],[-82.794594,30.337024],[-82.793975,29.986202],[-82.761519,29.965517],[-82.800477,29.932126],[-82.863266,29.91105],[-82.879802,29.886847],[-82.963112,29.99305],[-83.160557,30.109823],[-83.225659,30.113321],[-83.247253,30.26067]]]}},{"type":"Feature","properties":{"fips":"22019","name":"Calcasieu","state":"LA"},"geometry":{"type":"Polygon","coordinates":[[[-93.745333,30.397022],[-93.7381729998702,30.4025470540047],[-93.486159,30.402547],[-93.486325,30.490523],[-93.384521,30.490166],[-93.38524,30.402658],[-93.131224,30.403058],[-93.030959,30.37939],[-93.031125,30.305713],[-92.9963,30.156955],[-92.893247,30.15651],[-92.887222,30.083455],[-92.996624,30.038481],[-93.128409,30.03837],[-93.179107,30.052193],[-93.7061835663174,30.0523143321691],[-93.70394,30.054291],[-93.702436,30.112721],[-93.703764,30.173936],[-93.713359,30.225261],[-93.7110621713009,30.2439707156403],[-93.70719,30.275513],[-93.760328,30.329924],[-93.745333,30.397022]]]}},{"type":"Feature","properties":{"fips":"40051","name":"Grady","state":"OK"},"geometry":{"type":"Polygon","coordinates":[[[-98.096014,35.377753],[-97.959679,35.34586],[-97.671414,35.335946],[-97.670629,34.87296],[-97.668099,34.855164],[-97.668512,34.68134],[-98.089097,34.681163],[-98.08901,34.834806],[-98.093127,34.854988],[-98.096014,35.377753]]]}},{"type":"Feature","properties":{"fips":"22011","name":"Beauregard","state":"LA"},"geometry":{"type":"Polygon","coordinates":[[[-93.702665,30.429947],[-93.710117,30.5064],[-93.729195,30.544842],[-93.684329,30.592586],[-93.685121,30.625201],[-93.629904,30.67994],[-93.617688,30.738479],[-93.569303,30.802969],[-93.558617,30.869424],[-93.5545758543455,30.8774695018611],[-93.478718,30.859183],[-93.426486,30.882698],[-92.978673,30.878136],[-92.979098,30.597995],[-93.130732,30.598093],[-93.131155,30.423591],[-93.131224,30.403058],[-93.38524,30.402658],[-93.384521,30.490166],[-93.486325,30.490523],[-93.486159,30.402547],[-93.7381729998702,30.4025470540047],[-93.702665,30.429947]]]}},{"type":"Feature","properties":{"fips":"48453","name":"Travis","state":"TX"},"geometry":{"type":"Polygon","coordinates":[[[-98.125556,30.426186],[-98.12342,30.486482],[-98.049886,30.624155],[-97.956734,30.628249],[-97.867866,30.546499],[-97.846541,30.47341],[-97.825723,30.455605],[-97.811863,30.447018],[-97.799725,30.447138],[-97.779387,30.438401],[-97.77634,30.429768],[-97.753635,30.433287],[-97.754665,30.440223],[-97.746686,30.449404],[-97.733685,30.449701],[-97.721149,30.455835],[-97.694592,30.461501],[-97.68412,30.47629],[-97.673759,30.480101],[-97.596162,30.501481],[-97.369539,30.419563],[-97.400089,30.367906],[-97.486329,30.220528],[-97.491254,30.21211],[-97.64937,30.067944],[-97.70879,30.023451],[-97.813515,30.098842],[-97.813942,30.09915],[-97.928808,30.181703],[-98.010831,30.240339],[-98.172977,30.356312],[-98.125556,30.426186]]]}},{"type":"Feature","properties":{"fips":"24003","name":"Anne Arundel","state":"MD"},"geometry":{"type":"Polygon","coordinates":[[[-76.840362,39.103142],[-76.789113,39.126546],[-76.776962,39.150883],[-76.72195,39.183031],[-76.697085,39.214092],[-76.63415,39.223405],[-76.618612,39.237398],[-76.550086,39.197207],[-76.529486,39.218408],[-76.4788479844282,39.1916416662047],[-76.486795,39.182855],[-76.47306,39.159788],[-76.428681,39.131709],[-76.42186,39.081442],[-76.425521,39.052328],[-76.399853,39.026063],[-76.401961,39.006407],[-76.448981,38.982811],[-76.465089,38.966064],[-76.45028,38.941113],[-76.464826,38.914496],[-76.474326825456,38.9028762570666],[-76.505817,38.864363],[-76.489878,38.838715],[-76.526979,38.787016],[-76.545893,38.773986],[-76.556607,38.756137],[-76.552019,38.734725],[-76.526655,38.72443],[-76.5270925473942,38.7127503012383],[-76.615902,38.720804],[-76.642749,38.769281],[-76.686358,38.748475],[-76.710639,38.815694],[-76.670111,38.906919],[-76.698459,38.983783],[-76.751258,39.034714],[-76.836458,39.068437],[-76.840362,39.103142]]]}},{"type":"Feature","properties":{"fips":"22015","name":"Bossier","state":"LA"},"geometry":{"type":"Polygon","coordinates":[[[-93.8145980610549,33.0193890113342],[-93.8071252110518,33.0193945746385],[-93.723273,33.019457],[-93.5209925078522,33.0187422898925],[-93.530405,32.975397],[-93.448039,32.866321],[-93.473797,32.783172],[-93.444867,32.761395],[-93.44115,32.410468],[-93.372722,32.41019],[-93.42338,32.39774],[-93.402923,32.368727],[-93.428644,32.235273],[-93.469441,32.237181],[-93.524803,32.274003],[-93.54473,32.327474],[-93.582402,32.328516],[-93.635741,32.39593],[-93.687057,32.398121],[-93.698589,32.49294],[-93.767721,32.539534],[-93.766756,32.556683],[-93.73661,32.579845],[-93.78614,32.667073],[-93.782111,32.712212],[-93.823221,32.735142],[-93.783233,32.78436],[-93.824253,32.792451],[-93.785181,32.857353],[-93.842597,32.946764],[-93.8145980610549,33.0193890113342]]]}},{"type":"Feature","properties":{"fips":"47165","name":"Sumner","state":"TN"},"geometry":{"type":"Polygon","coordinates":[[[-86.754795,36.405496],[-86.693292,36.407231],[-86.5620676518653,36.6407466739073],[-86.551292,36.637985],[-86.507771,36.652445],[-86.4114961989664,36.6482404228482],[-86.205565269856,36.6392468703288],[-86.218902,36.500056],[-86.228434,36.487472],[-86.268788,36.452897],[-86.283256,36.3475],[-86.298452,36.313634],[-86.451721,36.335629],[-86.521642,36.278099],[-86.552842,36.319066],[-86.567098,36.271308],[-86.594359,36.245376],[-86.622827,36.248754],[-86.721054,36.342076],[-86.754795,36.405496]]]}},{"type":"Feature","properties":{"fips":"12071","name":"Lee","state":"FL"},"geometry":{"type":"Polygon","coordinates":[[[-82.2805412776288,26.7893085864431],[-82.205562,26.770528],[-81.931333,26.770051],[-81.565748,26.769601],[-81.56421,26.542476],[-81.563763,26.513331],[-81.56218,26.422625],[-81.659506,26.421077],[-81.6579,26.317563],[-81.746167,26.316896],[-81.819019,26.316245],[-81.8464852479618,26.3303720485028],[-81.923611,26.436658],[-81.956611,26.452358],[-82.013913,26.452058],[-82.075015,26.422059],[-82.126671,26.436279],[-82.180717,26.476257],[-82.245395,26.601094],[-82.264351,26.698496],[-82.264682,26.756836],[-82.2805412776288,26.7893085864431]]]}},{"type":"Feature","properties":{"fips":"48481","name":"Wharton","state":"TX"},"geometry":{"type":"Polygon","coordinates":[[[-96.349217,29.406052],[-96.307672,29.514523],[-96.175422,29.633806],[-96.112582,29.623617],[-96.088912,29.601658],[-96.044596,29.562238],[-96.059627,29.473329],[-95.97343,29.411445],[-95.94681,29.333433],[-95.847656,29.26259],[-95.874028,29.229702],[-95.965196,29.146865],[-96.309178,28.963291],[-96.640315,29.247804],[-96.349217,29.406052]]]}},{"type":"Feature","properties":{"fips":"12086","name":"Miami-Dade","state":"FL"},"geometry":{"type":"Polygon","coordinates":[[[-80.873096,25.805377],[-80.872932,25.979434],[-80.680038,25.978749],[-80.680016,25.956857],[-80.439389,25.956852],[-80.294972,25.95677],[-80.278764,25.970968],[-80.165724,25.973783],[-80.1150067836063,25.9753261627924],[-80.117904,25.915772],[-80.109953,25.81826],[-80.123806,25.762767],[-80.129126084386,25.7461616656992],[-80.154972,25.66549],[-80.176916,25.685062],[-80.229107,25.732509],[-80.265879,25.658373],[-80.301464,25.613299],[-80.313918,25.539164],[-80.3159759814327,25.5326208272661],[-80.337049,25.465621],[-80.31036,25.389707],[-80.234849,25.42196],[-80.176024,25.521154],[-80.163156,25.452184],[-80.2293537849126,25.3421186263507],[-80.265472,25.354296],[-80.372121,25.310215],[-80.395081,25.272937],[-80.394931,25.253537],[-80.41887,25.23631],[-80.450659,25.240241],[-80.482826,25.224786],[-80.492769,25.205579],[-80.495394,25.199808],[-80.542391,25.206379],[-80.650532,25.189097],[-80.710607,25.15253],[-80.747746,25.147441],[-80.812133,25.186039],[-80.8581700400306,25.1775203265261],[-80.87319,25.363993],[-80.873096,25.805377]]]}},{"type":"Feature","properties":{"fips":"21193","name":"Perry","state":"KY"},"geometry":{"type":"Polygon","coordinates":[[[-83.547628,37.334418],[-83.449454,37.378853],[-83.38165,37.338266],[-83.214735,37.443538],[-83.124348,37.404973],[-83.126805,37.235973],[-83.066377,37.244395],[-83.000142,37.19571],[-83.058818,37.124079],[-83.05534,37.017391],[-83.12209,37.000997],[-83.182104,37.021115],[-83.167233,37.102372],[-83.201887,37.17413],[-83.32462,37.225561],[-83.398108,37.320495],[-83.507886,37.235877],[-83.526907,37.258529],[-83.551777,37.287218],[-83.547628,37.334418]]]}},{"type":"Feature","properties":{"fips":"47045","name":"Dyer","state":"TN"},"geometry":{"type":"Polygon","coordinates":[[[-89.692437,36.020507],[-89.680029,36.082494],[-89.64302,36.10362],[-89.592102,36.135637],[-89.623804,36.183128],[-89.6276414416754,36.185460316606],[-89.488283,36.187544],[-89.482971,36.212659],[-89.154464,36.204678],[-89.163406,36.026044],[-89.206297,36.011814],[-89.188844,35.99976],[-89.280188,35.886416],[-89.342829,35.880934],[-89.406965,35.946599],[-89.6491186188564,35.9047155762998],[-89.652279,35.921462],[-89.686924,35.947716],[-89.733095,36.000608],[-89.692437,36.020507]]]}},{"type":"Feature","properties":{"fips":"40045","name":"Ellis","state":"OK"},"geometry":{"type":"Polygon","coordinates":[[[-100.00316,36.59325],[-99.605634,36.592754],[-99.596079,36.164061],[-99.382074,36.164301],[-99.381022,36.012925],[-99.495812,35.978732],[-99.558486,35.865988],[-99.619813,35.842089],[-99.717101,35.859769],[-99.801389,35.910645],[-99.809444,36.000044],[-99.888309,35.987847],[-99.925147,35.913664],[-100.000396202899,35.8812329999967],[-100.000399,36.055677],[-100.000406,36.499702],[-100.003761993368,36.4997018487376],[-100.00316,36.59325]]]}},{"type":"Feature","properties":{"fips":"05001","name":"Arkansas","state":"AR"},"geometry":{"type":"Polygon","coordinates":[[[-91.70525,34.482731],[-91.67822,34.481913],[-91.595583,34.480527],[-91.594429,34.56805],[-91.37782,34.56348],[-91.291609,34.561762],[-91.17485,34.450638],[-91.056337,34.336652],[-91.078469,34.144207],[-91.117918,34.119039],[-91.183266,34.083973],[-91.196924,34.048243],[-91.137071,33.926124],[-91.170177,33.9587],[-91.275735,33.94233],[-91.347754,33.954867],[-91.322048,34.009935],[-91.393306,33.982791],[-91.421985,34.011715],[-91.438148,34.027735],[-91.445074,34.080577],[-91.451931,34.133865],[-91.514374,34.142293],[-91.53029,34.218157],[-91.711675,34.233864],[-91.70525,34.482731]]]}},{"type":"Feature","properties":{"fips":"45073","name":"Oconee","state":"SC"},"geometry":{"type":"Polygon","coordinates":[[[-83.353238,34.728648],[-83.320062,34.759616],[-83.323866,34.789712],[-83.284812,34.823043],[-83.252582,34.853483],[-83.201183,34.884653],[-83.140621,34.924915],[-83.124378,34.95524],[-83.108606,35.000659],[-83.108399912205,35.0007130457328],[-83.0084105925124,35.0269348608162],[-82.897559231248,35.0560052045865],[-82.943604,34.988154],[-82.903309,34.935044],[-82.900458,34.741449],[-82.855588,34.72527],[-82.840009,34.623311],[-82.978252,34.492579],[-82.9913881531823,34.4729806272358],[-82.99509,34.472483],[-83.048289,34.493254],[-83.0505729641024,34.4950536521691],[-83.096858,34.531524],[-83.1028738260357,34.5374309097654],[-83.154577,34.588198],[-83.221402,34.609947],[-83.27796,34.644853],[-83.33869,34.682002],[-83.3400391067846,34.6863277104121],[-83.3496085109133,34.7170105826273],[-83.353238,34.728648]]]}},{"type":"Feature","properties":{"fips":"21091","name":"Hancock","state":"KY"},"geometry":{"type":"Polygon","coordinates":[[[-86.9777414251102,37.9256992083727],[-86.927747,37.934956],[-86.875874,37.97077],[-86.8135795707459,37.9960671327985],[-86.810913,37.99715],[-86.779993,37.956522],[-86.722247,37.892648],[-86.658374,37.869376],[-86.6467093891411,37.8649113991803],[-86.677873,37.792848],[-86.62295,37.656565],[-86.638935,37.661877],[-86.823429,37.737754],[-86.893859,37.882113],[-86.987159,37.8967],[-86.9777414251102,37.9256992083727]]]}},{"type":"Feature","properties":{"fips":"28029","name":"Copiah","state":"MS"},"geometry":{"type":"Polygon","coordinates":[[[-90.736282,31.786134],[-90.716785,31.844583],[-90.718297,32.048352],[-90.230331,32.049728],[-90.107491,31.777685],[-90.122565,31.75268],[-90.195422,31.727915],[-90.245191,31.717524],[-90.379409,31.685194],[-90.414198,31.700456],[-90.736824,31.698491],[-90.736282,31.786134]]]}},{"type":"Feature","properties":{"fips":"45029","name":"Colleton","state":"SC"},"geometry":{"type":"Polygon","coordinates":[[[-81.082291,33.02663],[-80.937157,33.102584],[-80.896074,33.06141],[-80.895426,33.125348],[-80.797912,33.176944],[-80.790296,33.18084],[-80.703062,33.152485],[-80.6221,33.06608],[-80.474788,33.064394],[-80.387986,33.034112],[-80.407088,33.000169],[-80.385344,32.886119],[-80.401322,32.858532],[-80.453553,32.740501],[-80.389269,32.652957],[-80.427316,32.625183],[-80.414877,32.54648],[-80.336815,32.4932],[-80.2520535958345,32.5278724387921],[-80.338354,32.47873],[-80.413505,32.471174],[-80.46571,32.4953],[-80.4722931246951,32.4833489145801],[-80.551504,32.565769],[-80.647828,32.596371],[-80.683135,32.652383],[-80.668144,32.667492],[-80.826265,32.70425],[-80.900059,32.832632],[-80.986703,32.900674],[-81.082291,33.02663]]]}},{"type":"Feature","properties":{"fips":"01063","name":"Greene","state":"AL"},"geometry":{"type":"Polygon","coordinates":[[[-88.175329,32.932093],[-88.171852,32.99586],[-88.149395,33.037298],[-87.968348,33.078235],[-87.837521,33.153637],[-87.838985,33.093961],[-87.832142,33.017597],[-87.712009,33.015624],[-87.715709,33.006824],[-87.729941,32.949258],[-87.804218,32.897523],[-87.831749,32.840505],[-87.813178,32.810176],[-87.870464,32.762442],[-87.808284,32.752372],[-87.813401,32.633875],[-87.736928,32.589689],[-87.787701,32.582289],[-87.812559,32.52456],[-87.824977,32.544789],[-87.85342,32.532086],[-87.898355,32.592321],[-87.840858,32.605036],[-87.928689,32.632284],[-88.053729,32.593052],[-88.132685,32.832853],[-88.207316,32.924782],[-88.175329,32.932093]]]}},{"type":"Feature","properties":{"fips":"21233","name":"Webster","state":"KY"},"geometry":{"type":"Polygon","coordinates":[[[-87.932952,37.480052],[-87.734545,37.638376],[-87.495331,37.647547],[-87.482702,37.600914],[-87.375145,37.569988],[-87.497112,37.487802],[-87.593575,37.461963],[-87.813413,37.350645],[-87.801046,37.379445],[-87.847694,37.420701],[-87.929999,37.409167],[-87.932952,37.480052]]]}},{"type":"Feature","properties":{"fips":"47019","name":"Carter","state":"TN"},"geometry":{"type":"Polygon","coordinates":[[[-82.299968,36.37114],[-82.299859,36.396505],[-82.188653,36.400408],[-81.983843,36.508314],[-81.94984,36.472385],[-82.058545,36.367215],[-81.9343692444926,36.2647162043798],[-81.960101,36.228131],[-82.02874,36.124322],[-82.080143,36.10572],[-82.0811489171324,36.1056921143326],[-82.127146,36.104417],[-82.140847,36.136216],[-82.211251,36.159012],[-82.2202530102866,36.1538200398431],[-82.284691,36.251686],[-82.34046,36.252807],[-82.299968,36.37114]]]}},{"type":"Feature","properties":{"fips":"28065","name":"Jefferson Davis","state":"MS"},"geometry":{"type":"Polygon","coordinates":[[[-89.974586,31.761655],[-89.755103,31.774654],[-89.755614,31.609751],[-89.586919,31.513444],[-89.586819,31.433688],[-89.654212,31.433805],[-89.824236,31.434093],[-89.823332,31.390021],[-89.95894,31.390489],[-89.976052,31.522477],[-89.974586,31.761655]]]}},{"type":"Feature","properties":{"fips":"54037","name":"Jefferson","state":"WV"},"geometry":{"type":"Polygon","coordinates":[[[-78.035454,39.278224],[-77.988179,39.320084],[-77.966151,39.367407],[-77.930868,39.38117],[-77.84714,39.446557],[-77.8109438962622,39.5007391665665],[-77.798201,39.475719],[-77.740012,39.401694],[-77.74593,39.353221],[-77.719519,39.321314],[-77.778068,39.229305],[-77.809125,39.168567],[-77.828157,39.132329],[-77.8283018332673,39.1324224548325],[-78.032841,39.264403],[-78.0331834609342,39.2646236984747],[-78.0331852353666,39.2646248420052],[-78.035454,39.278224]]]}},{"type":"Feature","properties":{"fips":"48491","name":"Williamson","state":"TX"},"geometry":{"type":"Polygon","coordinates":[[[-97.96286,30.785641],[-97.8281,30.904414],[-97.72987,30.887623],[-97.624051,30.870004],[-97.315485,30.752363],[-97.269949,30.735362],[-97.218861,30.611883],[-97.155219,30.457344],[-97.334463,30.402843],[-97.369539,30.419563],[-97.596162,30.501481],[-97.673759,30.480101],[-97.68412,30.47629],[-97.694592,30.461501],[-97.721149,30.455835],[-97.733685,30.449701],[-97.746686,30.449404],[-97.754665,30.440223],[-97.753635,30.433287],[-97.77634,30.429768],[-97.779387,30.438401],[-97.799725,30.447138],[-97.811863,30.447018],[-97.825723,30.455605],[-97.846541,30.47341],[-97.867866,30.546499],[-97.956734,30.628249],[-98.049886,30.624155],[-97.96286,30.785641]]]}},{"type":"Feature","properties":{"fips":"37061","name":"Duplin","state":"NC"},"geometry":{"type":"Polygon","coordinates":[[[-78.147129,34.902506],[-78.16342,35.189716],[-78.044451,35.192535],[-77.892199,35.146315],[-77.834249,35.177846],[-77.769177,35.145576],[-77.749572,35.10861],[-77.731026,35.008138],[-77.674805,34.9739],[-77.653352,34.940535],[-77.680127,34.720595],[-77.981195,34.713983],[-78.114007,34.721795],[-78.198642,34.741637],[-78.147129,34.902506]]]}},{"type":"Feature","properties":{"fips":"13193","name":"Macon","state":"GA"},"geometry":{"type":"Polygon","coordinates":[[[-84.254613,32.372053],[-84.197912,32.400852],[-84.111226,32.514124],[-84.00849,32.521769],[-84.018168,32.506498],[-83.846676,32.468514],[-83.836994,32.388793],[-83.85654,32.382399],[-83.848379,32.29097],[-83.894777,32.292175],[-84.0276,32.171165],[-84.134736,32.185392],[-84.181657,32.229703],[-84.220144,32.23115],[-84.255912,32.296156],[-84.254613,32.372053]]]}},{"type":"Feature","properties":{"fips":"22035","name":"East Carroll","state":"LA"},"geometry":{"type":"Polygon","coordinates":[[[-91.445299,32.581956],[-91.396964,32.609468],[-91.398255,32.69298],[-91.343108,32.750531],[-91.30938,32.935237],[-91.2645640502205,33.0047388242705],[-91.166073,33.004106],[-91.134414,32.980533],[-91.072075,32.937832],[-91.070602,32.888659],[-91.13789,32.848975],[-91.161669,32.812465],[-91.157614,32.776033],[-91.113652,32.73997],[-91.056999,32.72558],[-91.098762,32.685291],[-91.079506,32.60068],[-91.0554092828289,32.5790876048294],[-91.133144,32.537909],[-91.457614,32.537848],[-91.445299,32.581956]]]}},{"type":"Feature","properties":{"fips":"51131","name":"Northampton","state":"VA"},"geometry":{"type":"Polygon","coordinates":[[[-76.023475,37.289067],[-75.987122,37.368548],[-75.976491,37.444878],[-75.9455743189307,37.5490406581517],[-75.90041,37.557265],[-75.835214,37.554245],[-75.788012,37.528816],[-75.804797,37.514726],[-75.793521,37.488837],[-75.812793,37.473895],[-75.776564,37.454589],[-75.763912,37.463308],[-75.713275,37.449876],[-75.6654179108751,37.4672935154925],[-75.658379,37.451815],[-75.720739,37.373129],[-75.735829,37.335426],[-75.778817,37.297176],[-75.795164,37.247095],[-75.817387,37.193437],[-75.897298,37.118037],[-75.942399,37.089607],[-75.979608,37.100448],[-75.998647,37.188739],[-76.023475,37.289067]]]}},{"type":"Feature","properties":{"fips":"37029","name":"Camden","state":"NC"},"geometry":{"type":"Polygon","coordinates":[[[-76.4914825754723,36.5507329938364],[-76.3133029682603,36.550551089807],[-76.158532,36.425333],[-76.114069,36.357498],[-76.050755,36.359819],[-75.948777,36.285851],[-75.887984,36.163311],[-75.906295,36.085877],[-76.022398,36.086654],[-76.022607,36.096725],[-76.02939,36.158819],[-76.12458,36.263963],[-76.216211,36.298302],[-76.231329,36.37208],[-76.437286,36.467846],[-76.491336,36.510677],[-76.5419658657183,36.5507845323601],[-76.4914825754723,36.5507329938364]]]}},{"type":"Feature","properties":{"fips":"51179","name":"Stafford","state":"VA"},"geometry":{"type":"Polygon","coordinates":[[[-77.633895,38.466589],[-77.531328,38.55655],[-77.487481,38.591845],[-77.3006322180696,38.5046984048155],[-77.322622,38.467131],[-77.317288,38.383576],[-77.2843464997922,38.3516368165143],[-77.330094,38.33401],[-77.326692,38.245136],[-77.370297,38.246576],[-77.39085,38.245589],[-77.447126,38.284614],[-77.455692,38.301341],[-77.46765,38.318931],[-77.475137,38.32096],[-77.478996,38.316693],[-77.503735,38.32644],[-77.527185,38.320655],[-77.526243,38.309531],[-77.530283,38.309175],[-77.603727,38.333464],[-77.618727,38.367835],[-77.63494,38.410218],[-77.633895,38.466589]]]}},{"type":"Feature","properties":{"fips":"13117","name":"Forsyth","state":"GA"},"geometry":{"type":"Polygon","coordinates":[[[-84.259019,34.185918],[-84.258075,34.335156],[-83.957077,34.334011],[-83.925575,34.28527],[-83.989059,34.195732],[-84.062187,34.168541],[-84.117994,34.065945],[-84.097693,34.050708],[-84.25901,34.109564],[-84.259019,34.185918]]]}},{"type":"Feature","properties":{"fips":"22113","name":"Vermilion","state":"LA"},"geometry":{"type":"Polygon","coordinates":[[[-92.637841,30.072174],[-92.625484,30.09233],[-92.534638,30.107852],[-92.423166,30.04932],[-92.284675,30.147443],[-92.088421,30.128299],[-92.066153,30.073926],[-91.967868,30.038178],[-91.993895,29.975033],[-91.971957,29.832297],[-92.000124,29.613373],[-92.0428943038274,29.577480288972],[-92.064513,29.585665],[-92.158624,29.581616],[-92.25186,29.539354],[-92.323465,29.531497],[-92.40986,29.547477],[-92.473585,29.561081],[-92.568038,29.577397],[-92.6160814772774,29.5887857069487],[-92.616033,30.03826],[-92.737217,30.037455],[-92.637841,30.072174]]]}},{"type":"Feature","properties":{"fips":"48203","name":"Harrison","state":"TX"},"geometry":{"type":"Polygon","coordinates":[[[-94.70214,32.793088],[-94.507323,32.693738],[-94.390783,32.694377],[-94.25037,32.745166],[-94.176401,32.694694],[-94.143428,32.74148],[-94.0430515276176,32.6930299766656],[-94.043083,32.564261],[-94.0427882328053,32.3922831932812],[-94.350303,32.326614],[-94.385839,32.3672],[-94.491818,32.394137],[-94.554971,32.407603],[-94.579219,32.394916],[-94.701986,32.421782],[-94.70179,32.652209],[-94.70214,32.793088]]]}},{"type":"Feature","properties":{"fips":"40047","name":"Garfield","state":"OK"},"geometry":{"type":"Polygon","coordinates":[[[-98.104286,36.593578],[-97.462459,36.593627],[-97.461603,36.593637],[-97.460792,36.164462],[-97.675617,36.164663],[-98.103904,36.164877],[-98.104427,36.463105],[-98.104286,36.593578]]]}},{"type":"Feature","properties":{"fips":"47131","name":"Obion","state":"TN"},"geometry":{"type":"Polygon","coordinates":[[[-89.444587,36.235538],[-89.36012,36.409277],[-89.3451943195388,36.5013432086369],[-89.211409,36.50563],[-88.964471,36.502191],[-88.8345890228743,36.5019803422593],[-88.8271780363405,36.5019683222569],[-88.81642,36.410732],[-88.949115,36.410461],[-88.959839,36.222834],[-88.961232,36.201635],[-89.154464,36.204678],[-89.482971,36.212659],[-89.444587,36.235538]]]}},{"type":"Feature","properties":{"fips":"45003","name":"Aiken","state":"SC"},"geometry":{"type":"Polygon","coordinates":[[[-82.016581923059,33.5290907977257],[-81.651759,33.81451],[-81.571307,33.87746],[-81.414769,33.73216],[-81.187271,33.652937],[-81.372931,33.490417],[-81.742519,33.208846],[-81.7625059827958,33.1972658882973],[-81.763535,33.203648],[-81.846536,33.241746],[-81.8465005323579,33.2472520854299],[-81.846136,33.303843],[-81.932737,33.343541],[-81.920121,33.410753],[-81.926336,33.462937],[-81.990938,33.494235],[-82.016581923059,33.5290907977257]]]}},{"type":"Feature","properties":{"fips":"21065","name":"Estill","state":"KY"},"geometry":{"type":"Polygon","coordinates":[[[-84.126948,37.642421],[-84.089212,37.668149],[-84.073908,37.801117],[-84.120226,37.817381],[-84.080337,37.853066],[-84.075107,37.823272],[-84.001967,37.837592],[-83.987475,37.848805],[-83.906251,37.759363],[-83.777592,37.756776],[-83.7221,37.71642],[-83.822121,37.665578],[-83.90557,37.542856],[-83.965244,37.581421],[-84.090364,37.566227],[-84.126948,37.642421]]]}},{"type":"Feature","properties":{"fips":"51199","name":"York","state":"VA"},"geometry":{"type":"Polygon","coordinates":[[[-76.755511,37.35422],[-76.658651,37.380139],[-76.501939,37.241756],[-76.3769368097175,37.2494917623633],[-76.394132,37.22515],[-76.3471899289676,37.1896444936553],[-76.412885,37.155808],[-76.395795,37.107174],[-76.437748,37.094048],[-76.565189,37.220539],[-76.591302,37.213205],[-76.601254,37.237567],[-76.680151,37.265997],[-76.684786,37.270769],[-76.678297,37.276808],[-76.681566,37.281283],[-76.68167,37.292608],[-76.685665,37.29371],[-76.701121,37.282873],[-76.709861,37.282726],[-76.710106,37.277362],[-76.7158,37.280639],[-76.727264,37.298783],[-76.727859,37.305927],[-76.755511,37.35422]]]}},{"type":"Feature","properties":{"fips":"37033","name":"Caswell","state":"NC"},"geometry":{"type":"Polygon","coordinates":[[[-79.5136476625086,36.5407482050707],[-79.510647,36.540738],[-79.4700566739243,36.5408361497866],[-79.3431159193695,36.5411430999685],[-79.2184554959223,36.5414445361761],[-79.1383358988714,36.5416382700559],[-79.153997,36.241875],[-79.257952,36.243445],[-79.531865,36.249673],[-79.5136476625086,36.5407482050707]]]}},{"type":"Feature","properties":{"fips":"45001","name":"Abbeville","state":"SC"},"geometry":{"type":"Polygon","coordinates":[[[-82.7359800166139,34.215462648637],[-82.313871,34.484335],[-82.311368,34.46762],[-82.246337,34.409676],[-82.334234,34.34263],[-82.248241,34.220551],[-82.268843,34.107127],[-82.326947,34.06412],[-82.530567,34.071925],[-82.5950257926073,34.0135178092096],[-82.642797,34.081312],[-82.715373,34.148165],[-82.7359800166139,34.215462648637]]]}},{"type":"Feature","properties":{"fips":"48069","name":"Castro","state":"TX"},"geometry":{"type":"Polygon","coordinates":[[[-102.525184,34.746931],[-102.168839,34.747417],[-101.998493,34.74819],[-101.99802,34.313039],[-102.090415,34.313132],[-102.525631,34.313034],[-102.525184,34.746931]]]}},{"type":"Feature","properties":{"fips":"45087","name":"Union","state":"SC"},"geometry":{"type":"Polygon","coordinates":[[[-81.782791,34.837211],[-81.714094,34.912865],[-81.481945,34.866495],[-81.457141,34.839248],[-81.476578,34.822573],[-81.488377,34.73304],[-81.415995,34.633589],[-81.422698,34.572019],[-81.427545,34.529482],[-81.423241,34.494379],[-81.541005,34.445034],[-81.643552,34.533652],[-81.677321,34.557972],[-81.851865,34.594775],[-81.782791,34.837211]]]}},{"type":"Feature","properties":{"fips":"51043","name":"Clarke","state":"VA"},"geometry":{"type":"Polygon","coordinates":[[[-78.109794,39.095822],[-78.0331834609342,39.2646236984747],[-78.032841,39.264403],[-77.8283018332673,39.1324224548325],[-77.862825,39.080979],[-77.962203,39.013733],[-78.004313,38.979438],[-78.055971,39.01958],[-78.151614,39.036629],[-78.109794,39.095822]]]}},{"type":"Feature","properties":{"fips":"48141","name":"El Paso","state":"TX"},"geometry":{"type":"Polygon","coordinates":[[[-106.623445,31.914034],[-106.630114,31.971258],[-106.618486,32.000495],[-106.513986060717,32.0008176642324],[-106.377173188247,32.0012401010375],[-106.200699,32.001785],[-105.997971151664,32.001974590699],[-105.993255,31.478392],[-105.954328,31.423468],[-105.996429378287,31.3878401295126],[-106.004926,31.392458],[-106.080258,31.398702],[-106.175675,31.456279],[-106.236804,31.513376],[-106.280811,31.562062],[-106.303536,31.620413],[-106.33992838068,31.6697519606808],[-106.370139,31.71071],[-106.41794,31.752009],[-106.467642,31.759608],[-106.484642,31.747809],[-106.528242,31.783148],[-106.581344,31.813906],[-106.63588,31.871514],[-106.623445,31.914034]]]}},{"type":"Feature","properties":{"fips":"51790","name":"Staunton","state":"VA"},"geometry":{"type":"Polygon","coordinates":[[[-79.095448,38.185377],[-79.022841,38.195645],[-79.038169,38.129998],[-79.049819,38.121176],[-79.105671,38.139591],[-79.095448,38.185377]]]}},{"type":"Feature","properties":{"fips":"13283","name":"Treutlen","state":"GA"},"geometry":{"type":"Polygon","coordinates":[[[-82.748486,32.32882],[-82.647733,32.512507],[-82.488941,32.49183],[-82.38194,32.440596],[-82.409118,32.35383],[-82.40913,32.353738],[-82.649298,32.311132],[-82.655486,32.297561],[-82.67377,32.293595],[-82.721964,32.309283],[-82.748486,32.32882]]]}},{"type":"Feature","properties":{"fips":"24035","name":"Queen Anne's","state":"MD"},"geometry":{"type":"Polygon","coordinates":[[[-76.361727,38.939175],[-76.322296,39.006375],[-76.2686309209671,39.037091184561],[-76.214965,38.99298],[-76.156944,39.094982],[-76.04763,39.162666],[-76.010292,39.239517],[-75.866315,39.260859],[-75.7564352155685,39.2466875371253],[-75.7481548142541,39.1431317309597],[-75.834948,39.108437],[-75.940933,38.976295],[-75.949335,38.918333],[-76.096956,38.944259],[-76.103512,38.882308],[-76.213182,38.826153],[-76.271523,38.878887],[-76.3201120141128,38.8486210733804],[-76.336217,38.85767],[-76.367398,38.867719],[-76.361727,38.939175]]]}},{"type":"Feature","properties":{"fips":"48297","name":"Live Oak","state":"TX"},"geometry":{"type":"Polygon","coordinates":[[[-98.335031,28.612658],[-98.098315,28.786949],[-98.005252,28.690239],[-98.089764,28.662979],[-97.808774,28.183415],[-97.817716,28.176848],[-97.904081,28.114228],[-97.883148,28.0569],[-98.235497,28.057966],[-98.334323,28.0578],[-98.335031,28.612658]]]}},{"type":"Feature","properties":{"fips":"10001","name":"Kent","state":"DE"},"geometry":{"type":"Polygon","coordinates":[[[-75.7604414164505,39.2967896211001],[-75.714901,39.299366],[-75.651159,39.291594],[-75.619631,39.310058],[-75.584765,39.308644],[-75.5056428576184,39.3703942225828],[-75.469324,39.33082],[-75.408376,39.264698],[-75.39479,39.188354],[-75.407473,39.133706],[-75.396277,39.057884],[-75.34089,39.01996],[-75.3066521095097,38.9476601633284],[-75.380649,38.961873],[-75.410463,38.916418],[-75.484125,38.904448],[-75.555013,38.835649],[-75.7231026933327,38.8298265565277],[-75.7481548142541,39.1431317309597],[-75.7564352155685,39.2466875371253],[-75.7604414164505,39.2967896211001]]]}},{"type":"Feature","properties":{"fips":"24019","name":"Dorchester","state":"MD"},"geometry":{"type":"Polygon","coordinates":[[[-76.33636,38.492235],[-76.277461,38.541851],[-76.290043,38.569158],[-76.279589,38.60952],[-76.23998,38.617445],[-76.19757,38.616753],[-76.178624,38.629092],[-76.1780381856245,38.6435510269535],[-76.027717,38.572433],[-75.945248,38.674109],[-75.839103,38.704124],[-75.707555026429,38.6353853550599],[-75.707551,38.635335],[-75.701777515245,38.5607669290786],[-75.823706,38.481022],[-75.864213,38.350782],[-75.928628,38.297272],[-75.948454,38.21596],[-76.031616,38.147548],[-76.0621640657941,38.0953507257427],[-76.090459,38.119884],[-76.088639,38.192649],[-76.131185,38.234027],[-76.166929,38.24594],[-76.217613,38.305683],[-76.258382,38.332904],[-76.25,38.362304],[-76.280551,38.403143],[-76.33636,38.492235]]]}},{"type":"Feature","properties":{"fips":"47023","name":"Chester","state":"TN"},"geometry":{"type":"Polygon","coordinates":[[[-88.841607,35.427826],[-88.675867,35.489163],[-88.613611,35.588089],[-88.56557,35.587088],[-88.505354,35.51203],[-88.364005,35.492801],[-88.360829,35.418972],[-88.362572,35.380994],[-88.571763,35.382084],[-88.640934,35.361017],[-88.719761,35.24755],[-88.781768,35.247587],[-88.79274,35.328971],[-88.841607,35.427826]]]}},{"type":"Feature","properties":{"fips":"28011","name":"Bolivar","state":"MS"},"geometry":{"type":"Polygon","coordinates":[[[-91.215671,33.529423],[-91.206415960587,33.5456284081563],[-91.188942,33.576225],[-91.130902,33.610919],[-91.178311,33.651109],[-91.10098,33.660551],[-91.075389,33.714403],[-91.143287,33.747141],[-91.111494,33.774568],[-91.08551,33.77641],[-91.026782,33.763642],[-91.025173,33.805953],[-91.052819,33.824181],[-91.061247,33.877505],[-91.026382,33.90798],[-91.035961,33.943758],[-91.088696,33.961334],[-91.048367,33.985078],[-91.004981,33.977011],[-90.979945,34.000106],[-90.942662,34.01805],[-90.89242,34.02686],[-90.874541,34.072041],[-90.90113,34.094667],[-90.946323,34.109374],[-90.9448449522363,34.1164215264479],[-90.9440807601938,34.1200652947774],[-90.659457,34.118867],[-90.657002,33.987586],[-90.658719,33.616264],[-90.763469,33.616164],[-90.763509,33.529389],[-91.2156615141091,33.5294098627481],[-91.215671,33.529423]]]}},{"type":"Feature","properties":{"fips":"54063","name":"Monroe","state":"WV"},"geometry":{"type":"Polygon","coordinates":[[[-80.8573585701898,37.421128713999],[-80.664322,37.708252],[-80.663348,37.731696],[-80.450651,37.683858],[-80.394562,37.716918],[-80.290033810255,37.686136458971],[-80.292258,37.683732],[-80.2243032443768,37.6239913711709],[-80.223386,37.623185],[-80.28244,37.585481],[-80.291644,37.536505],[-80.39988,37.462314],[-80.46482,37.426144],[-80.4695688905042,37.4290254659927],[-80.544836,37.474695],[-80.664971,37.414215],[-80.770082,37.372363],[-80.836446,37.424355],[-80.8573585701898,37.421128713999]]]}},{"type":"Feature","properties":{"fips":"48089","name":"Colorado","state":"TX"},"geometry":{"type":"Polygon","coordinates":[[[-96.874222,29.632706],[-96.569844,29.961516],[-96.535705,29.907326],[-96.413283,29.824985],[-96.343247,29.829697],[-96.259226,29.668912],[-96.175422,29.633806],[-96.307672,29.514523],[-96.349217,29.406052],[-96.640315,29.247804],[-96.658466,29.263876],[-96.560555,29.335439],[-96.793132,29.577378],[-96.874222,29.632706]]]}},{"type":"Feature","properties":{"fips":"48497","name":"Wise","state":"TX"},"geometry":{"type":"Polygon","coordinates":[[[-97.920371,33.099328],[-97.918189,33.433873],[-97.487065,33.433681],[-97.406768,33.43311],[-97.383095,33.43045],[-97.390828,33.245787],[-97.391606,33.218935],[-97.398459,32.991732],[-97.544181,32.994177],[-97.921642,33.001284],[-97.920371,33.099328]]]}},{"type":"Feature","properties":{"fips":"51161","name":"Roanoke","state":"VA"},"geometry":{"type":"Polygon","coordinates":[[[-80.262184,37.341526],[-80.246508,37.353942],[-80.074119,37.422469],[-79.865099,37.328417],[-79.847476,37.309352],[-79.858405,37.267155],[-79.847217,37.225406],[-79.962822,37.137274],[-80.005309,37.167816],[-80.08651,37.161748],[-80.128674,37.122901],[-80.178125,37.1134],[-80.17777,37.13416],[-80.192536,37.234383],[-80.258577,37.308702],[-80.262184,37.341526]],[[-80.105036,37.278118],[-80.051202,37.2522],[-80.033464,37.26289],[-80.033846,37.247762],[-79.957781,37.21272],[-79.879276,37.304047],[-79.9673,37.337629],[-80.022226,37.308338],[-80.12034,37.286886],[-80.105036,37.278118]]]}},{"type":"Feature","properties":{"fips":"40077","name":"Latimer","state":"OK"},"geometry":{"type":"Polygon","coordinates":[[[-95.507738,35.029265],[-95.349437,35.029299],[-95.349409,35.05852],[-94.927863,35.058246],[-94.927664,34.942025],[-94.998125,34.941964],[-94.997832,34.854915],[-95.059512,34.855019],[-95.059616,34.680736],[-95.514475,34.680718],[-95.507738,35.029265]]]}}]}