{"type":"FeatureCollection","version":"2025-cb20m-v1","region":"west","source":"U.S. Census Bureau 2025 Cartographic Boundary Files, counties, 1:20,000,000","features":[{"type":"Feature","properties":{"fips":"56045","name":"Weston","state":"WY"},"geometry":{"type":"Polygon","coordinates":[[[-105.079281,44.176182],[-104.375484,44.181622],[-104.055406377827,44.1803828740957],[-104.055416190705,44.1410812067834],[-104.055488,43.853477],[-104.055032,43.558603],[-104.054794284348,43.503327530406],[-104.899941,43.49964],[-105.079797,43.498445],[-105.079281,44.176182]]]}},{"type":"Feature","properties":{"fips":"08125","name":"Yuma","state":"CO"},"geometry":{"type":"Polygon","coordinates":[[[-102.793305,40.002493],[-102.793582,40.351281],[-102.77996,40.438446],[-102.664804,40.438473],[-102.051304798597,40.440007993377],[-102.051308551844,40.3492213568722],[-102.051309,40.338381],[-102.051744,40.003078],[-102.051254,39.818992],[-102.049992135644,39.574056097421],[-102.802932,39.567841],[-102.793305,40.002493]]]}},{"type":"Feature","properties":{"fips":"04023","name":"Santa Cruz","state":"AZ"},"geometry":{"type":"Polygon","coordinates":[[[-111.366922,31.521361],[-111.163717,31.521724],[-111.164183,31.72589],[-111.05804,31.72623],[-110.4523,31.731219],[-110.460752,31.613883],[-110.459904,31.399877],[-110.459751627493,31.333141997042],[-111.074825,31.332239],[-111.366782684389,31.4247651231261],[-111.366922,31.521361]]]}},{"type":"Feature","properties":{"fips":"08035","name":"Douglas","state":"CO"},"geometry":{"type":"Polygon","coordinates":[[[-105.217833,39.260115],[-105.171278,39.406854],[-105.073045,39.545265],[-105.04874,39.566088],[-104.736628,39.565888],[-104.679311,39.5659],[-104.66016,39.565909],[-104.662483,39.129529],[-105.033473,39.129783],[-105.329445,39.129487],[-105.217833,39.260115]]]}},{"type":"Feature","properties":{"fips":"30091","name":"Sheridan","state":"MT"},"geometry":{"type":"Polygon","coordinates":[[[-105.057634998852,48.9992288786173],[-104.875527,48.998991],[-104.543636,48.999541],[-104.048736,48.999877],[-104.0489,48.847387],[-104.048087180484,48.6339103786847],[-104.047555,48.49414],[-104.046782142047,48.3892980643109],[-104.62776,48.389362],[-104.627726,48.476349],[-104.757643,48.476556],[-104.757619,48.563127],[-104.973354,48.56319],[-104.973283,48.65006],[-105.038548,48.650099],[-105.038171,48.910512],[-105.057634998852,48.9992288786173]]]}},{"type":"Feature","properties":{"fips":"16071","name":"Oneida","state":"ID"},"geometry":{"type":"Polygon","coordinates":[[[-112.999965,42.327427],[-112.654028,42.328872],[-112.653989,42.416169],[-112.497849,42.415998],[-112.498139,42.502967],[-112.419825,42.503038],[-112.298113,42.454499],[-112.327102,42.323836],[-112.190656,42.350839],[-112.126194,42.285229],[-112.070959,42.238263],[-112.109271,42.169911],[-112.10944305582,41.9975984294066],[-112.109532,41.997598],[-112.15917745151,41.9986819297378],[-112.264936,42.000991],[-112.648019,42.000307],[-113.000040139624,41.9982276125391],[-112.999965,42.327427]]]}},{"type":"Feature","properties":{"fips":"16055","name":"Kootenai","state":"ID"},"geometry":{"type":"Polygon","coordinates":[[[-117.041306446459,47.9774559200268],[-116.634114,47.977073],[-116.504329,47.991386],[-116.505104,47.890142],[-116.329538,47.890393],[-116.329406,47.414011],[-116.586549,47.414695],[-116.629059,47.371438],[-117.040490375568,47.366028886698],[-117.041634,47.7353],[-117.041306446459,47.9774559200268]]]}},{"type":"Feature","properties":{"fips":"49005","name":"Cache","state":"UT"},"geometry":{"type":"Polygon","coordinates":[[[-112.109532,41.997598],[-112.10944305582,41.9975984294066],[-111.750778,41.99933],[-111.507813035176,41.9996856683522],[-111.507806195687,41.9996856783643],[-111.471501,41.928234],[-111.502072,41.85043],[-111.461103,41.818262],[-111.401587,41.654193],[-111.443105,41.531325],[-111.510815,41.423138],[-111.666928,41.428802],[-111.76059,41.368818],[-111.885532,41.426343],[-111.873197,41.485174],[-111.946089,41.553029],[-111.983896,41.535921],[-112.042792,41.710433],[-112.008789,41.795077],[-112.15917745151,41.9986819297378],[-112.109532,41.997598]]]}},{"type":"Feature","properties":{"fips":"56031","name":"Platte","state":"WY"},"geometry":{"type":"Polygon","coordinates":[[[-105.286511,42.605826],[-104.892437,42.608939],[-104.655639,42.609468],[-104.653338,41.653007],[-105.278236,41.656655],[-105.271809,41.742029],[-105.28391,42.431402],[-105.286511,42.605826]]]}},{"type":"Feature","properties":{"fips":"41069","name":"Wheeler","state":"OR"},"geometry":{"type":"Polygon","coordinates":[[[-120.49516,45.068279],[-119.790699,45.067823],[-119.791162,44.994755],[-119.672228,44.995117],[-119.652431,44.823299],[-119.655517,44.307045],[-119.899002,44.30662],[-119.899283,44.389575],[-120.020708,44.389687],[-120.021621,44.438793],[-120.386074,44.436083],[-120.386561,44.564009],[-120.404676,44.794719],[-120.371441,44.821769],[-120.455204,44.865607],[-120.49516,45.068279]]]}},{"type":"Feature","properties":{"fips":"16001","name":"Ada","state":"ID"},"geometry":{"type":"Polygon","coordinates":[[[-116.513364,43.45932],[-116.473492,43.634103],[-116.512502,43.807161],[-116.279919,43.807363],[-116.264107,43.795666],[-115.992799,43.595085],[-115.975719,43.591438],[-115.974881,43.36502],[-115.978651,43.113432],[-116.266207,43.112269],[-116.385955,43.193577],[-116.425275,43.293543],[-116.511897,43.29052],[-116.513364,43.45932]]]}},{"type":"Feature","properties":{"fips":"08121","name":"Washington","state":"CO"},"geometry":{"type":"Polygon","coordinates":[[[-103.706547,39.739894],[-103.705701,40.001366],[-103.47199,40.001502],[-103.465377,40.436346],[-102.77996,40.438446],[-102.793582,40.351281],[-102.793305,40.002493],[-102.802932,39.567841],[-103.154376,39.565654],[-103.707072,39.566295],[-103.706547,39.739894]]]}},{"type":"Feature","properties":{"fips":"08095","name":"Phillips","state":"CO"},"geometry":{"type":"Polygon","coordinates":[[[-102.664689,40.705189],[-102.65131,40.749402],[-102.051292,40.749591],[-102.051294151579,40.697546832389],[-102.051304798597,40.440007993377],[-102.664804,40.438473],[-102.664689,40.705189]]]}},{"type":"Feature","properties":{"fips":"08105","name":"Rio Grande","state":"CO"},"geometry":{"type":"Polygon","coordinates":[[[-106.711624,37.664273],[-106.693845,37.835244],[-106.587139,37.834426],[-106.586374,37.747809],[-106.038413,37.748353],[-106.039331,37.400852],[-106.487968,37.39935],[-106.678373,37.403596],[-106.710775,37.404228],[-106.711624,37.664273]]]}},{"type":"Feature","properties":{"fips":"41053","name":"Polk","state":"OR"},"geometry":{"type":"Polygon","coordinates":[[[-123.725337,45.025068],[-123.724663,45.044432],[-123.724368,45.076226],[-123.068271,45.074864],[-123.044903,44.944028],[-123.110356,44.930697],[-123.180915,44.856843],[-123.093335,44.814044],[-123.143843,44.748914],[-123.149025,44.720225],[-123.602609,44.721154],[-123.704467,44.721154],[-123.725001,44.739046],[-123.725396,45.023601],[-123.725337,45.025068]]]}},{"type":"Feature","properties":{"fips":"41071","name":"Yamhill","state":"OR"},"geometry":{"type":"Polygon","coordinates":[[[-123.78454,45.216294],[-123.463518,45.216312],[-123.46488,45.433332],[-123.135427,45.433459],[-122.928873,45.34628],[-122.867891,45.317345],[-122.849925,45.259697],[-122.968666,45.284729],[-123.051106,45.211305],[-122.996725,45.118915],[-123.068271,45.074864],[-123.724368,45.076226],[-123.784218,45.076655],[-123.78454,45.216294]]]}},{"type":"Feature","properties":{"fips":"08019","name":"Clear Creek","state":"CO"},"geometry":{"type":"Polygon","coordinates":[[[-105.887395,39.796996],[-105.736426,39.804801],[-105.690348,39.851996],[-105.497128,39.757864],[-105.397949,39.74604],[-105.398949,39.566056],[-105.829662,39.564865],[-105.776143,39.61108],[-105.924618,39.698972],[-105.887395,39.796996]]]}},{"type":"Feature","properties":{"fips":"08005","name":"Arapahoe","state":"CO"},"geometry":{"type":"MultiPolygon","coordinates":[[[[-104.940684,39.711076],[-104.931648,39.711098],[-104.926963,39.706699],[-104.93079,39.70022],[-104.928183,39.696634],[-104.939505,39.694762],[-104.940684,39.711076]]],[[[-105.053641,39.613976],[-104.973486,39.667684],[-104.913407,39.624083],[-104.847296,39.657102],[-104.848678,39.659218],[-104.856441,39.66034],[-104.866334,39.660309],[-104.866051,39.670847],[-104.870882,39.674764],[-104.875291,39.674766],[-104.877459,39.672066],[-104.87538,39.668651],[-104.875653,39.664527],[-104.879525,39.663927],[-104.885164,39.667566],[-104.890458,39.667578],[-104.890204,39.66451],[-104.894024,39.667589],[-104.903509,39.667624],[-104.903579,39.676675],[-104.908096,39.680306],[-104.904591,39.680318],[-104.905223,39.686058],[-104.903443,39.684857],[-104.90344,39.678598],[-104.894058,39.678448],[-104.894046,39.682061],[-104.884646,39.740156],[-104.616197,39.740004],[-104.582488,39.739636],[-104.582319997896,39.7396341959546],[-104.576811,39.73956],[-104.574106,39.739527],[-104.573938,39.739525],[-104.57056,39.739484],[-104.570392,39.739482],[-104.566565,39.739436],[-104.566326,39.739433],[-104.565132,39.739416],[-104.565102,39.739415],[-104.565077,39.739415],[-104.564888,39.739412],[-104.564659,39.739409],[-104.564512,39.739407],[-104.564268,39.739404],[-104.562679,39.739382],[-104.558884,39.73933],[-104.55403,39.739227],[-104.545892,39.739062],[-104.545765,39.739059],[-104.54427,39.739029],[-104.536357,39.738863],[-104.531454,39.73875],[-104.531235,39.738745],[-104.529159,39.738701],[-104.528061,39.738678],[-104.52709,39.73867],[-104.526958,39.738669],[-104.52286,39.738573],[-104.522742,39.73857],[-104.520112,39.738514],[-104.519976,39.738511],[-104.519938,39.73851],[-104.519879,39.738509],[-104.510525,39.738307],[-104.507484,39.738252],[-104.507422,39.738251],[-104.507378,39.73825],[-104.507349,39.73825],[-104.507301,39.73825],[-104.507215,39.73825],[-104.507179,39.73825],[-104.507154,39.73825],[-104.50714,39.73825],[-104.507036,39.738249],[-104.505514,39.738246],[-104.505495,39.738246],[-104.50036,39.738236],[-104.489501,39.738228],[-104.489198,39.738228],[-104.4849,39.738225],[-104.481329,39.738219],[-104.481074,39.738219],[-104.481043,39.738219],[-104.481025,39.738219],[-104.480939,39.738218],[-104.480855,39.738218],[-104.480781,39.738218],[-104.480735,39.738218],[-104.480712,39.738218],[-104.480322,39.738217],[-104.480127,39.738217],[-104.480075,39.738217],[-104.480061,39.738217],[-104.472336,39.738204],[-104.471047,39.738199],[-104.470927,39.738198],[-104.470809,39.738198],[-104.463212,39.738185],[-104.461409,39.738175],[-104.461157,39.738174],[-104.459131,39.738179],[-104.457852,39.738172],[-104.456787,39.738166],[-104.456306,39.738164],[-104.454539,39.738158],[-104.452767,39.738156],[-104.452329,39.738156],[-104.452224,39.738156],[-104.451921,39.738155],[-104.451801,39.738155],[-104.451406,39.738155],[-104.447641,39.738141],[-104.443164,39.738134],[-104.442784,39.738132],[-104.437713,39.738104],[-104.437179,39.738106],[-104.436826,39.738107],[-104.436001,39.73811],[-104.43571,39.738111],[-104.435676,39.738111],[-104.435417,39.738112],[-104.435328,39.738112],[-104.435132,39.738113],[-104.43511,39.738113],[-104.435088,39.738113],[-104.435071,39.738113],[-104.435047,39.738114],[-104.434802,39.738115],[-104.434263,39.738117],[-104.433952,39.738118],[-104.433883,39.738118],[-104.433846,39.738118],[-104.433809,39.738118],[-104.43378,39.738118],[-104.433761,39.738118],[-104.433599,39.738119],[-104.433546,39.738119],[-104.433533,39.738119],[-104.433369,39.73812],[-104.43298,39.738119],[-104.432713,39.738118],[-104.432411,39.738116],[-104.432301,39.738116],[-104.432241,39.738116],[-104.431685,39.738114],[-104.431212,39.738113],[-104.430784,39.738112],[-104.429232,39.738107],[-104.429064,39.738106],[-104.426693,39.738091],[-104.424208,39.738094],[-104.424193,39.738094],[-104.423767,39.738095],[-104.422382,39.73809],[-104.422297,39.73809],[-104.422051,39.738089],[-104.422009,39.738089],[-104.421961,39.738089],[-104.421883,39.738088],[-104.421544,39.738088],[-104.421481,39.738088],[-104.421417,39.738088],[-104.421071,39.738087],[-104.420816,39.738086],[-104.420724,39.738086],[-104.420369,39.738085],[-104.420157,39.738084],[-104.420014,39.738084],[-104.41854,39.73808],[-104.418031,39.738078],[-104.416298,39.738078],[-104.416137,39.738078],[-104.415786,39.738076],[-104.415464,39.738075],[-104.415289,39.738074],[-104.415183,39.738074],[-104.415022,39.738074],[-104.414951,39.738074],[-104.414766,39.738073],[-104.414718,39.738073],[-104.414664,39.738073],[-104.414539,39.738072],[-104.414301,39.738071],[-104.414183,39.73807],[-104.41406,39.738069],[-104.413987,39.738068],[-104.41379,39.738067],[-104.413551,39.738065],[-104.41349,39.738064],[-104.413453,39.738064],[-104.413414,39.738063],[-104.413376,39.738063],[-104.413251,39.738062],[-104.413073,39.738061],[-104.412591,39.738058],[-104.411821,39.738051],[-104.410709,39.738081],[-104.409673,39.738109],[-104.404938,39.738002],[-104.404815,39.738019],[-104.404665,39.738033],[-104.404441,39.738042],[-104.404165,39.738045],[-104.403796,39.738042],[-104.402929,39.738034],[-104.402594,39.738054],[-104.401262,39.73804],[-104.39963,39.738044],[-104.399201,39.73804],[-104.398796,39.738036],[-104.398189,39.738037],[-104.39798,39.73804],[-104.397627,39.738044],[-104.397107,39.73804],[-104.396385,39.738032],[-104.396236,39.738033],[-104.394586,39.73804],[-104.391862,39.73804],[-104.388522,39.738069],[-104.387179,39.738066],[-104.386451,39.738075],[-104.38597,39.738077],[-104.385312,39.738085],[-104.384834,39.738091],[-104.383856,39.738095],[-104.383545,39.738096],[-104.383225,39.738101],[-104.383032,39.738104],[-104.382874,39.738103],[-104.382818,39.738103],[-104.382776,39.738103],[-104.382541,39.738102],[-104.382522,39.738102],[-104.382508,39.738102],[-104.382448,39.738101],[-104.382414,39.738101],[-104.382391,39.738101],[-104.38222,39.7381],[-104.380113,39.738108],[-104.379945,39.738108],[-104.379575,39.738107],[-104.378652,39.738115],[-104.37736,39.73812],[-104.377229,39.738121],[-104.372899,39.738139],[-104.372845,39.738139],[-104.360724,39.738189],[-104.35876,39.738197],[-104.358684,39.738197],[-104.349388,39.738222],[-104.340376,39.738247],[-104.34025,39.738247],[-104.340209,39.738247],[-104.340089,39.738248],[-104.336414,39.73828],[-104.334991,39.738288],[-104.333702,39.738305],[-104.332907,39.738307],[-104.332439,39.738317],[-104.332187,39.738318],[-104.331593,39.738321],[-104.33117,39.738324],[-104.330591,39.738328],[-104.330566,39.738328],[-104.329171,39.738334],[-104.32913,39.738334],[-104.327719,39.738341],[-104.32765,39.738341],[-104.327148,39.738344],[-104.327105,39.738344],[-104.326687,39.738346],[-104.326647,39.738346],[-104.326629,39.738346],[-104.326605,39.738347],[-104.326569,39.738347],[-104.326519,39.738347],[-104.326328,39.738348],[-104.326291,39.738348],[-104.324916,39.738355],[-104.324839,39.738355],[-104.323734,39.738367],[-104.323608,39.738367],[-104.323438,39.738367],[-104.323213,39.738367],[-104.323173,39.738367],[-104.323151,39.738367],[-104.323128,39.738366],[-104.323046,39.738366],[-104.322925,39.738366],[-104.322605,39.738366],[-104.322546,39.738366],[-104.321417,39.738371],[-104.321399,39.738371],[-104.320563,39.738385],[-104.319603,39.738395],[-104.318302,39.738408],[-104.318011,39.738409],[-104.317989,39.738409],[-104.316606,39.738412],[-104.315889,39.738419],[-104.314695,39.738431],[-104.314235,39.738435],[-104.311955,39.73846],[-104.311833,39.73846],[-104.308992,39.738469],[-104.306566,39.738498],[-104.30357,39.738515],[-104.302795,39.738494],[-104.30269,39.738493],[-104.302633,39.738492],[-104.302586,39.738492],[-104.301898,39.738543],[-104.301806,39.73855],[-104.301463,39.738573],[-104.301261,39.738586],[-104.300677,39.738612],[-104.299689,39.738649],[-104.299303,39.738656],[-104.298033,39.738679],[-104.297964,39.73868],[-104.293638,39.738714],[-104.29302,39.738715],[-104.29023,39.738719],[-104.290184,39.738719],[-104.287305,39.738724],[-104.286632,39.738728],[-104.285808,39.738733],[-104.285306,39.738736],[-104.283825,39.738745],[-104.283734,39.738746],[-104.281279,39.738762],[-104.281216,39.738762],[-104.276433,39.738792],[-104.276189,39.738794],[-104.276093,39.738794],[-104.275969,39.738795],[-104.275539,39.738798],[-104.269806,39.738841],[-104.26975,39.738841],[-104.267827,39.738856],[-104.266885,39.738863],[-104.266581,39.738865],[-104.265911,39.73887],[-104.264987,39.738877],[-104.264936,39.738877],[-104.264874,39.738877],[-104.264558,39.738877],[-104.255082,39.738889],[-104.250805,39.738899],[-104.250767,39.738899],[-104.247541,39.738907],[-104.247063,39.738908],[-104.24705,39.738908],[-104.242799,39.738924],[-104.237444,39.738945],[-104.229994,39.738973],[-104.22823,39.73898],[-104.228163,39.73898],[-104.227935,39.73898],[-104.227913,39.73898],[-104.227133,39.738982],[-104.22712,39.738982],[-104.226594,39.738983],[-104.226058,39.738984],[-104.224471,39.738988],[-104.223399,39.73899],[-104.223363,39.73899],[-104.209525,39.739018],[-104.209511,39.739018],[-104.209343,39.73902],[-104.204251,39.739064],[-104.201036,39.739089],[-104.200479,39.739093],[-104.200175,39.739095],[-104.194597,39.739136],[-104.190703,39.73918],[-104.190677,39.73918],[-104.174839,39.739313],[-104.171872,39.73934],[-104.17182,39.73934],[-104.162302,39.739426],[-104.159303,39.739449],[-104.153134,39.739497],[-104.153086,39.739497],[-104.147591,39.739531],[-104.145798,39.739542],[-104.14184,39.739566],[-104.141667,39.739567],[-104.141193,39.73957],[-104.13434,39.739604],[-104.134282,39.739604],[-104.128233,39.739652],[-104.126901,39.739665],[-104.126874,39.739665],[-104.116383,39.739762],[-104.116135,39.739764],[-104.115069,39.739774],[-104.114412,39.739777],[-104.112867,39.739784],[-104.112831,39.739784],[-104.106383,39.739812],[-104.104913,39.739817],[-104.104804,39.739817],[-104.104071,39.73982],[-104.100248,39.739833],[-104.100228,39.739833],[-104.097699,39.739841],[-104.096836,39.739844],[-104.0968,39.739844],[-104.096746,39.739844],[-104.096725,39.739844],[-104.096712,39.739844],[-104.096656,39.739845],[-104.096299,39.739846],[-104.096249,39.739846],[-104.096136,39.739846],[-104.093649,39.739854],[-104.091798,39.73986],[-104.090685,39.739864],[-104.087539,39.739877],[-104.087284,39.739878],[-104.082068,39.7399],[-104.078052,39.739905],[-104.078023,39.739905],[-104.071328,39.739929],[-104.071032,39.73993],[-104.070988,39.73993],[-104.070925,39.73993],[-104.0709,39.739931],[-104.070882,39.739931],[-104.070858,39.739931],[-104.070794,39.739931],[-104.068104,39.739941],[-104.06807,39.739941],[-104.066514,39.739947],[-104.065983,39.739949],[-104.063039,39.739959],[-104.063001,39.739959],[-104.060078,39.73997],[-104.059403,39.739972],[-104.050988,39.739976],[-104.040725,39.739981],[-104.040632,39.739981],[-104.04042,39.739981],[-104.040312,39.739981],[-104.039963,39.739983],[-104.035721,39.740003],[-104.035585,39.740011],[-104.035263,39.740011],[-104.035251,39.740011],[-104.035239,39.740011],[-104.035226,39.740011],[-104.035066,39.740011],[-104.035054,39.740011],[-104.035041,39.740011],[-104.035028,39.740011],[-104.035014,39.740011],[-104.035,39.740011],[-104.034985,39.740011],[-104.03497,39.740011],[-104.034954,39.740011],[-104.034937,39.740011],[-104.03492,39.740011],[-104.034902,39.740011],[-104.034883,39.740011],[-104.034863,39.740011],[-104.034842,39.740011],[-104.03482,39.740011],[-104.034797,39.740011],[-104.034773,39.740011],[-104.034747,39.740011],[-104.03472,39.740011],[-104.034692,39.740011],[-104.034662,39.740011],[-104.03463,39.740011],[-104.034596,39.740011],[-104.03456,39.740011],[-104.034522,39.740011],[-104.034481,39.740011],[-104.034437,39.740011],[-104.03439,39.740011],[-104.034339,39.740011],[-104.034284,39.740011],[-104.034225,39.740011],[-104.03416,39.740011],[-104.031234,39.740025],[-104.031213,39.740025],[-104.029044,39.740035],[-104.027552,39.740042],[-104.027148,39.740044],[-104.026978,39.740045],[-104.026958,39.740045],[-104.026298,39.740048],[-104.02525,39.740053],[-104.025236,39.740053],[-104.021859,39.74007],[-104.021807,39.74007],[-104.021598,39.740071],[-104.021449,39.740072],[-104.020979,39.740075],[-104.02093,39.740075],[-104.012802,39.740119],[-104.009127,39.740139],[-104.003843,39.740168],[-104.003483,39.74017],[-104.00303,39.740172],[-104.002911,39.740171],[-104.002091,39.740168],[-104.001812,39.740169],[-103.988119,39.740219],[-103.987526,39.740221],[-103.985316,39.740229],[-103.984285,39.740233],[-103.982939,39.740238],[-103.98256,39.74024],[-103.982394,39.740241],[-103.978174,39.740264],[-103.977636,39.740267],[-103.977097,39.740259],[-103.976586,39.740241],[-103.976221,39.74022],[-103.975844,39.740188],[-103.975501,39.740152],[-103.974831,39.740066],[-103.974777,39.740057],[-103.974435,39.740002],[-103.974341,39.739984],[-103.973487,39.740217],[-103.972303,39.740401],[-103.965516,39.740518],[-103.959682,39.740519],[-103.956488,39.740519],[-103.946232,39.74052],[-103.940603,39.740521],[-103.9405,39.740521],[-103.935824,39.740534],[-103.930832,39.740595],[-103.930324,39.74061],[-103.919288,39.74067],[-103.907516,39.740654],[-103.899868,39.740551],[-103.899552,39.740548],[-103.889131,39.740442],[-103.876582,39.740309],[-103.87551,39.740298],[-103.867083,39.740281],[-103.867012,39.740281],[-103.866063,39.740236],[-103.855126,39.74024],[-103.851762,39.740241],[-103.851532,39.740241],[-103.849968,39.740241],[-103.847598,39.740242],[-103.837841,39.740228],[-103.834052,39.740222],[-103.829491,39.740241],[-103.829403,39.740241],[-103.828213,39.740246],[-103.8248,39.740246],[-103.820713,39.740247],[-103.818401,39.740225],[-103.811569,39.740222],[-103.811472,39.740222],[-103.806718,39.740215],[-103.804084,39.740211],[-103.803577,39.74021],[-103.800199,39.740201],[-103.798375,39.740128],[-103.798352,39.740127],[-103.798337,39.740126],[-103.798286,39.740124],[-103.797872,39.740114],[-103.797841,39.740106],[-103.797684,39.740099],[-103.797666,39.740099],[-103.797086,39.740098],[-103.796828,39.740098],[-103.79608,39.740097],[-103.796061,39.740097],[-103.79585,39.740091],[-103.793957,39.740045],[-103.790725,39.740037],[-103.772776,39.739964],[-103.77167,39.73996],[-103.759799,39.739916],[-103.757107,39.739909],[-103.757048,39.739909],[-103.756123,39.739906],[-103.742461,39.739859],[-103.737298,39.739841],[-103.728071,39.739809],[-103.725344,39.739793],[-103.725252,39.739792],[-103.725031,39.739791],[-103.723936,39.739785],[-103.723577,39.739787],[-103.717418,39.739823],[-103.706647,39.739893],[-103.706547,39.739894],[-103.707072,39.566295],[-103.714355,39.566331],[-104.642125,39.56589],[-104.66016,39.565909],[-104.679311,39.5659],[-104.736628,39.565888],[-105.04874,39.566088],[-105.053625,39.609665],[-105.053641,39.613976]]]]}},{"type":"Feature","properties":{"fips":"08047","name":"Gilpin","state":"CO"},"geometry":{"type":"Polygon","coordinates":[[[-105.699719,39.891499],[-105.675798,39.932445],[-105.397971,39.934867],[-105.397849,39.912886],[-105.397948,39.84094],[-105.397949,39.74604],[-105.497128,39.757864],[-105.690348,39.851996],[-105.699719,39.891499]]]}},{"type":"Feature","properties":{"fips":"32021","name":"Mineral","state":"NV"},"geometry":{"type":"Polygon","coordinates":[[[-119.155815824409,38.4134036584505],[-118.906244,38.415363],[-118.902141,38.851922],[-119.000196,38.85203],[-119.014858,38.94414],[-118.92306,39.069377],[-118.899414,39.075243],[-118.755059,39.074702],[-118.477505,39.073682],[-117.865116,39.073654],[-118.196274,38.999926],[-118.196235,38.919058],[-117.691021,38.473797],[-118.351484,37.893705],[-118.427995325157,37.8962242809098],[-118.500958,37.949019],[-118.949673,38.26894],[-119.155815824409,38.4134036584505]]]}},{"type":"Feature","properties":{"fips":"15005","name":"Kalawao","state":"HI"},"geometry":{"type":"Polygon","coordinates":[[[-157.014267869299,21.2006942662583],[-156.984032,21.212198],[-156.962847,21.212131],[-156.921108,21.169068],[-156.917859561199,21.1690213462811],[-156.900241,21.131625],[-156.918072,21.129479],[-156.942135,21.160173],[-156.973643,21.17524],[-157.014612,21.182349],[-157.014267869299,21.2006942662583]]]}},{"type":"Feature","properties":{"fips":"08023","name":"Costilla","state":"CO"},"geometry":{"type":"Polygon","coordinates":[[[-105.720308,37.285614],[-105.743339,37.356798],[-105.500567,37.560141],[-105.485516,37.577899],[-105.295587,37.654416],[-105.187549,37.619669],[-105.154176,37.293129],[-105.155042748048,36.9954744456106],[-105.220505200781,36.9955632364865],[-105.251296,36.995605],[-105.41931,36.995856],[-105.533922,36.995875],[-105.716471,36.995849],[-105.718469683991,36.995845927301],[-105.770673,37.041777],[-105.720308,37.285614]]]}},{"type":"Feature","properties":{"fips":"35011","name":"De Baca","state":"NM"},"geometry":{"type":"Polygon","coordinates":[[[-104.891745,34.347043],[-104.892023,34.604426],[-104.444762,34.604952],[-104.444935,34.691655],[-104.339725,34.692234],[-104.339817,34.779062],[-104.129143,34.779337],[-104.12888,34.605201],[-103.948778,34.605058],[-103.946019,34.082463],[-104.1556,34.083205],[-104.156269,33.995413],[-104.786104,34.000137],[-104.786429,34.087664],[-104.893377,34.088407],[-104.891745,34.347043]]]}},{"type":"Feature","properties":{"fips":"16051","name":"Jefferson","state":"ID"},"geometry":{"type":"Polygon","coordinates":[[[-112.695242,43.971941],[-112.694744,44.058464],[-112.155935,44.05778],[-112.15637,43.971247],[-111.977016,43.970909],[-111.976849,43.927385],[-111.983527,43.753806],[-111.934357,43.76616],[-111.717356,43.655326],[-111.626043,43.626756],[-112.519861,43.626623],[-112.639238,43.626574],[-112.697122,43.62314],[-112.695242,43.971941]]]}},{"type":"Feature","properties":{"fips":"35041","name":"Roosevelt","state":"NM"},"geometry":{"type":"Polygon","coordinates":[[[-103.948778,34.605058],[-103.738166,34.60467],[-103.740066,34.303056],[-103.043835830165,34.302648],[-103.043516,34.079382],[-103.047346,33.824675],[-103.05261,33.570599],[-103.052610516564,33.5705747764422],[-103.510129,33.570117],[-103.509759,33.657262],[-103.718333,33.65621],[-103.717934,33.703642],[-103.716885,33.819558],[-103.841933,33.8192],[-103.841691,34.081909],[-103.946019,34.082463],[-103.948778,34.605058]]]}},{"type":"Feature","properties":{"fips":"08089","name":"Otero","state":"CO"},"geometry":{"type":"Polygon","coordinates":[[[-104.058242,38.146492],[-103.835616,38.11334],[-103.619172,38.113355],[-103.619283,38.171455],[-103.509364,38.172514],[-103.501764,38.265016],[-103.399938,38.265435],[-103.404339,37.643576],[-104.058196,37.644049],[-104.061132,37.734704],[-104.058242,38.146492]]]}},{"type":"Feature","properties":{"fips":"04017","name":"Navajo","state":"AZ"},"geometry":{"type":"Polygon","coordinates":[[[-110.75069,37.003197],[-110.47019,36.997997],[-110.000677,36.997968],[-110.000674,35.662659],[-109.826964,35.66263],[-109.843762,35.517905],[-109.844624,34.822562],[-109.8505,34.647442],[-109.865231,34.559689],[-109.848226,34.473389],[-109.859165,34.125766],[-109.859274,33.777683],[-109.891766,33.777777],[-109.891676,33.567874],[-109.903421,33.575116],[-110.000649,33.57693],[-110.00066,34.000046],[-110.750672,34.000048],[-110.750678,34.263314],[-110.75071,35.034206],[-110.75069,37.003197]]]}},{"type":"Feature","properties":{"fips":"49045","name":"Tooele","state":"UT"},"geometry":{"type":"Polygon","coordinates":[[[-114.046386,40.097896],[-114.046372817373,40.1169358330122],[-114.046178,40.398313],[-114.045577,40.495801],[-114.043505,40.726292],[-114.042145146235,40.9998965772633],[-112.799359,40.999939],[-112.493515,41.076888],[-112.260216,40.769093],[-112.201816,40.706404],[-112.196393,40.62934],[-112.175337,40.603981],[-112.172862,40.467065],[-112.212254,40.459114],[-112.175533,40.335837],[-112.179693,40.23224],[-112.146856,40.177817],[-112.1798,40.011656],[-112.270295,39.939017],[-112.332296,39.952789],[-112.341988,39.904458],[-113.248498,39.904714],[-114.047268153077,39.9060981137562],[-114.046386,40.097896]]]}},{"type":"Feature","properties":{"fips":"16057","name":"Latah","state":"ID"},"geometry":{"type":"Polygon","coordinates":[[[-117.039833386028,47.1272689922541],[-116.835269,47.032452],[-116.45812,47.036596],[-116.329418,47.021915],[-116.329436,46.934669],[-116.32954,46.627957],[-116.456098,46.629097],[-116.61174,46.631245],[-116.719085,46.542874],[-117.039777655562,46.5417089920381],[-117.039833386028,47.1272689922541]]]}},{"type":"Feature","properties":{"fips":"32001","name":"Churchill","state":"NV"},"geometry":{"type":"Polygon","coordinates":[[[-119.225176,39.999385],[-118.500979,39.998676],[-117.541749,40.001034],[-117.46164,39.886817],[-117.495344,39.748364],[-117.461587,39.622644],[-117.485236,39.545622],[-117.59024,39.517521],[-117.656397,39.468043],[-117.646011,39.426602],[-117.759795,39.369225],[-117.719897,39.213377],[-117.806183,39.145845],[-117.775468,39.093425],[-117.865116,39.073654],[-118.477505,39.073682],[-118.755059,39.074702],[-118.755068,39.112811],[-118.792219,39.141547],[-118.890831,39.198218],[-118.909141,39.234601],[-119.117714,39.388658],[-119.058566,39.737129],[-119.189344,39.651423],[-119.170641,39.680453],[-119.208543,39.809967],[-119.225176,39.999385]]]}},{"type":"Feature","properties":{"fips":"53035","name":"Kitsap","state":"WA"},"geometry":{"type":"Polygon","coordinates":[[[-122.950621,47.606308],[-122.783237,47.672754],[-122.721971,47.787665],[-122.595535,47.882298],[-122.63410286528,47.9230352997388],[-122.616701,47.925139],[-122.573745864315,47.9510041672091],[-122.501809,47.929713],[-122.429625,47.828098],[-122.438093,47.777814],[-122.445026,47.542713],[-122.536993,47.403355],[-122.801199,47.403578],[-122.801012,47.520406],[-123.038404,47.520236],[-122.950621,47.606308]]]}},{"type":"Feature","properties":{"fips":"53001","name":"Adams","state":"WA"},"geometry":{"type":"Polygon","coordinates":[[[-119.368662,46.912562],[-119.13607,46.91222],[-118.982652,46.911344],[-118.979777,47.261709],[-117.96093,47.260568],[-117.959335,46.914811],[-118.015567,46.784873],[-118.210243,46.738833],[-119.080797,46.737761],[-119.369429,46.737695],[-119.368662,46.912562]]]}},{"type":"Feature","properties":{"fips":"16009","name":"Benewah","state":"ID"},"geometry":{"type":"Polygon","coordinates":[[[-117.040490375568,47.366028886698],[-116.629059,47.371438],[-116.586549,47.414695],[-116.329406,47.414011],[-116.329418,47.021915],[-116.45812,47.036596],[-116.835269,47.032452],[-117.039833386028,47.1272689922541],[-117.039836,47.154734],[-117.040159751863,47.259272],[-117.040490375568,47.366028886698]]]}},{"type":"Feature","properties":{"fips":"16021","name":"Boundary","state":"ID"},"geometry":{"type":"Polygon","coordinates":[[[-117.032351,48.999188],[-116.757234,48.999943],[-116.417503,49.000099],[-116.049193,49.000912],[-116.049156520649,48.5020424817581],[-116.784878,48.500472],[-116.785174,48.847402],[-117.032939182117,48.8466679212015],[-117.032351,48.999188]]]}},{"type":"Feature","properties":{"fips":"02016","name":"Aleutians West","state":"AK"},"geometry":{"type":"MultiPolygon","coordinates":[[[[179.481318,51.975301],[179.582857,52.016841],[179.636846,52.025712],[179.773922,51.970693],[179.743012,51.911749],[179.649484,51.87367],[179.543516,51.890926],[179.484634,51.921268],[179.481318,51.975301]]],[[[178.600493,51.655256],[178.6606,51.683065],[178.92533,51.623904],[179.195247,51.477871],[179.295785,51.419232],[179.41824,51.416195],[179.480418,51.36386],[179.253271,51.337239],[179.031533,51.449884],[178.930219,51.530089],[178.869249,51.556986],[178.7724,51.554119],[178.604866,51.616015],[178.600493,51.655256]]],[[[178.463385,51.987849],[178.552612,51.973968],[178.591597,51.952652],[178.539395,51.903246],[178.502493,51.899644],[178.432461,51.965533],[178.463385,51.987849]]],[[[178.204442,51.83089],[178.329699,51.836792],[178.378009,51.792626],[178.374074,51.747856],[178.270955,51.765186],[178.204442,51.83089]]],[[[178.093673,52.055141],[178.154769,52.061421],[178.201313,52.031502],[178.2009,51.991156],[178.120941,51.977012],[178.079214,52.01896],[178.093673,52.055141]]],[[[177.213086,51.920358],[177.310827,51.933273],[177.367363,51.968375],[177.460539,51.999751],[177.521006,52.063062],[177.581271,52.144927],[177.648654,52.1309],[177.675952,52.092167],[177.609087,52.028518],[177.572068,52.001812],[177.611553,51.950829],[177.601005,51.922254],[177.49928,51.922033],[177.409536,51.930821],[177.371263,51.901945],[177.334229,51.866769],[177.311768,51.825971],[177.262195,51.861891],[177.178789,51.879219],[177.213086,51.920358]]],[[[173.863992,52.792483],[174.067293,52.757637],[174.140115,52.750737],[174.158146,52.706059],[173.975116,52.707459],[173.819039,52.759805],[173.863992,52.792483]]],[[[173.439026,52.470528],[173.555739,52.479472],[173.638061,52.524209],[173.772799,52.509905],[173.702252,52.434804],[173.748301,52.392346],[173.725696,52.356579],[173.651293,52.35637],[173.543778,52.392666],[173.48638,52.368613],[173.319948,52.412058],[173.439026,52.470528]]],[[[172.458911,52.954548],[172.643266,53.004979],[172.792872,53.008568],[173.121988,52.990352],[173.251326,52.944362],[173.425362,52.868345],[173.423819,52.828799],[173.284417,52.827933],[173.204948,52.848911],[173.166899,52.795229],[173.096237,52.786782],[172.9826,52.79108],[172.903628,52.761667],[172.809387,52.78929],[172.763366,52.823656],[172.754236,52.87749],[172.669943,52.913011],[172.585075,52.921327],[172.472857,52.890234],[172.458911,52.954548]]],[[[-167.790928,53.33552],[-167.694484,53.388034],[-167.591219,53.393346],[-167.457366,53.442793],[-167.369791,53.450646],[-167.278827,53.478565],[-167.188033,53.524073],[-167.135695,53.551227],[-167.16164,53.605909],[-167.107836,53.633056],[-167.071823,53.66556],[-167.041245,53.707929],[-167.005778,53.755446],[-167.098135,53.799987],[-167.141966,53.826932],[-167.140992,53.866774],[-167.031252,53.945204],[-166.879488,53.988716],[-166.742587,54.015501],[-166.644627,54.014495],[-166.587393,53.959831],[-166.508388,53.923949],[-166.437083,53.955644],[-166.357117,54.002343],[-166.264519,53.97755],[-166.225644,53.986229105085],[-166.225641,53.960206],[-166.160924652199,53.9356380521939],[-166.210685,53.915922],[-166.250935,53.876851],[-166.320004,53.869527],[-166.404896,53.809345],[-166.336768,53.78709],[-166.198751,53.8361],[-166.113037,53.853716],[-166.09753,53.826933],[-166.138657,53.731082],[-166.244056,53.710708],[-166.320262,53.674276],[-166.444909,53.640646],[-166.508982,53.5838],[-166.581011,53.530449],[-166.656234,53.487119],[-166.749158,53.440944],[-166.878087,53.429884],[-166.994329,53.429201],[-167.075386,53.424979],[-167.166348,53.412793],[-167.291831,53.364102],[-167.308126,53.33433],[-167.417713,53.329856],[-167.488215,53.269121],[-167.539247,53.277864],[-167.622173,53.250362],[-167.747754,53.273564],[-167.851511,53.308668],[-167.790928,53.33552]]],[[[-169.28652,52.784747],[-169.044466,52.893927],[-168.95946,52.936739],[-168.861061,53.016384],[-168.785236,53.045038],[-168.804901,53.120015],[-168.763331,53.182812],[-168.581891,53.286521],[-168.445083,53.26533],[-168.420521,53.322743],[-168.395355,53.397776],[-168.342127,53.475992],[-168.238321,53.521902],[-168.027006,53.562755],[-167.914669,53.522716],[-167.789164,53.519329],[-167.808117,53.473861],[-167.856837,53.428609],[-167.842328,53.386489],[-167.959096,53.341788],[-168.092011,53.28827],[-168.296229,53.227235],[-168.343075,53.170553],[-168.412522,53.110683],[-168.457103,53.055839],[-168.613964,53.008776],[-168.688468,52.9664],[-168.755531,52.907507],[-168.851017,52.90804],[-169.005038,52.829992],[-169.170371,52.776663],[-169.261765,52.754897],[-169.28652,52.784747]]],[[[-169.81831,56.633612],[-169.613691,56.622761],[-169.474322,56.625183],[-169.453786,56.583786],[-169.582624,56.536939],[-169.685825,56.539717],[-169.81831,56.633612]]],[[[-170.170683,52.784918],[-170.092221,52.919387],[-170.026342,52.944912],[-169.857567,52.908533],[-169.76274,52.97805],[-169.820198,53.06679],[-169.747457,53.0932],[-169.680033,53.035075],[-169.662385,52.951752],[-169.666512,52.864349],[-169.703873,52.777117],[-169.818548,52.791577],[-169.951498,52.788615],[-170.077734,52.720416],[-170.207887,52.708899],[-170.170683,52.784918]]],[[[-170.420047,57.212917],[-170.303091,57.238029],[-170.143996,57.242804],[-170.133884,57.181329],[-170.286318,57.128169],[-170.421867,57.161202],[-170.420047,57.212917]]],[[[-170.817943,52.636275],[-170.671545,52.698082],[-170.532144,52.679971],[-170.58496,52.587186],[-170.685914,52.581228],[-170.788495,52.54024],[-170.841936,52.558171],[-170.817943,52.636275]]],[[[-171.312658,52.493502],[-171.256768,52.52858],[-171.196013,52.500106],[-171.226729,52.434269],[-171.30417,52.449952],[-171.312658,52.493502]]],[[[-172.612274,52.306828],[-172.545116,52.357863],[-172.448182,52.391439],[-172.326444,52.366472],[-172.301445,52.329951],[-172.414419,52.27674],[-172.528095,52.254336],[-172.639992,52.244765],[-172.612274,52.306828]]],[[[-175.301556,52.055602],[-175.031213,52.092109],[-174.887242,52.128602],[-174.715205,52.127375],[-174.55467,52.160405],[-174.462962,52.213031],[-174.455979,52.31369],[-174.329818,52.373548],[-174.185347,52.417788],[-174.068248,52.390331],[-173.985203,52.3176],[-174.046994,52.236262],[-174.022638,52.133713],[-173.899966,52.139949],[-173.654404,52.146192],[-173.529923,52.159364],[-173.375229,52.108228],[-173.174403,52.126278],[-172.947811,52.107371],[-172.980222,52.064049],[-173.169557,52.04385],[-173.39397,52.028674],[-173.513047,52.02531],[-173.695316,52.055319],[-173.820692,52.043312],[-173.901075,52.049435],[-174.099836,52.072078],[-174.278279,52.089489],[-174.382661,52.081658],[-174.408693,52.012811],[-174.556278,52.036733],[-174.736592,52.007308],[-174.892306,52.019687],[-175.014807,52.007],[-175.155673,52.011512],[-175.323322,52.007488],[-175.301556,52.055602]]],[[[-176.950128,51.686719],[-176.917088,51.797016],[-176.781889,51.832373],[-176.762478,51.867878],[-176.810433,51.927089],[-176.774023,51.965895],[-176.698771,51.964454],[-176.579975,52.003238],[-176.549119,51.955561],[-176.554661,51.909834],[-176.576381,51.842275],[-176.431673,51.861169],[-176.311573,51.872463],[-176.173871,51.882449],[-176.168643,51.948025],[-176.183023,51.998904],[-176.211188,52.064706],[-176.14951,52.11757],[-176.055983,52.109469],[-176.007589,52.066228],[-175.887514,51.995142],[-175.807848,51.989665],[-175.664274,51.993862],[-175.45047,52.012742],[-175.424859,51.972332],[-175.639739,51.933645],[-175.789118,51.919323],[-175.963041,51.846253],[-175.998464,51.801542],[-176.158185,51.768901],[-176.289921,51.741678],[-176.46705,51.726668],[-176.543948,51.698719],[-176.656005,51.658306],[-176.715424,51.620422],[-176.809,51.616235],[-176.938917,51.590982],[-176.987383,51.606872],[-176.950128,51.686719]]],[[[-177.670119,51.743381],[-177.492124,51.770306],[-177.313149,51.778223],[-177.228177,51.803783],[-177.199539,51.910239],[-177.181271,51.943167],[-177.099266,51.936119],[-177.04509,51.898605],[-177.098661,51.829647],[-177.105188,51.719333],[-177.18994,51.697217],[-177.275121,51.68051],[-177.34801,51.696513],[-177.483959,51.682278],[-177.651386,51.653604],[-177.707802,51.703268],[-177.670119,51.743381]]],[[[-178.19709,51.905464],[-178.090632,51.919399],[-177.952094,51.915348],[-177.887423,51.85089],[-177.757429,51.847042],[-177.615311,51.85508],[-177.649278,51.801851],[-177.755022,51.772834],[-177.827524,51.712086],[-177.86796,51.679374],[-177.909185,51.596671],[-178.04566,51.630062],[-178.117864,51.677831],[-178.054798,51.704768],[-177.98163,51.715617],[-177.995272,51.781535],[-178.086074,51.808047],[-178.224129,51.864881],[-178.19709,51.905464]]],[[[-178.889347,51.570352],[-178.678149,51.62601],[-178.551475,51.610175],[-178.584789,51.56386],[-178.734585,51.542326],[-178.825956,51.547085],[-178.889347,51.570352]]],[[[-178.876843,51.837917],[-178.779657,51.851547],[-178.733355,51.783947],[-178.792409,51.746071],[-178.895958,51.779219],[-178.876843,51.837917]]],[[[-179.174265,51.279057],[-178.995591,51.414484],[-178.926874,51.38364],[-178.908883,51.340582],[-179.07232,51.250963],[-179.126856,51.219862],[-179.174265,51.279057]]]]}},{"type":"Feature","properties":{"fips":"35031","name":"McKinley","state":"NM"},"geometry":{"type":"Polygon","coordinates":[[[-109.046796,35.363606],[-109.046296,35.614251],[-109.046024,35.8798],[-109.045871168205,36.002701630519],[-107.626511,36.000288],[-107.308667,35.998556],[-107.309386,35.305687],[-107.628788,35.304333],[-107.628313,35.348314],[-107.734241,35.348145],[-107.734224,35.304987],[-108.468715,35.306658],[-108.468683,35.299243],[-108.469402,34.959081],[-109.045851235183,34.9598185158367],[-109.046355894384,35.1755071883512],[-109.046796,35.363606]]]}},{"type":"Feature","properties":{"fips":"53073","name":"Whatcom","state":"WA"},"geometry":{"type":"Polygon","coordinates":[[[-122.821631,48.941369],[-122.75802,49.002357],[-122.251063,49.002494],[-122.098357,49.002146],[-121.751252,48.997399],[-121.395543,48.999851],[-121.12624,49.001412],[-120.851527133018,49.0005911528352],[-120.735281,48.864374],[-120.735427,48.786487],[-120.655857,48.724342],[-120.751904,48.657002],[-120.908357,48.657003],[-121.564067,48.642332],[-122.498758,48.645395],[-122.621115,48.6279],[-122.671345425667,48.6452989985202],[-122.710177,48.722237],[-122.720045,48.789195],[-122.732506,48.838097],[-122.794018,48.88313],[-122.821631,48.941369]]]}},{"type":"Feature","properties":{"fips":"08063","name":"Kit Carson","state":"CO"},"geometry":{"type":"Polygon","coordinates":[[[-103.155253,39.127984],[-103.154376,39.565654],[-102.802932,39.567841],[-102.049992135644,39.574056097421],[-102.049961857828,39.5681789806731],[-102.04896,39.373712],[-102.047200721701,39.1331467095112],[-102.046571,39.047038],[-102.715766,39.038675],[-103.163025,39.03761],[-103.155253,39.127984]]]}},{"type":"Feature","properties":{"fips":"08003","name":"Alamosa","state":"CO"},"geometry":{"type":"Polygon","coordinates":[[[-106.039331,37.400852],[-106.038413,37.748353],[-105.457255,37.751464],[-105.501755,37.597571],[-105.485516,37.577899],[-105.500567,37.560141],[-105.743339,37.356798],[-106.038912,37.356953],[-106.039331,37.400852]]]}},{"type":"Feature","properties":{"fips":"30051","name":"Liberty","state":"MT"},"geometry":{"type":"Polygon","coordinates":[[[-111.409018,48.219542],[-111.275306,48.219531],[-111.269864027259,48.9972297844707],[-111.003916,48.997537],[-110.743064,48.9980081121848],[-110.750595,48.914088],[-110.755873,48.219601],[-110.827413,48.219566],[-110.827168,48.133205],[-111.409097,48.132218],[-111.409018,48.219542]]]}},{"type":"Feature","properties":{"fips":"08101","name":"Pueblo","state":"CO"},"geometry":{"type":"Polygon","coordinates":[[[-105.049215,38.257973],[-104.940366,38.258275],[-104.941533,38.519569],[-104.275471,38.521133],[-104.05426,38.522392],[-104.053921,38.522393],[-104.058242,38.146492],[-104.061132,37.734704],[-104.351109,37.817488],[-104.646383,37.900527],[-105.013729,37.881271],[-105.049917,37.915479],[-105.049215,38.257973]]]}},{"type":"Feature","properties":{"fips":"30101","name":"Toole","state":"MT"},"geometry":{"type":"Polygon","coordinates":[[[-112.193409099075,48.9988937771468],[-112.143769,48.998917],[-111.854088,48.998067],[-111.500812,48.996963],[-111.269864027259,48.9972297844707],[-111.275306,48.219531],[-111.409018,48.219542],[-111.665599,48.219549],[-111.665756,48.349456],[-111.795855,48.349812],[-111.79591,48.393081],[-111.990889,48.394265],[-111.990944,48.438546],[-112.184784,48.477578],[-112.193409099075,48.9988937771468]]]}},{"type":"Feature","properties":{"fips":"30047","name":"Lake","state":"MT"},"geometry":{"type":"Polygon","coordinates":[[[-114.604462,47.789871],[-114.47729,47.789941],[-114.49219,47.961989],[-114.038545,47.96255],[-114.078282,48.023148],[-114.029042,48.051653],[-113.884541,48.0519],[-113.842313,47.978877],[-113.747183,47.952952],[-113.668077,47.890963],[-113.6817,47.805153],[-113.640588,47.719998],[-113.603924,47.72144],[-113.634079,47.600027],[-113.948844,47.599993],[-113.930289,47.598499],[-113.908581,47.514436],[-113.95118,47.475994],[-113.87111,47.39197],[-113.870769,47.288158],[-113.821166,47.2687],[-113.821447,47.181709],[-113.933568,47.18172],[-113.933503,47.138289],[-114.18717,47.138191],[-114.203119,47.181908],[-114.203026,47.355746],[-114.288557,47.355875],[-114.35308,47.38985],[-114.301457,47.49705],[-114.383453,47.483254],[-114.320528,47.594551],[-114.58376,47.601718],[-114.584454,47.746355],[-114.604462,47.789871]]]}},{"type":"Feature","properties":{"fips":"53007","name":"Chelan","state":"WA"},"geometry":{"type":"Polygon","coordinates":[[[-121.118183,47.997103],[-121.15326,48.039693],[-121.015942,48.074795],[-120.907425,48.163184],[-121.001658,48.296009],[-121.071589,48.317802],[-121.049714,48.485399],[-120.823947,48.54503],[-120.702069,48.531589],[-120.652283,48.536939],[-120.633344,48.468118],[-120.649933,48.398139],[-120.560206,48.361048],[-120.583166,48.319128],[-120.508212,48.310344],[-120.469124,48.26898],[-120.346284,48.199986],[-120.361288,48.157569],[-120.21306,48.079044],[-120.143075,48.064882],[-120.066023,47.966442],[-119.870595,47.960455],[-119.992679,47.78315],[-120.209395,47.748356],[-120.199048,47.682276],[-120.316594,47.471273],[-120.318084,47.457748],[-120.316183,47.450748],[-120.311883,47.445248],[-120.311361,47.442334],[-120.28653,47.393111],[-120.086308,47.338942],[-120.09446,47.262159],[-120.389197,47.260935],[-120.5305,47.334328],[-120.664368,47.343305],[-120.802533,47.422626],[-120.917936,47.429367],[-120.996578,47.518545],[-121.07497,47.550891],[-121.113569,47.597288],[-121.121584,47.685213],[-121.066005,47.713603],[-121.119179,47.779933],[-121.070685,47.826616],[-121.180776,47.898769],[-121.118183,47.997103]]]}},{"type":"Feature","properties":{"fips":"30073","name":"Pondera","state":"MT"},"geometry":{"type":"Polygon","coordinates":[[[-113.349046,48.310263],[-112.575864,48.309684],[-112.576982,48.483348],[-112.228769,48.481885],[-112.184784,48.477578],[-111.990944,48.438546],[-111.990889,48.394265],[-111.79591,48.393081],[-111.795855,48.349812],[-111.665756,48.349456],[-111.665599,48.219549],[-111.409018,48.219542],[-111.409097,48.132218],[-111.408514,47.987178],[-111.984263,47.984592],[-112.047999,48.086612],[-112.177751,48.087162],[-112.264252,48.131346],[-113.014811,48.13103],[-113.230906,48.170426],[-113.236777,48.247211],[-113.349046,48.310263]]]}},{"type":"Feature","properties":{"fips":"08029","name":"Delta","state":"CO"},"geometry":{"type":"Polygon","coordinates":[[[-108.378951,38.829036],[-108.140323,38.908767],[-108.094786,38.979684],[-107.987204,39.052876],[-107.858888,39.080112],[-107.76549,39.043294],[-107.637893,39.14202],[-107.500606,39.217916],[-107.500655,38.668553],[-108.378698,38.668097],[-108.378951,38.829036]]]}},{"type":"Feature","properties":{"fips":"41063","name":"Wallowa","state":"OR"},"geometry":{"type":"Polygon","coordinates":[[[-117.977657306532,46.000168202382],[-117.717852,45.999866],[-117.603425834504,45.9987601734427],[-117.479937263654,45.9975667668422],[-117.353928,45.996349],[-116.915989,45.995413],[-116.886843,45.958617],[-116.859795,45.907264],[-116.799204532501,45.8510454354829],[-116.78752,45.840204],[-116.736268,45.826179],[-116.665344,45.781998],[-116.593004,45.778541],[-116.535698,45.734231],[-116.528272,45.681473],[-116.463504,45.615785],[-116.502756,45.566608],[-116.588195,45.44292],[-116.674648,45.314342],[-116.690916254858,45.2689841379699],[-116.696047,45.254679],[-116.754643,45.113972],[-116.783128263267,45.07771250501],[-117.266005,45.08057],[-117.266006,45.166539],[-117.476684,45.166539],[-117.520941,45.209768],[-117.522249,45.267731],[-117.582344,45.338096],[-117.663391,45.365749],[-117.727235,45.51478],[-117.727225,45.61699],[-117.787623,45.689567],[-117.788395,45.773515],[-117.74765,45.773625],[-117.747327,45.861072],[-117.97298,45.860595],[-117.977601,45.876889],[-117.977657306532,46.000168202382]]]}},{"type":"Feature","properties":{"fips":"30015","name":"Chouteau","state":"MT"},"geometry":{"type":"Polygon","coordinates":[[[-111.409097,48.132218],[-110.827168,48.133205],[-110.827413,48.219566],[-110.755873,48.219601],[-110.625543,48.219731],[-110.625409,48.306479],[-109.845932,48.305971],[-109.845812,48.219004],[-109.726943,48.221525],[-109.726914,48.132859],[-109.534295,48.134564],[-109.538677,47.738864],[-109.691058,47.728554],[-109.722711,47.702621],[-109.836861,47.712041],[-109.850793,47.539142],[-110.030854,47.479551],[-110.159579,47.415312],[-110.213596,47.416657],[-110.639559,47.416486],[-110.639589,47.445425],[-110.769129,47.446096],[-110.768465,47.525638],[-110.86463,47.524714],[-111.049847,47.598333],[-110.976171,47.698738],[-111.40885,47.698123],[-111.408514,47.987178],[-111.409097,48.132218]]]}},{"type":"Feature","properties":{"fips":"06081","name":"San Mateo","state":"CA"},"geometry":{"type":"Polygon","coordinates":[[[-122.518088,37.576138],[-122.496786,37.612136],[-122.496784560243,37.665620815871],[-122.496784,37.686433],[-122.500678019083,37.7081325680179],[-122.469013,37.708198],[-122.39512,37.708394],[-122.389826876588,37.708331],[-122.39319,37.707531],[-122.360219,37.592501],[-122.244372,37.55814],[-122.168449,37.504143],[-122.129199702224,37.5213219985908],[-122.11724,37.506721],[-122.081473,37.477838],[-122.144933,37.4582],[-122.190402,37.431472],[-122.192665,37.31801],[-122.152278,37.286055],[-122.152774,37.215444],[-122.317682,37.186945],[-122.294310191913,37.1051413867181],[-122.322971,37.11546],[-122.344029,37.144099],[-122.397065,37.187249],[-122.418452,37.248521],[-122.401323,37.337009],[-122.409258,37.374805],[-122.443687,37.435941],[-122.445987,37.461541],[-122.493789,37.492341],[-122.516689,37.52134],[-122.518088,37.576138]]]}},{"type":"Feature","properties":{"fips":"41029","name":"Jackson","state":"OR"},"geometry":{"type":"Polygon","coordinates":[[[-123.229619,42.70261],[-123.152233,42.755835],[-123.009765,42.752144],[-122.951199,42.774773],[-122.794776,42.778221],[-122.677181,42.88108],[-122.560299,42.92469],[-122.460224,42.939873],[-122.401025,42.996632],[-122.28273,42.996499],[-122.284689,42.4745],[-122.28776,42.440287],[-122.289749096157,42.0077647304966],[-122.501135,42.00846],[-122.80008,42.004071],[-123.045254,42.003049],[-123.145959,42.009247],[-123.231001260578,42.004970062256],[-123.229619,42.70261]]]}},{"type":"Feature","properties":{"fips":"16013","name":"Blaine","state":"ID"},"geometry":{"type":"Polygon","coordinates":[[[-114.996687,43.914407],[-114.971351,43.938308],[-114.873372,43.992949],[-114.813873,43.992941],[-114.81379,43.927772],[-114.681168,43.927705],[-114.56235,43.844368],[-114.507778,43.89909],[-114.359293,43.874177],[-114.292484,43.887062],[-114.275725,43.831138],[-114.070019,43.734696],[-114.029718,43.773361],[-113.97447,43.708186],[-113.813355,43.600059],[-113.798441,43.569217],[-113.701153,43.584553],[-113.634325,43.497474],[-113.63523,43.367546],[-113.36191,43.36716],[-113.361958,43.284678],[-113.007318,43.284778],[-113.007712,43.110933],[-113.243478,43.110946],[-113.236943,42.762212],[-113.178877,42.762355],[-113.178633,42.67546],[-113.236968,42.625254],[-113.3044,42.628749],[-113.373117,42.687638],[-113.472177,42.669352],[-113.472155,42.849201],[-113.413138,42.849169],[-113.413867,43.199859],[-113.714642,43.199783],[-114.374962,43.19964],[-114.394606,43.326467],[-114.534488,43.333383],[-114.546546,43.435445],[-114.508233,43.481512],[-114.595698,43.531235],[-114.586743,43.558826],[-114.682355,43.590349],[-114.666202,43.737962],[-114.714648,43.814669],[-114.847781,43.816381],[-114.989258,43.858563],[-114.996687,43.914407]]]}},{"type":"Feature","properties":{"fips":"30097","name":"Sweet Grass","state":"MT"},"geometry":{"type":"Polygon","coordinates":[[[-110.292752,46.133849],[-110.281916,46.184397],[-110.281971,46.220605],[-109.653871,46.219404],[-109.65384,46.132465],[-109.60419,46.132484],[-109.605153,46.044994],[-109.417158,46.044759],[-109.423026,45.960011],[-109.506604,45.959112],[-109.505963,45.870218],[-109.548822,45.870749],[-109.563907,45.783471],[-109.56207,45.609119],[-109.685385,45.609022],[-109.685385,45.56561],[-109.808793,45.565925],[-109.808841,45.52247],[-109.932025,45.522456],[-109.931984,45.348755],[-110.064581,45.348755],[-110.064518,45.172129],[-110.228052,45.172129],[-110.219412,45.348799],[-110.220908,45.784973],[-110.292662,45.785057],[-110.292752,46.133849]]]}},{"type":"Feature","properties":{"fips":"32011","name":"Eureka","state":"NV"},"geometry":{"type":"Polygon","coordinates":[[[-116.592855,39.374928],[-116.599986,40.072307],[-116.594214,40.320251],[-116.596815,40.94646],[-116.586996,40.964776],[-116.586786,41.000398],[-116.158155,40.999912],[-116.157834,40.666389],[-116.000897,40.127376],[-115.834969,40.127842],[-115.835301,40.017371],[-115.794864,39.853104],[-115.833101,39.729412],[-115.813476,39.593521],[-115.875886,39.465718],[-115.907071,39.161848],[-116.600946,39.161463],[-116.592855,39.374928]]]}},{"type":"Feature","properties":{"fips":"16025","name":"Camas","state":"ID"},"geometry":{"type":"Polygon","coordinates":[[[-115.083071,43.604399],[-115.033834,43.618636],[-115.04234,43.745582],[-114.989258,43.858563],[-114.847781,43.816381],[-114.714648,43.814669],[-114.666202,43.737962],[-114.682355,43.590349],[-114.586743,43.558826],[-114.595698,43.531235],[-114.508233,43.481512],[-114.546546,43.435445],[-114.534488,43.333383],[-114.394606,43.326467],[-114.374962,43.19964],[-114.594605,43.198345],[-115.086155,43.198064],[-115.083071,43.604399]]]}},{"type":"Feature","properties":{"fips":"04027","name":"Yuma","state":"AZ"},"geometry":{"type":"Polygon","coordinates":[[[-114.799683,32.593621],[-114.809393,32.617119],[-114.76495,32.649391],[-114.719633,32.718763],[-114.705717,32.741581],[-114.667493,32.734226],[-114.615724877807,32.7412791646992],[-114.570675,32.747417],[-114.540260338478,32.7748291815141],[-114.531746,32.782503],[-114.468971,32.845155],[-114.463127,32.901884],[-114.47664,32.923628],[-114.481315,32.972064],[-114.511343,33.023455],[-114.517492069319,33.0247159744928],[-114.2688,33.029961],[-114.268808,33.464402],[-113.957514,33.464413],[-113.957489,33.377362],[-113.335048,33.377469],[-113.333786,33.023476],[-113.333709,32.767851],[-113.333894,32.505188],[-113.333767973058,32.0402490801033],[-113.750756,32.169005],[-114.813613,32.494277],[-114.811536,32.522834],[-114.795635,32.550956],[-114.814185,32.564788],[-114.799683,32.593621]]]}},{"type":"Feature","properties":{"fips":"35025","name":"Lea","state":"NM"},"geometry":{"type":"Polygon","coordinates":[[[-103.814507,32.965114],[-103.766417,32.965264],[-103.766361,33.395297],[-103.721399,33.395409],[-103.720809,33.569537],[-103.510129,33.570117],[-103.052610516564,33.5705747764422],[-103.056495064338,33.3884142146206],[-103.060103,33.219225],[-103.063468888475,32.9591063818305],[-103.064889,32.849359],[-103.064829054562,32.7269504153502],[-103.064761,32.587983],[-103.064696,32.522193],[-103.064422,32.145006],[-103.064422401106,32.087051],[-103.064423,32.000518],[-103.326501,32.00037],[-103.722881979148,32.0001655686764],[-103.722938,32.522344],[-103.814216,32.522368],[-103.814456,32.770237],[-103.814507,32.965114]]]}},{"type":"Feature","properties":{"fips":"08001","name":"Adams","state":"CO"},"geometry":{"type":"Polygon","coordinates":[[[-105.05327,39.820028],[-105.052892,39.914224],[-105.015845,39.981193],[-104.961405,40.000337],[-104.697142,40.00051],[-104.64064,40.000575],[-104.150332,40.000856],[-103.705701,40.001366],[-103.706547,39.739894],[-103.706647,39.739893],[-103.717418,39.739823],[-103.723577,39.739787],[-103.723936,39.739785],[-103.725031,39.739791],[-103.725252,39.739792],[-103.725344,39.739793],[-103.728071,39.739809],[-103.737298,39.739841],[-103.742461,39.739859],[-103.756123,39.739906],[-103.757048,39.739909],[-103.757107,39.739909],[-103.759799,39.739916],[-103.77167,39.73996],[-103.772776,39.739964],[-103.790725,39.740037],[-103.793957,39.740045],[-103.79585,39.740091],[-103.796061,39.740097],[-103.79608,39.740097],[-103.796828,39.740098],[-103.797086,39.740098],[-103.797666,39.740099],[-103.797684,39.740099],[-103.797841,39.740106],[-103.797872,39.740114],[-103.798286,39.740124],[-103.798337,39.740126],[-103.798352,39.740127],[-103.798375,39.740128],[-103.800199,39.740201],[-103.803577,39.74021],[-103.804084,39.740211],[-103.806718,39.740215],[-103.811472,39.740222],[-103.811569,39.740222],[-103.818401,39.740225],[-103.820713,39.740247],[-103.8248,39.740246],[-103.828213,39.740246],[-103.829403,39.740241],[-103.829491,39.740241],[-103.834052,39.740222],[-103.837841,39.740228],[-103.847598,39.740242],[-103.849968,39.740241],[-103.851532,39.740241],[-103.851762,39.740241],[-103.855126,39.74024],[-103.866063,39.740236],[-103.867012,39.740281],[-103.867083,39.740281],[-103.87551,39.740298],[-103.876582,39.740309],[-103.889131,39.740442],[-103.899552,39.740548],[-103.899868,39.740551],[-103.907516,39.740654],[-103.919288,39.74067],[-103.930324,39.74061],[-103.930832,39.740595],[-103.935824,39.740534],[-103.9405,39.740521],[-103.940603,39.740521],[-103.946232,39.74052],[-103.956488,39.740519],[-103.959682,39.740519],[-103.965516,39.740518],[-103.972303,39.740401],[-103.973487,39.740217],[-103.974341,39.739984],[-103.974435,39.740002],[-103.974777,39.740057],[-103.974831,39.740066],[-103.975501,39.740152],[-103.975844,39.740188],[-103.976221,39.74022],[-103.976586,39.740241],[-103.977097,39.740259],[-103.977636,39.740267],[-103.978174,39.740264],[-103.982394,39.740241],[-103.98256,39.74024],[-103.982939,39.740238],[-103.984285,39.740233],[-103.985316,39.740229],[-103.987526,39.740221],[-103.988119,39.740219],[-104.001812,39.740169],[-104.002091,39.740168],[-104.002911,39.740171],[-104.00303,39.740172],[-104.003483,39.74017],[-104.003843,39.740168],[-104.009127,39.740139],[-104.012802,39.740119],[-104.02093,39.740075],[-104.020979,39.740075],[-104.021449,39.740072],[-104.021598,39.740071],[-104.021807,39.74007],[-104.021859,39.74007],[-104.025236,39.740053],[-104.02525,39.740053],[-104.026298,39.740048],[-104.026958,39.740045],[-104.026978,39.740045],[-104.027148,39.740044],[-104.027552,39.740042],[-104.029044,39.740035],[-104.031213,39.740025],[-104.031234,39.740025],[-104.03416,39.740011],[-104.034225,39.740011],[-104.034284,39.740011],[-104.034339,39.740011],[-104.03439,39.740011],[-104.034437,39.740011],[-104.034481,39.740011],[-104.034522,39.740011],[-104.03456,39.740011],[-104.034596,39.740011],[-104.03463,39.740011],[-104.034662,39.740011],[-104.034692,39.740011],[-104.03472,39.740011],[-104.034747,39.740011],[-104.034773,39.740011],[-104.034797,39.740011],[-104.03482,39.740011],[-104.034842,39.740011],[-104.034863,39.740011],[-104.034883,39.740011],[-104.034902,39.740011],[-104.03492,39.740011],[-104.034937,39.740011],[-104.034954,39.740011],[-104.03497,39.740011],[-104.034985,39.740011],[-104.035,39.740011],[-104.035014,39.740011],[-104.035028,39.740011],[-104.035041,39.740011],[-104.035054,39.740011],[-104.035066,39.740011],[-104.035226,39.740011],[-104.035239,39.740011],[-104.035251,39.740011],[-104.035263,39.740011],[-104.035585,39.740011],[-104.035721,39.740003],[-104.039963,39.739983],[-104.040312,39.739981],[-104.04042,39.739981],[-104.040632,39.739981],[-104.040725,39.739981],[-104.050988,39.739976],[-104.059403,39.739972],[-104.060078,39.73997],[-104.063001,39.739959],[-104.063039,39.739959],[-104.065983,39.739949],[-104.066514,39.739947],[-104.06807,39.739941],[-104.068104,39.739941],[-104.070794,39.739931],[-104.070858,39.739931],[-104.070882,39.739931],[-104.0709,39.739931],[-104.070925,39.73993],[-104.070988,39.73993],[-104.071032,39.73993],[-104.071328,39.739929],[-104.078023,39.739905],[-104.078052,39.739905],[-104.082068,39.7399],[-104.087284,39.739878],[-104.087539,39.739877],[-104.090685,39.739864],[-104.091798,39.73986],[-104.093649,39.739854],[-104.096136,39.739846],[-104.096249,39.739846],[-104.096299,39.739846],[-104.096656,39.739845],[-104.096712,39.739844],[-104.096725,39.739844],[-104.096746,39.739844],[-104.0968,39.739844],[-104.096836,39.739844],[-104.097699,39.739841],[-104.100228,39.739833],[-104.100248,39.739833],[-104.104071,39.73982],[-104.104804,39.739817],[-104.104913,39.739817],[-104.106383,39.739812],[-104.112831,39.739784],[-104.112867,39.739784],[-104.114412,39.739777],[-104.115069,39.739774],[-104.116135,39.739764],[-104.116383,39.739762],[-104.126874,39.739665],[-104.126901,39.739665],[-104.128233,39.739652],[-104.134282,39.739604],[-104.13434,39.739604],[-104.141193,39.73957],[-104.141667,39.739567],[-104.14184,39.739566],[-104.145798,39.739542],[-104.147591,39.739531],[-104.153086,39.739497],[-104.153134,39.739497],[-104.159303,39.739449],[-104.162302,39.739426],[-104.17182,39.73934],[-104.171872,39.73934],[-104.174839,39.739313],[-104.190677,39.73918],[-104.190703,39.73918],[-104.194597,39.739136],[-104.200175,39.739095],[-104.200479,39.739093],[-104.201036,39.739089],[-104.204251,39.739064],[-104.209343,39.73902],[-104.209511,39.739018],[-104.209525,39.739018],[-104.223363,39.73899],[-104.223399,39.73899],[-104.224471,39.738988],[-104.226058,39.738984],[-104.226594,39.738983],[-104.22712,39.738982],[-104.227133,39.738982],[-104.227913,39.73898],[-104.227935,39.73898],[-104.228163,39.73898],[-104.22823,39.73898],[-104.229994,39.738973],[-104.237444,39.738945],[-104.242799,39.738924],[-104.24705,39.738908],[-104.247063,39.738908],[-104.247541,39.738907],[-104.250767,39.738899],[-104.250805,39.738899],[-104.255082,39.738889],[-104.264558,39.738877],[-104.264874,39.738877],[-104.264936,39.738877],[-104.264987,39.738877],[-104.265911,39.73887],[-104.266581,39.738865],[-104.266885,39.738863],[-104.267827,39.738856],[-104.26975,39.738841],[-104.269806,39.738841],[-104.275539,39.738798],[-104.275969,39.738795],[-104.276093,39.738794],[-104.276189,39.738794],[-104.276433,39.738792],[-104.281216,39.738762],[-104.281279,39.738762],[-104.283734,39.738746],[-104.283825,39.738745],[-104.285306,39.738736],[-104.285808,39.738733],[-104.286632,39.738728],[-104.287305,39.738724],[-104.290184,39.738719],[-104.29023,39.738719],[-104.29302,39.738715],[-104.293638,39.738714],[-104.297964,39.73868],[-104.298033,39.738679],[-104.299303,39.738656],[-104.299689,39.738649],[-104.300677,39.738612],[-104.301261,39.738586],[-104.301463,39.738573],[-104.301806,39.73855],[-104.301898,39.738543],[-104.302586,39.738492],[-104.302633,39.738492],[-104.30269,39.738493],[-104.302795,39.738494],[-104.30357,39.738515],[-104.306566,39.738498],[-104.308992,39.738469],[-104.311833,39.73846],[-104.311955,39.73846],[-104.314235,39.738435],[-104.314695,39.738431],[-104.315889,39.738419],[-104.316606,39.738412],[-104.317989,39.738409],[-104.318011,39.738409],[-104.318302,39.738408],[-104.319603,39.738395],[-104.320563,39.738385],[-104.321399,39.738371],[-104.321417,39.738371],[-104.322546,39.738366],[-104.322605,39.738366],[-104.322925,39.738366],[-104.323046,39.738366],[-104.323128,39.738366],[-104.323151,39.738367],[-104.323173,39.738367],[-104.323213,39.738367],[-104.323438,39.738367],[-104.323608,39.738367],[-104.323734,39.738367],[-104.324839,39.738355],[-104.324916,39.738355],[-104.326291,39.738348],[-104.326328,39.738348],[-104.326519,39.738347],[-104.326569,39.738347],[-104.326605,39.738347],[-104.326629,39.738346],[-104.326647,39.738346],[-104.326687,39.738346],[-104.327105,39.738344],[-104.327148,39.738344],[-104.32765,39.738341],[-104.327719,39.738341],[-104.32913,39.738334],[-104.329171,39.738334],[-104.330566,39.738328],[-104.330591,39.738328],[-104.33117,39.738324],[-104.331593,39.738321],[-104.332187,39.738318],[-104.332439,39.738317],[-104.332907,39.738307],[-104.333702,39.738305],[-104.334991,39.738288],[-104.336414,39.73828],[-104.340089,39.738248],[-104.340209,39.738247],[-104.34025,39.738247],[-104.340376,39.738247],[-104.349388,39.738222],[-104.358684,39.738197],[-104.35876,39.738197],[-104.360724,39.738189],[-104.372845,39.738139],[-104.372899,39.738139],[-104.377229,39.738121],[-104.37736,39.73812],[-104.378652,39.738115],[-104.379575,39.738107],[-104.379945,39.738108],[-104.380113,39.738108],[-104.38222,39.7381],[-104.382391,39.738101],[-104.382414,39.738101],[-104.382448,39.738101],[-104.382508,39.738102],[-104.382522,39.738102],[-104.382541,39.738102],[-104.382776,39.738103],[-104.382818,39.738103],[-104.382874,39.738103],[-104.383032,39.738104],[-104.383225,39.738101],[-104.383545,39.738096],[-104.383856,39.738095],[-104.384834,39.738091],[-104.385312,39.738085],[-104.38597,39.738077],[-104.386451,39.738075],[-104.387179,39.738066],[-104.388522,39.738069],[-104.391862,39.73804],[-104.394586,39.73804],[-104.396236,39.738033],[-104.396385,39.738032],[-104.397107,39.73804],[-104.397627,39.738044],[-104.39798,39.73804],[-104.398189,39.738037],[-104.398796,39.738036],[-104.399201,39.73804],[-104.39963,39.738044],[-104.401262,39.73804],[-104.402594,39.738054],[-104.402929,39.738034],[-104.403796,39.738042],[-104.404165,39.738045],[-104.404441,39.738042],[-104.404665,39.738033],[-104.404815,39.738019],[-104.404938,39.738002],[-104.409673,39.738109],[-104.410709,39.738081],[-104.411821,39.738051],[-104.412591,39.738058],[-104.413073,39.738061],[-104.413251,39.738062],[-104.413376,39.738063],[-104.413414,39.738063],[-104.413453,39.738064],[-104.41349,39.738064],[-104.413551,39.738065],[-104.41379,39.738067],[-104.413987,39.738068],[-104.41406,39.738069],[-104.414183,39.73807],[-104.414301,39.738071],[-104.414539,39.738072],[-104.414664,39.738073],[-104.414718,39.738073],[-104.414766,39.738073],[-104.414951,39.738074],[-104.415022,39.738074],[-104.415183,39.738074],[-104.415289,39.738074],[-104.415464,39.738075],[-104.415786,39.738076],[-104.416137,39.738078],[-104.416298,39.738078],[-104.418031,39.738078],[-104.41854,39.73808],[-104.420014,39.738084],[-104.420157,39.738084],[-104.420369,39.738085],[-104.420724,39.738086],[-104.420816,39.738086],[-104.421071,39.738087],[-104.421417,39.738088],[-104.421481,39.738088],[-104.421544,39.738088],[-104.421883,39.738088],[-104.421961,39.738089],[-104.422009,39.738089],[-104.422051,39.738089],[-104.422297,39.73809],[-104.422382,39.73809],[-104.423767,39.738095],[-104.424193,39.738094],[-104.424208,39.738094],[-104.426693,39.738091],[-104.429064,39.738106],[-104.429232,39.738107],[-104.430784,39.738112],[-104.431212,39.738113],[-104.431685,39.738114],[-104.432241,39.738116],[-104.432301,39.738116],[-104.432411,39.738116],[-104.432713,39.738118],[-104.43298,39.738119],[-104.433369,39.73812],[-104.433533,39.738119],[-104.433546,39.738119],[-104.433599,39.738119],[-104.433761,39.738118],[-104.43378,39.738118],[-104.433809,39.738118],[-104.433846,39.738118],[-104.433883,39.738118],[-104.433952,39.738118],[-104.434263,39.738117],[-104.434802,39.738115],[-104.435047,39.738114],[-104.435071,39.738113],[-104.435088,39.738113],[-104.43511,39.738113],[-104.435132,39.738113],[-104.435328,39.738112],[-104.435417,39.738112],[-104.435676,39.738111],[-104.43571,39.738111],[-104.436001,39.73811],[-104.436826,39.738107],[-104.437179,39.738106],[-104.437713,39.738104],[-104.442784,39.738132],[-104.443164,39.738134],[-104.447641,39.738141],[-104.451406,39.738155],[-104.451801,39.738155],[-104.451921,39.738155],[-104.452224,39.738156],[-104.452329,39.738156],[-104.452767,39.738156],[-104.454539,39.738158],[-104.456306,39.738164],[-104.456787,39.738166],[-104.457852,39.738172],[-104.459131,39.738179],[-104.461157,39.738174],[-104.461409,39.738175],[-104.463212,39.738185],[-104.470809,39.738198],[-104.470927,39.738198],[-104.471047,39.738199],[-104.472336,39.738204],[-104.480061,39.738217],[-104.480075,39.738217],[-104.480127,39.738217],[-104.480322,39.738217],[-104.480712,39.738218],[-104.480735,39.738218],[-104.480781,39.738218],[-104.480855,39.738218],[-104.480939,39.738218],[-104.481025,39.738219],[-104.481043,39.738219],[-104.481074,39.738219],[-104.481329,39.738219],[-104.4849,39.738225],[-104.489198,39.738228],[-104.489501,39.738228],[-104.50036,39.738236],[-104.505495,39.738246],[-104.505514,39.738246],[-104.507036,39.738249],[-104.50714,39.73825],[-104.507154,39.73825],[-104.507179,39.73825],[-104.507215,39.73825],[-104.507301,39.73825],[-104.507349,39.73825],[-104.507378,39.73825],[-104.507422,39.738251],[-104.507484,39.738252],[-104.510525,39.738307],[-104.519879,39.738509],[-104.519938,39.73851],[-104.519976,39.738511],[-104.520112,39.738514],[-104.522742,39.73857],[-104.52286,39.738573],[-104.526958,39.738669],[-104.52709,39.73867],[-104.528061,39.738678],[-104.529159,39.738701],[-104.531235,39.738745],[-104.531454,39.73875],[-104.536357,39.738863],[-104.54427,39.739029],[-104.545765,39.739059],[-104.545892,39.739062],[-104.55403,39.739227],[-104.558884,39.73933],[-104.562679,39.739382],[-104.564268,39.739404],[-104.564512,39.739407],[-104.564659,39.739409],[-104.564888,39.739412],[-104.565077,39.739415],[-104.565102,39.739415],[-104.565132,39.739416],[-104.566326,39.739433],[-104.566565,39.739436],[-104.570392,39.739482],[-104.57056,39.739484],[-104.573938,39.739525],[-104.574106,39.739527],[-104.576811,39.73956],[-104.582319997896,39.7396341959546],[-104.582488,39.739636],[-104.616197,39.740004],[-104.884646,39.740156],[-104.734601,39.769181],[-104.762462,39.823443],[-104.619743,39.826852],[-104.599581,39.899038],[-104.640361,39.906711],[-104.73039,39.896131],[-104.79091,39.79825],[-105.053246,39.791063],[-105.052886,39.800863],[-105.052829,39.803874],[-105.053256,39.806497],[-105.05327,39.820028]]]}},{"type":"Feature","properties":{"fips":"30093","name":"Silver Bow","state":"MT"},"geometry":{"type":"Polygon","coordinates":[[[-113.085517,45.860648],[-112.923224,45.934595],[-112.938955,45.993258],[-112.852763,46.048434],[-112.777717,46.048313],[-112.77712,46.135826],[-112.681004,46.135672],[-112.577106,46.178981],[-112.505191,46.184221],[-112.519997,46.136394],[-112.404349,45.888049],[-112.414212,45.836684],[-112.190269,45.748503],[-112.461816,45.742584],[-112.498432,45.759765],[-112.549534,45.684317],[-112.687054,45.624854],[-112.759339,45.748209],[-112.988358,45.808476],[-113.085517,45.860648]]]}},{"type":"Feature","properties":{"fips":"02050","name":"Bethel","state":"AK"},"geometry":{"type":"MultiPolygon","coordinates":[[[[-165.367676,60.581158],[-165.206433,60.610227],[-165.073091,60.684217],[-164.991665,60.69884],[-165.010452,60.744789],[-165.040843,60.77266],[-165.030183,60.83805],[-165.08509,60.913763],[-165.108494992779,60.9265753986229],[-164.797619,60.982487],[-164.616585,60.979049],[-164.529911,60.940796],[-164.234986,60.988241],[-164.154702,61.022625],[-164.146306,61.074682],[-164.211781,61.082262],[-164.201874,61.151613],[-164.121482,61.127],[-164.017645,61.192886],[-163.920874,61.210692],[-163.981767,61.243286],[-163.99276,61.371763],[-163.785076,61.367097],[-163.65539,61.335827],[-163.524124,61.355098],[-163.531412,61.401454],[-163.431258,61.484107],[-163.171354,61.449071],[-163.061999,61.479931],[-162.847199,61.498736],[-162.75398,61.542666],[-162.505761,61.556426],[-162.476189,61.503959],[-162.328294,61.518376],[-162.013438,61.477057],[-161.885286,61.48281],[-161.697058,61.530087],[-161.449611,61.568838],[-161.126812,61.59954],[-160.953961,61.685669],[-160.775244,61.738527],[-160.597733,61.760156],[-160.35014,61.819071],[-160.20263,61.810322],[-160.18666,61.831693],[-160.469477,61.869348],[-160.534671,61.94594],[-159.265037,61.945957],[-159.265035,62.032598],[-158.531351,62.03262],[-158.531361,62.119264],[-157.063864,62.119271],[-157.063852,62.032634],[-156.276897,62.032646],[-155.497645,62.032659],[-154.537299,62.032675],[-153.761875,62.032689],[-153.761871,62.119335],[-153.395009,62.119347],[-153.395009,62.20599],[-153.070123,62.206015],[-153.07012,62.292644],[-153.001672,62.292622],[-153.001736,61.426172],[-153.485575,61.426153],[-153.485584,61.166193],[-153.440884,60.906236],[-154.455687,60.906207],[-155.144206,60.906199],[-156.000086,60.90619],[-157.16742,60.906183],[-157.167428,60.992839],[-157.522332,60.992834],[-157.522325,60.906178],[-157.699775,60.906175],[-157.69976,60.819515],[-157.877208,60.819515],[-157.877224,60.906172],[-158.941926,60.906162],[-158.941919,60.819503],[-159.01511,60.819503],[-159.015104,60.732843],[-159.190661,60.732841],[-159.190657,60.646181],[-159.366215,60.646179],[-159.366206,60.472856],[-159.434502,60.472854],[-159.434497,60.38619],[-159.608204,60.386188],[-159.608196,60.212856],[-159.781906,60.212854],[-159.781902,60.126187],[-159.845533,60.126186],[-159.845524,59.952848],[-160.01743,59.952846],[-160.017423,59.779504],[-160.24851,59.779501],[-160.248503,59.606154],[-160.418647,59.606152],[-160.41864,59.4328],[-160.475354,59.432799],[-160.475296,59.346122],[-160.643719,59.34612],[-160.643716,59.25944],[-160.81214,59.259438],[-160.864705,59.086077],[-160.864703,58.999394],[-161.031448,58.999393],[-161.031441005292,58.8398079512056],[-161.073748442441,58.8260238046127],[-161.364931,58.826021],[-161.365049,58.739364],[-161.339580659244,58.739338625003],[-161.372314,58.666172],[-161.550537,58.61116],[-161.751999,58.551842],[-161.802156,58.612318],[-162.027363,58.60705],[-162.171722,58.648441],[-161.994644,58.688828],[-161.824107,58.734549],[-161.764791,58.846235],[-161.804034,58.991717],[-161.910267,59.093503],[-161.996859,59.174126],[-162.048584,59.254177],[-161.992903,59.338385],[-161.848988,59.432494],[-161.790375,59.468197],[-161.70253,59.490906],[-161.772979,59.566243],[-161.873944,59.649487],[-161.88552,59.69839],[-162.046547,59.849688],[-162.108772,59.920107],[-162.143049,59.967506],[-162.228371,60.056313],[-162.37224,60.167009],[-162.45128,60.174367],[-162.49418,60.130271],[-162.495608,60.078949],[-162.487649,60.028082],[-162.515276,59.976183],[-162.622569,59.971809],[-162.737447,59.972254],[-162.808513,59.933933],[-162.929135,59.908054],[-163.172633,59.845058],[-163.458092,59.809958],[-163.772229,59.795624],[-163.930798,59.803853],[-164.133393,59.845612],[-164.208475,59.934461],[-164.178705,59.96181],[-164.13181,59.991177],[-164.272808,60.046194],[-164.411016,60.097675],[-164.517647,60.199493],[-164.619501,60.234938],[-164.698889,60.296298],[-164.777233,60.293833],[-164.984527,60.349929],[-165.129403,60.433707],[-165.069693,60.460893],[-165.015155,60.471414],[-164.956788,60.527837],[-164.986952,60.542406],[-165.093939,60.531862],[-165.190449,60.498001],[-165.274867,60.499021],[-165.362975,60.506866],[-165.420349,60.550692],[-165.367676,60.581158]]],[[[-167.430619,60.197006],[-167.317602,60.231541],[-167.112841,60.231482],[-166.93866,60.214704],[-166.842599,60.21047],[-166.813127,60.249768],[-166.835825,60.268751],[-166.713539,60.327341],[-166.616566,60.319221],[-166.548589,60.361856],[-166.490358,60.389466],[-166.371874,60.355156],[-166.241032,60.38882],[-166.149763,60.4367],[-166.103296,60.367321],[-166.03734,60.319456],[-165.883086,60.343368],[-165.67987,60.292435],[-165.722533,60.236468],[-165.683554,60.198335],[-165.723484,60.163824],[-165.666679,60.124304],[-165.709223,60.066003],[-165.633879,60.019597],[-165.532633,59.953425],[-165.582302,59.908242],[-165.706609,59.883564],[-165.769832,59.900495],[-165.856822,59.869728],[-165.982317,59.871637],[-166.084995,59.839649],[-166.084282,59.776059],[-166.190406,59.750206],[-166.272168,59.811455],[-166.36213,59.838604],[-166.512819,59.846425],[-166.665528,59.878168],[-166.795194,59.913185],[-166.939572,59.965483],[-167.06578,59.98796],[-167.225739,60.04088],[-167.333289,60.066626],[-167.343509,60.126287],[-167.430619,60.197006]]],[[[-173.074642,60.704657],[-172.912636,60.604129],[-172.847344,60.516742],[-172.545912,60.412225],[-172.380946,60.382764],[-172.238862,60.336642],[-172.254263,60.297375],[-172.416534,60.314347],[-172.630272,60.334922],[-172.895998,60.450587],[-173.0638,60.502589],[-173.115569,60.658971],[-173.074642,60.704657]]]]}},{"type":"Feature","properties":{"fips":"35051","name":"Sierra","state":"NM"},"geometry":{"type":"Polygon","coordinates":[[[-108.000602,33.478014],[-107.712754,33.476832],[-106.474295,33.475786],[-106.372797,33.479875],[-106.371895,33.391821],[-106.34571,33.390595],[-106.340515,33.052777],[-106.887891,32.822781],[-106.887733,32.779273],[-107.299475,32.780166],[-107.299631,32.60537],[-107.608485,32.605449],[-107.736949,32.629494],[-107.721387,32.778077],[-107.773088,32.853775],[-107.780548,32.952776],[-107.856672,33.002539],[-107.836192,33.067763],[-107.858644,33.200864],[-108.000598,33.201253],[-108.000602,33.478014]]]}},{"type":"Feature","properties":{"fips":"49041","name":"Sevier","state":"UT"},"geometry":{"type":"Polygon","coordinates":[[[-112.515394,38.572845],[-112.447517,38.68127],[-112.309953,38.67629],[-112.218356,38.727361],[-112.224461,38.864803],[-112.133862,38.959302],[-112.065162,38.959302],[-112.014083,39.045518],[-111.853402,39.033368],[-111.299363,39.032311],[-111.305665,38.510169],[-111.752325,38.510125],[-111.766393,38.502243],[-112.125753,38.51214],[-112.518495,38.510413],[-112.515394,38.572845]]]}},{"type":"Feature","properties":{"fips":"53051","name":"Pend Oreille","state":"WA"},"geometry":{"type":"Polygon","coordinates":[[[-117.629421,48.742634],[-117.563811,48.742961],[-117.563858,48.836671],[-117.498496,48.8369],[-117.498957,48.923159],[-117.430377,48.923168],[-117.429968,49.0003068698256],[-117.268247,48.999818],[-117.032351,48.999188],[-117.032939182117,48.8466679212015],[-117.033671,48.656902],[-117.035289,48.422732],[-117.041107,48.124904],[-117.041214453461,48.0454651038028],[-117.436993,48.047207],[-117.437629,48.134688],[-117.502371,48.134708],[-117.499975,48.656187],[-117.629241,48.655852],[-117.629421,48.742634]]]}},{"type":"Feature","properties":{"fips":"35039","name":"Rio Arriba","state":"NM"},"geometry":{"type":"Polygon","coordinates":[[[-107.618181,36.804267],[-107.597983,36.834302],[-107.451445,36.904036],[-107.457159,36.954964],[-107.420913,37.000005],[-106.877292,37.000139],[-106.869796,36.992426],[-106.476233588828,36.9937741005469],[-106.343139,36.99423],[-106.006316410798,36.9953866288173],[-105.971889,36.886247],[-105.984436,36.812065],[-105.972491,36.648088],[-105.938754,36.462402],[-105.959812,36.35442],[-106.058364,36.296978],[-105.856947,36.230434],[-105.735883,36.100133],[-105.53038,36.013014],[-105.568045,35.973796],[-105.717477,35.978741],[-105.716808,36.00232],[-106.071153,36.001573],[-106.054346,35.930783],[-106.245649,35.930742],[-106.248161,35.966327],[-106.247164,36.001434],[-106.885317,35.998969],[-106.885053,36.21657],[-107.624283,36.219809],[-107.618181,36.804267]]]}},{"type":"Feature","properties":{"fips":"41013","name":"Crook","state":"OR"},"geometry":{"type":"Polygon","coordinates":[[[-121.107534,44.3906],[-120.988375,44.390265],[-120.988824,44.476484],[-120.826899,44.476499],[-120.827555,44.562793],[-120.386561,44.564009],[-120.386074,44.436083],[-120.021621,44.438793],[-120.020708,44.389687],[-119.899283,44.389575],[-119.899002,44.30662],[-119.655517,44.307045],[-119.657183,43.95892],[-119.775402,43.959086],[-119.777528,43.697957],[-119.897434,43.6982],[-120.257777,43.698762],[-120.258386,43.785297],[-120.378107,43.785429],[-120.37874,43.872362],[-120.747848,43.871331],[-120.748249,43.95731],[-120.986587,43.960852],[-120.987271,44.134026],[-121.102773,44.138125],[-121.102781,44.169238],[-121.108537,44.218519],[-121.107534,44.3906]]]}},{"type":"Feature","properties":{"fips":"30037","name":"Golden Valley","state":"MT"},"geometry":{"type":"Polygon","coordinates":[[[-109.653871,46.219404],[-109.402906,46.219706],[-109.403544,46.490657],[-109.389163,46.693625],[-109.389208,46.751351],[-109.00957,46.750702],[-108.988995,46.577851],[-108.904904,46.576908],[-108.860801,46.451665],[-108.862277,46.364586],[-108.779272,46.277398],[-108.779733,46.132457],[-108.924589,46.13237],[-109.416227,46.132371],[-109.417158,46.044759],[-109.605153,46.044994],[-109.60419,46.132484],[-109.65384,46.132465],[-109.653871,46.219404]]]}},{"type":"Feature","properties":{"fips":"56021","name":"Laramie","state":"WY"},"geometry":{"type":"Polygon","coordinates":[[[-105.278236,41.656655],[-104.653338,41.653007],[-104.652992,41.565014],[-104.052634571633,41.5642757795737],[-104.052287,41.393307],[-104.052287134121,41.3932140001934],[-104.052453,41.278202],[-104.053142,41.114457],[-104.053249,41.001406],[-104.497058,41.001805],[-104.855273,40.998048],[-104.943371,40.9980741037298],[-105.276859994035,40.9981729176259],[-105.278236,41.656655]]]}},{"type":"Feature","properties":{"fips":"08045","name":"Garfield","state":"CO"},"geometry":{"type":"Polygon","coordinates":[[[-109.051066846273,39.4977388093662],[-109.050871925262,39.6604717771594],[-108.895728,39.650337],[-108.554627,39.650164],[-108.554722,39.69364],[-107.938546,39.694464],[-107.938502,39.824996],[-107.43177,39.828377],[-107.431665,39.917725],[-107.318751,39.914968],[-107.316993,40.090765],[-107.037363,40.091538],[-107.03205,40.002939],[-107.033968,39.918913],[-107.113672,39.919112],[-107.113872,39.62489],[-107.113446,39.366066],[-107.430949,39.366178],[-108.409607,39.365983],[-109.051223831017,39.3666775495863],[-109.051066846273,39.4977388093662]]]}},{"type":"Feature","properties":{"fips":"41049","name":"Morrow","state":"OR"},"geometry":{"type":"Polygon","coordinates":[[[-119.999505153462,45.8116849230819],[-119.965744,45.824365],[-119.868153889391,45.8382266026357],[-119.802655,45.84753],[-119.669877,45.856867],[-119.600549,45.919581],[-119.571584,45.925456],[-119.487829,45.906307],[-119.432138558816,45.9132091442339],[-119.43464,45.602985],[-119.248547,45.601935],[-119.248214,45.516076],[-119.145144,45.515909],[-119.146424,45.08294],[-119.162966,44.996241],[-119.643745,44.994596],[-119.672228,44.995117],[-119.791162,44.994755],[-119.790699,45.067823],[-119.759759,45.169211],[-119.883914,45.169152],[-119.882346,45.256916],[-120.006555,45.257706],[-119.999505153462,45.8116849230819]]]}},{"type":"Feature","properties":{"fips":"49025","name":"Kane","state":"UT"},"geometry":{"type":"Polygon","coordinates":[[[-112.901162,37.543486],[-112.68375,37.543692],[-112.381764,37.542777],[-111.840809,37.535795],[-110.646731,37.540566],[-110.664291,37.478001],[-110.745765,37.452673],[-110.699465,37.431662],[-110.739807,37.344765],[-110.804506,37.320931],[-110.856675,37.348529],[-110.902274,37.172765],[-110.950653,37.133895],[-111.049071,37.099623],[-111.165632,37.105309],[-111.250762024167,37.0007150407456],[-111.278286,37.000465],[-111.405869,37.001481],[-111.413013987341,37.0014775769675],[-112.35769,37.001025],[-112.538571,37.000744128882],[-112.545094,37.000734],[-112.829501944372,37.0003864013144],[-112.899190897616,37.0003012286284],[-112.900924,37.500022],[-112.901162,37.543486]]]}},{"type":"Feature","properties":{"fips":"04011","name":"Greenlee","state":"AZ"},"geometry":{"type":"Polygon","coordinates":[[[-109.49544,33.652697],[-109.480135,33.69141],[-109.364621,33.738756],[-109.348581,33.778123],[-109.046609005136,33.7774067975977],[-109.047298,33.409783],[-109.047237,33.208965],[-109.047236980528,33.2088950007083],[-109.04711706231,32.7777940009477],[-109.047117,32.77757],[-109.047612,32.426377],[-109.11418,32.426353],[-109.22607,32.529096],[-109.206249,32.635803],[-109.245005,32.741985],[-109.333425,32.843266],[-109.49574,33.078409],[-109.49544,33.652697]]]}},{"type":"Feature","properties":{"fips":"16087","name":"Washington","state":"ID"},"geometry":{"type":"Polygon","coordinates":[[[-117.243027,44.390974],[-117.215072,44.427162],[-117.225932,44.479389],[-117.167187,44.523431],[-117.14293,44.557236],[-117.094968,44.652011],[-117.062273,44.727143],[-117.013802,44.756841],[-116.9318,44.787181],[-116.889295186967,44.8405297781533],[-116.625034,44.838952],[-116.624153,44.663269],[-116.529167,44.615154],[-116.528898,44.491545],[-116.407648,44.444436],[-116.299876,44.444576],[-116.347394,44.322103],[-116.358492,44.151158],[-116.452068,44.151465],[-116.897854677115,44.1526663953914],[-116.895931,44.154295],[-116.902752,44.179467],[-116.965498,44.194126],[-116.971958,44.235677],[-117.059352,44.237244],[-117.121037,44.277585],[-117.170342,44.25889],[-117.216974,44.288357],[-117.211995506953,44.2964510959383],[-117.192203,44.32863],[-117.216911,44.360163],[-117.243027,44.390974]]]}},{"type":"Feature","properties":{"fips":"08053","name":"Hinsdale","state":"CO"},"geometry":{"type":"Polygon","coordinates":[[[-107.568875,37.965015],[-107.51088,38.060877],[-107.56862,38.147267],[-107.001119,38.147072],[-107.000602,37.956041],[-107.138191,37.938848],[-107.123868,37.675029],[-107.12868,37.422942],[-107.482131,37.422673],[-107.482179,37.639501],[-107.458114,37.782096],[-107.516547,37.826451],[-107.568875,37.965015]]]}},{"type":"Feature","properties":{"fips":"08099","name":"Prowers","state":"CO"},"geometry":{"type":"Polygon","coordinates":[[[-102.740464,37.824064],[-102.74233,38.266971],[-102.044650359147,38.2687492225031],[-102.044634270291,38.2624115677495],[-102.044255,38.113011],[-102.041965658628,37.7385405736382],[-102.041876,37.723875],[-102.041890869665,37.6442776852918],[-102.747615,37.643642],[-102.740464,37.824064]]]}},{"type":"Feature","properties":{"fips":"06025","name":"Imperial","state":"CA"},"geometry":{"type":"Polygon","coordinates":[[[-116.103338,33.074832],[-116.084895,33.425933],[-115.467506,33.426992],[-114.830833,33.430094],[-114.629146518189,33.4335449999998],[-114.635183,33.422726],[-114.673901,33.418299],[-114.725282,33.405048],[-114.707348,33.376628],[-114.707962,33.323421],[-114.723259,33.288079],[-114.674491,33.255597],[-114.678097,33.2303],[-114.679359,33.159519],[-114.706175,33.105335],[-114.670803,33.037984],[-114.628293,33.031052],[-114.575161,33.036542],[-114.517492069319,33.0247159744928],[-114.511343,33.023455],[-114.481315,32.972064],[-114.47664,32.923628],[-114.463127,32.901884],[-114.468971,32.845155],[-114.531746,32.782503],[-114.540260338478,32.7748291815141],[-114.570675,32.747417],[-114.615724877807,32.7412791646992],[-114.667493,32.734226],[-114.705717,32.741581],[-114.719633,32.718763],[-115.000802,32.699676],[-115.465164,32.6671],[-116.04662,32.623353],[-116.106175830742,32.6185783878213],[-116.103338,33.074832]]]}},{"type":"Feature","properties":{"fips":"16041","name":"Franklin","state":"ID"},"geometry":{"type":"Polygon","coordinates":[[[-112.126194,42.285229],[-111.983848,42.28555],[-111.896728,42.256276],[-111.875636,42.416158],[-111.733742,42.430635],[-111.599227,42.415395],[-111.552151,42.351386],[-111.626104,42.207542],[-111.599116,42.099006],[-111.521577,42.074437],[-111.507813035176,41.9996856683522],[-111.750778,41.99933],[-112.10944305582,41.9975984294066],[-112.109271,42.169911],[-112.070959,42.238263],[-112.126194,42.285229]]]}},{"type":"Feature","properties":{"fips":"16077","name":"Power","state":"ID"},"geometry":{"type":"Polygon","coordinates":[[[-113.243478,43.110946],[-113.007712,43.110933],[-113.00776,42.863051],[-112.816578,42.863231],[-112.750562,42.951528],[-112.747491,42.912735],[-112.558693,42.961247],[-112.515519,42.909975],[-112.49691,42.733013],[-112.37967,42.646273],[-112.419825,42.503038],[-112.498139,42.502967],[-112.497849,42.415998],[-112.653989,42.416169],[-112.654028,42.328872],[-112.999965,42.327427],[-113.002792,42.588003],[-113.175678,42.589464],[-113.236968,42.625254],[-113.178633,42.67546],[-113.178877,42.762355],[-113.236943,42.762212],[-113.243478,43.110946]]]}},{"type":"Feature","properties":{"fips":"06077","name":"San Joaquin","state":"CA"},"geometry":{"type":"Polygon","coordinates":[[[-121.580022,38.094414],[-121.475718,38.25809],[-121.344024,38.22826],[-121.173079,38.255208],[-121.027084,38.300252],[-120.995497,38.225402],[-120.942113,38.096328],[-120.926449,38.077421],[-120.923251,37.793571],[-120.92058,37.73846],[-120.995754,37.760152],[-121.110248,37.730128],[-121.151046,37.719477],[-121.181124,37.688092],[-121.241219,37.664009],[-121.471925,37.481783],[-121.556655,37.542732],[-121.556958,37.703581],[-121.556997,37.816488],[-121.534247,37.849891],[-121.579503,37.861072],[-121.572824,37.904301],[-121.556419,37.923302],[-121.557583,37.946496],[-121.579943,37.976113],[-121.557554,38.017037],[-121.580022,38.094414]]]}},{"type":"Feature","properties":{"fips":"49049","name":"Utah","state":"UT"},"geometry":{"type":"Polygon","coordinates":[[[-112.212254,40.459114],[-112.172862,40.467065],[-111.982136,40.414217],[-111.913313,40.452523],[-111.605938,40.564388],[-111.593879,40.577063],[-111.57481,40.486866],[-111.620952,40.449777],[-111.555235,40.362696],[-111.480337,40.362169],[-111.457316,40.300714],[-111.313431,40.287255],[-111.225865,40.167697],[-111.249339,40.055217],[-111.083061,39.943198],[-111.083102,39.900059],[-110.891655,39.899654],[-110.857647,39.899707],[-110.85778,39.813285],[-111.247496,39.813028],[-111.641944,39.812869],[-111.766343,39.810625],[-111.738,39.864107],[-111.823919,39.947696],[-112.0262,39.782686],[-112.089843,39.781928],[-112.053511,39.893397],[-112.1798,40.011656],[-112.146856,40.177817],[-112.179693,40.23224],[-112.175533,40.335837],[-112.212254,40.459114]]]}},{"type":"Feature","properties":{"fips":"35045","name":"San Juan","state":"NM"},"geometry":{"type":"Polygon","coordinates":[[[-109.045729,36.117028],[-109.045433,36.874589],[-109.045223,36.999084],[-108.620309,36.999287],[-108.379302950094,36.9995646863115],[-108.000623,37.000001],[-107.481736999155,37.0000045803143],[-107.420913,37.000005],[-107.457159,36.954964],[-107.451445,36.904036],[-107.597983,36.834302],[-107.618181,36.804267],[-107.624283,36.219809],[-107.626511,36.000288],[-109.045871168205,36.002701630519],[-109.045729,36.117028]]]}},{"type":"Feature","properties":{"fips":"35057","name":"Torrance","state":"NM"},"geometry":{"type":"Polygon","coordinates":[[[-106.464547,34.811026],[-106.463868,34.870194],[-106.411781,34.870252],[-106.149737,34.870142],[-106.149828,34.953462],[-106.243762,34.953355],[-106.243874,35.040003],[-106.029524,35.040678],[-105.714419,35.041605],[-105.290791,35.04203],[-105.290396,34.606766],[-105.312765,34.606951],[-105.313072,34.347205],[-105.313218,34.260031],[-105.925968,34.25999],[-106.415972,34.259822],[-106.416924,34.439687],[-106.416881,34.521715],[-106.46979,34.521217],[-106.464547,34.811026]]]}},{"type":"Feature","properties":{"fips":"56027","name":"Niobrara","state":"WY"},"geometry":{"type":"Polygon","coordinates":[[[-104.899941,43.49964],[-104.054794284348,43.503327530406],[-104.054684568427,43.477815541711],[-104.053876,43.289801],[-104.053127,43.000585],[-104.052586,42.630917],[-104.052662191568,42.6117663005415],[-104.655639,42.609468],[-104.892437,42.608939],[-104.89848,42.78303],[-104.899941,43.49964]]]}},{"type":"Feature","properties":{"fips":"06001","name":"Alameda","state":"CA"},"geometry":{"type":"Polygon","coordinates":[[[-122.333711,37.809797],[-122.303931,37.830087],[-122.328714287407,37.8938323463208],[-122.27108,37.905824],[-122.225876,37.87962],[-122.185116,37.837353],[-122.177873,37.816323],[-122.045473,37.798126],[-121.940195,37.723484],[-121.850727,37.744942],[-121.556997,37.816488],[-121.556958,37.703581],[-121.556655,37.542732],[-121.471925,37.481783],[-121.472648,37.48217],[-121.855762,37.484537],[-121.870115,37.480729],[-121.925041,37.454186],[-122.059673,37.464087],[-122.081473,37.477838],[-122.11724,37.506721],[-122.129199702224,37.5213219985908],[-122.111998,37.528851],[-122.144396,37.581866],[-122.152905,37.640771],[-122.162802507492,37.6672729813177],[-122.163049,37.667933],[-122.213774,37.698695],[-122.24981,37.726406],[-122.252452,37.755129],[-122.312974,37.777244],[-122.333711,37.809797]]]}},{"type":"Feature","properties":{"fips":"35006","name":"Cibola","state":"NM"},"geometry":{"type":"Polygon","coordinates":[[[-109.045851,34.959718],[-109.045851235183,34.9598185158367],[-108.469402,34.959081],[-108.468683,35.299243],[-108.468715,35.306658],[-107.734224,35.304987],[-107.734241,35.348145],[-107.628313,35.348314],[-107.628788,35.304333],[-107.309386,35.305687],[-107.23889,35.305507],[-107.197244,35.219459],[-107.066562,34.95719],[-107.202882,34.957572],[-107.201743,34.578757],[-107.691565,34.579425],[-107.724794,34.578132],[-109.046138935363,34.5792910128179],[-109.045851,34.959718]]]}},{"type":"Feature","properties":{"fips":"30007","name":"Broadwater","state":"MT"},"geometry":{"type":"Polygon","coordinates":[[[-111.787949,46.569465],[-111.631906,46.569972],[-111.639261,46.73818],[-111.602294,46.778261],[-111.498095,46.762502],[-111.455397,46.742533],[-111.411196,46.639976],[-111.330729,46.633765],[-111.344946,46.54594],[-111.257378,46.498485],[-111.246519,46.438109],[-111.125122,46.439755],[-111.057065,46.403128],[-111.126849,46.273105],[-111.075133,46.250799],[-111.061956,46.192834],[-111.346652,46.187785],[-111.349372,46.122607],[-111.423831,46.061951],[-111.419618,45.996322],[-111.587696,45.906682],[-111.660057,45.8335],[-111.660422,46.049192],[-111.784565,46.049813],[-111.787949,46.569465]]]}},{"type":"Feature","properties":{"fips":"53053","name":"Pierce","state":"WA"},"geometry":{"type":"Polygon","coordinates":[[[-122.852917,47.256462],[-122.801199,47.403578],[-122.536993,47.403355],[-122.523572,47.324175],[-122.437252,47.333717],[-122.334914,47.257366],[-122.294853,47.257246],[-122.229495,47.257556],[-122.208347,47.257474],[-122.143976,47.257526],[-122.048073,47.171396],[-121.934881,47.138219],[-121.796464,47.173059],[-121.630993,47.153513],[-121.581673,47.118648],[-121.379961,47.087248],[-121.456447,46.923577],[-121.52307,46.872783],[-121.455218,46.783797],[-121.758593,46.783791],[-121.84189,46.728455],[-122.203115,46.763061],[-122.265906,46.765472],[-122.303576,46.828117],[-122.490888,46.867452],[-122.560436,46.933457],[-122.566132,46.94425],[-122.637396,46.977097],[-122.759505,47.141315],[-122.820576,47.19422],[-122.852917,47.256462]]]}},{"type":"Feature","properties":{"fips":"49053","name":"Washington","state":"UT"},"geometry":{"type":"Polygon","coordinates":[[[-114.052472,37.604776],[-113.587797,37.604611],[-113.474485,37.618289],[-113.474029,37.529085],[-113.25334,37.528983],[-113.25349,37.482167],[-113.037048,37.474474],[-113.037088,37.499748],[-112.900924,37.500022],[-112.899190897616,37.0003012286284],[-112.966471,37.000219],[-113.965907,37.000025],[-114.0506,37.000396],[-114.051749,37.088434],[-114.051974,37.284511],[-114.052701,37.492014],[-114.052472,37.604776]]]}},{"type":"Feature","properties":{"fips":"30043","name":"Jefferson","state":"MT"},"geometry":{"type":"Polygon","coordinates":[[[-112.598092,46.236547],[-112.558599,46.265821],[-112.570046,46.304972],[-112.449521,46.334098],[-112.310573,46.421171],[-112.176235,46.456342],[-112.205757,46.499748],[-112.083441,46.516663],[-112.029231,46.568805],[-111.787949,46.569465],[-111.784565,46.049813],[-111.660422,46.049192],[-111.660057,45.8335],[-111.705467,45.795738],[-111.805259,45.798306],[-111.926965,45.855694],[-112.085801,45.851101],[-112.190269,45.748503],[-112.414212,45.836684],[-112.404349,45.888049],[-112.519997,46.136394],[-112.505191,46.184221],[-112.577106,46.178981],[-112.598092,46.236547]]]}},{"type":"Feature","properties":{"fips":"53063","name":"Spokane","state":"WA"},"geometry":{"type":"Polygon","coordinates":[[[-117.820947,47.825775],[-117.697774,47.856278],[-117.535262,47.794458],[-117.537069,48.047865],[-117.436993,48.047207],[-117.041214453461,48.0454651038028],[-117.041306446459,47.9774559200268],[-117.041634,47.7353],[-117.040490375568,47.366028886698],[-117.040159751863,47.259272],[-117.823629,47.26022],[-117.820947,47.825775]]]}},{"type":"Feature","properties":{"fips":"53005","name":"Benton","state":"WA"},"geometry":{"type":"Polygon","coordinates":[[[-119.874042,46.628283],[-119.618479,46.647583],[-119.511388,46.727687],[-119.45319,46.679243],[-119.403042,46.613043],[-119.269042,46.51917],[-119.269368,46.370295],[-119.265854,46.273988],[-119.041498,46.192667],[-118.974664,46.139523],[-118.941323,46.027528],[-118.987227539565,45.9998002135237],[-119.061462,45.958527],[-119.12612,45.932859],[-119.25715,45.939926],[-119.364396,45.921605],[-119.432138558816,45.9132091442339],[-119.487829,45.906307],[-119.571584,45.925456],[-119.600549,45.919581],[-119.669877,45.856867],[-119.802655,45.84753],[-119.868153889391,45.8382266026357],[-119.865829,46.040858],[-119.874042,46.628283]]]}},{"type":"Feature","properties":{"fips":"41025","name":"Harney","state":"OR"},"geometry":{"type":"Polygon","coordinates":[[[-119.931595,42.917005],[-119.932611,43.178963],[-119.896969,43.179017],[-119.896581,43.611164],[-119.897434,43.6982],[-119.777528,43.697957],[-119.775402,43.959086],[-119.657183,43.95892],[-118.816931,43.960733],[-118.81689,44.047828],[-118.587125,44.040266],[-118.227645,44.039862],[-118.2321,43.770829],[-118.216832,42.914703],[-118.214698,42.275891],[-118.195311,42.267119],[-118.197369215928,41.9969940811635],[-118.501002,41.995446],[-118.775869,41.992692],[-119.001022,41.993793],[-119.20828,41.993177],[-119.324184120439,41.9938756277933],[-119.360123119603,41.9940922549812],[-119.365337,42.748958],[-119.943779,42.746371],[-119.931595,42.917005]]]}},{"type":"Feature","properties":{"fips":"08009","name":"Baca","state":"CO"},"geometry":{"type":"Polygon","coordinates":[[[-103.075938,37.64342],[-102.747615,37.643642],[-102.041890869665,37.6442776852918],[-102.041938522874,37.3891900553938],[-102.041963,37.258164],[-102.041983,37.106551],[-102.04192,37.035083],[-102.04224,36.993083],[-102.355288,36.994506],[-102.698142,36.995149],[-102.841989,36.999598],[-103.002199,37.000104],[-103.086101075631,36.9998643611064],[-103.075938,37.64342]]]}},{"type":"Feature","properties":{"fips":"04019","name":"Pima","state":"AZ"},"geometry":{"type":"Polygon","coordinates":[[[-113.333894,32.505188],[-112.625204,32.505355],[-112.203624,32.506721],[-111.569256,32.506769],[-111.465685,32.501342],[-111.351577,32.50139],[-111.157493,32.511255],[-110.451522,32.513995],[-110.451002,32.427546],[-110.4523,31.731219],[-111.05804,31.72623],[-111.164183,31.72589],[-111.163717,31.521724],[-111.366922,31.521361],[-111.366782684389,31.4247651231261],[-112.365043,31.74113],[-113.333767973058,32.0402490801033],[-113.333894,32.505188]]]}},{"type":"Feature","properties":{"fips":"32005","name":"Douglas","state":"NV"},"geometry":{"type":"Polygon","coordinates":[[[-120.002614842913,39.1126893740958],[-119.761213,39.114009],[-119.550386,39.086259],[-119.310841,39.084681],[-119.310541,38.990915],[-119.401852,38.983651],[-119.440148,38.852955],[-119.405969,38.733543],[-119.349893,38.736227],[-119.329639,38.588066],[-119.330366469799,38.5355095158185],[-119.585406144839,38.7131509006712],[-119.587679,38.714734],[-119.904315,38.933324],[-120.001014,38.999574],[-120.001975250867,39.0674958744683],[-120.002614842913,39.1126893740958]]]}},{"type":"Feature","properties":{"fips":"41005","name":"Clackamas","state":"OR"},"geometry":{"type":"Polygon","coordinates":[[[-122.867891,45.317345],[-122.846433,45.346112],[-122.743741,45.332067],[-122.743721,45.433294],[-122.648787,45.432811],[-122.571309,45.461392],[-122.548002,45.461045],[-121.852796,45.460236],[-121.819587,45.461675],[-121.696925,45.373564],[-121.696479,45.25792],[-121.698375,45.226448],[-121.748245,45.2051],[-121.731438,45.170633],[-121.712219,45.153424],[-121.70805,45.134055],[-121.693387,45.116934],[-121.685005,45.12369],[-121.665717,45.11972],[-121.651394,45.088803],[-121.65871,45.066355],[-121.687234,45.067371],[-121.72235,45.046023],[-121.716996,45.038037],[-121.740994,45.034428],[-121.804921,45.012382],[-121.765322,44.885719],[-122.401021,44.88572],[-122.394341,44.898972],[-122.535999,44.937161],[-122.595523,45.019679],[-122.705115,45.059023],[-122.788546,45.130164],[-122.747151,45.223337],[-122.73926,45.259532],[-122.832856,45.274053],[-122.849925,45.259697],[-122.867891,45.317345]]]}},{"type":"Feature","properties":{"fips":"30011","name":"Carter","state":"MT"},"geometry":{"type":"Polygon","coordinates":[[[-105.038205,45.352035],[-104.987318,45.35204],[-104.98194,45.786982],[-104.939289,45.786964],[-104.939205,46.136575],[-104.885495,46.136595],[-104.516126,46.136196],[-104.516078,46.054844],[-104.390744,46.054826],[-104.390876,45.970363],[-104.134842,45.968833],[-104.134826,45.881928],[-104.044133156107,45.8819762583498],[-104.043776,45.864707],[-104.042597,45.749998],[-104.041937,45.557915],[-104.041764,45.490789],[-104.040358,45.335946],[-104.040135756493,45.2128907620416],[-104.039977,45.124988],[-104.039138,44.99852],[-104.057698,44.997431],[-105.025266,45.00029],[-105.038252188274,45.0002916729918],[-105.038205,45.352035]]]}},{"type":"Feature","properties":{"fips":"41009","name":"Columbia","state":"OR"},"geometry":{"type":"Polygon","coordinates":[[[-123.363744507266,46.1462431943485],[-123.280166,46.144843],[-123.212493591209,46.1710964584003],[-123.166414,46.188973],[-123.115904,46.185268],[-123.004233,46.133823],[-122.962681,46.104817],[-122.904119,46.083734],[-122.856158,46.014469],[-122.813998,45.960984],[-122.81151,45.912725],[-122.785026,45.867699],[-122.788086362595,45.8510074543561],[-122.795605,45.81],[-122.761451,45.759163],[-122.76651077133,45.7286625744452],[-122.788101,45.720966],[-122.929146,45.721482],[-123.030873,45.779159],[-123.361622,45.779579],[-123.363744507266,46.1462431943485]]]}},{"type":"Feature","properties":{"fips":"32029","name":"Storey","state":"NV"},"geometry":{"type":"Polygon","coordinates":[[[-119.712645,39.250871],[-119.658501,39.331544],[-119.695643,39.520023],[-119.621697,39.511602],[-119.540855,39.563706],[-119.283116,39.622317],[-119.478792,39.337851],[-119.712112,39.251046],[-119.712645,39.250871]]]}},{"type":"Feature","properties":{"fips":"30111","name":"Yellowstone","state":"MT"},"geometry":{"type":"Polygon","coordinates":[[[-108.924589,46.13237],[-108.779733,46.132457],[-108.404795,46.132952],[-108.404856,46.23596],[-108.320812,46.263997],[-108.029363,46.264055],[-108.011948,46.336813],[-107.928547,46.395284],[-107.782087,46.395182],[-107.781214,46.496014],[-107.738548,46.481806],[-107.612411,46.351557],[-107.466131,46.177774],[-107.511534,46.043403],[-107.674454,46.04361],[-107.674468,45.985759],[-107.798753,45.98568],[-107.798821,45.956723],[-107.881873,45.928149],[-107.881846,45.899233],[-108.047352,45.899479],[-108.069572,45.783507],[-108.069752,45.518535],[-108.193191,45.489526],[-108.316245,45.489503],[-108.316374,45.460509],[-108.645325,45.464073],[-108.699283,45.522629],[-108.801761,45.551965],[-108.782,45.638639],[-108.843016,45.611042],[-108.904837,45.681894],[-108.901655,45.959416],[-108.924589,46.13237]]]}},{"type":"Feature","properties":{"fips":"06055","name":"Napa","state":"CA"},"geometry":{"type":"Polygon","coordinates":[[[-122.626772,38.67078],[-122.464115,38.706134],[-122.374235,38.811787],[-122.395312,38.863994],[-122.287655,38.839975],[-122.134387,38.604634],[-122.104128,38.513362],[-122.126401,38.429168],[-122.064842,38.315912],[-122.206068,38.315775],[-122.19538,38.155017],[-122.406786,38.155632],[-122.349744,38.193935],[-122.394612,38.304724],[-122.529625,38.469593],[-122.64661,38.599113],[-122.626772,38.67078]]]}},{"type":"Feature","properties":{"fips":"08014","name":"Broomfield","state":"CO"},"geometry":{"type":"Polygon","coordinates":[[[-105.147143,39.913889],[-105.121943,39.95416],[-105.113921,39.92895],[-105.113762,39.928615],[-105.11184,39.927081],[-105.109414,39.925475],[-105.109409,39.925859],[-105.109406,39.926114],[-105.110894,39.927071],[-105.111873,39.92805],[-105.11325,39.930656],[-105.113419,39.93186],[-105.113027,39.932755],[-105.112296,39.933447],[-105.109235,39.935553],[-105.072002,39.95767],[-105.083117,39.957796],[-105.084439,39.958489],[-105.088693,39.958424],[-105.080023,39.961452],[-105.067304,39.97138],[-105.058553,39.97526],[-105.052823,40.00026],[-104.989647,40.007679],[-104.978526,40.043888],[-104.961099,40.041768],[-104.961405,40.000337],[-105.015845,39.981193],[-105.052892,39.914224],[-105.165571,39.892495],[-105.147143,39.913889]],[[-104.979917,40.029486],[-104.973074,40.029512],[-104.97305,40.033037],[-104.97803,40.033451],[-104.979886,40.033051],[-104.979917,40.029486]]]}},{"type":"Feature","properties":{"fips":"06017","name":"El Dorado","state":"CA"},"geometry":{"type":"Polygon","coordinates":[[[-121.141595,38.711939],[-121.087341,38.833274],[-121.060916,38.845613],[-121.040406,38.915651],[-120.940281,38.962339],[-120.858903,38.952256],[-120.812295,39.000133],[-120.746395,39.010352],[-120.642458,38.944404],[-120.563747,38.913705],[-120.470985,38.965507],[-120.43524,39.028397],[-120.184098,39.031014],[-120.143663,39.067285],[-120.001975250867,39.0674958744683],[-120.001014,38.999574],[-119.904315,38.933324],[-119.877287,38.870193],[-119.964948,38.775986],[-120.072392,38.702767],[-120.077639,38.708887],[-120.140084,38.638374],[-120.212787,38.629371],[-120.317142,38.54511],[-120.567475,38.507339],[-120.627604,38.503143],[-120.812953,38.562209],[-120.927113,38.514965],[-121.027507,38.508292],[-121.04137,38.540745],[-121.119049,38.717863],[-121.141595,38.711939]]]}},{"type":"Feature","properties":{"fips":"16003","name":"Adams","state":"ID"},"geometry":{"type":"Polygon","coordinates":[[[-116.865338,44.870599],[-116.833632,44.928976],[-116.858313,44.978761],[-116.841314,45.030907],[-116.78371,45.076972],[-116.783128263267,45.07771250501],[-116.754643,45.113972],[-116.696047,45.254679],[-116.690916254858,45.2689841379699],[-116.342876,45.267872],[-116.285969,45.128732],[-116.144386,45.107651],[-116.089118,45.063617],[-116.197011,44.864216],[-116.211211,44.780872],[-116.157627,44.702027],[-116.183571,44.583655],[-116.157022,44.498928],[-116.213314,44.510813],[-116.299876,44.444576],[-116.407648,44.444436],[-116.528898,44.491545],[-116.529167,44.615154],[-116.624153,44.663269],[-116.625034,44.838952],[-116.889295186967,44.8405297781533],[-116.865338,44.870599]]]}},{"type":"Feature","properties":{"fips":"49033","name":"Rich","state":"UT"},"geometry":{"type":"Polygon","coordinates":[[[-111.510815,41.423138],[-111.443105,41.531325],[-111.401587,41.654193],[-111.461103,41.818262],[-111.502072,41.85043],[-111.471501,41.928234],[-111.507806195687,41.9996856783643],[-111.471381,41.999739],[-111.374129,42.000893],[-111.046689,42.001567],[-111.045818464842,41.5798449482258],[-111.045789,41.565571],[-111.0466,41.360692],[-111.046636983126,41.2516269562514],[-111.232824,41.142881],[-111.264974,41.144044],[-111.221738,41.214956],[-111.281298,41.22497],[-111.294886,41.329969],[-111.420728,41.361308],[-111.477618,41.384348],[-111.510815,41.423138]]]}},{"type":"Feature","properties":{"fips":"08027","name":"Custer","state":"CO"},"geometry":{"type":"Polygon","coordinates":[[[-105.796897,38.265047],[-105.049215,38.257973],[-105.049917,37.915479],[-105.168652,38.018946],[-105.285076,37.899421],[-105.317081,37.938949],[-105.473204,37.89597],[-105.583922,37.967196],[-105.67627,38.146173],[-105.796897,38.265047]]]}},{"type":"Feature","properties":{"fips":"49057","name":"Weber","state":"UT"},"geometry":{"type":"Polygon","coordinates":[[[-112.493515,41.076888],[-112.238164,41.336551],[-112.028672,41.336512],[-111.963422,41.365121],[-111.9591,41.433706],[-111.885532,41.426343],[-111.76059,41.368818],[-111.666928,41.428802],[-111.510815,41.423138],[-111.477618,41.384348],[-111.420728,41.361308],[-111.497182,41.226905],[-111.596389,41.238737],[-111.678089,41.181218],[-111.799956,41.217199],[-111.872926,41.18755],[-111.856247,41.139083],[-112.186693,41.153028],[-112.451621,41.087334],[-112.493515,41.076888]]]}},{"type":"Feature","properties":{"fips":"08057","name":"Jackson","state":"CO"},"geometry":{"type":"Polygon","coordinates":[[[-106.860377948665,41.0007186292371],[-106.321169215914,40.998215011068],[-106.217573,40.997734],[-106.190554078709,40.9977466125744],[-106.185307,40.933973],[-106.047971,40.804643],[-105.910892,40.56642],[-105.907857,40.515493],[-105.854926,40.486252],[-105.891754,40.476661],[-105.905068,40.398816],[-105.959659,40.348149],[-106.018622,40.373295],[-106.230074,40.323382],[-106.351456,40.355837],[-106.44342,40.346533],[-106.489842,40.411578],[-106.612321,40.379383],[-106.652112,40.445231],[-106.653113,40.494732],[-106.706149,40.616597],[-106.636922,40.789489],[-106.654541,40.849117],[-106.691669,40.888192],[-106.739341,40.870843],[-106.82503,40.932119],[-106.852349,40.925183],[-106.860377948665,41.0007186292371]]]}},{"type":"Feature","properties":{"fips":"49017","name":"Garfield","state":"UT"},"geometry":{"type":"Polygon","coordinates":[[[-112.689297,37.80559],[-112.57855,37.80454],[-112.588517,37.890367],[-112.4683,37.890463],[-112.478822,38.147419],[-112.444214,38.150001],[-111.951281,38.146087],[-111.843215,38.151233],[-111.635195,38.150138],[-110.65613,38.151811],[-109.927974,38.151751],[-110.013571,38.108128],[-110.076563,37.999655],[-110.136293,38.005153],[-110.201849,37.946877],[-110.208795,37.894071],[-110.404221,37.880946],[-110.432046,37.778655],[-110.486338,37.674369],[-110.603788,37.602115],[-110.646731,37.540566],[-111.840809,37.535795],[-112.381764,37.542777],[-112.68375,37.543692],[-112.689297,37.80559]]]}},{"type":"Feature","properties":{"fips":"15003","name":"Honolulu","state":"HI"},"geometry":{"type":"Polygon","coordinates":[[[-158.232192,21.583806],[-158.12561,21.586739],[-158.079895,21.628101],[-158.050692,21.671215],[-157.9923,21.708],[-157.968628,21.712704],[-157.924591,21.651183],[-157.87735,21.575277],[-157.836945,21.529945],[-157.84549,21.466747],[-157.8139,21.4403],[-157.764572,21.461335],[-157.722506,21.459225],[-157.724324,21.403311],[-157.7106,21.3585],[-157.6518,21.3139],[-157.655030363263,21.3093885180138],[-157.673069,21.284196],[-157.7001,21.264],[-157.7572,21.278],[-157.779944,21.265252],[-157.8096,21.2577],[-157.851048,21.28453],[-157.89,21.3065],[-157.950736,21.312509],[-157.981525,21.315898],[-158.0245,21.3093],[-158.086647020146,21.2990720421389],[-158.0883,21.2988],[-158.1033,21.2979],[-158.129371,21.344818],[-158.1403,21.3738],[-158.1792,21.4043],[-158.182648,21.430073],[-158.233,21.4876],[-158.231171,21.523857],[-158.277679,21.578789],[-158.232192,21.583806]]]}},{"type":"Feature","properties":{"fips":"02122","name":"Kenai Peninsula","state":"AK"},"geometry":{"type":"MultiPolygon","coordinates":[[[[-151.96313,59.344958],[-151.886513,59.421033],[-151.742915,59.468286],[-151.516339,59.52352],[-151.327803,59.573047],[-151.205459,59.630284],[-151.296895,59.696861],[-151.448669,59.648171],[-151.643061,59.646966],[-151.746815,59.686234],[-151.869468,59.769159],[-151.813619,59.844297],[-151.757693,59.917637],[-151.71801,60.009473],[-151.606881,60.099558],[-151.421702,60.212931],[-151.381959,60.296951],[-151.366874,60.372655],[-151.30609,60.387257],[-151.28181,60.496034],[-151.303125,60.561326],[-151.350154,60.63466],[-151.410273,60.711023],[-151.370515,60.733572],[-151.261319,60.769801],[-151.062558,60.787429],[-150.895508,60.853166],[-150.705812,60.937792],[-150.501923,61.007957],[-150.401859,61.036227],[-150.341709,61.024201],[-150.194128,60.90134],[-150.109276,60.890357],[-149.985374,60.879033],[-149.900135,60.940043],[-149.853693,60.967395],[-149.748463763199,61.0012376770684],[-149.359399,60.90633],[-149.181942,60.906317],[-149.03408,60.848534],[-149.037741,60.732987],[-148.745618,60.733007],[-148.657119,60.732976],[-148.66447,60.415183],[-148.563715,60.415172],[-148.563026,60.126314],[-148.58618,59.938585],[-148.649529585787,59.9235531800999],[-148.689496,59.944701],[-148.801325,59.952794],[-148.859556,59.924398],[-148.936406,59.953429],[-149.036467,59.942137],[-149.123262,59.968559],[-149.221067,59.938748],[-149.270623,59.872067],[-149.376593,59.835879],[-149.472227,59.903693],[-149.572714,59.852317],[-149.595531,59.79772],[-149.506758,59.770927],[-149.527793,59.706846],[-149.626311,59.73441],[-149.731966,59.706783],[-149.74622,59.637585],[-149.842672,59.7013],[-149.919444,59.691836],[-150.002337,59.630563],[-150.133747,59.556786],[-150.280838,59.466833],[-150.297108,59.424747],[-150.358992,59.399684],[-150.385341,59.341963],[-150.430144,59.343357],[-150.477717,59.422111],[-150.4989,59.456298],[-150.581182,59.445233],[-150.609488,59.386314],[-150.680872,59.305412],[-150.721799,59.292087],[-150.822768,59.330763],[-150.912817,59.305214],[-150.887821,59.26792],[-150.942212,59.233136],[-151.001196,59.224149],[-151.126247,59.209923],[-151.287771,59.219417],[-151.341601,59.222231],[-151.470623,59.242621],[-151.43339,59.135517],[-151.662368,59.089735],[-151.858124,59.144234],[-151.915684,59.227522],[-151.984101,59.278696],[-151.96313,59.344958]]],[[[-152.064099,60.417137],[-151.952456,60.510609],[-151.839194,60.485862],[-151.891542,60.440177],[-151.956263,60.367841],[-152.079995,60.341191],[-152.064099,60.417137]]],[[[-153.597411,59.386827],[-153.489005,59.41523],[-153.412493,59.415105],[-153.347772,59.377985],[-153.386898,59.33075],[-153.515286,59.320878],[-153.546695,59.331348],[-153.597411,59.386827]]],[[[-154.748861,59.259518],[-154.412013,59.259524],[-154.412028,59.432882],[-154.123321,59.432887],[-154.123327,59.519552],[-153.953181,59.519569],[-153.953198,59.692918],[-153.783068,59.692926],[-153.78307,59.779597],[-153.656977,59.779607],[-153.65698,60.126277],[-153.528392,60.126281],[-153.528441,60.472939],[-153.397276,60.472948],[-153.440886,60.819578],[-153.440884,60.906236],[-153.485584,61.166193],[-153.485575,61.426153],[-153.001736,61.426172],[-151.857505,61.426218],[-151.332784,61.426239],[-151.332802,61.252936],[-150.974014,61.25294],[-150.974011916343,61.1944672986995],[-151.047736,61.16089],[-151.121692,61.083574],[-151.166606,61.046404],[-151.252384,61.039968],[-151.349004,61.010004],[-151.4803,61.010902],[-151.600126,60.965589],[-151.720815,60.904257],[-151.800264,60.853672],[-151.77731,60.810461],[-151.703802,60.732376],[-151.716379,60.710415],[-151.89792,60.72175],[-152.039381,60.660517],[-152.13616,60.578475],[-152.261497,60.538237],[-152.331365,60.473525],[-152.30195,60.414328],[-152.234199,60.393888],[-152.376743,60.345613],[-152.411281,60.287864],[-152.539843,60.241644],[-152.574938,60.206451],[-152.57873,60.16987],[-152.550177,60.113715],[-152.575153,60.04826],[-152.679402,59.968054],[-152.700822,59.920309],[-152.860867,59.875033],[-152.967267,59.881494],[-153.009084,59.830643],[-153.016353,59.751127],[-153.051559,59.691562],[-153.155019,59.654344],[-153.240018,59.632426],[-153.308837,59.625706],[-153.409422,59.636328],[-153.542466,59.630236],[-153.553163,59.597046],[-153.577828,59.555991],[-153.684925,59.552865],[-153.76148,59.543411],[-153.699025,59.463603],[-153.747201,59.429657],[-153.862199,59.424124],[-153.925307,59.405254],[-153.998506,59.384723],[-154.030807,59.32704],[-154.122681,59.287622],[-154.141192,59.216598],[-154.172944,59.172496],[-154.180691,59.123235],[-154.063489,59.07214],[-153.932824,59.062677],[-153.793972,59.071416],[-153.695664,59.073994],[-153.596489,59.000192],[-153.479939,58.995286],[-153.393101,58.951097],[-153.322843,58.907849],[-153.267407,58.867218],[-153.294436234906,58.855036],[-153.639403,58.855029],[-153.639027,58.73945],[-153.817076,58.739446],[-153.817076,58.65276],[-154.312354,58.652751],[-154.642545,58.652747],[-154.695036,58.739431],[-154.695105,59.086159],[-154.748834,59.086159],[-154.748861,59.259518]]]]}},{"type":"Feature","properties":{"fips":"08115","name":"Sedgwick","state":"CO"},"geometry":{"type":"Polygon","coordinates":[[[-102.653464137269,41.0022253241436],[-102.621033024452,41.0022232026156],[-102.556789,41.002219],[-102.051717521832,41.0023769676222],[-102.051614,41.002377],[-102.051292,40.749591],[-102.65131,40.749402],[-102.653464137269,41.0022253241436]]]}},{"type":"Feature","properties":{"fips":"30059","name":"Meagher","state":"MT"},"geometry":{"type":"Polygon","coordinates":[[[-111.658132,46.913423],[-111.539214,46.913371],[-111.539373,47.000559],[-111.285268,47.001026],[-111.158386,47.011771],[-111.158559,47.088301],[-111.080621,47.087781],[-111.104937,47.028806],[-110.913035,46.980559],[-110.856038,46.921347],[-110.752715,46.890184],[-110.751586,46.844531],[-110.652877,46.823626],[-110.466812,46.678795],[-110.328511,46.673178],[-110.273337,46.710509],[-110.281971,46.220605],[-110.281916,46.184397],[-110.409271,46.192065],[-110.783833,46.192699],[-111.061956,46.192834],[-111.075133,46.250799],[-111.126849,46.273105],[-111.057065,46.403128],[-111.125122,46.439755],[-111.246519,46.438109],[-111.257378,46.498485],[-111.344946,46.54594],[-111.330729,46.633765],[-111.411196,46.639976],[-111.455397,46.742533],[-111.498095,46.762502],[-111.496029,46.790273],[-111.639502,46.832134],[-111.658132,46.913423]]]}},{"type":"Feature","properties":{"fips":"56011","name":"Crook","state":"WY"},"geometry":{"type":"Polygon","coordinates":[[[-105.085451,44.786801],[-105.076600952254,45.0002966134074],[-105.038252188274,45.0002916729918],[-105.025266,45.00029],[-104.057698,44.997431],[-104.05581,44.691343],[-104.055695199261,44.5709903771422],[-104.055389,44.249983],[-104.055406377827,44.1803828740957],[-104.375484,44.181622],[-105.079281,44.176182],[-105.085451,44.786801]]]}},{"type":"Feature","properties":{"fips":"30023","name":"Deer Lodge","state":"MT"},"geometry":{"type":"Polygon","coordinates":[[[-113.517409,45.940089],[-113.378448,46.01863],[-113.278012,46.045268],[-113.284532,46.222783],[-113.036818,46.22333],[-113.036825,46.266826],[-112.558599,46.265821],[-112.598092,46.236547],[-112.577106,46.178981],[-112.681004,46.135672],[-112.77712,46.135826],[-112.777717,46.048313],[-112.852763,46.048434],[-112.938955,45.993258],[-112.923224,45.934595],[-113.085517,45.860648],[-113.179791,45.885009],[-113.377852,45.759976],[-113.516144,45.938814],[-113.517409,45.940089]]]}},{"type":"Feature","properties":{"fips":"30069","name":"Petroleum","state":"MT"},"geometry":{"type":"Polygon","coordinates":[[[-108.719189,47.270342],[-108.591111,47.270135],[-108.590835,47.306516],[-108.315481,47.315152],[-108.313048,47.58365],[-108.065418,47.598294],[-107.928591,47.567612],[-107.90912,47.450692],[-107.909603,47.40158],[-107.963887,47.354012],[-107.968626,47.249823],[-107.937409,47.214335],[-107.953788,47.107333],[-107.92164,47.024005],[-107.882514,46.999355],[-107.939276,46.876241],[-107.892233,46.851215],[-107.862106,46.835798],[-107.827687,46.755875],[-108.631462,46.749392],[-108.611116,46.836776],[-108.608954,47.098126],[-108.736838,47.098218],[-108.719189,47.270342]]]}},{"type":"Feature","properties":{"fips":"02290","name":"Yukon-Koyukuk","state":"AK"},"geometry":{"type":"Polygon","coordinates":[[[-161.048176,62.55241],[-160.996201,62.552424],[-160.996215,62.898936],[-160.94344,62.999269],[-160.85799,63.011953],[-160.858004,63.271838],[-160.667361,63.271845],[-160.690263,63.358485],[-160.690294,63.531689],[-160.497375,63.531713],[-160.497381,63.618343],[-160.111522,63.618351],[-160.111498,63.704972],[-159.932739,63.704973],[-159.932731,63.791589],[-159.737451,63.791591],[-159.737475,64.051459],[-159.947288,64.051459],[-159.962255,64.397927],[-159.96229,64.744377],[-159.774897,64.744382],[-159.774921,64.917565],[-159.572173,64.917597],[-159.582736,65.264026],[-159.377365,65.264033],[-159.385578,65.523835],[-159.593506,65.523835],[-159.604813,65.95683],[-158.972175,65.956849],[-158.972185,66.130027],[-157.906295,66.130049],[-157.90631,66.476424],[-157.051284,66.476438],[-157.051266,66.303254],[-156.623757,66.303259],[-156.62377,66.476442],[-156.196224,66.476582],[-156.196257,66.389857],[-155.982504,66.38986],[-155.982499,66.303268],[-155.554993,66.303274],[-155.555001,66.476458],[-155.510585,66.563051],[-154.860431,66.563064],[-154.860446,66.736242],[-154.210302,66.736255],[-154.210317,66.822842],[-154.146221,66.822843],[-154.146314,67.169178],[-154.303097,67.169177],[-154.30311,67.255759],[-154.748904,67.255753],[-154.748939,67.515495],[-154.690489,67.602075],[-154.916649,67.60207],[-154.916661,67.688648],[-155.142825,67.688643],[-155.142837,67.775221],[-155.368999,67.775216],[-155.369012,67.861792],[-155.318744,68.000032],[-153.960576,68.0],[-152.741341,68.000009],[-151.900276,68.000007],[-150.890028,68.000004],[-149.32543,67.999999],[-147.753117,67.999988],[-146.809716,68.0],[-146.0,68.0],[-146.0,68.5],[-144.778977,68.5],[-143.718715,68.500005],[-142.232922,68.500007],[-141.002609596123,68.498362265375],[-141.002465,65.840075],[-141.002464924679,65.8394080836135],[-141.093233,65.827388],[-141.336224,65.711614],[-141.387842,65.614395],[-141.78905,65.501546],[-141.855761,65.445786],[-142.065431,65.465341],[-142.307081,65.440633],[-142.441972,65.385042],[-142.601998,65.390931],[-142.742849,65.30141],[-142.7319,65.233639],[-142.864344,65.140387],[-143.081816,65.120937],[-143.242092,65.052518],[-143.373311,65.037107],[-143.364478,64.996996],[-143.525172,64.96008],[-143.503643,64.858251],[-143.434679,64.817791],[-143.529991,64.800611],[-143.506329,64.754068],[-143.647213,64.669506],[-143.752529,64.647633],[-144.069029,64.683562],[-144.116407,64.725136],[-144.029789,64.767593],[-144.127807,64.799108],[-143.986949,64.967243],[-144.098484,65.020385],[-143.88408,65.091068],[-143.973639,65.119304],[-144.331377,65.107707],[-144.443678,65.058436],[-144.898709,65.138291],[-144.983514,65.136988],[-145.225944,65.069216],[-145.440742,65.066696],[-145.650312,65.034303],[-145.778697,65.080003],[-145.633882,65.136802],[-145.689426,65.189078],[-145.949873,65.205483],[-146.079908,65.247981],[-146.138999,65.315193],[-146.007899,65.359434],[-145.98704,65.408443],[-146.119349,65.403987],[-146.198886,65.453523],[-146.39704,65.418421],[-146.508383,65.433109],[-146.548654,65.345003],[-146.903142,65.283375],[-147.279115,65.279762],[-147.557771,65.209895],[-148.661199,65.209875],[-148.663265,64.59079],[-148.550742,64.617208],[-148.424918,64.574854],[-148.403117,64.531297],[-148.270857,64.491769],[-148.176111,64.400924],[-148.046696,64.343802],[-149.132599,64.343778],[-150.729385,64.358173],[-151.281995,63.997265],[-151.516333,64.020631],[-151.564903,64.069436],[-151.793976,64.06943],[-151.830535,63.997248],[-152.055758,63.997242],[-152.055132,63.824006],[-152.229256,63.824001],[-152.228439,63.65076],[-152.87341,63.650745],[-152.873392,63.4775],[-152.810931,63.347563],[-152.619517,63.347568],[-152.619512,63.304254],[-152.428098,63.304259],[-152.428084,63.183171],[-152.999609,62.725831],[-153.001672,62.292622],[-153.07012,62.292644],[-153.070123,62.206015],[-153.395009,62.20599],[-153.395009,62.119347],[-153.761871,62.119335],[-153.761875,62.032689],[-154.537299,62.032675],[-155.497645,62.032659],[-156.276897,62.032646],[-157.063852,62.032634],[-157.063864,62.119271],[-158.531361,62.119264],[-158.531351,62.03262],[-159.265035,62.032598],[-159.265037,61.945957],[-160.534671,61.94594],[-160.915953,61.945943],[-160.915964,62.205866],[-161.048165,62.205869],[-161.048176,62.55241]]]}},{"type":"Feature","properties":{"fips":"49051","name":"Wasatch","state":"UT"},"geometry":{"type":"Polygon","coordinates":[[[-111.57481,40.486866],[-111.593879,40.577063],[-111.553266,40.609313],[-111.489265,40.599438],[-111.43687,40.680587],[-111.434243,40.684684],[-111.368623,40.628944],[-111.15153,40.548332],[-111.12087,40.590457],[-110.976086,40.592954],[-110.90195,40.682187],[-110.891655,39.899654],[-111.083102,39.900059],[-111.083061,39.943198],[-111.249339,40.055217],[-111.225865,40.167697],[-111.313431,40.287255],[-111.457316,40.300714],[-111.480337,40.362169],[-111.555235,40.362696],[-111.620952,40.449777],[-111.57481,40.486866]]]}},{"type":"Feature","properties":{"fips":"53041","name":"Lewis","state":"WA"},"geometry":{"type":"Polygon","coordinates":[[[-123.37095,46.792129],[-123.351391,46.793509],[-123.160588,46.793383],[-123.160909,46.76433],[-122.203115,46.763061],[-121.84189,46.728455],[-121.758593,46.783791],[-121.455218,46.783797],[-121.353562,46.711506],[-121.451256,46.533894],[-121.393734,46.390204],[-121.522324,46.388224],[-122.240966,46.385361],[-123.21795,46.385617],[-123.259068,46.383458],[-123.358334,46.384025],[-123.37095,46.792129]]]}},{"type":"Feature","properties":{"fips":"35027","name":"Lincoln","state":"NM"},"geometry":{"type":"Polygon","coordinates":[[[-106.37366,33.660504],[-106.052718,33.650297],[-106.052662,33.825606],[-105.924685,33.825624],[-105.925968,34.25999],[-105.313218,34.260031],[-105.313072,34.347205],[-104.891745,34.347043],[-104.893377,34.088407],[-104.892433,33.398199],[-104.885196,33.369244],[-104.885135,33.311962],[-104.903838,33.305904],[-104.905482,33.138903],[-105.316968,33.132303],[-105.317376,33.305977],[-105.725957,33.304834],[-105.727171,33.390633],[-105.931639,33.3899],[-106.34571,33.390595],[-106.371895,33.391821],[-106.372797,33.479875],[-106.37366,33.660504]]]}},{"type":"Feature","properties":{"fips":"41067","name":"Washington","state":"OR"},"geometry":{"type":"Polygon","coordinates":[[[-123.484726,45.708764],[-123.361028,45.708696],[-123.361622,45.779579],[-123.030873,45.779159],[-122.929146,45.721482],[-122.929128,45.635313],[-122.743862,45.519509],[-122.743745,45.487084],[-122.743703,45.442944],[-122.743721,45.433294],[-122.743741,45.332067],[-122.846433,45.346112],[-122.867891,45.317345],[-122.928873,45.34628],[-123.135427,45.433459],[-123.46488,45.433332],[-123.461181,45.49156],[-123.299438,45.607247],[-123.423273,45.636176],[-123.484726,45.708764]]]}},{"type":"Feature","properties":{"fips":"04003","name":"Cochise","state":"AZ"},"geometry":{"type":"Polygon","coordinates":[[[-110.460752,31.613883],[-110.4523,31.731219],[-110.451002,32.427546],[-109.432075,32.427572],[-109.227748,32.424755],[-109.213077,32.426361],[-109.11418,32.426353],[-109.047612,32.426377],[-109.048296,32.084093],[-109.049195,31.796551],[-109.050044,31.332502],[-109.494489186036,31.3333941454202],[-109.829689,31.334067],[-110.459751627493,31.333141997042],[-110.459904,31.399877],[-110.460752,31.613883]]]}},{"type":"Feature","properties":{"fips":"35019","name":"Guadalupe","state":"NM"},"geometry":{"type":"Polygon","coordinates":[[[-105.312765,34.606951],[-105.290396,34.606766],[-105.290791,35.04203],[-105.291169,35.216489],[-104.125136,35.215696],[-104.125121,35.142058],[-104.129143,34.779337],[-104.339817,34.779062],[-104.339725,34.692234],[-104.444935,34.691655],[-104.444762,34.604952],[-104.892023,34.604426],[-104.891745,34.347043],[-105.313072,34.347205],[-105.312765,34.606951]]]}},{"type":"Feature","properties":{"fips":"30107","name":"Wheatland","state":"MT"},"geometry":{"type":"Polygon","coordinates":[[[-110.273337,46.710509],[-109.969221,46.752909],[-109.819866,46.693446],[-109.745745,46.694097],[-109.389163,46.693625],[-109.403544,46.490657],[-109.402906,46.219706],[-109.653871,46.219404],[-110.281971,46.220605],[-110.273337,46.710509]]]}},{"type":"Feature","properties":{"fips":"30099","name":"Teton","state":"MT"},"geometry":{"type":"Polygon","coordinates":[[[-113.014811,48.13103],[-112.264252,48.131346],[-112.177751,48.087162],[-112.047999,48.086612],[-111.984263,47.984592],[-111.408514,47.987178],[-111.40885,47.698123],[-111.666482,47.697761],[-111.66626,47.611253],[-111.922936,47.611231],[-111.927109,47.500146],[-112.047781,47.516034],[-112.278,47.505623],[-112.317471,47.54207],[-112.405146,47.552317],[-112.429183,47.603386],[-112.549721,47.651977],[-112.780545,47.598622],[-112.857082,47.629827],[-112.91422,47.694958],[-112.913256,47.826216],[-112.984734,47.953918],[-112.878931,47.975713],[-113.014811,48.13103]]]}},{"type":"Feature","properties":{"fips":"06045","name":"Mendocino","state":"CA"},"geometry":{"type":"Polygon","coordinates":[[[-124.02520517453,40.001299341669],[-123.544458,40.001923],[-123.544563,39.977015],[-122.934013,39.978131],[-122.909787,39.936385],[-122.950077,39.907718],[-122.937654,39.798156],[-122.892676,39.708898],[-122.885352,39.580108],[-122.89031,39.529014],[-123.063181,39.503539],[-123.075114,39.407683],[-123.019711,39.321785],[-122.994839,39.235924],[-123.077812,39.173791],[-123.093013,39.071994],[-123.028035,38.996593],[-122.98664,38.997283],[-122.948865,38.90022],[-122.821592,38.85014],[-123.080997,38.852438],[-123.136253,38.809136],[-123.368394,38.80664],[-123.540922011634,38.7676562160393],[-123.571987,38.798189],[-123.638637,38.843865],[-123.659846,38.872529],[-123.71054,38.91323],[-123.732892,38.954994],[-123.69074,39.021293],[-123.721505,39.125327],[-123.765891,39.193657],[-123.798991,39.271355],[-123.825331,39.360814],[-123.81469,39.446538],[-123.766475,39.552803],[-123.782322,39.621486],[-123.792659,39.684122],[-123.829545,39.723071],[-123.851714,39.832041],[-123.907664,39.863028],[-123.954952,39.922373],[-124.02520517453,40.001299341669]]]}},{"type":"Feature","properties":{"fips":"08021","name":"Conejos","state":"CO"},"geometry":{"type":"Polygon","coordinates":[[[-106.678373,37.403596],[-106.487968,37.39935],[-106.039331,37.400852],[-106.038912,37.356953],[-105.743339,37.356798],[-105.720308,37.285614],[-105.770673,37.041777],[-105.718469683991,36.995845927301],[-105.997472,36.995417],[-106.006316410798,36.9953866288173],[-106.343139,36.99423],[-106.476233588828,36.9937741005469],[-106.589178,37.140188],[-106.597384,37.194974],[-106.678354,37.228566],[-106.678373,37.403596]]]}},{"type":"Feature","properties":{"fips":"30077","name":"Powell","state":"MT"},"geometry":{"type":"Polygon","coordinates":[[[-113.466485,47.600057],[-113.325845,47.595507],[-113.144368,47.595507],[-113.123098,47.51573],[-113.059199,47.488599],[-113.059053,47.17957],[-112.795808,47.177004],[-112.795642,46.831665],[-112.535748,46.834234],[-112.535597,46.699482],[-112.410846,46.699505],[-112.410638,46.656011],[-112.320871,46.655927],[-112.298531,46.625973],[-112.316754,46.574418],[-112.310573,46.421171],[-112.449521,46.334098],[-112.570046,46.304972],[-112.558599,46.265821],[-113.036825,46.266826],[-113.039134,46.73555],[-113.115614,46.713387],[-113.302903,46.832159],[-113.302943,47.179643],[-113.46645,47.179186],[-113.466485,47.600057]]]}},{"type":"Feature","properties":{"fips":"49031","name":"Piute","state":"UT"},"geometry":{"type":"Polygon","coordinates":[[[-112.518495,38.510413],[-112.125753,38.51214],[-111.766393,38.502243],[-111.848761,38.424933],[-111.843215,38.151233],[-111.951281,38.146087],[-112.444214,38.150001],[-112.35706,38.224958],[-112.335381,38.332827],[-112.519522,38.479902],[-112.518495,38.510413]]]}},{"type":"Feature","properties":{"fips":"49015","name":"Emery","state":"UT"},"geometry":{"type":"Polygon","coordinates":[[[-111.299363,39.032311],[-111.300905,39.467237],[-111.247748,39.467199],[-111.24746,39.704373],[-111.159113,39.595947],[-111.132121,39.61379],[-111.085349,39.521522],[-111.081333,39.467455],[-111.077545,39.469743],[-110.023975,39.469268],[-110.018646,39.362713],[-110.077562,39.276859],[-110.054305,39.228645],[-110.113265,39.159383],[-110.153396,39.016411],[-110.041176,38.993516],[-110.003984,38.949911],[-110.069114,38.978983],[-110.147882,38.97975],[-110.135463,38.926222],[-110.179296,38.908097],[-110.081552,38.754824],[-110.120614,38.70584],[-110.036264,38.651313],[-110.058723,38.581998],[-109.988033,38.561176],[-110.025285,38.499982],[-110.587864,38.499921],[-111.285391,38.500019],[-111.305665,38.510169],[-111.299363,39.032311]]]}},{"type":"Feature","properties":{"fips":"49023","name":"Juab","state":"UT"},"geometry":{"type":"Polygon","coordinates":[[[-114.047268153077,39.9060981137562],[-113.248498,39.904714],[-112.341988,39.904458],[-112.332296,39.952789],[-112.270295,39.939017],[-112.1798,40.011656],[-112.053511,39.893397],[-112.089843,39.781928],[-112.0262,39.782686],[-111.823919,39.947696],[-111.738,39.864107],[-111.766343,39.810625],[-111.641944,39.812869],[-111.584754,39.740141],[-111.717482,39.69456],[-111.713144,39.460295],[-111.747044,39.38275],[-111.922389,39.381591],[-112.016003,39.314561],[-112.188922,39.329392],[-112.212045,39.553987],[-112.354467,39.553684],[-112.989533,39.552529],[-113.839771,39.543839],[-114.047181412926,39.5427436022297],[-114.047783,39.79416],[-114.047268153077,39.9060981137562]]]}},{"type":"Feature","properties":{"fips":"06115","name":"Yuba","state":"CA"},"geometry":{"type":"Polygon","coordinates":[[[-121.62376,39.295621],[-121.569302,39.308357],[-121.407527,39.339754],[-121.33442,39.425212],[-121.305122,39.519585],[-121.149907,39.526446],[-121.076695,39.597264],[-121.009477,39.639459],[-121.058203,39.537043],[-121.022085,39.391558],[-121.127481,39.380237],[-121.266132,39.272717],[-121.27969,39.143288],[-121.279533,39.034618],[-121.305992,39.052943],[-121.414779,38.996452],[-121.543306,38.972404],[-121.575415,38.918348],[-121.610138,39.057847],[-121.58591,39.089691],[-121.62376,39.295621]]]}},{"type":"Feature","properties":{"fips":"53023","name":"Garfield","state":"WA"},"geometry":{"type":"Polygon","coordinates":[[[-117.85185,46.62467],[-117.740868,46.694583],[-117.597792,46.672543],[-117.464769,46.699626],[-117.382742,46.614684],[-117.254262,46.545082],[-117.22812,46.462245],[-117.228796,46.411306],[-117.419334,46.383139],[-117.419482,46.121956],[-117.479988,46.121994],[-117.479937263654,45.9975667668422],[-117.603425834504,45.9987601734427],[-117.611903,46.338478],[-117.674946,46.337651],[-117.737303,46.471454],[-117.863347,46.470667],[-117.85185,46.62467]]]}},{"type":"Feature","properties":{"fips":"08111","name":"San Juan","state":"CO"},"geometry":{"type":"Polygon","coordinates":[[[-107.968875,37.696485],[-107.872966,37.722416],[-107.860845,37.775517],[-107.839715,37.776714],[-107.738283,37.905432],[-107.695665,37.89241],[-107.641588,37.965009],[-107.568875,37.965015],[-107.516547,37.826451],[-107.458114,37.782096],[-107.482179,37.639501],[-107.970086,37.639587],[-107.968875,37.696485]]]}},{"type":"Feature","properties":{"fips":"08103","name":"Rio Blanco","state":"CO"},"geometry":{"type":"Polygon","coordinates":[[[-109.050732112077,40.2226552582576],[-108.113179,40.22167],[-107.644175,40.224238],[-107.439386,40.223379],[-107.038097,40.225357],[-107.037363,40.091538],[-107.316993,40.090765],[-107.318751,39.914968],[-107.431665,39.917725],[-107.43177,39.828377],[-107.938502,39.824996],[-107.938546,39.694464],[-108.554722,39.69364],[-108.554627,39.650164],[-108.895728,39.650337],[-109.050871925262,39.6604717771594],[-109.050615,39.87497],[-109.050973,40.180849],[-109.050732112077,40.2226552582576]]]}},{"type":"Feature","properties":{"fips":"41007","name":"Clatsop","state":"OR"},"geometry":{"type":"Polygon","coordinates":[[[-123.998052,46.235327],[-123.912405,46.17945],[-123.838801,46.192211],[-123.757589,46.213001],[-123.718149,46.188989],[-123.660868,46.216296],[-123.586205,46.228654],[-123.547659,46.259109],[-123.479644,46.269131],[-123.427629,46.229348],[-123.430847,46.181827],[-123.371433,46.146372],[-123.363744507266,46.1462431943485],[-123.361622,45.779579],[-123.720001,45.77308],[-123.966278384519,45.7830849035453],[-123.961544,45.837101],[-123.96763,45.907807],[-123.993703,45.946431],[-123.937471,45.977306],[-123.92933,46.041978],[-123.95919,46.141675],[-124.041128,46.197672],[-123.998052,46.235327]]]}},{"type":"Feature","properties":{"fips":"49011","name":"Davis","state":"UT"},"geometry":{"type":"Polygon","coordinates":[[[-112.451621,41.087334],[-112.186693,41.153028],[-111.856247,41.139083],[-111.815414,40.95743],[-111.768689,40.872279],[-111.738912,40.861174],[-111.753272,40.853182],[-111.891154,40.821826],[-111.915555,40.821816],[-111.958672,40.921822],[-112.006566,40.921846],[-112.260216,40.769093],[-112.493515,41.076888],[-112.451621,41.087334]]]}},{"type":"Feature","properties":{"fips":"08119","name":"Teller","state":"CO"},"geometry":{"type":"Polygon","coordinates":[[[-105.329445,39.129487],[-105.033473,39.129783],[-105.027212,38.941615],[-105.027342,38.930811],[-105.072184,38.799382],[-104.939869,38.796543],[-104.942205,38.650133],[-105.239927,38.647464],[-105.237043,38.697267],[-105.328962,38.697558],[-105.330382,39.129474],[-105.329445,39.129487]]]}},{"type":"Feature","properties":{"fips":"53031","name":"Jefferson","state":"WA"},"geometry":{"type":"Polygon","coordinates":[[[-124.613108656052,47.8805724417486],[-123.505917,47.88108],[-122.949167,47.866822],[-122.94918,48.06515],[-122.896971,48.065155],[-122.910686755725,48.1097997439328],[-122.833173,48.134406],[-122.760448,48.14324],[-122.698465,48.103102],[-122.70184,48.016106],[-122.701294,47.972979],[-122.651063,47.920985],[-122.63410286528,47.9230352997388],[-122.595535,47.882298],[-122.721971,47.787665],[-122.783237,47.672754],[-122.950621,47.606308],[-123.505917,47.604615],[-123.505917,47.517716],[-124.04674,47.518525],[-124.353615670887,47.5335370830521],[-124.355955,47.545698],[-124.412106,47.691199],[-124.471687,47.766907],[-124.539927,47.836967],[-124.613108656052,47.8805724417486]]]}},{"type":"Feature","properties":{"fips":"02150","name":"Kodiak Island","state":"AK"},"geometry":{"type":"MultiPolygon","coordinates":[[[[-154.779663,57.366335],[-154.69331,57.446085],[-154.618704,57.514972],[-154.52206,57.577786],[-154.411385,57.598452],[-154.292471,57.644223],[-154.196959,57.664639],[-153.994572,57.656905],[-153.930279,57.696791],[-153.93522,57.813047],[-153.781408,57.876417],[-153.721176,57.890615],[-153.648798,57.880103],[-153.512024,57.909156],[-153.533204,57.941117],[-153.484603,57.9765],[-153.386422,57.936526],[-153.299009,57.985626],[-153.365574,58.039052],[-153.419783,58.059638],[-153.362281,58.106786],[-153.316127,58.14039],[-153.223709,58.16212],[-153.202801,58.20808],[-153.101841,58.257938],[-153.044316,58.306336],[-152.925586,58.339686],[-152.883107,58.400443],[-152.787776,58.411313],[-152.733845,58.460662],[-152.640313,58.469868],[-152.66622,58.544087],[-152.61613,58.601852],[-152.560171,58.61968],[-152.453817,58.618515],[-152.354709,58.63828],[-152.337212,58.589095],[-152.38761,58.52287],[-152.467197,58.476609],[-152.512483,58.427349],[-152.49848,58.372351],[-152.432235,58.355221],[-152.387343,58.359499],[-152.34486,58.39163],[-152.35609,58.42347],[-152.301713,58.428697],[-152.227835,58.376424],[-152.129257,58.396414],[-152.08925,58.367644],[-151.981781,58.347971],[-151.817111,58.263444],[-151.795696,58.211096],[-151.862321,58.168265],[-152.03412,58.183737],[-152.112205,58.148559],[-152.265111,58.135732],[-152.374399,58.120014],[-152.482674,58.129813],[-152.529036,58.093779],[-152.656801,58.061049],[-152.766673,58.029887],[-152.722524,57.987364],[-152.751978,57.933466],[-152.804807,57.899175],[-152.790211,57.858058],[-152.753437,57.834452],[-152.681204,57.875675],[-152.635378,57.91861],[-152.526283,57.913266],[-152.432608,57.976029],[-152.422573,57.948662],[-152.324103,57.916604],[-152.351152,57.834768],[-152.212247,57.791433],[-152.298762,57.745925],[-152.440182,57.72664],[-152.386805,57.667923],[-152.313974,57.63642],[-152.161617,57.623287],[-152.159677,57.593614],[-152.259641,57.527156],[-152.323683,57.467861],[-152.253603,57.384019],[-152.323687,57.34266],[-152.474883,57.434204],[-152.570527,57.448909],[-152.601148,57.382165],[-152.630441,57.322668],[-152.695698,57.281318],[-152.818187,57.265368],[-152.943463,57.256956],[-152.949333,57.187346],[-152.880321,57.164798],[-152.90054,57.132076],[-153.06433,57.10379],[-153.200217,57.042039],[-153.266822,56.999643],[-153.342018,56.982825],[-153.404263,57.080511],[-153.48652,57.085915],[-153.580831,57.049048],[-153.543429,56.995245],[-153.541492,56.887875],[-153.603624,56.887336],[-153.699409,56.855382],[-153.776468,56.830315],[-153.83964,56.822099],[-153.90215,56.771208],[-153.97178,56.744861],[-154.017042,56.689311],[-154.153147,56.681697],[-154.129017,56.742168],[-154.305713,56.846871],[-154.312888,56.918673],[-154.40749,56.968334],[-154.528538,57.001892],[-154.523432,57.129106],[-154.594977,57.257161],[-154.691855,57.28411],[-154.79384,57.288862],[-154.779663,57.366335]]],[[[-154.840415,56.42032],[-154.70614,56.521273],[-154.514078,56.604059],[-154.210336,56.609684],[-154.095833,56.617786],[-154.025041,56.572517],[-153.878764,56.565925],[-153.887678,56.533637],[-154.02093,56.482025],[-154.266332,56.496366],[-154.529507,56.502655],[-154.624282,56.475181],[-154.742887,56.401678],[-154.840415,56.42032]]],[[[-155.750002,55.821849],[-155.688098,55.864886],[-155.605373,55.928826],[-155.530591,55.912213],[-155.554245,55.84646],[-155.566307,55.789488],[-155.591002,55.761725],[-155.718593,55.772356],[-155.750002,55.821849]]],[[[-156.733628,56.077593],[-156.683003,56.09881],[-156.614757,56.065178],[-156.618202,56.017802],[-156.681814,55.994337],[-156.735292,56.02264],[-156.733628,56.077593]]],[[[-156.751389,57.250097],[-156.672403,57.250099],[-156.672532,57.307903],[-156.619162,57.351256],[-156.499321,57.38016],[-156.499325,57.452414],[-156.392541,57.495768],[-156.365729,57.539119],[-156.125376,57.524674],[-156.071749,57.597001],[-155.965175,57.611377],[-155.965044,57.568027],[-155.857482,57.640278],[-155.911439,57.683628],[-155.777955,57.683633],[-155.756733,57.755881],[-155.70287,57.755887],[-155.703033,57.813681],[-155.541038,57.813684],[-155.459828,57.842584],[-155.459858,57.885933],[-155.352115,57.885934],[-155.352472,58.045899],[-155.299824,58.045899],[-155.29991,58.103695],[-155.354766,58.190388],[-155.245317,58.19039],[-155.245315,58.233737],[-155.081808,58.233739],[-155.028056,58.291535],[-154.754791,58.305989],[-154.754785,58.334887],[-154.591283,58.33489],[-154.591275,58.363787],[-154.482772,58.363789],[-154.45004,58.421583],[-154.367435,58.421583],[-154.312355,58.464929],[-154.312354,58.652751],[-153.817076,58.65276],[-153.817076,58.739446],[-153.639027,58.73945],[-153.639403,58.855029],[-153.294436234906,58.855036],[-153.369389,58.821255],[-153.402472,58.742607],[-153.445002,58.70931],[-153.55265,58.687176],[-153.591635,58.640084],[-153.731019,58.608224],[-153.851432,58.611872],[-153.909994,58.561213],[-153.930473,58.497482],[-154.001918,58.492346],[-154.07066,58.440018],[-153.985416,58.390877],[-154.074145,58.352661],[-154.103412,58.280161],[-154.145277,58.210931],[-154.222465,58.132566],[-154.340449,58.090921],[-154.477979,58.052379],[-154.581547,58.019285],[-154.765287,58.00371],[-154.876559,58.027722],[-155.026275,57.999302],[-155.118648,57.953925],[-155.061806,57.90433],[-155.097095,57.865356],[-155.272917,57.823981],[-155.285339,57.758726],[-155.354011,57.715261],[-155.506533,57.76097],[-155.609353,57.777699],[-155.615203,57.688074],[-155.629912,57.656376],[-155.724167,57.633445],[-155.732779,57.549732],[-155.915261,57.535331],[-156.046804,57.525724],[-156.012841,57.451394],[-156.091668,57.439829],[-156.220105,57.445295],[-156.362039,57.400474],[-156.336427,57.336081],[-156.342943,57.248056],[-156.334404,57.1823],[-156.342103143093,57.1778504105251],[-156.751385,57.177841],[-156.751389,57.250097]]]]}},{"type":"Feature","properties":{"fips":"30065","name":"Musselshell","state":"MT"},"geometry":{"type":"Polygon","coordinates":[[[-109.00957,46.750702],[-108.631462,46.749392],[-107.827687,46.755875],[-107.792939,46.67983],[-107.837732,46.596647],[-107.795473,46.596652],[-107.781214,46.496014],[-107.782087,46.395182],[-107.928547,46.395284],[-108.011948,46.336813],[-108.029363,46.264055],[-108.320812,46.263997],[-108.404856,46.23596],[-108.404795,46.132952],[-108.779733,46.132457],[-108.779272,46.277398],[-108.862277,46.364586],[-108.860801,46.451665],[-108.904904,46.576908],[-108.988995,46.577851],[-109.00957,46.750702]]]}},{"type":"Feature","properties":{"fips":"06085","name":"Santa Clara","state":"CA"},"geometry":{"type":"Polygon","coordinates":[[[-122.190402,37.431472],[-122.144933,37.4582],[-122.081473,37.477838],[-122.059673,37.464087],[-121.925041,37.454186],[-121.870115,37.480729],[-121.855762,37.484537],[-121.472648,37.48217],[-121.409693,37.382013],[-121.459051,37.282739],[-121.404636,37.155989],[-121.282271,37.183675],[-121.226804,37.134774],[-121.245887,36.983036],[-121.215406,36.961248],[-121.418246,36.960549],[-121.488949,36.983148],[-121.581354,36.899152],[-121.583529,36.919252],[-121.696222,36.98056],[-121.738697,36.989991],[-121.72606,37.02126],[-121.82402,37.08757],[-121.966219,37.135736],[-122.026174,37.166854],[-122.152278,37.286055],[-122.192665,37.31801],[-122.190402,37.431472]]]}},{"type":"Feature","properties":{"fips":"04012","name":"La Paz","state":"AZ"},"geometry":{"type":"Polygon","coordinates":[[[-114.725282,33.405048],[-114.673901,33.418299],[-114.635183,33.422726],[-114.629146518189,33.4335449999998],[-114.597283,33.490653],[-114.524599,33.552231],[-114.529186,33.60665],[-114.525201,33.661583],[-114.504993,33.693022],[-114.496565,33.719155],[-114.504863,33.760465],[-114.520465,33.827778],[-114.505638,33.864276],[-114.508708,33.90064],[-114.534987,33.928499],[-114.509568,33.957264],[-114.454807,34.010968],[-114.435504,34.042615],[-114.43009113852,34.0789314062795],[-114.428026,34.092787],[-114.405941,34.11154],[-114.348052,34.134458],[-114.292806,34.166725],[-114.229715,34.186928],[-114.17805,34.239969],[-114.139055,34.259538],[-114.14081715128,34.3031275138817],[-114.031132,34.259819],[-113.851708,34.251265],[-113.679109,34.210029],[-113.606093,34.229334],[-113.539524,34.306377],[-113.370507,34.291968],[-113.333422,34.317913],[-113.333313,34.000039],[-113.335048,33.377469],[-113.957489,33.377362],[-113.957514,33.464413],[-114.268808,33.464402],[-114.2688,33.029961],[-114.517492069319,33.0247159744928],[-114.575161,33.036542],[-114.628293,33.031052],[-114.670803,33.037984],[-114.706175,33.105335],[-114.679359,33.159519],[-114.678097,33.2303],[-114.674491,33.255597],[-114.723259,33.288079],[-114.707962,33.323421],[-114.707348,33.376628],[-114.725282,33.405048]]]}},{"type":"Feature","properties":{"fips":"06107","name":"Tulare","state":"CA"},"geometry":{"type":"Polygon","coordinates":[[[-119.573194,36.488835],[-119.466322,36.575238],[-119.305102,36.573725],[-119.304625,36.660606],[-119.25095,36.661214],[-119.174791,36.658878],[-119.014425,36.657353],[-118.982441,36.741646],[-118.360586,36.744773],[-118.366328,36.691635],[-118.274624,36.597334],[-118.290523,36.558535],[-118.239021,36.523635],[-118.21482,36.435036],[-118.100317,36.346137],[-118.127147,36.279656],[-118.033611,36.008944],[-118.003577,35.983718],[-117.980761,35.867515],[-118.005489,35.862699],[-118.008094,35.788935],[-118.058925,35.791474],[-118.918468,35.790498],[-119.53812,35.789898],[-119.529358,36.26985],[-119.474607,36.269025],[-119.475364,36.327673],[-119.475053,36.370923],[-119.528792,36.401465],[-119.527194,36.488886],[-119.573194,36.488835]]]}},{"type":"Feature","properties":{"fips":"41065","name":"Wasco","state":"OR"},"geometry":{"type":"Polygon","coordinates":[[[-121.804921,45.012382],[-121.740994,45.034428],[-121.716996,45.038037],[-121.72235,45.046023],[-121.687234,45.067371],[-121.65871,45.066355],[-121.651394,45.088803],[-121.665717,45.11972],[-121.685005,45.12369],[-121.693387,45.116934],[-121.70805,45.134055],[-121.712219,45.153424],[-121.731438,45.170633],[-121.748245,45.2051],[-121.698375,45.226448],[-121.696479,45.25792],[-121.481888,45.258128],[-121.482168,45.519604],[-121.440695827861,45.6990737947724],[-121.423592,45.69399],[-121.33777,45.704949],[-121.215779,45.671238],[-121.183841,45.606441],[-121.1222,45.616067],[-121.084933,45.647893],[-120.943977,45.656445],[-120.913935013084,45.6480658664235],[-120.908459,45.558241],[-120.826385,45.514978],[-120.868569,45.401146],[-120.956471,45.310345],[-121.01569,45.307148],[-121.02408,45.218726],[-120.889357,45.202305],[-120.723569,45.130911],[-120.729792,45.083731],[-120.503733,45.083477],[-120.49516,45.068279],[-120.455204,44.865607],[-120.371441,44.821769],[-121.08948,44.823272],[-121.725068,44.825519],[-121.752994,44.829919],[-121.734205,44.885671],[-121.765322,44.885719],[-121.804921,45.012382]]]}},{"type":"Feature","properties":{"fips":"08109","name":"Saguache","state":"CO"},"geometry":{"type":"Polygon","coordinates":[[[-107.001119,38.147072],[-107.000601,38.425619],[-106.24694,38.422768],[-106.076535,38.423652],[-106.042771,38.458267],[-106.010751,38.446566],[-105.999788,38.423622],[-105.796897,38.265047],[-105.67627,38.146173],[-105.583922,37.967196],[-105.473204,37.89597],[-105.428893,37.851733],[-105.457255,37.751464],[-106.038413,37.748353],[-106.586374,37.747809],[-106.587139,37.834426],[-106.693845,37.835244],[-106.693523,37.873519],[-106.84727,37.91917],[-106.879167,37.96111],[-107.000602,37.956041],[-107.001119,38.147072]]]}},{"type":"Feature","properties":{"fips":"35005","name":"Chaves","state":"NM"},"geometry":{"type":"Polygon","coordinates":[[[-105.352513,32.962007],[-105.316047,32.9621],[-105.316224,33.002719],[-105.316968,33.132303],[-104.905482,33.138903],[-104.903838,33.305904],[-104.885135,33.311962],[-104.885196,33.369244],[-104.892433,33.398199],[-104.893377,34.088407],[-104.786429,34.087664],[-104.786104,34.000137],[-104.156269,33.995413],[-104.1556,34.083205],[-103.946019,34.082463],[-103.841691,34.081909],[-103.841933,33.8192],[-103.716885,33.819558],[-103.717934,33.703642],[-103.718333,33.65621],[-103.509759,33.657262],[-103.510129,33.570117],[-103.720809,33.569537],[-103.721399,33.395409],[-103.766361,33.395297],[-103.766417,32.965264],[-103.814507,32.965114],[-104.107585,32.965381],[-104.550721,32.963997],[-104.841576,32.963213],[-104.84217,32.53177],[-104.851524,32.520541],[-105.35401,32.518776],[-105.352513,32.962007]]]}},{"type":"Feature","properties":{"fips":"06101","name":"Sutter","state":"CA"},"geometry":{"type":"Polygon","coordinates":[[[-121.908269,39.303878],[-121.640786,39.305514],[-121.62376,39.295621],[-121.58591,39.089691],[-121.610138,39.057847],[-121.575415,38.918348],[-121.543306,38.972404],[-121.414779,38.996452],[-121.414399,38.926214],[-121.469356,38.925992],[-121.484396,38.734598],[-121.602894,38.735838],[-121.673454,38.743035],[-121.723149,38.851306],[-121.814814,38.876582],[-121.835488,38.924481],[-121.795366,38.995686],[-121.889101,39.072373],[-121.945514,39.179843],[-121.908269,39.303878]]]}},{"type":"Feature","properties":{"fips":"35028","name":"Los Alamos","state":"NM"},"geometry":{"type":"Polygon","coordinates":[[[-106.399469,35.960092],[-106.248161,35.966327],[-106.245649,35.930742],[-106.248257,35.839178],[-106.171852,35.82776],[-106.250499,35.755818],[-106.418778,35.819986],[-106.399469,35.960092]]]}},{"type":"Feature","properties":{"fips":"53071","name":"Walla Walla","state":"WA"},"geometry":{"type":"Polygon","coordinates":[[[-119.023417,46.216656],[-118.777344,46.29015],[-118.746199,46.359512],[-118.633826,46.414022],[-118.615592,46.504543],[-118.471646,46.597262],[-118.228635,46.593362],[-118.241872,46.295064],[-118.116117,46.295455],[-118.116624,46.20805],[-117.991481,46.207702],[-117.996970429603,46.0001906671726],[-118.36779,46.000622],[-118.67787,46.000935],[-118.987129,45.999855],[-118.987227539565,45.9998002135237],[-118.941323,46.027528],[-118.974664,46.139523],[-119.041498,46.192667],[-119.023417,46.216656]]]}},{"type":"Feature","properties":{"fips":"16007","name":"Bear Lake","state":"ID"},"geometry":{"type":"Polygon","coordinates":[[[-111.626104,42.207542],[-111.552151,42.351386],[-111.599227,42.415395],[-111.579764,42.429908],[-111.61763,42.583037],[-111.368062,42.590294],[-111.279388,42.552861],[-111.241099,42.602457],[-111.234827,42.478329],[-111.171174,42.4732],[-111.045530292713,42.5139128777751],[-111.04708,42.34942],[-111.046689,42.001567],[-111.374129,42.000893],[-111.471381,41.999739],[-111.507806195687,41.9996856783643],[-111.507813035176,41.9996856683522],[-111.521577,42.074437],[-111.599116,42.099006],[-111.626104,42.207542]]]}},{"type":"Feature","properties":{"fips":"16081","name":"Teton","state":"ID"},"geometry":{"type":"Polygon","coordinates":[[[-111.398781,43.92289],[-111.187256,43.932114],[-111.047219183002,43.9834312926077],[-111.046515,43.908376],[-111.04611,43.687848],[-111.04536056097,43.5010514511122],[-111.207561,43.543857],[-111.243839,43.621853],[-111.399765,43.621976],[-111.398781,43.92289]]]}},{"type":"Feature","properties":{"fips":"53057","name":"Skagit","state":"WA"},"geometry":{"type":"Polygon","coordinates":[[[-122.689121,48.476849],[-122.650307,48.530156],[-122.642597,48.588339],[-122.671345425667,48.6452989985202],[-122.621115,48.6279],[-122.498758,48.645395],[-121.564067,48.642332],[-120.908357,48.657003],[-120.751904,48.657002],[-120.788307,48.625115],[-120.688515,48.575705],[-120.702069,48.531589],[-120.823947,48.54503],[-121.049714,48.485399],[-121.071589,48.317802],[-121.001658,48.296009],[-121.577501,48.298967],[-122.303986,48.297575],[-122.458596,48.297703],[-122.58717,48.416853],[-122.666982528216,48.4124669920443],[-122.665338,48.416453],[-122.689121,48.476849]]]}},{"type":"Feature","properties":{"fips":"53059","name":"Skamania","state":"WA"},"geometry":{"type":"Polygon","coordinates":[[[-122.245856,46.053853],[-122.240966,46.385361],[-121.522324,46.388224],[-121.522321,46.044006],[-121.612232,46.044093],[-121.609246,45.782519],[-121.52400610422,45.7238362251992],[-121.533106,45.726541],[-121.668362,45.705082],[-121.735104,45.694039],[-121.811304,45.706761],[-121.867167,45.693277],[-121.900858,45.662009],[-121.923749361985,45.6543495089694],[-121.951838,45.644951],[-122.00369,45.61593],[-122.101675,45.583516],[-122.183695,45.577696],[-122.249197008052,45.5499989327412],[-122.245856,46.053853]]]}},{"type":"Feature","properties":{"fips":"53029","name":"Island","state":"WA"},"geometry":{"type":"Polygon","coordinates":[[[-122.752563,48.260061],[-122.707077,48.315286],[-122.666982528216,48.4124669920443],[-122.58717,48.416853],[-122.458596,48.297703],[-122.392977,48.23743],[-122.417909,48.170622],[-122.350289,48.080312],[-122.333348,47.933217],[-122.429625,47.828098],[-122.501809,47.929713],[-122.573745864315,47.9510041672091],[-122.546824,47.967215],[-122.542924,47.996404],[-122.607342,48.030992],[-122.598301,48.110616],[-122.633167,48.163281],[-122.711508,48.193573],[-122.752563,48.260061]]]}},{"type":"Feature","properties":{"fips":"35061","name":"Valencia","state":"NM"},"geometry":{"type":"Polygon","coordinates":[[[-107.202882,34.957572],[-107.066562,34.95719],[-107.024481,34.869953],[-106.72083,34.870054],[-106.720091,34.872141],[-106.685955,34.906004],[-106.429486,34.9034],[-106.413359,34.890187],[-106.411781,34.870252],[-106.463868,34.870194],[-106.464547,34.811026],[-106.46979,34.521217],[-106.416881,34.521715],[-106.416924,34.439687],[-106.456314,34.437054],[-106.564648,34.473894],[-106.768281,34.531262],[-106.882813,34.579628],[-107.201743,34.578757],[-107.202882,34.957572]]]}},{"type":"Feature","properties":{"fips":"30055","name":"McCone","state":"MT"},"geometry":{"type":"Polygon","coordinates":[[[-106.400605,48.061921],[-106.229302,48.026416],[-106.006176,48.033689],[-105.843891,48.010289],[-105.647941,48.077304],[-105.503195,48.097792],[-105.194783,48.066617],[-105.195122,47.868081],[-105.234771,47.790502],[-105.363262,47.790419],[-105.406581,47.529534],[-105.406309,47.181583],[-105.833044,47.181092],[-105.832637,47.093109],[-105.959897,47.092968],[-105.959819,47.181],[-106.086777,47.180938],[-106.17042,47.180826],[-106.170675,47.354495],[-106.298158,47.354298],[-106.298073,47.529041],[-106.260932,47.868431],[-106.358085,47.868412],[-106.358288,47.957216],[-106.41862,47.957457],[-106.400605,48.061921]]]}},{"type":"Feature","properties":{"fips":"49027","name":"Millard","state":"UT"},"geometry":{"type":"Polygon","coordinates":[[[-114.049436705931,38.6773624568796],[-114.048054,38.878693],[-114.049104,39.005509],[-114.047079,39.499943],[-114.047181412926,39.5427436022297],[-113.839771,39.543839],[-112.989533,39.552529],[-112.354467,39.553684],[-112.212045,39.553987],[-112.188922,39.329392],[-112.016003,39.314561],[-112.014083,39.045518],[-112.065162,38.959302],[-112.133862,38.959302],[-112.224461,38.864803],[-112.218356,38.727361],[-112.309953,38.67629],[-112.447517,38.68127],[-112.515394,38.572845],[-112.976724,38.57243],[-113.750835,38.574158],[-114.050153620806,38.5729752130034],[-114.049436705931,38.6773624568796]]]}},{"type":"Feature","properties":{"fips":"30017","name":"Custer","state":"MT"},"geometry":{"type":"Polygon","coordinates":[[[-106.191629,46.137183],[-106.153433,46.13726],[-106.155143,46.483634],[-106.120366,46.483648],[-106.086463,46.845881],[-106.086585,46.86029],[-105.832674,46.86082],[-105.832631,46.83196],[-105.618158,46.832148],[-105.576394,46.745021],[-105.576063,46.658003],[-105.492002,46.658117],[-105.491919,46.600085],[-105.449196,46.570967],[-105.239058,46.570265],[-105.239238,46.541188],[-104.98474,46.569386],[-104.858749,46.569115],[-104.858738,46.612557],[-104.733059,46.612695],[-104.732672,46.482202],[-104.905988,46.482251],[-104.885495,46.136595],[-104.939205,46.136575],[-104.939289,45.786964],[-104.98194,45.786982],[-106.191734,45.7886],[-106.191629,46.137183]]]}},{"type":"Feature","properties":{"fips":"35033","name":"Mora","state":"NM"},"geometry":{"type":"Polygon","coordinates":[[[-105.717477,35.978741],[-105.568045,35.973796],[-105.53038,36.013014],[-105.419992,36.131704],[-105.409677,36.236814],[-105.341264,36.261863],[-104.865244,36.261419],[-104.865402,36.217869],[-104.436056,36.218534],[-104.414546,36.123761],[-104.327284,35.960197],[-104.389736,35.857604],[-104.37012,35.779302],[-104.750645,35.783127],[-105.018811,35.769439],[-105.025454,35.754197],[-105.110049,35.807904],[-105.34783,35.870695],[-105.720529,35.871185],[-105.717477,35.978741]]]}},{"type":"Feature","properties":{"fips":"32009","name":"Esmeralda","state":"NV"},"geometry":{"type":"Polygon","coordinates":[[[-118.351484,37.893705],[-117.691021,38.473797],[-117.165612,38.001692],[-117.166000564031,36.9712075385903],[-117.244917,37.030244],[-117.68061,37.353399],[-117.833504044144,37.4649387662445],[-118.022181,37.602583],[-118.427995325157,37.8962242809098],[-118.351484,37.893705]]]}},{"type":"Feature","properties":{"fips":"06031","name":"Kings","state":"CA"},"geometry":{"type":"Polygon","coordinates":[[[-120.315068,35.907186],[-119.95921,36.181403],[-119.958925,36.255468],[-119.959227,36.400975],[-119.754213,36.402023],[-119.66629,36.41896],[-119.573194,36.488835],[-119.527194,36.488886],[-119.528792,36.401465],[-119.475053,36.370923],[-119.475364,36.327673],[-119.474607,36.269025],[-119.529358,36.26985],[-119.53812,35.789898],[-120.194369,35.789363],[-120.213979,35.789276],[-120.27576,35.905881],[-120.315068,35.907186]]]}},{"type":"Feature","properties":{"fips":"16069","name":"Nez Perce","state":"ID"},"geometry":{"type":"Polygon","coordinates":[[[-117.035545,46.410012],[-117.036645748421,46.4261004826554],[-117.039771,46.471779],[-117.039777655562,46.5417089920381],[-116.719085,46.542874],[-116.61174,46.631245],[-116.456098,46.629097],[-116.451662,46.490736],[-116.369122,46.466923],[-116.368801,46.343217],[-116.713496,46.325527],[-116.701819,45.996381],[-116.757042,45.942103],[-116.750235,45.869287],[-116.799204532501,45.8510454354829],[-116.859795,45.907264],[-116.886843,45.958617],[-116.915989,45.995413],[-116.942656,46.061],[-116.981962,46.084915],[-116.935473,46.142448],[-116.923958,46.17092],[-116.962966,46.19968],[-116.964379,46.253282],[-116.99726,46.303151],[-117.062748,46.353624],[-117.035545,46.410012]]]}},{"type":"Feature","properties":{"fips":"06035","name":"Lassen","state":"CA"},"geometry":{"type":"Polygon","coordinates":[[[-121.331786,41.183886],[-120.501404,41.18394],[-119.999866,41.183974],[-119.999231,40.865899],[-119.997533,40.720992],[-119.996155,40.32125],[-119.997124,40.126363],[-119.997634,39.956505],[-119.999935448085,39.7224069247242],[-120.015734,39.708721],[-120.147149,39.707658],[-120.110627,39.765779],[-120.108761,39.93951],[-120.201264,40.013474],[-120.209641,40.086008],[-120.341385,40.115243],[-120.445892,40.176854],[-120.510817,40.248945],[-120.652158,40.307656],[-120.764403,40.31601],[-120.928582,40.191931],[-121.061493,40.256417],[-121.061417,40.446536],[-121.327826,40.445367],[-121.319976,40.905886],[-121.331786,41.183886]]]}},{"type":"Feature","properties":{"fips":"32007","name":"Elko","state":"NV"},"geometry":{"type":"Polygon","coordinates":[[[-117.018203216741,41.9998398503691],[-116.625947,41.997379],[-116.332763,41.997283],[-115.870181,41.996766],[-115.625914,41.997415],[-115.313877,41.996103],[-115.038109752434,41.9986341156765],[-114.89921,41.999909],[-114.598267,41.994511],[-114.281855,41.994214],[-114.28179946722,41.9942138857579],[-114.041723,41.99372],[-114.039901,41.753781],[-114.040231,41.49169],[-114.041447,41.207752],[-114.042145,40.999926],[-114.042145146235,40.9998965772633],[-114.043505,40.726292],[-114.045577,40.495801],[-114.046178,40.398313],[-114.046372817373,40.1169358330122],[-114.251633,40.11669],[-115.263729,40.122543],[-115.834969,40.127842],[-116.000897,40.127376],[-116.157834,40.666389],[-116.158155,40.999912],[-116.586786,41.000398],[-117.018419,41.000254],[-117.018203216741,41.9998398503691]]]}},{"type":"Feature","properties":{"fips":"30103","name":"Treasure","state":"MT"},"geometry":{"type":"Polygon","coordinates":[[[-107.738548,46.481806],[-107.174531,46.482713],[-107.153444,46.395613],[-107.028422,46.39546],[-107.007394,46.305902],[-107.007394,46.134198],[-106.939067,46.136667],[-106.939095,45.870041],[-107.052159,45.870052],[-107.051946,45.913489],[-107.17636,45.913323],[-107.176358,45.956761],[-107.425128,45.956674],[-107.424929,46.043374],[-107.511534,46.043403],[-107.466131,46.177774],[-107.612411,46.351557],[-107.738548,46.481806]]]}},{"type":"Feature","properties":{"fips":"06095","name":"Solano","state":"CA"},"geometry":{"type":"Polygon","coordinates":[[[-122.406786,38.155632],[-122.19538,38.155017],[-122.206068,38.315775],[-122.064842,38.315912],[-122.126401,38.429168],[-122.104128,38.513362],[-122.011673,38.488991],[-121.940285,38.533384],[-121.712034,38.537962],[-121.693697,38.313732],[-121.594064,38.313094],[-121.593273,38.313089],[-121.614471,38.196474],[-121.656702,38.183086],[-121.71213,38.08552],[-121.861597,38.069887],[-121.862462,38.06603],[-121.878235,38.049318],[-121.983158,38.067297],[-122.123973,38.035717],[-122.269320054917,38.0603744975312],[-122.301804,38.105142],[-122.393588,38.143449],[-122.397581230624,38.1420035972533],[-122.406786,38.155632]]]}},{"type":"Feature","properties":{"fips":"16005","name":"Bannock","state":"ID"},"geometry":{"type":"Polygon","coordinates":[[[-112.750562,42.951528],[-112.678364,43.02173],[-112.063023,43.022364],[-112.082053,42.950425],[-112.149835,42.895558],[-112.120335,42.831008],[-112.141034,42.763093],[-112.10588,42.699203],[-111.969449,42.718039],[-111.916927,42.617264],[-111.875636,42.416158],[-111.896728,42.256276],[-111.983848,42.28555],[-112.126194,42.285229],[-112.190656,42.350839],[-112.327102,42.323836],[-112.298113,42.454499],[-112.419825,42.503038],[-112.37967,42.646273],[-112.49691,42.733013],[-112.515519,42.909975],[-112.558693,42.961247],[-112.747491,42.912735],[-112.750562,42.951528]]]}},{"type":"Feature","properties":{"fips":"08011","name":"Bent","state":"CO"},"geometry":{"type":"Polygon","coordinates":[[[-103.399938,38.265435],[-102.74233,38.266971],[-102.740464,37.824064],[-102.747615,37.643642],[-103.075938,37.64342],[-103.404339,37.643576],[-103.399938,38.265435]]]}},{"type":"Feature","properties":{"fips":"49037","name":"San Juan","state":"UT"},"geometry":{"type":"Polygon","coordinates":[[[-111.165632,37.105309],[-111.049071,37.099623],[-110.950653,37.133895],[-110.902274,37.172765],[-110.856675,37.348529],[-110.804506,37.320931],[-110.739807,37.344765],[-110.699465,37.431662],[-110.745765,37.452673],[-110.664291,37.478001],[-110.646731,37.540566],[-110.603788,37.602115],[-110.486338,37.674369],[-110.432046,37.778655],[-110.404221,37.880946],[-110.208795,37.894071],[-110.201849,37.946877],[-110.136293,38.005153],[-110.076563,37.999655],[-110.013571,38.108128],[-109.927974,38.151751],[-109.885106,38.18818],[-109.90772,38.270715],[-110.033433,38.389583],[-110.044631,38.453943],[-110.025285,38.499982],[-109.059961475353,38.5000258740357],[-109.059962,38.499987],[-109.060062,38.275489],[-109.041762,38.16469],[-109.041796614855,38.1530323049685],[-109.042604100621,37.8810848174926],[-109.043780720503,37.4848192314175],[-109.045223,36.999084],[-109.495338,36.999105],[-110.000677,36.997968],[-110.47019,36.997997],[-110.75069,37.003197],[-111.066496,37.002389],[-111.250762024167,37.0007150407456],[-111.165632,37.105309]]]}},{"type":"Feature","properties":{"fips":"35043","name":"Sandoval","state":"NM"},"geometry":{"type":"Polygon","coordinates":[[[-107.624283,36.219809],[-106.885053,36.21657],[-106.885317,35.998969],[-106.247164,36.001434],[-106.248161,35.966327],[-106.399469,35.960092],[-106.418778,35.819986],[-106.250499,35.755818],[-106.248848,35.443282],[-106.245162,35.238661],[-106.244216,35.215657],[-106.604484,35.21786],[-106.643366,35.197762],[-106.72899,35.217978],[-106.962038,35.218392],[-107.197244,35.219459],[-107.23889,35.305507],[-107.309386,35.305687],[-107.308667,35.998556],[-107.626511,36.000288],[-107.624283,36.219809]]]}},{"type":"Feature","properties":{"fips":"16063","name":"Lincoln","state":"ID"},"geometry":{"type":"Polygon","coordinates":[[[-114.594605,43.198345],[-114.374962,43.19964],[-113.714642,43.199783],[-113.714044,42.849734],[-113.763862,42.764508],[-113.931687,42.765026],[-114.049961,42.765006],[-114.049849,42.808444],[-114.345659,42.809055],[-114.365366,42.85079],[-114.594375,42.850901],[-114.594605,43.198345]]]}},{"type":"Feature","properties":{"fips":"35009","name":"Curry","state":"NM"},"geometry":{"type":"Polygon","coordinates":[[[-103.738166,34.60467],[-103.706088,34.60501],[-103.705788,34.692446],[-103.495653,34.691393],[-103.495646,34.778575],[-103.390274,34.778122],[-103.389798,34.865429],[-103.284317,34.86499],[-103.284149,34.954172],[-103.042738818608,34.9541420403614],[-103.042769,34.747361],[-103.043072,34.619782],[-103.043946,34.379555],[-103.043850301172,34.3127498735079],[-103.043835830165,34.302648],[-103.740066,34.303056],[-103.738166,34.60467]]]}},{"type":"Feature","properties":{"fips":"04021","name":"Pinal","state":"AZ"},"geometry":{"type":"Polygon","coordinates":[[[-112.202984,32.992814],[-112.202087,33.246861],[-112.203168,33.310499],[-112.081946,33.204686],[-111.893085,33.204709],[-111.869945,33.203583],[-111.685911,33.204637],[-111.582631,33.205408],[-111.580634,33.4658],[-111.476812,33.465885],[-111.039976,33.466019],[-110.974706,33.342095],[-110.946684,33.250053],[-110.781754,32.983891],[-110.729344,33.027305],[-110.725583,33.069896],[-110.632529,33.142771],[-110.593459,33.133926],[-110.504733,33.186248],[-110.449021,33.194526],[-110.449387,32.987416],[-110.448533,32.771159],[-110.448487,32.534517],[-110.451522,32.513995],[-111.157493,32.511255],[-111.351577,32.50139],[-111.465685,32.501342],[-111.569256,32.506769],[-112.203624,32.506721],[-112.202984,32.992814]]]}},{"type":"Feature","properties":{"fips":"41047","name":"Marion","state":"OR"},"geometry":{"type":"Polygon","coordinates":[[[-123.110356,44.930697],[-123.044903,44.944028],[-123.068271,45.074864],[-122.996725,45.118915],[-123.051106,45.211305],[-122.968666,45.284729],[-122.849925,45.259697],[-122.832856,45.274053],[-122.73926,45.259532],[-122.747151,45.223337],[-122.788546,45.130164],[-122.705115,45.059023],[-122.595523,45.019679],[-122.535999,44.937161],[-122.394341,44.898972],[-122.401021,44.88572],[-121.765322,44.885719],[-121.734205,44.885671],[-121.752994,44.829919],[-121.775926,44.819846],[-121.819998,44.800612],[-121.799562,44.683915],[-122.033006,44.685691],[-122.138702,44.725179],[-122.23037,44.697668],[-122.276675,44.746135],[-122.480122,44.755819],[-122.61556,44.788386],[-122.690864,44.775417],[-122.783465,44.794422],[-122.864965,44.7583],[-122.933356,44.716056],[-123.006847,44.686898],[-123.013753,44.691811],[-123.018514,44.698536],[-123.018679,44.700354],[-123.013768,44.713437],[-123.015148,44.719877],[-123.113025,44.759483],[-123.143843,44.748914],[-123.093335,44.814044],[-123.180915,44.856843],[-123.110356,44.930697]]]}},{"type":"Feature","properties":{"fips":"08113","name":"San Miguel","state":"CO"},"geometry":{"type":"Polygon","coordinates":[[[-109.041796614855,38.1530323049685],[-108.906749,38.154959],[-107.965789,38.152328],[-107.891469,38.115957],[-107.889716,38.011615],[-107.795469,37.98852],[-107.738283,37.905432],[-107.839715,37.776714],[-107.860845,37.775517],[-107.989208,37.85664],[-108.210164,37.821125],[-108.256498,37.894607],[-108.81671,37.895538],[-109.042604100621,37.8810848174926],[-109.041796614855,38.1530323049685]]]}},{"type":"Feature","properties":{"fips":"06007","name":"Butte","state":"CA"},"geometry":{"type":"Polygon","coordinates":[[[-122.044865,39.883771],[-121.804041,39.884344],[-121.703241,39.98423],[-121.646032,39.982527],[-121.586407,40.100522],[-121.436886,40.151905],[-121.366818,40.086054],[-121.41948,40.015766],[-121.429957,39.900313],[-121.350821,39.825704],[-121.210878,39.725651],[-121.136715,39.628169],[-121.076695,39.597264],[-121.149907,39.526446],[-121.305122,39.519585],[-121.33442,39.425212],[-121.407527,39.339754],[-121.569302,39.308357],[-121.62376,39.295621],[-121.640786,39.305514],[-121.908269,39.303878],[-121.899109,39.357286],[-121.890013,39.383864],[-121.856532,39.536904],[-121.994021,39.533926],[-121.994343,39.671458],[-121.947267,39.731202],[-122.046471,39.797648],[-122.044865,39.883771]]]}},{"type":"Feature","properties":{"fips":"41055","name":"Sherman","state":"OR"},"geometry":{"type":"Polygon","coordinates":[[[-121.01569,45.307148],[-120.956471,45.310345],[-120.868569,45.401146],[-120.826385,45.514978],[-120.908459,45.558241],[-120.913935013084,45.6480658664235],[-120.895575,45.642945],[-120.855674,45.671545],[-120.68937,45.715847],[-120.652516760194,45.7361697306749],[-120.634968,45.745847],[-120.591166,45.746547],[-120.505863,45.700048],[-120.488546820704,45.6999122274785],[-120.358135,45.534239],[-120.364955,45.49725],[-120.496059,45.465149],[-120.525059,45.405249],[-120.540256,45.217049],[-120.45225,45.14545],[-120.503733,45.083477],[-120.729792,45.083731],[-120.723569,45.130911],[-120.889357,45.202305],[-121.02408,45.218726],[-121.01569,45.307148]]]}},{"type":"Feature","properties":{"fips":"30105","name":"Valley","state":"MT"},"geometry":{"type":"Polygon","coordinates":[[[-107.404676,47.870509],[-107.404513,48.21844],[-107.36973,48.218373],[-107.369252,48.305163],[-107.260458,48.304768],[-107.260279,48.39408],[-107.301073,48.394],[-107.301721,48.480943],[-107.25803,48.514821],[-107.192691,48.509402],[-107.206316,48.56817],[-107.206032,48.91271],[-107.179812010645,48.9999116017463],[-106.617539,48.999583],[-106.233987,48.999423],[-106.1120637647,48.9992794389196],[-106.151908,48.823927],[-106.021251,48.823975],[-106.02131,48.563424],[-105.804436,48.563358],[-105.804599,48.219037],[-105.843823,48.219034],[-105.843891,48.010289],[-106.006176,48.033689],[-106.229302,48.026416],[-106.400605,48.061921],[-106.41862,47.957457],[-106.501725,47.958287],[-106.510321,47.878996],[-106.603126,47.784743],[-106.711969,47.772113],[-106.734453,47.734156],[-106.861668,47.737372],[-106.892753,47.674818],[-107.011358,47.663111],[-107.249,47.661566],[-107.414886,47.691734],[-107.404676,47.870509]]]}},{"type":"Feature","properties":{"fips":"35047","name":"San Miguel","state":"NM"},"geometry":{"type":"Polygon","coordinates":[[[-105.720529,35.871185],[-105.34783,35.870695],[-105.110049,35.807904],[-105.025454,35.754197],[-105.018811,35.769439],[-104.750645,35.783127],[-104.37012,35.779302],[-104.021702,35.781494],[-103.976901,35.801747],[-103.723609,35.422785],[-103.637053,35.389662],[-103.63713,35.240819],[-103.85753,35.242405],[-104.125121,35.142058],[-104.125136,35.215696],[-105.291169,35.216489],[-105.290791,35.04203],[-105.714419,35.041605],[-105.720529,35.871185]]]}},{"type":"Feature","properties":{"fips":"41061","name":"Union","state":"OR"},"geometry":{"type":"Polygon","coordinates":[[[-118.697766,45.345647],[-118.428329,45.35519],[-118.428539,45.429076],[-118.197876,45.427204],[-118.197955,45.4704],[-118.116461,45.470732],[-118.117194,45.688607],[-118.066383,45.688395],[-118.045003,45.817073],[-117.972948,45.816896],[-117.97298,45.860595],[-117.747327,45.861072],[-117.74765,45.773625],[-117.788395,45.773515],[-117.787623,45.689567],[-117.727225,45.61699],[-117.727235,45.51478],[-117.663391,45.365749],[-117.582344,45.338096],[-117.522249,45.267731],[-117.520941,45.209768],[-117.476684,45.166539],[-117.266006,45.166539],[-117.266005,45.08057],[-117.563486,45.079446],[-117.564033,44.992866],[-117.777504,44.992161],[-117.84343,45.058477],[-117.969083,44.995831],[-118.130351,45.045024],[-118.244662,44.958396],[-118.364214,44.990763],[-118.4361,44.96242],[-118.518689,44.995877],[-118.547652,45.080753],[-118.546632,45.196898],[-118.655992,45.196928],[-118.656102,45.257729],[-118.696985,45.257613],[-118.697766,45.345647]]]}},{"type":"Feature","properties":{"fips":"08059","name":"Jefferson","state":"CO"},"geometry":{"type":"MultiPolygon","coordinates":[[[[-105.063539,39.652979],[-105.06256,39.652991],[-105.062589,39.651854],[-105.06356,39.651859],[-105.063539,39.652979]]],[[[-105.397949,39.74604],[-105.397948,39.84094],[-105.397849,39.912886],[-105.238933,39.914367],[-105.147143,39.913889],[-105.165571,39.892495],[-105.052892,39.914224],[-105.05327,39.820028],[-105.053256,39.806497],[-105.052829,39.803874],[-105.052886,39.800863],[-105.053246,39.791063],[-105.053256,39.667785],[-105.109924,39.627085],[-105.053641,39.613976],[-105.053625,39.609665],[-105.04874,39.566088],[-105.073045,39.545265],[-105.171278,39.406854],[-105.217833,39.260115],[-105.329445,39.129487],[-105.330382,39.129474],[-105.397875,39.129564],[-105.398949,39.566056],[-105.397949,39.74604]]]]}},{"type":"Feature","properties":{"fips":"08041","name":"El Paso","state":"CO"},"geometry":{"type":"Polygon","coordinates":[[[-105.027342,38.930811],[-105.027212,38.941615],[-105.033473,39.129783],[-104.662483,39.129529],[-104.551765,39.129427],[-104.051568,39.128138],[-104.055528,38.868868],[-104.05426,38.522392],[-104.275471,38.521133],[-104.941533,38.519569],[-104.942205,38.650133],[-104.939869,38.796543],[-105.072184,38.799382],[-105.027342,38.930811]]]}},{"type":"Feature","properties":{"fips":"16043","name":"Fremont","state":"ID"},"geometry":{"type":"Polygon","coordinates":[[[-112.155935,44.05778],[-112.034317,44.057358],[-112.033664,44.144049],[-111.913601,44.144337],[-111.857851,44.187759],[-111.852276,44.316996],[-111.791541,44.317021],[-111.791624,44.40161],[-111.617437,44.401254],[-111.617107034305,44.5571272484186],[-111.562814,44.555209],[-111.519126,44.582916],[-111.468833,44.679335],[-111.456947232494,44.6956407378395],[-111.438793,44.720546],[-111.385005,44.755128],[-111.377138236735,44.7511964139636],[-111.323669,44.724474],[-111.26875,44.668279],[-111.224161,44.623402],[-111.201459,44.575696],[-111.143557,44.535732],[-111.122654,44.493659],[-111.048974,44.474072],[-111.049148,44.374925],[-111.048452,44.114831],[-111.047219183002,43.9834312926077],[-111.187256,43.932114],[-111.398781,43.92289],[-111.501232,43.929206],[-111.558833,43.883305],[-111.83759,43.898261],[-111.976849,43.927385],[-111.977016,43.970909],[-112.15637,43.971247],[-112.155935,44.05778]]]}},{"type":"Feature","properties":{"fips":"06005","name":"Amador","state":"CA"},"geometry":{"type":"Polygon","coordinates":[[[-121.027507,38.508292],[-120.927113,38.514965],[-120.812953,38.562209],[-120.627604,38.503143],[-120.567475,38.507339],[-120.317142,38.54511],[-120.212787,38.629371],[-120.140084,38.638374],[-120.077639,38.708887],[-120.072392,38.702767],[-120.072484,38.509869],[-120.205702,38.501039],[-120.33104,38.465192],[-120.423215,38.473322],[-120.614881,38.389408],[-120.63129,38.340263],[-120.810126,38.28201],[-120.892864,38.221574],[-120.995497,38.225402],[-121.027084,38.300252],[-121.027507,38.508292]]]}},{"type":"Feature","properties":{"fips":"30063","name":"Missoula","state":"MT"},"geometry":{"type":"Polygon","coordinates":[[[-114.797204,47.268916],[-114.563737,47.254611],[-114.346111,47.176235],[-114.264148,47.12107],[-114.18717,47.138191],[-113.933503,47.138289],[-113.933568,47.18172],[-113.821447,47.181709],[-113.821166,47.2687],[-113.870769,47.288158],[-113.87111,47.39197],[-113.95118,47.475994],[-113.908581,47.514436],[-113.930289,47.598499],[-113.948844,47.599993],[-113.634079,47.600027],[-113.466485,47.600057],[-113.46645,47.179186],[-113.302943,47.179643],[-113.302903,46.832159],[-113.479832,46.802772],[-113.479856,46.744714],[-113.668166,46.716229],[-113.667996,46.658372],[-113.827743,46.660896],[-114.317808,46.660551],[-114.335724935405,46.6552729673536],[-114.360709,46.669059],[-114.453239,46.649266],[-114.547321,46.644485],[-114.591116003227,46.6525504803548],[-114.621483,46.658143],[-114.626695,46.712889],[-114.676827162695,46.7318387398131],[-114.549127,46.747366],[-114.566129,46.963405],[-114.525358,47.00925],[-114.419532,47.023246],[-114.483694,47.067508],[-114.566094,47.06738],[-114.586735,47.123757],[-114.712283,47.182187],[-114.712274,47.22559],[-114.775833,47.225573],[-114.797204,47.268916]]]}},{"type":"Feature","properties":{"fips":"08071","name":"Las Animas","state":"CO"},"geometry":{"type":"Polygon","coordinates":[[[-105.154176,37.293129],[-105.115425,37.296294],[-104.995505,37.375551],[-104.748938,37.407029],[-104.695075,37.439915],[-104.696111,37.485425],[-104.649229,37.49532],[-104.548652,37.5747],[-104.548417,37.609424],[-104.45493,37.740839],[-104.351109,37.817488],[-104.061132,37.734704],[-104.058196,37.644049],[-103.404339,37.643576],[-103.075938,37.64342],[-103.086101075631,36.9998643611064],[-103.733247,36.998016],[-104.007849409613,36.9959840947091],[-104.338833,36.993535],[-104.732031,36.993447],[-105.1208,36.995428],[-105.155042748048,36.9954744456106],[-105.154176,37.293129]]]}},{"type":"Feature","properties":{"fips":"56041","name":"Uinta","state":"WY"},"geometry":{"type":"Polygon","coordinates":[[[-111.046636983126,41.2516269562514],[-111.0466,41.360692],[-111.045789,41.565571],[-111.045818464842,41.5798449482258],[-110.084778,41.577615],[-110.048,41.578015],[-110.048482995685,40.9972972928506],[-110.121639,40.997101],[-110.539819,40.996346],[-110.872056382044,40.9974031999772],[-111.046723,40.997959],[-111.046636983126,41.2516269562514]]]}},{"type":"Feature","properties":{"fips":"30039","name":"Granite","state":"MT"},"geometry":{"type":"Polygon","coordinates":[[[-113.874651,46.508329],[-113.811703,46.58907],[-113.827743,46.660896],[-113.667996,46.658372],[-113.668166,46.716229],[-113.479856,46.744714],[-113.479832,46.802772],[-113.302903,46.832159],[-113.115614,46.713387],[-113.039134,46.73555],[-113.036825,46.266826],[-113.036818,46.22333],[-113.284532,46.222783],[-113.278012,46.045268],[-113.378448,46.01863],[-113.517409,45.940089],[-113.648358,45.965038],[-113.687673,46.035406],[-113.803677,46.037675],[-113.753246,46.1128],[-113.821174,46.212466],[-113.750527,46.272146],[-113.785795,46.288077],[-113.782032,46.359518],[-113.849218,46.440978],[-113.874651,46.508329]]]}},{"type":"Feature","properties":{"fips":"35049","name":"Santa Fe","state":"NM"},"geometry":{"type":"Polygon","coordinates":[[[-106.250499,35.755818],[-106.171852,35.82776],[-106.248257,35.839178],[-106.245649,35.930742],[-106.054346,35.930783],[-106.071153,36.001573],[-105.716808,36.00232],[-105.717477,35.978741],[-105.720529,35.871185],[-105.714419,35.041605],[-106.029524,35.040678],[-106.243874,35.040003],[-106.244216,35.215657],[-106.245162,35.238661],[-106.248848,35.443282],[-106.250499,35.755818]]]}},{"type":"Feature","properties":{"fips":"06051","name":"Mono","state":"CA"},"geometry":{"type":"Polygon","coordinates":[[[-119.639205,38.32688],[-119.542367,38.481657],[-119.619066,38.603529],[-119.585406144839,38.7131509006712],[-119.330366469799,38.5355095158185],[-119.279262,38.499914],[-119.155815824409,38.4134036584505],[-118.949673,38.26894],[-118.500958,37.949019],[-118.427995325157,37.8962242809098],[-118.022181,37.602583],[-117.833504044144,37.4649387662445],[-118.775014,37.463052],[-118.850474,37.475796],[-118.91706,37.550336],[-119.022363,37.585737],[-119.124068,37.7338],[-119.268979,37.73923],[-119.20128,37.804329],[-119.200283,37.885827],[-119.308389,37.946824],[-119.30459,38.023891],[-119.345922,38.083113],[-119.469456,38.128283],[-119.576496,38.157661],[-119.632671,38.198858],[-119.604182,38.234961],[-119.651509,38.286462],[-119.639205,38.32688]]]}},{"type":"Feature","properties":{"fips":"16085","name":"Valley","state":"ID"},"geometry":{"type":"Polygon","coordinates":[[[-116.21291,44.324373],[-116.152295,44.324519],[-116.157022,44.498928],[-116.183571,44.583655],[-116.157627,44.702027],[-116.211211,44.780872],[-116.197011,44.864216],[-116.089118,45.063617],[-116.144386,45.107651],[-116.121662,45.158549],[-115.976659,45.219223],[-115.975787,45.195282],[-114.694001,45.197182],[-114.73227,45.151155],[-114.723294,44.891177],[-114.812407,44.808346],[-114.956116,44.720982],[-115.091922,44.766726],[-115.151937,44.728592],[-115.167998,44.647618],[-115.281217,44.610923],[-115.304994,44.579857],[-115.247135,44.519717],[-115.228222,44.423521],[-115.294614,44.339445],[-115.357484,44.345959],[-115.401408,44.259623],[-115.520287,44.235356],[-116.103072,44.236409],[-116.11249,44.147839],[-116.213871,44.151387],[-116.21291,44.324373]]]}},{"type":"Feature","properties":{"fips":"08015","name":"Chaffee","state":"CO"},"geometry":{"type":"Polygon","coordinates":[[[-106.577966,39.057908],[-106.191006,39.056073],[-106.110995,38.940099],[-106.028138,38.942849],[-105.925123,38.872178],[-105.906587,38.806962],[-105.96975,38.693551],[-105.878122,38.60212],[-105.908717,38.505631],[-106.010751,38.446566],[-106.042771,38.458267],[-106.076535,38.423652],[-106.24694,38.422768],[-106.354185,38.533384],[-106.379899,38.638483],[-106.452126,38.698777],[-106.417431,38.725675],[-106.406987,38.829334],[-106.326099,38.911004],[-106.465032,38.910354],[-106.554211,38.998711],[-106.599214,38.997994],[-106.577966,39.057908]]]}},{"type":"Feature","properties":{"fips":"02013","name":"Aleutians East","state":"AK"},"geometry":{"type":"MultiPolygon","coordinates":[[[[-160.252749,54.913251],[-160.192058,55.038157],[-160.187261,55.118376],[-160.137102,55.171565],[-160.025257,55.203914],[-159.870591,55.284889],[-159.843859,55.249367],[-159.816419,55.178051],[-159.670305,55.182337],[-159.521096,55.253393],[-159.488766,55.188812],[-159.33847,55.046683],[-159.203228,54.914842],[-159.272354,54.864204],[-159.309681,54.865813],[-159.447982,54.941374],[-159.504434,55.027316],[-159.635226,55.037294],[-159.752779,55.066139],[-159.813625,55.027467],[-160.027035,55.02091],[-160.099295,54.962853],[-160.226967,54.864075],[-160.252749,54.913251]]],[[[-160.856621,55.318488],[-160.808929,55.370122],[-160.687442,55.402198],[-160.517513,55.379378],[-160.333421,55.436928],[-160.260565,55.463674],[-160.137032,55.450709],[-160.154038,55.377518],[-160.30655,55.303275],[-160.341217,55.251799],[-160.468262,55.288925],[-160.527617,55.256374],[-160.486511,55.181951],[-160.525226,55.129871],[-160.655577,55.160261],[-160.734942,55.151311],[-160.821381,55.117851],[-160.841917,55.20444],[-160.856621,55.318488]]],[[[-161.426005,55.216563],[-161.356726,55.221262],[-161.329875,55.219418],[-161.344152,55.158504],[-161.451286,55.178027],[-161.426005,55.216563]]],[[[-161.697129,55.249148],[-161.523434,55.271659],[-161.560207,55.207045],[-161.691553,55.198479],[-161.697129,55.249148]]],[[[-162.844362,54.510428],[-162.585315,54.447995],[-162.34484,54.401336],[-162.388754,54.367623],[-162.46695,54.342692],[-162.608608,54.369147],[-162.760247,54.372193],[-162.861736,54.424771],[-162.844362,54.510428]]],[[[-164.948789,54.579877],[-164.864333,54.620188],[-164.741815,54.645441],[-164.674836,54.702596],[-164.576896,54.824564],[-164.57626,54.895342],[-164.43528,54.933126],[-164.343534,54.894139],[-164.204897,54.93124],[-164.119196,54.969416],[-163.994179,54.983315],[-163.894695,55.039115],[-163.774093,55.05578],[-163.527109,55.040871],[-163.429548,54.954759],[-163.343768,54.974439],[-163.280771,55.032959],[-163.314652,55.126312],[-163.132007,55.179629],[-163.032256,55.172147],[-162.86152,55.198339],[-162.900027,55.252466],[-162.813255,55.299458],[-162.64165,55.392576],[-162.565411,55.466849],[-162.365467,55.604586],[-162.219551,55.710867],[-162.120886,55.749089],[-162.05063,55.790897],[-161.898956,55.833464],[-161.807833,55.891954],[-161.712283,55.904232],[-161.450442,55.954485],[-161.15687,56.012216],[-160.964744,56.023754],[-160.807119,56.02398],[-160.811041,55.94723],[-160.793215,55.88596],[-160.564014,55.863719],[-160.508433,55.869379],[-160.457194,55.917233],[-160.533685,55.95995],[-160.589569,55.983048],[-160.488708,56.077214],[-160.405869,56.207938],[-160.385922,56.279706],[-160.222878,56.346868],[-160.146252,56.400176],[-159.985615,56.449743],[-159.828049,56.543935],[-159.534961,56.626529],[-159.219956,56.73953],[-158.972735,56.842138],[-158.893547986565,56.8093085483772],[-158.893607,56.754404],[-159.051094,56.754401],[-159.051089,56.667687],[-159.275932,56.667682],[-159.275928,56.580967],[-159.588041,56.580961],[-159.588036,56.494245],[-159.900149,56.494239],[-159.900133,56.320803],[-159.806389,56.320805],[-159.806406,55.973919],[-159.86797,55.973918],[-159.867971,55.887193],[-159.56136,55.887197],[-159.561438320694,55.6409137566581],[-159.572125,55.627684],[-159.696713,55.573306],[-159.733899,55.569985],[-159.760365,55.615203],[-159.679201,55.655895],[-159.673191,55.750961],[-159.627482,55.803248],[-159.679792,55.838765],[-159.770298,55.852357],[-159.847359,55.80253],[-159.937089,55.803306],[-160.026282,55.792295],[-160.058443,55.721734],[-160.130445,55.681419],[-160.279827,55.641384],[-160.392587,55.602771],[-160.464301,55.533243],[-160.462745,55.506654],[-160.521335,55.47442],[-160.654117,55.512596],[-160.666917,55.459776],[-160.781401,55.45178],[-160.836725,55.473135],[-160.976551,55.472736],[-161.080549,55.408498],[-161.253977,55.355896],[-161.486114,55.359322],[-161.514211,55.385254],[-161.478303,55.4406],[-161.469271,55.49683],[-161.376102,55.569794],[-161.392613,55.628221],[-161.482064,55.633979],[-161.587047,55.62006],[-161.658262,55.560447],[-161.700069,55.51439],[-161.686495,55.408041],[-161.777414,55.329377],[-161.863339,55.266989],[-161.817232,55.176529],[-161.718614,55.154166],[-161.576643,55.103831],[-161.550357,55.065734],[-161.690346,55.0785],[-161.792297,55.052278],[-161.906434,55.10032],[-161.956595,55.112174],[-162.053281,55.074212],[-162.11874,55.102911],[-162.190348,55.066981],[-162.219326,55.028975],[-162.235675,54.962601],[-162.236806,54.88163],[-162.282944,54.841216],[-162.349315,54.836049],[-162.428237,54.895434],[-162.435473,54.929249],[-162.41351,55.03656],[-162.471364,55.051932],[-162.569291,55.004599],[-162.587967,54.97201],[-162.708453,54.95848],[-162.834245,54.926851],[-162.913684,54.950273],[-162.962205,54.993538],[-163.065602,54.926172],[-163.14958,54.885906],[-163.254588,54.838907],[-163.352997,54.810174],[-163.281379,54.77673],[-163.184295,54.774912],[-163.068952,54.712605],[-163.037788,54.646995],[-163.223179,54.676895],[-163.392198,54.658496],[-163.572383,54.623211],[-163.80359,54.636498],[-164.03827,54.624688],[-164.257585,54.572722],[-164.337538,54.524259],[-164.352704,54.465023],[-164.456554,54.419856],[-164.640457,54.391166],[-164.743977,54.394216],[-164.861475,54.431353],[-164.904077,54.499195],[-164.944636,54.532903],[-164.948789,54.579877]]],[[[-165.602225,54.045267],[-165.468221,54.079641],[-165.28077,54.115625],[-165.140978,54.131079],[-165.00791,54.134934],[-164.883134,54.196187],[-164.824183,54.225527],[-164.7637,54.223153],[-164.816166,54.158754],[-164.956139,54.060988],[-165.088283,54.072491],[-165.287665,54.038349],[-165.555768,54.023551],[-165.602225,54.045267]]],[[[-166.06155,54.185092],[-165.959751,54.220982],[-165.868192,54.214884],[-165.62555,54.298964],[-165.478452,54.295333],[-165.383719,54.196731],[-165.549217,54.112196],[-165.784434,54.069435],[-165.875129,54.03642],[-165.901649,54.06287],[-166.046438,54.044186],[-166.112242,54.122528],[-166.06155,54.185092]]],[[[-166.225644,53.986229105085],[-166.172365,53.998124],[-166.075283,53.969571],[-166.160924652199,53.9356380521939],[-166.225641,53.960206],[-166.225644,53.986229105085]]]]}},{"type":"Feature","properties":{"fips":"53019","name":"Ferry","state":"WA"},"geometry":{"type":"Polygon","coordinates":[[[-118.869633,48.653826],[-118.837006,48.653869],[-118.836614034806,49.0003077591428],[-118.197375052459,49.0004067514245],[-118.221669,48.937098],[-118.195508,48.840725],[-118.131002,48.777653],[-118.10496,48.653503],[-118.149709,48.520568],[-118.206507,48.470296],[-118.175602,48.319492],[-118.141475,48.259951],[-118.1945,48.212889],[-118.191298,48.159888],[-118.248606,48.134255],[-118.233198,48.065285],[-118.275476,48.040567],[-118.400807,48.028682],[-118.34874,47.971782],[-118.340938,47.894316],[-118.369064,47.832685],[-118.54409,47.883973],[-118.570396,47.932318],[-118.688394,47.942718],[-118.711682,47.903347],[-118.85196,47.957906],[-118.843888,48.481739],[-118.869633,48.653826]]]}},{"type":"Feature","properties":{"fips":"53043","name":"Lincoln","state":"WA"},"geometry":{"type":"Polygon","coordinates":[[[-118.973504,47.943414],[-118.945143,47.942281],[-118.85196,47.957906],[-118.711682,47.903347],[-118.688394,47.942718],[-118.570396,47.932318],[-118.54409,47.883973],[-118.369064,47.832685],[-118.340938,47.894316],[-118.246103,47.943604],[-118.078182,47.800062],[-117.881473,47.84749],[-117.820947,47.825775],[-117.823629,47.26022],[-117.96093,47.260568],[-118.979777,47.261709],[-118.973504,47.943414]]]}},{"type":"Feature","properties":{"fips":"35007","name":"Colfax","state":"NM"},"geometry":{"type":"Polygon","coordinates":[[[-105.351385,36.636905],[-105.370638,36.681032],[-105.311842,36.724471],[-105.230632,36.723784],[-105.229372,36.84771],[-105.200117,36.915628],[-105.220505200781,36.9955632364865],[-105.155042748048,36.9954744456106],[-105.1208,36.995428],[-104.732031,36.993447],[-104.338833,36.993535],[-104.007849409613,36.9959840947091],[-104.008823,36.218115],[-104.436056,36.218534],[-104.865402,36.217869],[-104.865244,36.261419],[-105.341264,36.261863],[-105.327301,36.40543],[-105.356826,36.449504],[-105.318718,36.491693],[-105.377745,36.552096],[-105.351385,36.636905]]]}},{"type":"Feature","properties":{"fips":"02164","name":"Lake and Peninsula","state":"AK"},"geometry":{"type":"MultiPolygon","coordinates":[[[[-157.288702,56.566039],[-157.172027,56.598039],[-157.091146,56.581134],[-156.975549,56.540446],[-157.047173,56.519931],[-157.168777,56.53021],[-157.326059,56.525169],[-157.288702,56.566039]]],[[[-159.900149,56.494239],[-159.588036,56.494245],[-159.588041,56.580961],[-159.275928,56.580967],[-159.275932,56.667682],[-159.051089,56.667687],[-159.051094,56.754401],[-158.893607,56.754404],[-158.893547986565,56.8093085483772],[-158.853294,56.79262],[-158.744534,56.795112],[-158.656355,56.810012],[-158.646812,56.846992],[-158.686184,56.911555],[-158.679293,56.988625],[-158.531328,57.132156],[-158.32018,57.281558],[-158.229883,57.321534],[-158.083785,57.357181],[-157.931624,57.476208],[-157.772496,57.547055],[-157.678891,57.563888],[-157.684282,57.609974],[-157.709179,57.657459],[-157.683349,57.753695],[-157.642226,57.868777],[-157.596601,58.08867],[-157.556556,58.148445],[-157.48013,58.217354],[-157.547209,58.277535],[-157.541041,58.377302],[-157.481487,58.480771],[-157.313572,58.565043],[-157.235465257438,58.6159085624056],[-156.316015,58.615944],[-156.316032,58.885114],[-157.043478,58.885104],[-157.095372270939,58.866670717095],[-157.116866,58.867533],[-157.196292140099,58.8493595416621],[-157.196306,59.086122],[-157.275221,59.086121],[-157.275233,59.259482],[-157.106808,59.259483],[-157.106814,59.346162],[-156.769965,59.346166],[-156.769971,59.432843],[-156.675483,59.432844],[-156.675489,59.519521],[-156.505345,59.519523],[-156.505349,59.606199],[-156.165066,59.606202],[-156.165068,59.692877],[-156.000145,59.692879],[-156.000086,60.90619],[-155.144206,60.906199],[-154.455687,60.906207],[-153.440884,60.906236],[-153.440886,60.819578],[-153.397276,60.472948],[-153.528441,60.472939],[-153.528392,60.126281],[-153.65698,60.126277],[-153.656977,59.779607],[-153.78307,59.779597],[-153.783068,59.692926],[-153.953198,59.692918],[-153.953181,59.519569],[-154.123327,59.519552],[-154.123321,59.432887],[-154.412028,59.432882],[-154.412013,59.259524],[-154.748861,59.259518],[-154.748834,59.086159],[-154.695105,59.086159],[-154.695036,58.739431],[-154.642545,58.652747],[-154.312354,58.652751],[-154.312355,58.464929],[-154.367435,58.421583],[-154.45004,58.421583],[-154.482772,58.363789],[-154.591275,58.363787],[-154.591283,58.33489],[-154.754785,58.334887],[-154.754791,58.305989],[-155.028056,58.291535],[-155.081808,58.233739],[-155.245315,58.233737],[-155.245317,58.19039],[-155.354766,58.190388],[-155.29991,58.103695],[-155.299824,58.045899],[-155.352472,58.045899],[-155.352115,57.885934],[-155.459858,57.885933],[-155.459828,57.842584],[-155.541038,57.813684],[-155.703033,57.813681],[-155.70287,57.755887],[-155.756733,57.755881],[-155.777955,57.683633],[-155.911439,57.683628],[-155.857482,57.640278],[-155.965044,57.568027],[-155.965175,57.611377],[-156.071749,57.597001],[-156.125376,57.524674],[-156.365729,57.539119],[-156.392541,57.495768],[-156.499325,57.452414],[-156.499321,57.38016],[-156.619162,57.351256],[-156.672532,57.307903],[-156.672403,57.250099],[-156.751389,57.250097],[-156.751385,57.177841],[-156.342103143093,57.1778504105251],[-156.44301,57.119533],[-156.479111,57.068395],[-156.55052,56.98461],[-156.63784,56.993905],[-156.704216,56.987079],[-156.825982,56.897667],[-156.935629,56.920087],[-157.034624,56.884487],[-157.073453,56.838345],[-157.183636,56.769079],[-157.290511,56.804713],[-157.411488,56.778351],[-157.530765,56.753775],[-157.563802,56.703426],[-157.45216,56.64322],[-157.496523,56.616897],[-157.605231,56.621315],[-157.674587,56.609507],[-157.719048,56.653084],[-157.791844,56.670692],[-157.918541,56.643137],[-157.869897,56.566837],[-157.817826,56.51421],[-157.869124,56.456612],[-157.971711,56.476737],[-158.12744,56.460805],[-158.246144,56.466124],[-158.284699,56.481089],[-158.371953,56.467334],[-158.438414,56.427471],[-158.489546,56.341865],[-158.415095,56.336228],[-158.288369,56.316089],[-158.207387,56.294354],[-158.117797,56.230742],[-158.283191,56.173212],[-158.374324,56.134522],[-158.394922,56.064721],[-158.431471,55.994452],[-158.50984,55.979617],[-158.638211,55.994743],[-158.653214,55.958615],[-158.74856,55.959365],[-158.898116,55.951041],[-159.096187,55.91475],[-159.086217,55.834869],[-159.394595,55.714944],[-159.532754,55.676424],[-159.561438320694,55.6409137566581],[-159.56136,55.887197],[-159.867971,55.887193],[-159.86797,55.973918],[-159.806406,55.973919],[-159.806389,56.320805],[-159.900133,56.320803],[-159.900149,56.494239]]]]}},{"type":"Feature","properties":{"fips":"56017","name":"Hot Springs","state":"WY"},"geometry":{"type":"Polygon","coordinates":[[[-109.312949,43.813293],[-109.093603,43.817619],[-109.092878,43.904474],[-108.912783,43.904754],[-108.915985,43.990854],[-108.791779,43.991053],[-108.792277,44.079616],[-108.550758,44.079403],[-108.490254,44.07976],[-108.489431,43.991866],[-108.427064,43.992054],[-108.429563,43.903355],[-108.30936,43.903255],[-108.309694,43.846619],[-108.185255,43.848255],[-108.174938,43.818968],[-107.956448,43.818666],[-107.956577,43.733446],[-107.715876,43.733343],[-107.716218,43.645766],[-107.595157,43.646427],[-107.595105,43.501397],[-107.595137,43.472279],[-108.156285,43.470628],[-108.337861,43.459765],[-108.456973,43.474279],[-108.456962,43.503156],[-108.576167,43.503256],[-108.576167,43.532556],[-108.695072,43.532255],[-108.694672,43.575755],[-108.814276,43.575555],[-108.814276,43.605255],[-108.934141,43.619163],[-109.171638,43.619764],[-109.171448,43.699198],[-109.312949,43.813293]]]}},{"type":"Feature","properties":{"fips":"53047","name":"Okanogan","state":"WA"},"geometry":{"type":"Polygon","coordinates":[[[-120.851527133018,49.0005911528352],[-120.716604,49.000188],[-120.376216,49.000705],[-120.001199,48.999418],[-119.4577,49.000261],[-119.132102,49.000262],[-118.836614034806,49.0003077591428],[-118.837006,48.653869],[-118.869633,48.653826],[-118.843888,48.481739],[-118.85196,47.957906],[-118.945143,47.942281],[-118.973504,47.943414],[-118.982234,47.962025],[-118.950782,48.018884],[-119.00319,48.043263],[-119.05697,48.136974],[-119.150983,48.146067],[-119.25685,48.102027],[-119.298585,48.115485],[-119.343523,48.049432],[-119.436257,48.076688],[-119.517571,48.062615],[-119.652468,48.000221],[-119.693712,48.032056],[-119.669707,48.075232],[-119.774593,48.104213],[-119.89535,48.050044],[-119.870595,47.960455],[-120.066023,47.966442],[-120.143075,48.064882],[-120.21306,48.079044],[-120.361288,48.157569],[-120.346284,48.199986],[-120.469124,48.26898],[-120.508212,48.310344],[-120.583166,48.319128],[-120.560206,48.361048],[-120.649933,48.398139],[-120.633344,48.468118],[-120.652283,48.536939],[-120.702069,48.531589],[-120.688515,48.575705],[-120.788307,48.625115],[-120.751904,48.657002],[-120.655857,48.724342],[-120.735427,48.786487],[-120.735281,48.864374],[-120.851527133018,49.0005911528352]]]}},{"type":"Feature","properties":{"fips":"35021","name":"Harding","state":"NM"},"geometry":{"type":"Polygon","coordinates":[[[-104.436056,36.218534],[-104.008823,36.218115],[-104.008864,36.174527],[-103.793991,36.173972],[-103.794525,36.085738],[-103.364977,36.08605],[-103.374864,35.998657],[-103.375117,35.739516],[-103.37973,35.396796],[-103.637053,35.389662],[-103.723609,35.422785],[-103.976901,35.801747],[-104.021702,35.781494],[-104.37012,35.779302],[-104.389736,35.857604],[-104.327284,35.960197],[-104.414546,36.123761],[-104.436056,36.218534]]]}},{"type":"Feature","properties":{"fips":"53067","name":"Thurston","state":"WA"},"geometry":{"type":"Polygon","coordinates":[[[-123.201891,47.085059],[-123.075026,47.084787],[-122.938156,47.190316],[-122.903521,47.157533],[-122.820576,47.19422],[-122.759505,47.141315],[-122.637396,46.977097],[-122.566132,46.94425],[-122.560436,46.933457],[-122.490888,46.867452],[-122.303576,46.828117],[-122.265906,46.765472],[-122.203115,46.763061],[-123.160909,46.76433],[-123.160588,46.793383],[-123.160516,46.837479],[-123.158364,46.995871],[-123.201891,47.085059]]]}},{"type":"Feature","properties":{"fips":"32013","name":"Humboldt","state":"NV"},"geometry":{"type":"Polygon","coordinates":[[[-119.329722,40.97385],[-119.305713,41.234542],[-119.323955,41.414519],[-119.324184120439,41.9938756277933],[-119.20828,41.993177],[-119.001022,41.993793],[-118.775869,41.992692],[-118.501002,41.995446],[-118.197369215928,41.9969940811635],[-118.197189,41.996995],[-117.873467,41.998335],[-117.623731,41.998467],[-117.403613,41.99929],[-117.197798,42.00038],[-117.026197,41.99989],[-117.018203216741,41.9998398503691],[-117.018419,41.000254],[-117.018664,40.643035],[-117.246788,40.642445],[-117.300597,40.526136],[-117.301168,40.682348],[-117.644399,40.684343],[-117.64422,40.857824],[-118.43819,40.855696],[-118.786738,40.855929],[-118.786705,40.96085],[-119.309598,40.960378],[-119.329722,40.97385]]]}},{"type":"Feature","properties":{"fips":"30109","name":"Wibaux","state":"MT"},"geometry":{"type":"Polygon","coordinates":[[[-104.607307,46.831877],[-104.603766,46.860853],[-104.412124,46.904003],[-104.306062,47.042046],[-104.316166,47.18054],[-104.420347,47.354435],[-104.131863,47.353901],[-104.044976739577,47.3970647144107],[-104.045313,47.331955],[-104.045308341358,47.3301401263698],[-104.044788,47.12743],[-104.045542,46.933887],[-104.045572,46.713881],[-104.045385111108,46.6415039321916],[-104.354835,46.641409],[-104.417998,46.684892],[-104.606903,46.684924],[-104.607307,46.831877]]]}},{"type":"Feature","properties":{"fips":"02230","name":"Skagway","state":"AK"},"geometry":{"type":"Polygon","coordinates":[[[-135.477436,59.799626],[-135.231148,59.697176],[-135.214344,59.664343],[-135.114588,59.623415],[-135.027456,59.563692],[-135.026328,59.474658],[-135.067356,59.421855],[-135.010033,59.381288],[-135.029120466615,59.3455968616136],[-135.376829,59.34634],[-135.723077801338,59.7284066620612],[-135.477436,59.799626]]]}},{"type":"Feature","properties":{"fips":"04007","name":"Gila","state":"AZ"},"geometry":{"type":"Polygon","coordinates":[[[-111.720728,34.161704],[-111.659622,34.386342],[-111.577285,34.420375],[-111.554653,34.471703],[-111.502415,34.498057],[-111.472046,34.462265],[-111.517657,34.430392],[-111.423066,34.437225],[-111.427266,34.386149],[-111.397229,34.426062],[-111.250302,34.453274],[-111.147094,34.375185],[-111.096661,34.396431],[-110.958863,34.314469],[-110.848059,34.267205],[-110.788078,34.30906],[-110.750678,34.263314],[-110.750672,34.000048],[-110.00066,34.000046],[-110.000649,33.57693],[-110.000646,33.465916],[-110.169477,33.465712],[-110.340949,33.427066],[-110.441544,33.38167],[-110.457194,33.295268],[-110.401536,33.196612],[-110.449021,33.194526],[-110.504733,33.186248],[-110.593459,33.133926],[-110.632529,33.142771],[-110.725583,33.069896],[-110.729344,33.027305],[-110.781754,32.983891],[-110.946684,33.250053],[-110.974706,33.342095],[-111.039976,33.466019],[-111.153354,33.677606],[-111.222055,33.602446],[-111.26283,33.623157],[-111.389444,33.776663],[-111.372317,33.823924],[-111.450904,33.919877],[-111.433271,33.983321],[-111.494988,33.99995],[-111.463758,34.072436],[-111.477243,34.150938],[-111.711982,34.151073],[-111.720728,34.161704]]]}},{"type":"Feature","properties":{"fips":"06091","name":"Sierra","state":"CA"},"geometry":{"type":"Polygon","coordinates":[[[-121.058203,39.537043],[-121.009477,39.639459],[-120.949435,39.672548],[-120.873261,39.776168],[-120.792484,39.709794],[-120.68076,39.676833],[-120.654227,39.706629],[-120.147149,39.707658],[-120.015734,39.708721],[-119.999935448085,39.7224069247242],[-120.00174,39.538852],[-120.003028919657,39.4450457761605],[-120.505445,39.446117],[-120.575059,39.52228],[-120.654332,39.526889],[-120.755729,39.452663],[-121.022085,39.391558],[-121.058203,39.537043]]]}},{"type":"Feature","properties":{"fips":"56035","name":"Sublette","state":"WY"},"geometry":{"type":"Polygon","coordinates":[[[-110.623434,42.779205],[-110.587662,42.779188],[-110.587993,43.126147],[-110.578656,43.235224],[-110.57838,43.29164],[-110.343959,43.291165],[-110.344218,43.377918],[-110.05731,43.377768],[-110.05157,43.464783],[-109.754717,43.4632],[-109.754462,43.365905],[-109.694942,43.366152],[-109.692716,43.26503],[-109.651451,43.167036],[-109.560451,43.083538],[-109.552579,43.012538],[-109.502407,43.010511],[-109.397757,42.939198],[-109.31536,42.856131],[-109.132315,42.737485],[-109.134466,42.694289],[-109.072851,42.693514],[-109.069477,42.433477],[-109.043864,42.263684],[-109.496675,42.263318],[-110.053708,42.270744],[-110.541634,42.277491],[-110.543329,42.448536],[-110.590131,42.448435],[-110.590074,42.710087],[-110.623477,42.710181],[-110.623434,42.779205]]]}},{"type":"Feature","properties":{"fips":"53077","name":"Yakima","state":"WA"},"geometry":{"type":"Polygon","coordinates":[[[-121.456447,46.923577],[-121.379961,47.087248],[-121.379682,47.087495],[-121.28101,47.08875],[-121.090054,46.991007],[-121.02662,46.911308],[-120.634562,46.91213],[-120.633981,46.825776],[-120.508605,46.824862],[-120.51,46.737946],[-119.973036,46.737126],[-119.904046,46.638101],[-119.874042,46.628283],[-119.865829,46.040858],[-120.801295,46.041014],[-121.522321,46.044006],[-121.522324,46.388224],[-121.393734,46.390204],[-121.451256,46.533894],[-121.353562,46.711506],[-121.455218,46.783797],[-121.52307,46.872783],[-121.456447,46.923577]]]}},{"type":"Feature","properties":{"fips":"56005","name":"Campbell","state":"WY"},"geometry":{"type":"Polygon","coordinates":[[[-106.024880029032,44.9975841235561],[-105.848065,45.000396],[-105.076600952254,45.0002966134074],[-105.085451,44.786801],[-105.079281,44.176182],[-105.079797,43.498445],[-106.017366,43.494969],[-106.009201,43.821579],[-106.014477,44.52098],[-106.009676,44.563981],[-106.024880029032,44.9975841235561]]]}},{"type":"Feature","properties":{"fips":"08075","name":"Logan","state":"CO"},"geometry":{"type":"Polygon","coordinates":[[[-103.573774006195,41.0017217990841],[-103.38249165189,41.001926146621],[-103.076536,41.002253],[-102.653464137269,41.0022253241436],[-102.65131,40.749402],[-102.664689,40.705189],[-102.664804,40.438473],[-102.77996,40.438446],[-103.465377,40.436346],[-103.4672,40.523253],[-103.581844,40.523383],[-103.573774006195,41.0017217990841]]]}},{"type":"Feature","properties":{"fips":"06075","name":"San Francisco","state":"CA"},"geometry":{"type":"Polygon","coordinates":[[[-122.511983,37.77113],[-122.465396,37.800879],[-122.398139,37.80563],[-122.385323,37.790724],[-122.376462,37.738558],[-122.356784,37.729505],[-122.361749,37.71501],[-122.389826876588,37.708331],[-122.39512,37.708394],[-122.469013,37.708198],[-122.500678019083,37.7081325680179],[-122.511983,37.77113]]]}},{"type":"Feature","properties":{"fips":"02180","name":"Nome","state":"AK"},"geometry":{"type":"MultiPolygon","coordinates":[[[[-168.12893,65.655744],[-167.979889,65.727972],[-167.650051,65.795703],[-167.282753,65.897386],[-166.768944,66.068582],[-166.038082,66.269512],[-165.407204,66.420441],[-164.816093,66.525025],[-164.400724,66.58111],[-164.395943591522,66.5811976389151],[-164.395887,66.476324],[-164.318936,66.476319],[-164.318913,66.129944],[-164.244191,66.129946],[-164.244127,65.783553],[-163.963516,65.783561],[-163.963498,65.610363],[-163.755407,65.610367],[-163.755391,65.437165],[-162.331036,65.437158],[-160.976372,65.437195],[-159.801692,65.437231],[-159.8017,65.523826],[-159.593506,65.523835],[-159.385578,65.523835],[-159.377365,65.264033],[-159.582736,65.264026],[-159.572173,64.917597],[-159.774921,64.917565],[-159.774897,64.744382],[-159.96229,64.744377],[-159.962255,64.397927],[-159.947288,64.051459],[-159.737475,64.051459],[-159.737451,63.791591],[-159.932731,63.791589],[-159.932739,63.704973],[-160.111498,63.704972],[-160.111522,63.618351],[-160.497381,63.618343],[-160.497375,63.531713],[-160.690294,63.531689],[-160.690263,63.358485],[-160.667361,63.271845],[-160.858004,63.271838],[-160.85799,63.011953],[-162.001769,63.011919],[-162.001798,63.098536],[-162.192443,63.098556],[-162.192503,63.185184],[-162.383076,63.185195],[-162.383082,63.271816],[-162.602860986157,63.277182503469],[-162.526588,63.316551],[-162.42153,63.409014],[-162.352274,63.454069],[-162.562007,63.537105],[-162.707559,63.577607],[-162.587527,63.625115],[-162.401203,63.634367],[-162.252411,63.541753],[-162.073156,63.513768],[-161.982168,63.446313],[-161.676526,63.465003],[-161.421085,63.46015],[-161.191163,63.490072],[-161.073573,63.5617],[-160.783304,63.752893],[-160.76562,63.828714],[-160.900464,63.99834],[-160.941096,64.066319],[-160.962007,64.220575],[-161.177712,64.343541],[-161.263519,64.398166],[-161.504903,64.423074],[-161.469046,64.506575],[-161.389879,64.547833],[-161.198029,64.496626],[-160.992894,64.541295],[-160.793356,64.619317],[-160.783398,64.71716],[-160.935974,64.82237],[-161.079718,64.869549],[-161.133062,64.898219],[-161.213756,64.883324],[-161.327848,64.829836],[-161.376985,64.773036],[-161.518211,64.75325],[-161.64552,64.776452],[-161.772978,64.749258],[-161.878363,64.709476],[-162.060291,64.692872],[-162.188146,64.672395],[-162.234477,64.619336],[-162.539996,64.530931],[-162.603236,64.479904],[-162.632242,64.385734],[-162.768424,64.333516],[-162.83654,64.436702],[-162.857562,64.49978],[-162.940776,64.542417],[-163.033231,64.519314],[-163.027158,64.477945],[-163.091486,64.437736],[-163.133172,64.381844],[-163.249092,64.456223],[-163.4129,64.524986],[-163.686337,64.568798],[-163.829739,64.574965],[-163.974352,64.55137],[-164.147059,64.564552],[-164.307273,64.561488],[-164.548298,64.516738],[-164.807747,64.449432],[-165.001961,64.433917],[-165.291644,64.480731],[-165.819595,64.540171],[-166.236939,64.583558],[-166.413926,64.651229],[-166.482682,64.755101],[-166.478978,64.797036],[-166.407315,64.852281],[-166.432246,64.88316],[-166.586066,64.955712],[-166.697808,64.991201],[-166.73725,65.027526],[-166.911922,65.125965],[-166.886677,65.138763],[-166.634449,65.125873],[-166.479913,65.167249],[-166.451711,65.236178],[-166.347189,65.276341],[-166.439404,65.319058],[-166.596964,65.336246],[-166.750702,65.333172],[-166.899681,65.360642],[-167.067707,65.385117],[-167.348739,65.397891],[-167.474024,65.412744],[-167.684378,65.489079],[-167.851234,65.538181],[-168.04762,65.569149],[-168.12893,65.655744]]],[[[-171.83683,63.564883],[-171.791881,63.620625],[-171.802824,63.716391],[-171.743398,63.782971],[-171.613182,63.785065],[-171.58305,63.715557],[-171.552856,63.666251],[-171.309333,63.621085],[-170.950817,63.570127],[-170.859032,63.587503],[-170.606282,63.672732],[-170.488192,63.696723],[-170.344855,63.694225],[-170.26748,63.675816],[-170.176413,63.625489],[-170.095833,63.612701],[-170.048963,63.537958],[-170.007943,63.475428],[-169.857078,63.441975],[-169.656474,63.429929],[-169.566562,63.388725],[-169.462733,63.360458],[-169.087914,63.340937],[-168.937385,63.333789],[-168.685145,63.296427],[-168.751537,63.217962],[-168.841654,63.153844],[-168.93915,63.137653],[-169.07503,63.177689],[-169.230523,63.172948],[-169.436748,63.113579],[-169.534984,63.074355],[-169.576965,63.027025],[-169.568016,62.976879],[-169.638309,62.937527],[-169.757249,62.960087],[-169.788466,63.043015],[-169.88123,63.105848],[-170.049622,63.163377],[-170.186485,63.181618],[-170.263032,63.179147],[-170.30363,63.238692],[-170.430656,63.314284],[-170.663536,63.376109],[-170.896167,63.417745],[-171.067663,63.424579],[-171.226326,63.395108],[-171.285411,63.366464],[-171.433319,63.307578],[-171.528084,63.324933],[-171.667115,63.356166],[-171.760112,63.381633],[-171.849984,63.485039],[-171.83683,63.564883]]]]}},{"type":"Feature","properties":{"fips":"56007","name":"Carbon","state":"WY"},"geometry":{"type":"Polygon","coordinates":[[[-107.929736,41.659596],[-107.50972,41.657452],[-107.522321,42.087957],[-107.522722,42.261756],[-107.522923,42.434356],[-106.624983,42.430488],[-106.075852,42.433218],[-106.073403,42.433236],[-106.074919,42.086649],[-106.068406,41.395028],[-106.322885,41.395141],[-106.321169215914,40.998215011068],[-106.860377948665,41.0007186292371],[-107.31779575979,41.0028424812322],[-107.367443,41.003073],[-107.918418289849,41.0012270706441],[-107.92988,41.39853],[-107.929736,41.659596]]]}},{"type":"Feature","properties":{"fips":"56019","name":"Johnson","state":"WY"},"geometry":{"type":"Polygon","coordinates":[[[-107.369621,44.559837],[-106.428897,44.556777],[-106.400677,44.561929],[-106.009676,44.563981],[-106.014477,44.52098],[-106.009201,43.821579],[-106.017366,43.494969],[-106.078068,43.494471],[-107.090251,43.49239],[-107.110734,43.500286],[-107.113655,43.816092],[-107.128374,44.154125],[-107.146808,44.165666],[-107.169212,44.393507],[-107.304293,44.463779],[-107.369621,44.559837]]]}},{"type":"Feature","properties":{"fips":"02185","name":"North Slope","state":"AK"},"geometry":{"type":"Polygon","coordinates":[[[-166.838969,68.337186],[-166.591802,68.405551],[-166.328459,68.442261],[-166.28312,68.521247],[-166.229761,68.613771],[-166.193421,68.726649],[-166.224187,68.873175],[-165.923734,68.868432],[-165.522358,68.855839],[-164.967542,68.88303],[-164.526887,68.917909],[-164.253157,68.930938],[-163.926999,69.000802],[-163.574034,69.124077],[-163.244656,69.306081],[-163.151351,69.430262],[-163.151261,69.61263],[-163.071903,69.737605],[-162.989084,69.82525],[-162.78808,69.929097],[-162.503572,70.100393],[-162.302314,70.204227],[-161.879266,70.329269],[-161.581911,70.302877],[-161.288197,70.296772],[-160.81279,70.376696],[-160.214828,70.559087],[-159.869172,70.706397],[-159.648383,70.794368],[-159.17181,70.875103],[-159.114972,70.817402],[-158.85342,70.792352],[-158.573913,70.79495],[-158.366302,70.819712],[-158.032397,70.832263],[-157.768452,70.875842],[-157.421001,70.976805],[-157.176077,71.095549],[-156.906165,71.239616],[-156.809653,71.286886],[-156.56865,71.352561],[-156.531124,71.296338],[-156.309908,71.259881],[-156.074411,71.242489],[-156.044615,71.184701],[-155.895105,71.193899],[-155.587702,71.17256],[-155.520737,71.102476],[-155.533347,71.067683],[-155.705487,71.020153],[-155.762068,70.985644],[-155.95205,70.964831],[-155.979264,70.918524],[-155.924955,70.85272],[-155.731842,70.83116],[-155.543031,70.847175],[-155.485915,70.885905],[-155.513293,70.940579],[-155.36416,70.994195],[-155.262602,71.079149],[-155.060764,71.145422],[-154.942864,71.126264],[-154.581129,71.007321],[-154.608314,70.942405],[-154.572458,70.82594],[-154.430229,70.831258],[-154.290317,70.821495],[-154.127487,70.778133],[-153.89048,70.885719],[-153.666363,70.883448],[-153.426265,70.890131],[-153.23848,70.922467],[-153.049207,70.913102],[-152.904243,70.883877],[-152.696868,70.882086],[-152.423534,70.858708],[-152.223053,70.824594],[-152.19246,70.795294],[-152.348417,70.744382],[-152.352196,70.697802],[-152.473348,70.683669],[-152.433781,70.616926],[-152.29669,70.602287],[-152.078663,70.584504],[-151.975785,70.563215],[-151.697258,70.547741],[-151.734287,70.503492],[-151.739862,70.436207],[-151.504417,70.431103],[-151.297598,70.400748],[-151.175187,70.375558],[-151.020441,70.433841],[-150.903765,70.46091],[-150.786327,70.463271],[-150.557415,70.481643],[-150.414358,70.459694],[-150.301516,70.418392],[-150.074461,70.439333],[-149.866698,70.510769],[-149.740188,70.498151],[-149.461755,70.518271],[-149.179148,70.4857],[-148.928979,70.426835],[-148.667017,70.430084],[-148.477044,70.359068],[-148.46615,70.313609],[-148.351437,70.304453],[-148.203477,70.348188],[-147.9615,70.314201],[-147.863719,70.293317],[-147.765104,70.219806],[-147.431532,70.188826],[-147.233327,70.207553],[-147.161601,70.155612],[-146.991109,70.14761],[-146.885771,70.185917],[-146.508133,70.186044],[-146.129579,70.158948],[-146.006411,70.140402],[-145.858297,70.165996],[-145.623306,70.084375],[-145.43483,70.036994],[-145.175073,69.991707],[-144.902304,69.96451],[-144.792614,69.979796],[-144.672305,69.966876],[-144.455421,70.035244],[-144.274904,70.048711],[-143.914244,70.115696],[-143.5173,70.138418],[-143.425199,70.124928],[-143.281878,70.151052],[-142.99979,70.088305],[-142.746807,70.042531],[-142.452927,69.958125],[-142.404366,69.916511],[-142.239873,69.896598],[-142.015641,69.837976],[-141.713369,69.789497],[-141.43084,69.695144],[-141.210456,69.68419],[-141.002672,69.645609],[-141.002609596123,68.498362265375],[-142.232922,68.500007],[-143.718715,68.500005],[-144.778977,68.5],[-146.0,68.5],[-146.0,68.0],[-146.809716,68.0],[-147.753117,67.999988],[-149.32543,67.999999],[-150.890028,68.000004],[-151.900276,68.000007],[-152.741341,68.000009],[-153.960576,68.0],[-155.318744,68.000032],[-155.318748,68.034942],[-156.236817,68.034926],[-156.236831,68.121498],[-157.15491,68.121483],[-157.154924,68.208054],[-158.1791,68.208024],[-159.693477,68.207992],[-159.693487,68.294564],[-160.159452,68.294553],[-160.15944,68.207982],[-161.091351,68.207961],[-161.091364,68.294532],[-161.55732,68.294521],[-161.557328,68.207949],[-162.023261,68.20794],[-162.023273,68.294511],[-162.722202,68.294496],[-162.72219,68.207926],[-163.615271,68.207907],[-164.499463,68.20789],[-164.499437,68.034748],[-165.396520296503,68.0347305186982],[-165.688137,68.090396],[-165.872088,68.110047],[-165.97497,68.14091],[-166.089453,68.221299],[-166.313138,68.289164],[-166.60089,68.333637],[-166.838969,68.337186]]]}},{"type":"Feature","properties":{"fips":"32033","name":"White Pine","state":"NV"},"geometry":{"type":"Polygon","coordinates":[[[-115.875886,39.465718],[-115.813476,39.593521],[-115.833101,39.729412],[-115.794864,39.853104],[-115.835301,40.017371],[-115.834969,40.127842],[-115.263729,40.122543],[-114.251633,40.11669],[-114.046372817373,40.1169358330122],[-114.046386,40.097896],[-114.047268153077,39.9060981137562],[-114.047783,39.79416],[-114.047181412926,39.5427436022297],[-114.047079,39.499943],[-114.049104,39.005509],[-114.048054,38.878693],[-114.049436705931,38.6773624568796],[-114.629524,38.6774],[-114.836333,38.677335],[-115.000846,38.677322],[-115.907071,39.161848],[-115.875886,39.465718]]]}},{"type":"Feature","properties":{"fips":"32023","name":"Nye","state":"NV"},"geometry":{"type":"Polygon","coordinates":[[[-118.196274,38.999926],[-117.865116,39.073654],[-117.775468,39.093425],[-117.331857,39.16343],[-116.600946,39.161463],[-115.907071,39.161848],[-115.000846,38.677322],[-115.000846,38.050757],[-115.893857,38.050531],[-115.896925,36.842085],[-115.895753,36.172227],[-115.845803,36.122048],[-115.846113922762,35.9635526731109],[-115.892975,35.999967],[-116.093601,36.155805],[-116.375875,36.372562],[-116.488233,36.459097],[-117.000895,36.847694],[-117.166000564031,36.9712075385903],[-117.165612,38.001692],[-117.691021,38.473797],[-118.196235,38.919058],[-118.196274,38.999926]]]}},{"type":"Feature","properties":{"fips":"56025","name":"Natrona","state":"WY"},"geometry":{"type":"Polygon","coordinates":[[[-107.543526,42.781558],[-107.501425,42.781458],[-107.502327,43.12806],[-107.517031,43.472659],[-107.534897,43.501362],[-107.110734,43.500286],[-107.090251,43.49239],[-106.078068,43.494471],[-106.073869,43.47257],[-106.077069,42.777965],[-106.075852,42.433218],[-106.624983,42.430488],[-107.522923,42.434356],[-107.542058,42.44184],[-107.543526,42.781558]]]}},{"type":"Feature","properties":{"fips":"56033","name":"Sheridan","state":"WY"},"geometry":{"type":"Polygon","coordinates":[[[-107.911522788162,45.0015440046114],[-107.351441,45.001407],[-106.888773,44.995885],[-106.263715092465,44.9937884330015],[-106.263586,44.993788],[-106.024880029032,44.9975841235561],[-106.009676,44.563981],[-106.400677,44.561929],[-106.428897,44.556777],[-107.369621,44.559837],[-107.615891,44.701297],[-107.750649,44.722592],[-107.832319,44.790161],[-107.881662,44.98546],[-107.911522788162,45.0015440046114]]]}},{"type":"Feature","properties":{"fips":"53003","name":"Asotin","state":"WA"},"geometry":{"type":"Polygon","coordinates":[[[-117.479988,46.121994],[-117.419482,46.121956],[-117.419334,46.383139],[-117.228796,46.411306],[-117.22812,46.462245],[-117.208628,46.423707],[-117.036645748421,46.4261004826554],[-117.035545,46.410012],[-117.062748,46.353624],[-116.99726,46.303151],[-116.964379,46.253282],[-116.962966,46.19968],[-116.923958,46.17092],[-116.935473,46.142448],[-116.981962,46.084915],[-116.942656,46.061],[-116.915989,45.995413],[-117.353928,45.996349],[-117.479937263654,45.9975667668422],[-117.479988,46.121994]]]}},{"type":"Feature","properties":{"fips":"53021","name":"Franklin","state":"WA"},"geometry":{"type":"Polygon","coordinates":[[[-119.45319,46.679243],[-119.369165,46.678179],[-119.369429,46.737695],[-119.080797,46.737761],[-118.210243,46.738833],[-118.249122,46.734138],[-118.21566,46.588924],[-118.228635,46.593362],[-118.471646,46.597262],[-118.615592,46.504543],[-118.633826,46.414022],[-118.746199,46.359512],[-118.777344,46.29015],[-119.023417,46.216656],[-119.041498,46.192667],[-119.265854,46.273988],[-119.269368,46.370295],[-119.269042,46.51917],[-119.403042,46.613043],[-119.45319,46.679243]]]}},{"type":"Feature","properties":{"fips":"16019","name":"Bonneville","state":"ID"},"geometry":{"type":"Polygon","coordinates":[[[-112.519861,43.626623],[-111.626043,43.626756],[-111.565974,43.622037],[-111.399765,43.621976],[-111.243839,43.621853],[-111.207561,43.543857],[-111.04536056097,43.5010514511122],[-111.044617,43.31572],[-111.044143,43.072364],[-111.044052705118,43.019407032899],[-111.589489,43.020052],[-111.588049,43.281841],[-111.822494,43.282286],[-111.822475,43.366035],[-112.043821,43.366708],[-112.043672,43.410143],[-112.103298,43.425057],[-112.520024,43.42517],[-112.519861,43.626623]]]}},{"type":"Feature","properties":{"fips":"06053","name":"Monterey","state":"CA"},"geometry":{"type":"Polygon","coordinates":[[[-121.970427,36.582754],[-121.923866,36.634559],[-121.860604,36.611136],[-121.814462,36.682858],[-121.796826,36.777543],[-121.791544,36.815186],[-121.812732426762,36.8500494437455],[-121.793808,36.879537],[-121.757482,36.899981],[-121.754116,36.902768],[-121.655782,36.913109],[-121.644001,36.893996],[-121.597698,36.83735],[-121.45134,36.724793],[-121.468086,36.685518],[-121.350092,36.648357],[-121.318373,36.610026],[-121.311788,36.502736],[-121.244091,36.506911],[-121.193465,36.445751],[-121.040797,36.323969],[-121.027362,36.26008],[-120.920551,36.311012],[-120.86508,36.292578],[-120.761483,36.20358],[-120.718426,36.196848],[-120.717696,36.260012],[-120.75834,36.308604],[-120.678582,36.267319],[-120.62691,36.203227],[-120.667551,36.138057],[-120.433053,35.968933],[-120.315068,35.907186],[-120.27576,35.905881],[-120.213979,35.789276],[-121.185056,35.794161],[-121.347053956004,35.7951862038146],[-121.406823,35.844623],[-121.462264,35.885618],[-121.4862,35.970348],[-121.531876,36.014368],[-121.574602,36.025156],[-121.622009,36.099695],[-121.680145,36.165818],[-121.779851,36.227407],[-121.826425,36.24186],[-121.888491,36.30281],[-121.903195,36.393603],[-121.9416,36.485602],[-121.970427,36.582754]]]}},{"type":"Feature","properties":{"fips":"06033","name":"Lake","state":"CA"},"geometry":{"type":"Polygon","coordinates":[[[-123.077812,39.173791],[-122.994839,39.235924],[-123.019711,39.321785],[-123.075114,39.407683],[-123.063181,39.503539],[-122.89031,39.529014],[-122.885352,39.580108],[-122.735639,39.580668],[-122.739062,39.383266],[-122.78509,39.382975],[-122.743482,39.36813],[-122.775043,39.311778],[-122.680927,39.238726],[-122.47729,39.17395],[-122.491278,39.052991],[-122.413416,39.020218],[-122.409118,38.962793],[-122.340172,38.924246],[-122.421952,38.903562],[-122.395312,38.863994],[-122.374235,38.811787],[-122.464115,38.706134],[-122.626772,38.67078],[-122.795989,38.838952],[-122.821592,38.85014],[-122.948865,38.90022],[-122.98664,38.997283],[-123.028035,38.996593],[-123.093013,39.071994],[-123.077812,39.173791]]]}},{"type":"Feature","properties":{"fips":"06027","name":"Inyo","state":"CA"},"geometry":{"type":"Polygon","coordinates":[[[-118.775014,37.463052],[-117.833504044144,37.4649387662445],[-117.68061,37.353399],[-117.244917,37.030244],[-117.166000564031,36.9712075385903],[-117.000895,36.847694],[-116.488233,36.459097],[-116.375875,36.372562],[-116.093601,36.155805],[-115.892975,35.999967],[-115.846113922762,35.9635526731109],[-115.648032019625,35.8096292126029],[-115.735891,35.79362],[-116.277263,35.793394],[-117.251015,35.795004],[-117.634283,35.79726],[-117.924406,35.798359],[-118.008094,35.788935],[-118.005489,35.862699],[-117.980761,35.867515],[-118.003577,35.983718],[-118.033611,36.008944],[-118.127147,36.279656],[-118.100317,36.346137],[-118.21482,36.435036],[-118.239021,36.523635],[-118.290523,36.558535],[-118.274624,36.597334],[-118.366328,36.691635],[-118.360586,36.744773],[-118.389758,36.834466],[-118.360831,36.887734],[-118.437137,37.059818],[-118.592661,37.138147],[-118.654593,37.141826],[-118.716016,37.328208],[-118.786736,37.34338],[-118.775014,37.463052]]]}},{"type":"Feature","properties":{"fips":"08031","name":"Denver","state":"CO"},"geometry":{"type":"Polygon","coordinates":[[[-105.109924,39.627085],[-105.053256,39.667785],[-105.053246,39.791063],[-104.79091,39.79825],[-104.73039,39.896131],[-104.640361,39.906711],[-104.599581,39.899038],[-104.619743,39.826852],[-104.762462,39.823443],[-104.734601,39.769181],[-104.884646,39.740156],[-104.894046,39.682061],[-104.894058,39.678448],[-104.90344,39.678598],[-104.903443,39.684857],[-104.905223,39.686058],[-104.904591,39.680318],[-104.908096,39.680306],[-104.903579,39.676675],[-104.903509,39.667624],[-104.894024,39.667589],[-104.890204,39.66451],[-104.890458,39.667578],[-104.885164,39.667566],[-104.879525,39.663927],[-104.875653,39.664527],[-104.87538,39.668651],[-104.877459,39.672066],[-104.875291,39.674766],[-104.870882,39.674764],[-104.866051,39.670847],[-104.866334,39.660309],[-104.856441,39.66034],[-104.848678,39.659218],[-104.847296,39.657102],[-104.913407,39.624083],[-104.973486,39.667684],[-105.053641,39.613976],[-105.109924,39.627085]],[[-105.06356,39.651859],[-105.062589,39.651854],[-105.06256,39.652991],[-105.063539,39.652979],[-105.06356,39.651859]],[[-104.939505,39.694762],[-104.928183,39.696634],[-104.93079,39.70022],[-104.926963,39.706699],[-104.931648,39.711098],[-104.940684,39.711076],[-104.939505,39.694762]]]}},{"type":"Feature","properties":{"fips":"32510","name":"Carson City","state":"NV"},"geometry":{"type":"Polygon","coordinates":[[[-120.003364028833,39.1656267640688],[-119.880787,39.165509],[-119.843933,39.200776],[-119.770871,39.215285],[-119.712645,39.250871],[-119.712112,39.251046],[-119.647945,39.19506],[-119.56148,39.194424],[-119.550386,39.086259],[-119.761213,39.114009],[-120.002614842913,39.1126893740958],[-120.003364028833,39.1656267640688]]]}},{"type":"Feature","properties":{"fips":"49019","name":"Grand","state":"UT"},"geometry":{"type":"Polygon","coordinates":[[[-110.135463,38.926222],[-110.147882,38.97975],[-110.069114,38.978983],[-110.003984,38.949911],[-110.041176,38.993516],[-110.153396,39.016411],[-110.113265,39.159383],[-110.054305,39.228645],[-110.077562,39.276859],[-110.018646,39.362713],[-110.023975,39.469268],[-110.023963,39.469268],[-109.953349,39.461801],[-109.106908,39.4621],[-109.051066846273,39.4977388093662],[-109.051223831017,39.3666775495863],[-109.051512,39.126095],[-109.059961475353,38.5000258740357],[-110.025285,38.499982],[-109.988033,38.561176],[-110.058723,38.581998],[-110.036264,38.651313],[-110.120614,38.70584],[-110.081552,38.754824],[-110.179296,38.908097],[-110.135463,38.926222]]]}},{"type":"Feature","properties":{"fips":"08097","name":"Pitkin","state":"CO"},"geometry":{"type":"Polygon","coordinates":[[[-107.430949,39.366178],[-107.113446,39.366066],[-106.509214,39.362298],[-106.426487,39.361871],[-106.50238,39.298567],[-106.508614,39.166681],[-106.561265,39.155677],[-106.577966,39.057908],[-106.599214,38.997994],[-106.694969,39.055667],[-106.749357,39.042528],[-106.801874,38.978303],[-106.861687,39.009439],[-106.906422,38.992091],[-107.001622,39.042273],[-107.06632,39.118805],[-107.28249,39.118718],[-107.375608,39.197931],[-107.394486,39.256299],[-107.465187,39.314515],[-107.430949,39.366178]]]}},{"type":"Feature","properties":{"fips":"16079","name":"Shoshone","state":"ID"},"geometry":{"type":"Polygon","coordinates":[[[-116.329601,48.017722],[-116.282236,48.059386],[-116.120163,48.033448],[-116.038565829873,47.9846342564417],[-116.030751,47.973349],[-115.959946,47.898142],[-115.900934,47.843064],[-115.845474,47.814967],[-115.835365,47.760957],[-115.72377,47.696671],[-115.73627,47.654762],[-115.694284,47.62346],[-115.721207,47.576323],[-115.717024,47.532693],[-115.634684,47.48176],[-115.69293,47.457237],[-115.71034,47.417784],[-115.578619,47.367007],[-115.531971,47.314121],[-115.470959,47.284873],[-115.371825,47.265213],[-115.326903,47.255912],[-115.29211,47.209861],[-115.255786,47.174725],[-115.189451,47.131032],[-115.120917,47.061237],[-115.071254,47.022083],[-115.031651,46.971548],[-114.961422906068,46.9328938759708],[-115.636166,46.933363],[-116.329436,46.934669],[-116.329418,47.021915],[-116.329406,47.414011],[-116.329538,47.890393],[-116.329601,48.017722]]]}},{"type":"Feature","properties":{"fips":"06105","name":"Trinity","state":"CA"},"geometry":{"type":"Polygon","coordinates":[[[-123.560163,40.950257],[-123.481457,40.914957],[-123.406082,41.013792],[-123.464006,41.076348],[-123.408291,41.179944],[-123.273402,41.122891],[-123.23948,41.075763],[-123.109077,41.075429],[-123.036808,41.004058],[-122.917529,40.99399],[-122.897411,41.028475],[-122.973382,41.112074],[-122.885921,41.205142],[-122.811342,41.202451],[-122.653686,41.289237],[-122.585241,41.359008],[-122.50389,41.342985],[-122.522636,41.213525],[-122.498376,41.182675],[-122.445453,41.15793],[-122.457144,41.096611],[-122.513354,41.088227],[-122.527753,41.014395],[-122.607363,40.957748],[-122.600458,40.899749],[-122.666058,40.825875],[-122.669839,40.773567],[-122.752023,40.689882],[-122.69879,40.569293],[-122.845954,40.505181],[-122.903738,40.445071],[-122.998682,40.418142],[-123.068789,40.332233],[-123.065426,40.286971],[-122.97755,40.241285],[-122.989623,40.145496],[-122.934013,39.978131],[-123.544563,39.977015],[-123.544458,40.001923],[-123.544059,40.739386],[-123.55985,40.829584],[-123.623826,40.929421],[-123.560163,40.950257]]]}},{"type":"Feature","properties":{"fips":"16061","name":"Lewis","state":"ID"},"geometry":{"type":"Polygon","coordinates":[[[-116.713496,46.325527],[-116.368801,46.343217],[-116.369122,46.466923],[-116.308621,46.412998],[-116.184198,46.403378],[-116.170272,46.371588],[-116.127103,46.298575],[-116.012624,46.225662],[-116.13357,46.215231],[-116.188993,46.155357],[-116.44817,46.196957],[-116.514447,46.131786],[-116.529896,46.000715],[-116.648516,46.030597],[-116.701819,45.996381],[-116.713496,46.325527]]]}},{"type":"Feature","properties":{"fips":"49047","name":"Uintah","state":"UT"},"geometry":{"type":"Polygon","coordinates":[[[-110.038093,39.566627],[-109.984332,39.664677],[-109.991505,39.739356],[-109.88308,39.806236],[-109.976756,39.80623],[-109.976402,40.809686],[-109.869985,40.764002],[-109.52658,40.826891],[-109.516302,40.754843],[-109.485136,40.74051],[-109.394465,40.791032],[-109.394491,40.858166],[-109.202158,40.858412],[-109.201412,40.785747],[-109.163425,40.785955],[-109.161063,40.683765],[-109.048259750048,40.662601817228],[-109.048249,40.653601],[-109.050732112077,40.2226552582576],[-109.050973,40.180849],[-109.050615,39.87497],[-109.050871925262,39.6604717771594],[-109.051066846273,39.4977388093662],[-109.106908,39.4621],[-109.953349,39.461801],[-110.023963,39.469268],[-110.038093,39.566627]]]}},{"type":"Feature","properties":{"fips":"49035","name":"Salt Lake","state":"UT"},"geometry":{"type":"Polygon","coordinates":[[[-112.260216,40.769093],[-112.006566,40.921846],[-111.958672,40.921822],[-111.915555,40.821816],[-111.891154,40.821826],[-111.753272,40.853182],[-111.738912,40.861174],[-111.663996,40.850194],[-111.641052,40.798925],[-111.649129,40.773443],[-111.606221,40.712856],[-111.592726,40.69912],[-111.604353,40.66627],[-111.553266,40.609313],[-111.593879,40.577063],[-111.605938,40.564388],[-111.913313,40.452523],[-111.982136,40.414217],[-112.172862,40.467065],[-112.175337,40.603981],[-112.196393,40.62934],[-112.201816,40.706404],[-112.260216,40.769093]]]}},{"type":"Feature","properties":{"fips":"41015","name":"Curry","state":"OR"},"geometry":{"type":"Polygon","coordinates":[[[-124.552441,42.840568],[-124.480938,42.951495],[-124.479882226932,42.9543224376774],[-124.258388,42.954946],[-124.219623,42.933782],[-124.141475,42.850586],[-124.159966,42.739947],[-124.132918,42.666697],[-123.996291,42.685651],[-123.925717,42.774514],[-123.811553,42.788837],[-123.783304,42.799426],[-123.716492,42.784061],[-123.831264,42.632313],[-123.890657,42.500538],[-124.011544,42.489628],[-124.006863,42.488828],[-124.005888,42.487625],[-124.003139,42.485828],[-124.002248,42.48466],[-124.00144,42.480858],[-124.001629,42.477902],[-124.002819,42.473912],[-124.002893,42.47166],[-124.001127,42.467382],[-124.000994,42.465995],[-124.001225,42.464829],[-124.002402,42.46302],[-124.002827,42.462667],[-124.004459,42.462335],[-124.005121,42.462041],[-124.005753,42.461239],[-124.005773,42.459527],[-124.005436,42.458572],[-124.001334,42.455054],[-124.001159,42.453976],[-124.003205,42.451833],[-124.004475,42.451153],[-124.003591,42.447785],[-124.001851,42.44602],[-124.001681,42.445034],[-124.002269,42.444161],[-124.002891,42.443527],[-124.008608,42.441928],[-124.014459,42.434275],[-124.009174,42.427216],[-124.009457,42.426465],[-124.012825,42.423994],[-124.012771,42.423333],[-124.010968,42.421801],[-124.009216,42.421399],[-124.008668,42.420822],[-124.00863,42.419622],[-124.013345,42.412677],[-124.027073,42.359216],[-123.892651,42.353293],[-123.7922,42.237623],[-123.858549,42.135116],[-123.822037598588,41.995620816947],[-124.001188,41.996146],[-124.211605,41.99846],[-124.270464,42.045553],[-124.314289,42.067864],[-124.351535,42.129796],[-124.361009,42.180752],[-124.383633,42.22716],[-124.410982,42.250547],[-124.410556,42.307431],[-124.425554,42.351874],[-124.435105,42.440163],[-124.399065,42.539928],[-124.400918,42.597518],[-124.413119,42.657934],[-124.45074,42.675798],[-124.448418,42.689909],[-124.510017,42.734746],[-124.552441,42.840568]]]}},{"type":"Feature","properties":{"fips":"04005","name":"Coconino","state":"AZ"},"geometry":{"type":"Polygon","coordinates":[[[-113.319971,36.096769],[-113.224919,36.091144],[-113.196751,36.152949],[-113.13708,36.166424],[-113.009038,36.23904],[-112.902949,36.253761],[-112.865033,36.282381],[-112.792436,36.285036],[-112.723991,36.345992],[-112.681571,36.341662],[-112.629468,36.391871],[-112.623017,36.474736],[-112.660059,36.54356],[-112.620946,36.595942],[-112.638679,36.674478],[-112.600381,36.831928],[-112.529299,36.952437],[-112.538571,37.000744128882],[-112.35769,37.001025],[-111.413013987341,37.0014775769675],[-111.405869,37.001481],[-111.278286,37.000465],[-111.250762024167,37.0007150407456],[-111.066496,37.002389],[-110.75069,37.003197],[-110.75071,35.034206],[-110.750678,34.263314],[-110.788078,34.30906],[-110.848059,34.267205],[-110.958863,34.314469],[-111.096661,34.396431],[-111.147094,34.375185],[-111.250302,34.453274],[-111.397229,34.426062],[-111.427266,34.386149],[-111.423066,34.437225],[-111.517657,34.430392],[-111.472046,34.462265],[-111.502415,34.498057],[-111.554653,34.471703],[-111.552106,34.8025],[-111.778265,34.803304],[-111.809026,34.976295],[-112.334536,34.973024],[-112.335791,35.148234],[-112.442289,35.149238],[-112.442389,35.25917],[-112.47286,35.238188],[-112.577399,35.243394],[-112.694667,35.311651],[-112.735084,35.305021],[-112.953209,35.352902],[-112.976935,35.392803],[-113.147635,35.47898],[-113.176327,35.507222],[-113.334161,35.528217],[-113.334024,35.803031],[-113.310523,35.86435],[-113.33485,35.913859],[-113.317122,35.961385],[-113.354176,36.040368],[-113.319971,36.096769]]]}},{"type":"Feature","properties":{"fips":"53037","name":"Kittitas","state":"WA"},"geometry":{"type":"Polygon","coordinates":[[[-121.465776,47.368291],[-121.427417,47.420678],[-121.31154,47.479595],[-121.217039,47.569752],[-121.113569,47.597288],[-121.07497,47.550891],[-120.996578,47.518545],[-120.917936,47.429367],[-120.802533,47.422626],[-120.664368,47.343305],[-120.5305,47.334328],[-120.389197,47.260935],[-120.09446,47.262159],[-120.075969,47.225898],[-120.007074,47.220133],[-120.002065,47.126153],[-120.042866,47.073453],[-119.966129,46.943757],[-119.927436,46.798445],[-119.973036,46.737126],[-120.51,46.737946],[-120.508605,46.824862],[-120.633981,46.825776],[-120.634562,46.91213],[-121.02662,46.911308],[-121.090054,46.991007],[-121.28101,47.08875],[-121.379682,47.087495],[-121.408081,47.1181],[-121.297819,47.148851],[-121.3176,47.212131],[-121.365138,47.224563],[-121.341203,47.281261],[-121.427492,47.289075],[-121.465776,47.368291]]]}},{"type":"Feature","properties":{"fips":"35013","name":"Do\u00f1a Ana","state":"NM"},"geometry":{"type":"Polygon","coordinates":[[[-107.299475,32.780166],[-106.887733,32.779273],[-106.887891,32.822781],[-106.340515,33.052777],[-106.340709,32.958382],[-106.376585,32.95805],[-106.377173188247,32.0012401010375],[-106.513986060717,32.0008176642324],[-106.618486,32.000495],[-106.630114,31.971258],[-106.623445,31.914034],[-106.63588,31.871514],[-106.581344,31.813906],[-106.528242,31.783148],[-106.531731,31.78391],[-106.993544,31.783689],[-107.296792996712,31.7836253371067],[-107.299631,32.60537],[-107.299475,32.780166]]]}},{"type":"Feature","properties":{"fips":"30003","name":"Big Horn","state":"MT"},"geometry":{"type":"Polygon","coordinates":[[[-108.69962,45.348946],[-108.682223,45.433132],[-108.645325,45.464073],[-108.316374,45.460509],[-108.316245,45.489503],[-108.193191,45.489526],[-108.069752,45.518535],[-108.069572,45.783507],[-108.047352,45.899479],[-107.881846,45.899233],[-107.881873,45.928149],[-107.798821,45.956723],[-107.798753,45.98568],[-107.674468,45.985759],[-107.674454,46.04361],[-107.511534,46.043403],[-107.424929,46.043374],[-107.425128,45.956674],[-107.176358,45.956761],[-107.17636,45.913323],[-107.051946,45.913489],[-107.052159,45.870052],[-106.939095,45.870041],[-106.939077,45.831608],[-106.877217,45.831714],[-106.9128,45.788221],[-106.912959,45.683915],[-106.727573,45.676469],[-106.768676,45.352826],[-106.768014,45.179728],[-106.279709,45.179728],[-106.263684,45.173353],[-106.263715092465,44.9937884330015],[-106.888773,44.995885],[-107.351441,45.001407],[-107.911522788162,45.0015440046114],[-107.997353,45.001565],[-108.248525185308,45.0006298274175],[-108.258603,45.00818],[-108.217518,45.094115],[-108.098054,45.220517],[-108.699616,45.217709],[-108.69962,45.348946]]]}},{"type":"Feature","properties":{"fips":"16083","name":"Twin Falls","state":"ID"},"geometry":{"type":"Polygon","coordinates":[[[-115.037697,42.768414],[-115.037774,42.911864],[-114.960322,42.914925],[-114.901636,42.859108],[-114.933622,42.766931],[-114.857807,42.755301],[-114.812167,42.664415],[-114.616487,42.649298],[-114.465857,42.59972],[-114.244703,42.559244],[-114.13035,42.494906],[-114.045454,42.528699],[-114.000388,42.526373],[-114.067073,42.514453],[-114.069162,42.417124],[-114.285448,42.417333],[-114.28179946722,41.9942138857579],[-114.281855,41.994214],[-114.598267,41.994511],[-114.89921,41.999909],[-115.038109752434,41.9986341156765],[-115.037697,42.768414]]]}},{"type":"Feature","properties":{"fips":"16035","name":"Clearwater","state":"ID"},"geometry":{"type":"Polygon","coordinates":[[[-116.456098,46.629097],[-116.32954,46.627957],[-116.329436,46.934669],[-115.636166,46.933363],[-114.961422906068,46.9328938759708],[-114.927432,46.914185],[-114.943281,46.867971],[-114.880588,46.811791],[-114.79004,46.778729],[-114.76718,46.738828],[-114.699008,46.740223],[-114.676827162695,46.7318387398131],[-114.626695,46.712889],[-114.621483,46.658143],[-114.591116003227,46.6525504803548],[-114.594634,46.633448],[-115.630708,46.473038],[-115.6342,46.437581],[-115.733477,46.362882],[-115.779394,46.267219],[-115.814741,46.265755],[-115.999438,46.30652],[-116.076088,46.361988],[-116.170272,46.371588],[-116.184198,46.403378],[-116.308621,46.412998],[-116.369122,46.466923],[-116.451662,46.490736],[-116.456098,46.629097]]]}},{"type":"Feature","properties":{"fips":"02188","name":"Northwest Arctic","state":"AK"},"geometry":{"type":"Polygon","coordinates":[[[-165.396520296503,68.0347305186982],[-164.499437,68.034748],[-164.499463,68.20789],[-163.615271,68.207907],[-162.72219,68.207926],[-162.722202,68.294496],[-162.023273,68.294511],[-162.023261,68.20794],[-161.557328,68.207949],[-161.55732,68.294521],[-161.091364,68.294532],[-161.091351,68.207961],[-160.15944,68.207982],[-160.159452,68.294553],[-159.693487,68.294564],[-159.693477,68.207992],[-158.1791,68.208024],[-157.154924,68.208054],[-157.15491,68.121483],[-156.236831,68.121498],[-156.236817,68.034926],[-155.318748,68.034942],[-155.318744,68.000032],[-155.369012,67.861792],[-155.368999,67.775216],[-155.142837,67.775221],[-155.142825,67.688643],[-154.916661,67.688648],[-154.916649,67.60207],[-154.690489,67.602075],[-154.748939,67.515495],[-154.748904,67.255753],[-154.30311,67.255759],[-154.303097,67.169177],[-154.146314,67.169178],[-154.146221,66.822843],[-154.210317,66.822842],[-154.210302,66.736255],[-154.860446,66.736242],[-154.860431,66.563064],[-155.510585,66.563051],[-155.555001,66.476458],[-155.554993,66.303274],[-155.982499,66.303268],[-155.982504,66.38986],[-156.196257,66.389857],[-156.196224,66.476582],[-156.62377,66.476442],[-156.623757,66.303259],[-157.051266,66.303254],[-157.051284,66.476438],[-157.90631,66.476424],[-157.906295,66.130049],[-158.972185,66.130027],[-158.972175,65.956849],[-159.604813,65.95683],[-159.593506,65.523835],[-159.8017,65.523826],[-159.801692,65.437231],[-160.976372,65.437195],[-162.331036,65.437158],[-163.755391,65.437165],[-163.755407,65.610367],[-163.963498,65.610363],[-163.963516,65.783561],[-164.244127,65.783553],[-164.244191,66.129946],[-164.318913,66.129944],[-164.318936,66.476319],[-164.395887,66.476324],[-164.395943591522,66.5811976389151],[-163.824166,66.59168],[-163.603956,66.558089],[-163.728308,66.498552],[-163.798687,66.436875],[-163.873106,66.389015],[-163.849163,66.307639],[-163.843108,66.259869],[-163.925152,66.225078],[-163.916551,66.190494],[-163.80358,66.100059],[-163.695394,66.059552],[-163.495845,66.085388],[-163.372072,66.085029],[-163.146726,66.059487],[-162.997473,66.076845],[-162.750705,66.09016],[-162.622284,66.039526],[-162.423726,66.048984],[-162.331284,66.031403],[-162.137424,66.078547],[-161.838018,66.022582],[-161.775537,66.073732],[-161.613943,66.176693],[-161.548429,66.239912],[-161.484539,66.262426],[-161.341189,66.2551],[-161.320778,66.223591],[-161.198971,66.210949],[-160.993965,66.234444],[-161.089161,66.31514],[-161.322126,66.368554],[-161.575413,66.396806],[-161.694404,66.396174],[-161.916309,66.349481],[-161.86369,66.459487],[-161.87488,66.511446],[-162.105641,66.622584],[-162.175398,66.687789],[-162.349774,66.726713],[-162.501415,66.742503],[-162.626696,66.859572],[-162.582856,66.904292],[-162.466702,66.950998],[-162.468441,66.980604],[-162.63547,66.998434],[-162.842979,66.991177],[-163.011676,67.029538],[-163.299266,67.060748],[-163.591216,67.092373],[-163.702045,67.109375],[-163.74082,67.20996],[-163.878781,67.416125],[-164.051288,67.566351],[-164.256634,67.651651],[-164.533937,67.725606],[-165.094228,67.931963],[-165.35005,68.02586],[-165.396520296503,68.0347305186982]]]}},{"type":"Feature","properties":{"fips":"30081","name":"Ravalli","state":"MT"},"geometry":{"type":"Polygon","coordinates":[[[-114.517143,45.835993],[-114.422963,45.855381],[-114.388243,45.88234],[-114.413168,45.911479],[-114.402261,45.961489],[-114.441185,45.988453],[-114.480241,46.030325],[-114.460049,46.097104],[-114.5213,46.125287],[-114.514706,46.167726],[-114.445928,46.173933],[-114.449819,46.237119],[-114.441326,46.2738],[-114.431708,46.310744],[-114.422458,46.387097],[-114.384756,46.411784],[-114.403019,46.498675],[-114.351655,46.508119],[-114.331338,46.577781],[-114.320665,46.646963],[-114.335724935405,46.6552729673536],[-114.317808,46.660551],[-113.827743,46.660896],[-113.811703,46.58907],[-113.874651,46.508329],[-113.849218,46.440978],[-113.782032,46.359518],[-113.785795,46.288077],[-113.750527,46.272146],[-113.821174,46.212466],[-113.753246,46.1128],[-113.803677,46.037675],[-113.687673,46.035406],[-113.648358,45.965038],[-113.517409,45.940089],[-113.516144,45.938814],[-113.528581,45.88116],[-113.697639,45.843545],[-113.829875,45.750746],[-113.870452,45.781574],[-113.94832148257,45.6825773584415],[-113.971565,45.700636],[-114.015633,45.696127],[-114.014973,45.654008],[-114.083149,45.603996],[-114.18647,45.545539],[-114.251836,45.537812],[-114.279217,45.480616],[-114.36852,45.492716],[-114.456764,45.543983],[-114.506341,45.559216],[-114.523773044931,45.5853265066066],[-114.538132,45.606834],[-114.53577,45.650613],[-114.499637,45.669035],[-114.504869,45.722176],[-114.562509,45.779927],[-114.517143,45.835993]]]}},{"type":"Feature","properties":{"fips":"06063","name":"Plumas","state":"CA"},"geometry":{"type":"Polygon","coordinates":[[[-121.497635,40.445591],[-121.361456,40.446822],[-121.327826,40.445367],[-121.061417,40.446536],[-121.061493,40.256417],[-120.928582,40.191931],[-120.764403,40.31601],[-120.652158,40.307656],[-120.510817,40.248945],[-120.445892,40.176854],[-120.341385,40.115243],[-120.209641,40.086008],[-120.201264,40.013474],[-120.108761,39.93951],[-120.110627,39.765779],[-120.147149,39.707658],[-120.654227,39.706629],[-120.68076,39.676833],[-120.792484,39.709794],[-120.873261,39.776168],[-120.949435,39.672548],[-121.009477,39.639459],[-121.076695,39.597264],[-121.136715,39.628169],[-121.210878,39.725651],[-121.350821,39.825704],[-121.429957,39.900313],[-121.41948,40.015766],[-121.366818,40.086054],[-121.436886,40.151905],[-121.368395,40.21223],[-121.342264,40.309751],[-121.470395,40.350213],[-121.497635,40.445591]]]}},{"type":"Feature","properties":{"fips":"49007","name":"Carbon","state":"UT"},"geometry":{"type":"Polygon","coordinates":[[[-111.247496,39.813028],[-110.85778,39.813285],[-109.976756,39.80623],[-109.88308,39.806236],[-109.991505,39.739356],[-109.984332,39.664677],[-110.038093,39.566627],[-110.023963,39.469268],[-110.023975,39.469268],[-111.077545,39.469743],[-111.081333,39.467455],[-111.085349,39.521522],[-111.132121,39.61379],[-111.159113,39.595947],[-111.24746,39.704373],[-111.247496,39.813028]]]}},{"type":"Feature","properties":{"fips":"06029","name":"Kern","state":"CA"},"geometry":{"type":"Polygon","coordinates":[[[-120.194369,35.789363],[-119.53812,35.789898],[-118.918468,35.790498],[-118.058925,35.791474],[-118.008094,35.788935],[-117.924406,35.798359],[-117.634283,35.79726],[-117.652136,35.709858],[-117.634346,35.651571],[-117.633691,35.439319],[-117.631295,35.419566],[-117.632248,34.990858],[-117.632151,34.822271],[-117.667459,34.822528],[-117.916747,34.82255],[-118.894634,34.817972],[-118.880405,34.788655],[-118.977926,34.811714],[-119.242534,34.814323],[-119.276435,34.872481],[-119.443691,34.901171],[-119.472494,34.901378],[-119.472552,35.076669],[-119.561752,35.087831],[-119.553819,35.180123],[-119.667304,35.174982],[-119.666585,35.262635],[-119.809407,35.263693],[-119.809218,35.345353],[-119.880356,35.351124],[-119.880045,35.439133],[-119.99315,35.43947],[-120.065219,35.512964],[-120.08618,35.614397],[-120.193988,35.614389],[-120.194369,35.789363]]]}},{"type":"Feature","properties":{"fips":"35001","name":"Bernalillo","state":"NM"},"geometry":{"type":"Polygon","coordinates":[[[-107.197244,35.219459],[-106.962038,35.218392],[-106.72899,35.217978],[-106.643366,35.197762],[-106.604484,35.21786],[-106.244216,35.215657],[-106.243874,35.040003],[-106.243762,34.953355],[-106.149828,34.953462],[-106.149737,34.870142],[-106.411781,34.870252],[-106.413359,34.890187],[-106.429486,34.9034],[-106.685955,34.906004],[-106.720091,34.872141],[-106.72083,34.870054],[-107.024481,34.869953],[-107.066562,34.95719],[-107.197244,35.219459]]]}},{"type":"Feature","properties":{"fips":"35023","name":"Hidalgo","state":"NM"},"geometry":{"type":"Polygon","coordinates":[[[-109.049195,31.796551],[-109.048296,32.084093],[-109.047612,32.426377],[-109.047117,32.77757],[-109.04711706231,32.7777940009477],[-108.854581,32.777276],[-108.852919,32.603374],[-108.646523,32.60373],[-108.64677,32.516521],[-108.537011,32.516618],[-108.537676,32.079832],[-108.524538,31.863614],[-108.217143,31.864139],[-108.217134,31.820475],[-108.208394,31.783599],[-108.208572,31.499742],[-108.208573,31.333395],[-108.707657,31.333191],[-108.861028,31.332315],[-109.050044,31.332502],[-109.049195,31.796551]]]}},{"type":"Feature","properties":{"fips":"16015","name":"Boise","state":"ID"},"geometry":{"type":"Polygon","coordinates":[[[-116.273069,44.151227],[-116.213871,44.151387],[-116.11249,44.147839],[-116.103072,44.236409],[-115.520287,44.235356],[-115.401408,44.259623],[-115.357484,44.345959],[-115.294614,44.339445],[-115.178964,44.296521],[-115.167684,44.20284],[-115.024181,44.155478],[-115.04356,44.05882],[-114.990777,43.949723],[-115.067527,43.941275],[-115.136209,43.983859],[-115.181931,44.090533],[-115.230528,44.098766],[-115.19706,44.068993],[-115.287226,43.93552],[-115.508722,43.884855],[-115.547538,43.792667],[-115.592796,43.798289],[-115.625615,43.728255],[-115.697508,43.665373],[-115.797108,43.638608],[-115.875927,43.591265],[-115.975719,43.591438],[-115.992799,43.595085],[-116.264107,43.795666],[-116.279919,43.807363],[-116.273069,44.151227]]]}},{"type":"Feature","properties":{"fips":"53011","name":"Clark","state":"WA"},"geometry":{"type":"Polygon","coordinates":[[[-122.788086362595,45.8510074543561],[-122.719767,45.870903],[-122.719712,45.933256],[-122.657632,45.928134],[-122.477104,45.988089],[-122.357765,45.956915],[-122.245856,46.053853],[-122.249197008052,45.5499989327412],[-122.262625,45.544321],[-122.331502,45.548241],[-122.380302,45.575941],[-122.438674,45.563585],[-122.492259,45.583281],[-122.643907,45.609739],[-122.738109,45.644138],[-122.756443903971,45.6624210250876],[-122.774511,45.680437],[-122.76651077133,45.7286625744452],[-122.761451,45.759163],[-122.795605,45.81],[-122.788086362595,45.8510074543561]]]}},{"type":"Feature","properties":{"fips":"06021","name":"Glenn","state":"CA"},"geometry":{"type":"Polygon","coordinates":[[[-122.911794,39.799485],[-122.046471,39.797648],[-121.947267,39.731202],[-121.994343,39.671458],[-121.994021,39.533926],[-121.856532,39.536904],[-121.890013,39.383864],[-122.008857,39.413567],[-122.136006,39.385494],[-122.739062,39.383266],[-122.735639,39.580668],[-122.885352,39.580108],[-122.892676,39.708898],[-122.937654,39.798156],[-122.911794,39.799485]]]}},{"type":"Feature","properties":{"fips":"02105","name":"Hoonah-Angoon","state":"AK"},"geometry":{"type":"MultiPolygon","coordinates":[[[[-133.702862448018,57.7917730667286],[-133.176902640205,58.1504821029092],[-133.176444,58.150151],[-133.076421,57.999762],[-132.869318,57.842941],[-132.756813,57.705093],[-132.655278650447,57.6017446104835],[-132.827503,57.58066],[-132.88785,57.613739],[-132.840996,57.663106],[-132.871898,57.712796],[-133.188197,57.741008],[-133.279877,57.794768],[-133.353451,57.77227],[-133.493048,57.824726],[-133.549358,57.775225],[-133.699124476434,57.7857341418546],[-133.702862448018,57.7917730667286]]],[[[-134.960502,58.403758],[-134.865084,58.357276],[-134.788441,58.28909],[-134.735829,58.234597],[-134.724372268416,58.2112501528181],[-134.772728,58.166496],[-134.784681,58.096599],[-134.697766,58.032036],[-134.577773,58.054116],[-134.538413,58.098172],[-134.262050642365,58.1440173156308],[-134.256223,58.144793],[-134.174352,58.125284],[-134.183983,58.077295],[-134.138231,58.047103],[-134.087572,57.996475],[-133.999948,57.91481],[-133.904874,57.807406],[-133.896846,57.685524],[-133.808285,57.609604],[-133.8176,57.568353],[-133.871581,57.484158],[-133.866931,57.367869],[-133.786398,57.311528],[-133.840895,57.271074],[-133.875673,57.267613],[-133.983501,57.302838],[-134.100118,57.266285],[-134.193629,57.184879],[-134.302721,57.136562],[-134.378359,57.115016],[-134.386052,57.087392],[-134.443786,57.062292],[-134.497718,57.031194],[-134.565687,57.023737],[-134.634565,57.109863],[-134.640169,57.239852],[-134.55554,57.407428],[-134.607557,57.513042],[-134.695428,57.685335],[-134.709024,57.780498],[-134.752398,57.938956],[-134.783772,58.082292],[-134.864299,58.180489],[-134.958171,58.322057],[-134.960502,58.403758]]],[[[-136.563223,58.035052],[-136.538708,58.093482],[-136.446286,58.11334],[-136.365544,58.148854],[-136.387113,58.252414],[-136.290349,58.251761],[-136.176442,58.265111],[-136.033678,58.276728],[-135.877468,58.259852],[-135.78338,58.286709],[-135.712398,58.231892],[-135.497911,58.168882],[-135.275797,58.097024],[-135.108896,58.08827],[-134.950844,58.036993],[-134.926395,57.921919],[-135.004952,57.884338],[-134.950745937855,57.783703180253],[-135.05469,57.762782],[-135.271588,57.766036],[-135.421502,57.841579],[-135.778467,57.948949],[-135.902499,58.002546],[-136.026168,57.836537],[-136.371913581412,57.8321657315344],[-136.372377,57.832587],[-136.458829,57.853901],[-136.484259,57.89646],[-136.573288,57.926844],[-136.563223,58.035052]]],[[[-137.936162994919,58.8106412939646],[-137.526131029392,58.9068439298878],[-137.447383,58.909513],[-137.264752,59.002352],[-136.863896,59.138472],[-136.826633,59.158389],[-136.581521,59.164909],[-136.490034614875,59.2600937301797],[-136.362339,59.232961],[-136.107895,59.215693],[-135.89905,59.17906],[-135.699146,59.10741],[-135.723091,59.069847],[-135.566129,58.94245],[-135.605493,58.903989],[-135.524117,58.887696],[-135.683487,58.853598],[-135.747005,58.725606],[-135.551001,58.698793],[-135.529943,58.656784],[-135.405223,58.620593],[-135.316732,58.504393],[-135.50702,58.499604],[-135.446307,58.405618],[-135.455105374771,58.3385861347723],[-135.544213,58.330228],[-135.649861,58.324517],[-135.728054,58.397067],[-135.917917,58.381237],[-136.041818,58.380161],[-136.11193,58.34253],[-136.265906,58.314499],[-136.437152,58.302417],[-136.544776,58.316665],[-136.576799,58.277951],[-136.567956,58.245153],[-136.591924,58.217886],[-136.70125,58.219416],[-136.717093,58.273508],[-136.857605,58.31636],[-136.911713,58.370252],[-136.986384,58.404043],[-137.078109,58.397474],[-137.239366,58.453159],[-137.355328,58.492374],[-137.568216,58.587989],[-137.653709,58.608324],[-137.681633,58.656452],[-137.836448,58.741563],[-137.941828,58.794322],[-137.936162994919,58.8106412939646]]]]}},{"type":"Feature","properties":{"fips":"06087","name":"Santa Cruz","state":"CA"},"geometry":{"type":"Polygon","coordinates":[[[-122.317682,37.186945],[-122.152774,37.215444],[-122.152278,37.286055],[-122.026174,37.166854],[-121.966219,37.135736],[-121.82402,37.08757],[-121.72606,37.02126],[-121.738697,36.989991],[-121.696222,36.98056],[-121.583529,36.919252],[-121.581354,36.899152],[-121.644001,36.893996],[-121.655782,36.913109],[-121.754116,36.902768],[-121.757482,36.899981],[-121.793808,36.879537],[-121.812732426762,36.8500494437455],[-121.862266,36.931552],[-121.906468,36.96895],[-121.95167,36.97145],[-122.027174,36.95115],[-122.105976,36.955951],[-122.20618,37.013949],[-122.260481,37.072548],[-122.284882,37.101747],[-122.294310191913,37.1051413867181],[-122.317682,37.186945]]]}},{"type":"Feature","properties":{"fips":"35055","name":"Taos","state":"NM"},"geometry":{"type":"Polygon","coordinates":[[[-105.959812,36.35442],[-105.938754,36.462402],[-105.972491,36.648088],[-105.984436,36.812065],[-105.971889,36.886247],[-106.006316410798,36.9953866288173],[-105.997472,36.995417],[-105.718469683991,36.995845927301],[-105.716471,36.995849],[-105.533922,36.995875],[-105.41931,36.995856],[-105.251296,36.995605],[-105.220505200781,36.9955632364865],[-105.200117,36.915628],[-105.229372,36.84771],[-105.230632,36.723784],[-105.311842,36.724471],[-105.370638,36.681032],[-105.351385,36.636905],[-105.377745,36.552096],[-105.318718,36.491693],[-105.356826,36.449504],[-105.327301,36.40543],[-105.341264,36.261863],[-105.409677,36.236814],[-105.419992,36.131704],[-105.53038,36.013014],[-105.735883,36.100133],[-105.856947,36.230434],[-106.058364,36.296978],[-105.959812,36.35442]]]}},{"type":"Feature","properties":{"fips":"02068","name":"Denali","state":"AK"},"geometry":{"type":"Polygon","coordinates":[[[-152.428084,63.183171],[-152.428098,63.304259],[-152.619512,63.304254],[-152.619517,63.347568],[-152.810931,63.347563],[-152.873392,63.4775],[-152.87341,63.650745],[-152.228439,63.65076],[-152.229256,63.824001],[-152.055132,63.824006],[-152.055758,63.997242],[-151.830535,63.997248],[-151.793976,64.06943],[-151.564903,64.069436],[-151.516333,64.020631],[-151.281995,63.997265],[-150.729385,64.358173],[-149.132599,64.343778],[-148.046696,64.343802],[-147.779479,64.259029],[-146.999909,64.257196],[-146.999966,63.477618],[-148.025627,63.477609],[-148.025618,63.333233],[-149.49234,63.333218],[-151.894015,62.798058],[-151.893784,62.725864],[-152.999609,62.725831],[-152.428084,63.183171]]]}},{"type":"Feature","properties":{"fips":"53025","name":"Grant","state":"WA"},"geometry":{"type":"Polygon","coordinates":[[[-120.002065,47.126153],[-120.007074,47.220133],[-120.004704,47.319994],[-119.918915,47.364475],[-119.87576,47.437492],[-119.533123,47.441207],[-119.532889,47.527756],[-119.405196,47.612636],[-119.320304,47.626797],[-119.298649,47.728328],[-119.21241,47.800695],[-119.212225,47.887708],[-119.125904,47.917301],[-119.103873,47.961763],[-118.982234,47.962025],[-118.973504,47.943414],[-118.979777,47.261709],[-118.982652,46.911344],[-119.13607,46.91222],[-119.368662,46.912562],[-119.369429,46.737695],[-119.369165,46.678179],[-119.45319,46.679243],[-119.511388,46.727687],[-119.618479,46.647583],[-119.874042,46.628283],[-119.904046,46.638101],[-119.973036,46.737126],[-119.927436,46.798445],[-119.966129,46.943757],[-120.042866,47.073453],[-120.002065,47.126153]]]}},{"type":"Feature","properties":{"fips":"56001","name":"Albany","state":"WY"},"geometry":{"type":"Polygon","coordinates":[[[-106.322885,41.395141],[-106.068406,41.395028],[-106.074919,42.086649],[-106.073403,42.433236],[-105.556042,42.430583],[-105.575642,42.377314],[-105.613865,42.304455],[-105.526399,42.288859],[-105.375541,42.290139],[-105.332638,42.431106],[-105.28391,42.431402],[-105.271809,41.742029],[-105.278236,41.656655],[-105.276859994035,40.9981729176259],[-105.277138,40.998173],[-106.190554078709,40.9977466125744],[-106.217573,40.997734],[-106.321169215914,40.998215011068],[-106.322885,41.395141]]]}},{"type":"Feature","properties":{"fips":"15007","name":"Kauai","state":"HI"},"geometry":{"type":"MultiPolygon","coordinates":[[[[-159.783746,22.064897],[-159.745247,22.097508],[-159.730544,22.139953],[-159.705531,22.159321],[-159.61165,22.201388],[-159.581058,22.223488],[-159.543924,22.221695],[-159.510756,22.203548],[-159.487939,22.229512],[-159.431707,22.220015],[-159.402466,22.232603],[-159.361507,22.214092],[-159.312293,22.183082],[-159.293013,22.12296],[-159.31828,22.061417],[-159.334489,22.041698],[-159.332564,21.999352],[-159.33768,21.951173],[-159.385271,21.912439],[-159.444868,21.868627],[-159.526918,21.883886],[-159.574521,21.892806],[-159.603279,21.892248],[-159.649766,21.933848],[-159.707795,21.961229],[-159.754795,21.977772],[-159.786702,22.018801],[-159.783746,22.064897]]],[[[-160.24961,21.815145],[-160.228965,21.889117],[-160.193959,21.922386],[-160.13705,21.948632],[-160.122262,21.962881],[-160.112746,21.995245],[-160.072123,22.003334],[-160.058543,21.99638],[-160.051128,21.98106],[-160.070292,21.963951],[-160.085787,21.927295],[-160.079065,21.89608],[-160.124283,21.876789],[-160.156092,21.86793],[-160.174796,21.846923],[-160.189782,21.82245],[-160.205851,21.779518],[-160.230373,21.789675],[-160.24961,21.815145]]]]}},{"type":"Feature","properties":{"fips":"30041","name":"Hill","state":"MT"},"geometry":{"type":"Polygon","coordinates":[[[-110.750595,48.914088],[-110.743064,48.9980081121848],[-110.531615,48.99839],[-110.438151,48.999188],[-110.171595,48.999262],[-109.500737,49.00044],[-109.489548844193,49.0004208022765],[-109.505514,48.913911],[-109.505333,48.56791],[-109.464318,48.52526],[-109.464318,48.452638],[-109.496741,48.451262],[-109.551644,48.293479],[-109.534295,48.134564],[-109.726914,48.132859],[-109.726943,48.221525],[-109.845812,48.219004],[-109.845932,48.305971],[-110.625409,48.306479],[-110.625543,48.219731],[-110.755873,48.219601],[-110.750595,48.914088]]]}},{"type":"Feature","properties":{"fips":"53039","name":"Klickitat","state":"WA"},"geometry":{"type":"Polygon","coordinates":[[[-121.612232,46.044093],[-121.522321,46.044006],[-120.801295,46.041014],[-119.865829,46.040858],[-119.868153889391,45.8382266026357],[-119.965744,45.824365],[-119.999505153462,45.8116849230819],[-120.07015,45.785152],[-120.141352,45.773152],[-120.210754,45.725951],[-120.282156,45.72125],[-120.40396,45.699249],[-120.488546820704,45.6999122274785],[-120.505863,45.700048],[-120.591166,45.746547],[-120.634968,45.745847],[-120.652516760194,45.7361697306749],[-120.68937,45.715847],[-120.855674,45.671545],[-120.895575,45.642945],[-120.913935013084,45.6480658664235],[-120.943977,45.656445],[-121.084933,45.647893],[-121.1222,45.616067],[-121.183841,45.606441],[-121.215779,45.671238],[-121.33777,45.704949],[-121.423592,45.69399],[-121.440695827861,45.6990737947724],[-121.52400610422,45.7238362251992],[-121.609246,45.782519],[-121.612232,46.044093]]]}},{"type":"Feature","properties":{"fips":"56023","name":"Lincoln","state":"WY"},"geometry":{"type":"Polygon","coordinates":[[[-111.04708,42.34942],[-111.045530292713,42.5139128777751],[-111.043564,42.722624],[-111.043959,42.96445],[-111.044052705118,43.019407032899],[-111.044143,43.072364],[-111.044617,43.31572],[-110.813996,43.31394],[-110.813993,43.235178],[-110.578656,43.235224],[-110.587993,43.126147],[-110.587662,42.779188],[-110.623434,42.779205],[-110.623477,42.710181],[-110.590074,42.710087],[-110.590131,42.448435],[-110.543329,42.448536],[-110.541634,42.277491],[-110.053708,42.270744],[-110.048,41.578015],[-110.084778,41.577615],[-111.045818464842,41.5798449482258],[-111.046689,42.001567],[-111.04708,42.34942]]]}},{"type":"Feature","properties":{"fips":"30057","name":"Madison","state":"MT"},"geometry":{"type":"Polygon","coordinates":[[[-112.687054,45.624854],[-112.549534,45.684317],[-112.498432,45.759765],[-112.461816,45.742584],[-112.190269,45.748503],[-112.085801,45.851101],[-111.926965,45.855694],[-111.805259,45.798306],[-111.80538,45.786748],[-111.763324,45.786828],[-111.763273,45.772554],[-111.721847,45.772369],[-111.721683,45.743278],[-111.659738,45.743344],[-111.536241,45.642257],[-111.35138,45.641938],[-111.35003,45.350548],[-111.377138236735,44.7511964139636],[-111.385005,44.755128],[-111.438793,44.720546],[-111.456947232494,44.6956407378395],[-111.781099,44.708845],[-111.781157,44.781027],[-112.065797,44.783475],[-112.065678,44.825985],[-112.167108,44.826738],[-112.191187,45.000512],[-112.334248,45.000519],[-112.333899,45.088423],[-112.456854,45.088509],[-112.458062,45.34991],[-112.505568,45.443009],[-112.628609,45.440586],[-112.691417,45.483518],[-112.687054,45.624854]]]}},{"type":"Feature","properties":{"fips":"30025","name":"Fallon","state":"MT"},"geometry":{"type":"Polygon","coordinates":[[[-104.905988,46.482251],[-104.732672,46.482202],[-104.733059,46.612695],[-104.732843,46.656264],[-104.606903,46.684924],[-104.417998,46.684892],[-104.354835,46.641409],[-104.045385111108,46.6415039321916],[-104.045125235308,46.5408609881557],[-104.045045,46.509788],[-104.045469,46.324545],[-104.045465951587,46.2800809626881],[-104.045443,45.94531],[-104.044133156107,45.8819762583498],[-104.134826,45.881928],[-104.134842,45.968833],[-104.390876,45.970363],[-104.390744,46.054826],[-104.516078,46.054844],[-104.516126,46.136196],[-104.885495,46.136595],[-104.905988,46.482251]]]}},{"type":"Feature","properties":{"fips":"41043","name":"Linn","state":"OR"},"geometry":{"type":"Polygon","coordinates":[[[-123.253373,44.572781],[-123.220049,44.584926],[-123.18564,44.587179],[-123.164428,44.637507],[-123.073132,44.652359],[-123.149025,44.720225],[-123.143843,44.748914],[-123.113025,44.759483],[-123.015148,44.719877],[-123.013768,44.713437],[-123.018679,44.700354],[-123.018514,44.698536],[-123.013753,44.691811],[-123.006847,44.686898],[-122.933356,44.716056],[-122.864965,44.7583],[-122.783465,44.794422],[-122.690864,44.775417],[-122.61556,44.788386],[-122.480122,44.755819],[-122.276675,44.746135],[-122.23037,44.697668],[-122.138702,44.725179],[-122.033006,44.685691],[-121.799562,44.683915],[-121.793895,44.594056],[-121.84552,44.424733],[-121.843138,44.39263],[-121.841346,44.285652],[-121.799426,44.25828],[-122.32715,44.252841],[-122.384561,44.217063],[-122.577019,44.227881],[-122.646812,44.266618],[-122.762735,44.290537],[-122.865465,44.287317],[-122.903999,44.259129],[-122.905755,44.200736],[-123.165428,44.200071],[-123.180388,44.283725],[-123.245678,44.332099],[-123.227668,44.406912],[-123.22793,44.407768],[-123.229331,44.414213],[-123.205287,44.443038],[-123.214409,44.491014],[-123.215082,44.494188],[-123.211967,44.501218],[-123.212162,44.503904],[-123.214683,44.507681],[-123.238067,44.527969],[-123.253376,44.52887],[-123.241754,44.544575],[-123.260151,44.555148],[-123.253373,44.572781]]]}},{"type":"Feature","properties":{"fips":"53075","name":"Whitman","state":"WA"},"geometry":{"type":"Polygon","coordinates":[[[-118.249122,46.734138],[-118.210243,46.738833],[-118.015567,46.784873],[-117.959335,46.914811],[-117.96093,47.260568],[-117.823629,47.26022],[-117.040159751863,47.259272],[-117.039836,47.154734],[-117.039833386028,47.1272689922541],[-117.039777655562,46.5417089920381],[-117.039771,46.471779],[-117.036645748421,46.4261004826554],[-117.208628,46.423707],[-117.22812,46.462245],[-117.254262,46.545082],[-117.382742,46.614684],[-117.464769,46.699626],[-117.597792,46.672543],[-117.740868,46.694583],[-117.85185,46.62467],[-117.881857,46.592193],[-118.165292,46.555135],[-118.21566,46.588924],[-118.249122,46.734138]]]}},{"type":"Feature","properties":{"fips":"30027","name":"Fergus","state":"MT"},"geometry":{"type":"Polygon","coordinates":[[[-110.213596,47.416657],[-110.159579,47.415312],[-110.030854,47.479551],[-109.850793,47.539142],[-109.836861,47.712041],[-109.722711,47.702621],[-109.691058,47.728554],[-109.538677,47.738864],[-109.425315,47.720153],[-109.274171,47.793239],[-109.132768,47.781122],[-108.978383,47.802658],[-108.891115,47.734456],[-108.771619,47.645523],[-108.526067,47.620824],[-108.335819,47.5674],[-108.313048,47.58365],[-108.315481,47.315152],[-108.590835,47.306516],[-108.591111,47.270135],[-108.719189,47.270342],[-108.736838,47.098218],[-108.608954,47.098126],[-108.611116,46.836776],[-108.631462,46.749392],[-109.00957,46.750702],[-109.389208,46.751351],[-109.389163,46.693625],[-109.745745,46.694097],[-109.756666,46.780389],[-109.835424,46.809161],[-109.755423,46.896023],[-109.756568,47.185694],[-109.871985,47.185323],[-109.872475,47.228883],[-110.000024,47.228716],[-110.000289,47.272133],[-110.127699,47.27191],[-110.127952,47.35902],[-110.213285,47.358771],[-110.213596,47.416657]]]}},{"type":"Feature","properties":{"fips":"16031","name":"Cassia","state":"ID"},"geometry":{"type":"Polygon","coordinates":[[[-114.285448,42.417333],[-114.069162,42.417124],[-114.067073,42.514453],[-114.000388,42.526373],[-113.931799,42.535243],[-113.778137,42.556424],[-113.699044,42.51919],[-113.654149,42.536155],[-113.557193,42.656799],[-113.472177,42.669352],[-113.373117,42.687638],[-113.3044,42.628749],[-113.236968,42.625254],[-113.175678,42.589464],[-113.002792,42.588003],[-112.999965,42.327427],[-113.000040139624,41.9982276125391],[-113.000821,41.998223],[-113.249159,41.996203],[-113.496548,41.993305],[-113.817964,41.98858],[-114.041723,41.99372],[-114.28179946722,41.9942138857579],[-114.285448,42.417333]]]}},{"type":"Feature","properties":{"fips":"16053","name":"Jerome","state":"ID"},"geometry":{"type":"Polygon","coordinates":[[[-114.617401,42.850888],[-114.594375,42.850901],[-114.365366,42.85079],[-114.345659,42.809055],[-114.049849,42.808444],[-114.049961,42.765006],[-113.931687,42.765026],[-113.931799,42.535243],[-114.000388,42.526373],[-114.045454,42.528699],[-114.13035,42.494906],[-114.244703,42.559244],[-114.465857,42.59972],[-114.616487,42.649298],[-114.617401,42.850888]]]}},{"type":"Feature","properties":{"fips":"53061","name":"Snohomish","state":"WA"},"geometry":{"type":"Polygon","coordinates":[[[-122.458596,48.297703],[-122.303986,48.297575],[-121.577501,48.298967],[-121.001658,48.296009],[-120.907425,48.163184],[-121.015942,48.074795],[-121.15326,48.039693],[-121.118183,47.997103],[-121.180776,47.898769],[-121.070685,47.826616],[-121.119179,47.779933],[-122.000365,47.775392],[-122.112945,47.775949],[-122.271033,47.777095],[-122.327229,47.777657],[-122.438093,47.777814],[-122.429625,47.828098],[-122.333348,47.933217],[-122.350289,48.080312],[-122.417909,48.170622],[-122.392977,48.23743],[-122.458596,48.297703]]]}},{"type":"Feature","properties":{"fips":"08017","name":"Cheyenne","state":"CO"},"geometry":{"type":"Polygon","coordinates":[[[-103.164159,38.690133],[-103.163025,39.03761],[-102.715766,39.038675],[-102.046571,39.047038],[-102.045712903087,38.6975657700785],[-102.04551057457,38.6151645901775],[-103.062143,38.615021],[-103.172943,38.61245],[-103.164159,38.690133]]]}},{"type":"Feature","properties":{"fips":"08037","name":"Eagle","state":"CO"},"geometry":{"type":"Polygon","coordinates":[[[-107.113672,39.919112],[-107.033968,39.918913],[-106.652992,39.919957],[-106.626569,39.924785],[-106.434508,39.924914],[-106.385478,39.767164],[-106.176464,39.635722],[-106.251638,39.465039],[-106.206732,39.379636],[-106.283812,39.349469],[-106.426487,39.361871],[-106.509214,39.362298],[-107.113446,39.366066],[-107.113872,39.62489],[-107.113672,39.919112]]]}},{"type":"Feature","properties":{"fips":"08087","name":"Morgan","state":"CO"},"geometry":{"type":"Polygon","coordinates":[[[-104.150494,40.350245],[-104.147714,40.524389],[-103.581844,40.523383],[-103.4672,40.523253],[-103.465377,40.436346],[-103.47199,40.001502],[-103.705701,40.001366],[-104.150332,40.000856],[-104.150494,40.350245]]]}},{"type":"Feature","properties":{"fips":"41051","name":"Multnomah","state":"OR"},"geometry":{"type":"Polygon","coordinates":[[[-122.929146,45.721482],[-122.788101,45.720966],[-122.76651077133,45.7286625744452],[-122.774511,45.680437],[-122.756443903971,45.6624210250876],[-122.738109,45.644138],[-122.643907,45.609739],[-122.492259,45.583281],[-122.438674,45.563585],[-122.380302,45.575941],[-122.331502,45.548241],[-122.262625,45.544321],[-122.249197008052,45.5499989327412],[-122.183695,45.577696],[-122.101675,45.583516],[-122.00369,45.61593],[-121.951838,45.644951],[-121.923749361985,45.6543495089694],[-121.906688,45.520828],[-121.864656,45.504495],[-121.819587,45.461675],[-121.852796,45.460236],[-122.548002,45.461045],[-122.571309,45.461392],[-122.648787,45.432811],[-122.743721,45.433294],[-122.743703,45.442944],[-122.743745,45.487084],[-122.743862,45.519509],[-122.929128,45.635313],[-122.929146,45.721482]]]}},{"type":"Feature","properties":{"fips":"41035","name":"Klamath","state":"OR"},"geometry":{"type":"Polygon","coordinates":[[[-122.289749096157,42.0077647304966],[-122.28776,42.440287],[-122.284689,42.4745],[-122.28273,42.996499],[-122.282585,43.067719],[-122.093776,43.076257],[-122.03965,43.214102],[-121.974199,43.261693],[-122.010403,43.344697],[-122.132034,43.440221],[-122.131009,43.557284],[-122.002362,43.615498],[-121.332969,43.616645],[-121.332413,43.356663],[-121.349679,42.746644],[-120.883327,42.744214],[-120.879925710236,41.9934832599849],[-121.035195,41.993323],[-121.251099,41.99757],[-121.43961,41.99708],[-121.447539998048,41.9971900332726],[-121.675348,42.000351],[-121.846712,42.00307],[-122.101922,42.005766],[-122.289527,42.007764],[-122.289749096157,42.0077647304966]]]}},{"type":"Feature","properties":{"fips":"56037","name":"Sweetwater","state":"WY"},"geometry":{"type":"Polygon","coordinates":[[[-110.053708,42.270744],[-109.496675,42.263318],[-109.043864,42.263684],[-107.994247,42.262053],[-107.522722,42.261756],[-107.522321,42.087957],[-107.50972,41.657452],[-107.929736,41.659596],[-107.92988,41.39853],[-107.918418289849,41.0012270706441],[-108.250649,41.000114],[-109.050076,41.000659],[-109.250735,41.001009],[-109.715409,40.998191],[-110.000716736441,40.9974254597082],[-110.048482995685,40.9972972928506],[-110.048,41.578015],[-110.053708,42.270744]]]}},{"type":"Feature","properties":{"fips":"06071","name":"San Bernardino","state":"CA"},"geometry":{"type":"Polygon","coordinates":[[[-117.802445,33.968308],[-117.767657,34.023508],[-117.746005,34.020119],[-117.729416,34.025479],[-117.71117,34.079536],[-117.693563,34.121627],[-117.646374,34.28917],[-117.655213,34.396953],[-117.655235,34.397222],[-117.667459,34.822528],[-117.632151,34.822271],[-117.632248,34.990858],[-117.631295,35.419566],[-117.633691,35.439319],[-117.634346,35.651571],[-117.652136,35.709858],[-117.634283,35.79726],[-117.251015,35.795004],[-116.277263,35.793394],[-115.735891,35.79362],[-115.648032019625,35.8096292126029],[-115.647683,35.809358],[-115.404537,35.617605],[-115.303743,35.538207],[-115.160068,35.424129],[-115.043812,35.332012],[-114.948154366683,35.2552173238086],[-114.804249,35.139689],[-114.633487,35.001857],[-114.629769,34.94304],[-114.634382,34.87289],[-114.576452,34.8153],[-114.490971,34.724848],[-114.465246,34.691202],[-114.422382,34.580711],[-114.378223,34.516521],[-114.378852,34.450376],[-114.335372,34.450038],[-114.264317,34.401329],[-114.172845,34.344979],[-114.14093,34.305919],[-114.14081715128,34.3031275138817],[-114.139055,34.259538],[-114.17805,34.239969],[-114.229715,34.186928],[-114.292806,34.166725],[-114.348052,34.134458],[-114.405941,34.11154],[-114.428026,34.092787],[-114.43009113852,34.0789314062795],[-114.456281,34.079884],[-115.136087,34.079734],[-115.316065,34.077843],[-115.316212,34.03411],[-116.300631,34.032544],[-116.929558,34.034113],[-116.933645,34.004914],[-117.199592,34.004059],[-117.225369,34.005347],[-117.296066,34.018252],[-117.375416,34.019399],[-117.401494,34.034018],[-117.550237,34.033472],[-117.610943,33.971807],[-117.610925,33.945999],[-117.615424,33.924229],[-117.655213,33.924076],[-117.673045,33.871067],[-117.783075,33.94626],[-117.802445,33.968308]]]}},{"type":"Feature","properties":{"fips":"06041","name":"Marin","state":"CA"},"geometry":{"type":"Polygon","coordinates":[[[-123.011533,38.003438],[-122.960889,38.112962],[-122.953629,38.17567],[-122.987149,38.237538],[-122.986319,38.273164],[-123.003146477056,38.2957052387145],[-122.911319,38.321209],[-122.7399,38.207018],[-122.545376,38.158733],[-122.488499639259,38.1090944743082],[-122.491283,38.108087],[-122.499465,38.032165],[-122.452995,37.996167],[-122.488665,37.966714],[-122.486375,37.921881],[-122.448413,37.89341],[-122.41847,37.852721],[-122.483483,37.826728],[-122.537285,37.830328],[-122.60129,37.875126],[-122.678474,37.906604],[-122.70264,37.89382],[-122.754606,37.935527],[-122.797405,37.976657],[-122.856573,38.016717],[-122.939711,38.031908],[-122.97439,37.992429],[-123.011533,38.003438]]]}},{"type":"Feature","properties":{"fips":"30071","name":"Phillips","state":"MT"},"geometry":{"type":"Polygon","coordinates":[[[-108.888316,47.922722],[-108.625587,47.920411],[-108.607579,47.990997],[-108.43398,47.976553],[-108.433848,48.219551],[-108.410374,48.448484],[-108.346316,48.422305],[-108.346193,48.56845],[-108.319119,48.742209],[-108.259384,48.742225],[-108.259372,48.913592],[-108.236361659295,48.9995581358031],[-107.704696,48.999872],[-107.441017,48.999363],[-107.363582,49.000019],[-107.179812010645,48.9999116017463],[-107.206032,48.91271],[-107.206316,48.56817],[-107.192691,48.509402],[-107.25803,48.514821],[-107.301721,48.480943],[-107.301073,48.394],[-107.260279,48.39408],[-107.260458,48.304768],[-107.369252,48.305163],[-107.36973,48.218373],[-107.404513,48.21844],[-107.404676,47.870509],[-107.414886,47.691734],[-107.440064,47.625462],[-107.610852,47.647369],[-107.694687,47.629762],[-107.761921,47.54805],[-107.864922,47.51374],[-107.90912,47.450692],[-107.928591,47.567612],[-108.065418,47.598294],[-108.313048,47.58365],[-108.335819,47.5674],[-108.526067,47.620824],[-108.771619,47.645523],[-108.891115,47.734456],[-108.888316,47.922722]]]}},{"type":"Feature","properties":{"fips":"30029","name":"Flathead","state":"MT"},"geometry":{"type":"Polygon","coordinates":[[[-115.020079,48.225954],[-114.848098,48.226125],[-114.849803,48.573502],[-114.88859,48.658765],[-114.639007,48.658878],[-114.692131,48.684577],[-114.612541,48.751612],[-114.732545,48.809752],[-114.691671,48.842115],[-114.718806,48.938678],[-114.6848,48.973276],[-114.72705020628,49.0005869898058],[-114.678217,49.000725],[-114.375977,49.00139],[-114.180211,48.999703],[-114.068177472879,48.999355878623],[-114.021207,48.961343],[-114.058093,48.888954],[-114.004135,48.833215],[-113.790539,48.84553],[-113.702938,48.719865],[-113.750454,48.614335],[-113.59905,48.575173],[-113.543488,48.586872],[-113.467372,48.547555],[-113.47916,48.453115],[-113.355976,48.423912],[-113.333424,48.387961],[-113.387048,48.341502],[-113.349046,48.310263],[-113.236777,48.247211],[-113.230906,48.170426],[-113.014811,48.13103],[-112.878931,47.975713],[-112.984734,47.953918],[-113.086634,47.918182],[-113.080997,47.749917],[-113.165811,47.719764],[-113.144368,47.595507],[-113.325845,47.595507],[-113.466485,47.600057],[-113.634079,47.600027],[-113.603924,47.72144],[-113.640588,47.719998],[-113.6817,47.805153],[-113.668077,47.890963],[-113.747183,47.952952],[-113.842313,47.978877],[-113.884541,48.0519],[-114.029042,48.051653],[-114.078282,48.023148],[-114.038545,47.96255],[-114.49219,47.961989],[-114.47729,47.789941],[-114.604462,47.789871],[-114.604584,47.875605],[-114.989344,47.872807],[-115.010672,48.017621],[-115.020079,48.225954]]]}},{"type":"Feature","properties":{"fips":"02198","name":"Prince of Wales-Hyder","state":"AK"},"geometry":{"type":"MultiPolygon","coordinates":[[[[-130.320172,55.968974],[-130.288619,55.998125],[-130.22006,55.999137],[-130.289296,56.047321],[-130.282366,56.079598],[-130.246029016793,56.0970268552252],[-130.24554,56.096876],[-130.102761,56.116696],[-130.00426,55.993379],[-130.013198,55.916382],[-130.08451,55.823997],[-130.12372,55.80704],[-130.138221721229,55.7630294424374],[-130.237973,55.816645],[-130.29848,55.867112],[-130.288673,55.887006],[-130.388606,55.943179],[-130.320172,55.968974]]],[[[-131.62517,55.274475],[-131.4864,55.274299],[-131.443491,55.227327],[-131.298437,55.188631],[-131.345887,55.143083],[-131.377064,54.999313],[-131.611889743272,54.9822706348831],[-131.605661,55.004403],[-131.646276,55.035579],[-131.589387,55.08894],[-131.605302,55.107436],[-131.68413198565,55.1190936140756],[-131.62517,55.274475]]],[[[-133.935016,55.920689],[-133.816363,55.964025],[-133.7314,56.028857],[-133.659241,56.083818],[-133.643817,56.127739],[-133.6721,56.222734],[-133.656889,56.281228],[-133.656415,56.326909],[-133.582116,56.352506],[-133.41837,56.332132],[-133.197009,56.333016],[-133.158233,56.314768],[-133.07823,56.246802],[-133.039877412399,56.2390403800957],[-133.016516,56.150204],[-133.007727,56.134873],[-132.893368,56.06763],[-132.85978295117,56.0527693270234],[-132.837592,56.024327],[-132.618464,55.911476],[-132.470697,55.782162],[-132.462531,55.673854],[-132.382505,55.665336],[-132.301119,55.55096],[-132.142945,55.457941],[-132.258056,55.416142],[-132.126398,55.288418],[-132.037122,55.275144],[-131.977397,55.180949],[-132.027513,55.104675],[-131.984592,55.027978],[-131.983324,54.897813],[-131.957914,54.791239],[-131.999591,54.731975],[-132.029747,54.701189],[-132.165182,54.69405],[-132.228223,54.72517],[-132.307943,54.718714],[-132.366389,54.751197],[-132.403533,54.784596],[-132.509371,54.781258],[-132.639032,54.753251],[-132.674324,54.674652],[-132.753019,54.673244],[-132.866355,54.700386],[-132.87721,54.753772],[-132.918751,54.783253],[-132.990589,54.820994],[-133.099047,54.919007],[-133.164788,54.976909],[-133.197719,55.033404],[-133.239695,55.092415],[-133.215086,55.136876],[-133.232491,55.198828],[-133.281979,55.217117],[-133.341259,55.205701],[-133.404497,55.214992],[-133.471938,55.247527],[-133.468217,55.281678],[-133.586605,55.3088],[-133.596762,55.218233],[-133.658359,55.232674],[-133.690174,55.304409],[-133.633006,55.361299],[-133.630945,55.416114],[-133.697898,55.454759],[-133.789055,55.457892],[-133.75287,55.544282],[-133.728549,55.593128],[-133.716665,55.660223],[-133.643324,55.729037],[-133.701152,55.78516],[-133.700468,55.837421],[-133.861039,55.848844],[-133.92025,55.860295],[-133.935016,55.920689]]],[[[-134.392983,56.864284],[-134.270459,56.93558],[-134.193751,56.933598],[-134.147103,56.95697],[-134.047753,56.923],[-134.006635,56.851587],[-133.942936,56.805551],[-133.86904,56.845938],[-133.921451,56.961511],[-134.049218,57.029203],[-134.008856,57.074578],[-133.887957,57.097744],[-133.739433,57.072184],[-133.536258,57.0387],[-133.334272,57.002442],[-133.317871026437,57.0026747376997],[-133.274089,56.92185],[-133.440042,56.882355],[-133.515689,56.795983],[-133.49736,56.746657],[-133.579378,56.757841],[-133.441307,56.637626],[-133.415081566935,56.4564601889074],[-133.460634,56.45412],[-133.655468,56.442279],[-133.821628,56.391602],[-133.834555,56.319801],[-133.876624,56.275884],[-133.88114,56.223197],[-133.941986,56.180095],[-133.927725,56.145949],[-133.960525,56.091359],[-134.018043,56.088176],[-134.087446,56.094939],[-134.121868,56.029895],[-134.099805,55.98414],[-134.118062,55.914642],[-134.208251,55.876709],[-134.255096,55.844614],[-134.311763,55.812285],[-134.344652,55.846312],[-134.374965,55.928492],[-134.291804,55.926219],[-134.202178,56.035175],[-134.259749,56.13444],[-134.282212,56.254789],[-134.294679,56.335888],[-134.243126,56.395778],[-134.25192,56.44455],[-134.197967,56.531028],[-134.241938,56.555531],[-134.320134,56.554484],[-134.30112,56.620317],[-134.376274,56.668608],[-134.418534,56.822333],[-134.392983,56.864284]]]]}},{"type":"Feature","properties":{"fips":"06089","name":"Shasta","state":"CA"},"geometry":{"type":"Polygon","coordinates":[[[-123.068789,40.332233],[-122.998682,40.418142],[-122.903738,40.445071],[-122.845954,40.505181],[-122.69879,40.569293],[-122.752023,40.689882],[-122.669839,40.773567],[-122.666058,40.825875],[-122.600458,40.899749],[-122.607363,40.957748],[-122.527753,41.014395],[-122.513354,41.088227],[-122.457144,41.096611],[-122.445453,41.15793],[-122.498376,41.182675],[-121.446495,41.183484],[-121.331786,41.183886],[-121.319976,40.905886],[-121.327826,40.445367],[-121.361456,40.446822],[-121.497635,40.445591],[-121.64633,40.434726],[-121.806539,40.44495],[-121.940989,40.415331],[-122.010316,40.426558],[-122.310412,40.371064],[-122.445021,40.373398],[-122.523997,40.3945],[-122.651341,40.328288],[-122.749393,40.365522],[-122.872769,40.348848],[-122.918472,40.306758],[-122.976548,40.315162],[-123.065426,40.286971],[-123.068789,40.332233]]]}},{"type":"Feature","properties":{"fips":"15009","name":"Maui","state":"HI"},"geometry":{"type":"MultiPolygon","coordinates":[[[[-156.69989,20.920629],[-156.680905,20.980262],[-156.619581,21.027793],[-156.562773,21.016167],[-156.518707,20.954662],[-156.481055,20.898199],[-156.403304,20.915826],[-156.332817,20.94645],[-156.242555,20.937838],[-156.19471,20.891975],[-156.132669,20.861369],[-156.059788,20.81054],[-156.003532,20.795545],[-155.985413,20.744245],[-156.00187,20.698064],[-156.043786,20.664902],[-156.129898,20.627523],[-156.210258,20.628518],[-156.284391,20.596488],[-156.377633,20.578427],[-156.431872,20.598143],[-156.443673,20.656018],[-156.458438,20.736676],[-156.462242,20.753952],[-156.473562,20.790756],[-156.506026,20.799463],[-156.537752,20.778408],[-156.554617,20.786096],[-156.631794,20.82124],[-156.687804,20.89072],[-156.69989,20.920629]]],[[[-156.670469,20.559909],[-156.610734,20.59377],[-156.56714,20.604895],[-156.543034,20.580115],[-156.539643,20.527644],[-156.586238,20.511711],[-156.668809,20.504738],[-156.702265,20.532451],[-156.670469,20.559909]]],[[[-157.05913,20.913407],[-157.010001,20.929757],[-156.937529,20.925274],[-156.873125,20.894679],[-156.837047,20.863575],[-156.808469,20.820396],[-156.838321,20.764575],[-156.890295,20.744855],[-156.909081,20.739533],[-156.96789,20.73508],[-156.990678,20.775902],[-156.991834,20.826603],[-157.010911,20.854476],[-157.059663,20.884634],[-157.05913,20.913407]]],[[[-157.27722,21.158431],[-157.249695,21.184401],[-157.26069,21.225684],[-157.202125,21.219298],[-157.128207,21.201488],[-157.039987,21.190909],[-157.014267869299,21.2006942662583],[-157.014612,21.182349],[-156.973643,21.17524],[-156.942135,21.160173],[-156.918072,21.129479],[-156.900241,21.131625],[-156.917859561199,21.1690213462811],[-156.841592,21.167926],[-156.742231,21.176214],[-156.709106,21.158655],[-156.739342,21.111336],[-156.8022,21.067095],[-156.877137,21.0493],[-156.953872,21.066128],[-157.02617,21.089015],[-157.08066,21.101976],[-157.171606,21.090701],[-157.252534,21.08767],[-157.310748,21.101627],[-157.27722,21.158431]]]]}},{"type":"Feature","properties":{"fips":"06009","name":"Calaveras","state":"CA"},"geometry":{"type":"Polygon","coordinates":[[[-120.995497,38.225402],[-120.892864,38.221574],[-120.810126,38.28201],[-120.63129,38.340263],[-120.614881,38.389408],[-120.423215,38.473322],[-120.33104,38.465192],[-120.205702,38.501039],[-120.072484,38.509869],[-120.072566,38.447081],[-120.019951,38.433521],[-120.176177,38.374014],[-120.442529,38.058741],[-120.462798,38.011927],[-120.534276,37.989443],[-120.514952,37.95339],[-120.653274,37.831858],[-120.65343,37.831971],[-120.926449,38.077421],[-120.942113,38.096328],[-120.995497,38.225402]]]}},{"type":"Feature","properties":{"fips":"16047","name":"Gooding","state":"ID"},"geometry":{"type":"Polygon","coordinates":[[[-115.086155,43.198064],[-114.594605,43.198345],[-114.594375,42.850901],[-114.617401,42.850888],[-114.616487,42.649298],[-114.812167,42.664415],[-114.857807,42.755301],[-114.933622,42.766931],[-114.901636,42.859108],[-114.960322,42.914925],[-115.037774,42.911864],[-115.086852,42.91456],[-115.086155,43.198064]]]}},{"type":"Feature","properties":{"fips":"06097","name":"Sonoma","state":"CA"},"geometry":{"type":"Polygon","coordinates":[[[-123.540922011634,38.7676562160393],[-123.368394,38.80664],[-123.136253,38.809136],[-123.080997,38.852438],[-122.821592,38.85014],[-122.795989,38.838952],[-122.626772,38.67078],[-122.64661,38.599113],[-122.529625,38.469593],[-122.394612,38.304724],[-122.349744,38.193935],[-122.406786,38.155632],[-122.397581230624,38.1420035972533],[-122.488499639259,38.1090944743082],[-122.545376,38.158733],[-122.7399,38.207018],[-122.911319,38.321209],[-123.003146477056,38.2957052387145],[-123.004122,38.297012],[-123.053504,38.299385],[-123.068437,38.33521],[-123.085572,38.390525],[-123.166428,38.474947],[-123.249797,38.511045],[-123.331899,38.565542],[-123.349612,38.596805],[-123.441774,38.699744],[-123.514784,38.741966],[-123.540922011634,38.7676562160393]]]}},{"type":"Feature","properties":{"fips":"04015","name":"Mohave","state":"AZ"},"geometry":{"type":"Polygon","coordinates":[[[-114.743342,36.070535],[-114.736165,36.104367],[-114.666538,36.117343],[-114.627855,36.141012],[-114.572031,36.15161],[-114.511721,36.150956],[-114.487034,36.129396],[-114.448654,36.12641],[-114.41695,36.145761],[-114.372106,36.143114],[-114.337273,36.10802],[-114.316109,36.063109],[-114.270645,36.03572],[-114.21369,36.015613],[-114.151725,36.024563],[-114.138203,36.053161],[-114.09987,36.121654],[-114.046838,36.194069],[-114.048226,36.268874],[-114.047584,36.325573],[-114.049493,36.604059],[-114.050160776088,36.8431415396894],[-114.0506,37.000396],[-113.965907,37.000025],[-112.966471,37.000219],[-112.899190897616,37.0003012286284],[-112.829501944372,37.0003864013144],[-112.545094,37.000734],[-112.538571,37.000744128882],[-112.529299,36.952437],[-112.600381,36.831928],[-112.638679,36.674478],[-112.620946,36.595942],[-112.660059,36.54356],[-112.623017,36.474736],[-112.629468,36.391871],[-112.681571,36.341662],[-112.723991,36.345992],[-112.792436,36.285036],[-112.865033,36.282381],[-112.902949,36.253761],[-113.009038,36.23904],[-113.13708,36.166424],[-113.196751,36.152949],[-113.224919,36.091144],[-113.319971,36.096769],[-113.354176,36.040368],[-113.317122,35.961385],[-113.33485,35.913859],[-113.310523,35.86435],[-113.334024,35.803031],[-113.334161,35.528217],[-113.334105,35.508416],[-113.334359,34.561314],[-113.333422,34.317913],[-113.370507,34.291968],[-113.539524,34.306377],[-113.606093,34.229334],[-113.679109,34.210029],[-113.851708,34.251265],[-114.031132,34.259819],[-114.14081715128,34.3031275138817],[-114.14093,34.305919],[-114.172845,34.344979],[-114.264317,34.401329],[-114.335372,34.450038],[-114.378852,34.450376],[-114.378223,34.516521],[-114.422382,34.580711],[-114.465246,34.691202],[-114.490971,34.724848],[-114.576452,34.8153],[-114.634382,34.87289],[-114.629769,34.94304],[-114.633487,35.001857],[-114.625069,35.068478],[-114.619905,35.121632],[-114.59912,35.12105],[-114.572747,35.138725],[-114.587129,35.262376],[-114.627137,35.409504],[-114.6645,35.449497],[-114.663105,35.524491],[-114.655967476877,35.5879979564327],[-114.653406,35.610789],[-114.689407,35.651412],[-114.697309,35.733686],[-114.70371,35.814585],[-114.669687,35.865084],[-114.700271,35.901772],[-114.731159,35.943916],[-114.742779,36.009963],[-114.743299245886,36.0659351737601],[-114.743342,36.070535]]]}},{"type":"Feature","properties":{"fips":"08043","name":"Fremont","state":"CO"},"geometry":{"type":"Polygon","coordinates":[[[-106.010751,38.446566],[-105.908717,38.505631],[-105.878122,38.60212],[-105.96975,38.693551],[-105.328962,38.697558],[-105.237043,38.697267],[-105.239927,38.647464],[-104.942205,38.650133],[-104.941533,38.519569],[-104.940366,38.258275],[-105.049215,38.257973],[-105.796897,38.265047],[-105.999788,38.423622],[-106.010751,38.446566]]]}},{"type":"Feature","properties":{"fips":"06015","name":"Del Norte","state":"CA"},"geometry":{"type":"Polygon","coordinates":[[[-124.219592,41.846432],[-124.203402,41.940964],[-124.211605,41.99846],[-124.001188,41.996146],[-123.822037598588,41.995620816947],[-123.656998,41.995137],[-123.519112836804,41.9991725180329],[-123.565442,41.903141],[-123.642812,41.889353],[-123.703768,41.829117],[-123.660205,41.714055],[-123.719174,41.595613],[-123.648046,41.535024],[-123.61179,41.462127],[-123.661363,41.38209],[-123.770239,41.380776],[-123.770551,41.464193],[-124.067473659422,41.4647361884909],[-124.081987,41.547761],[-124.116037,41.628849],[-124.143479,41.709284],[-124.154246,41.728801],[-124.19104,41.736079],[-124.245027,41.7923],[-124.219592,41.846432]]]}},{"type":"Feature","properties":{"fips":"49043","name":"Summit","state":"UT"},"geometry":{"type":"Polygon","coordinates":[[[-111.641052,40.798925],[-111.528468,40.785161],[-111.479555,40.858288],[-111.524895,40.953842],[-111.592981,40.993015],[-111.50751,41.063234],[-111.380452,41.087248],[-111.366604,41.130018],[-111.264974,41.144044],[-111.232824,41.142881],[-111.046636983126,41.2516269562514],[-111.046723,40.997959],[-110.872056382044,40.9974031999772],[-110.539819,40.996346],[-110.121639,40.997101],[-110.048482995685,40.9972972928506],[-110.000716736441,40.9974254597082],[-110.000711,40.813678],[-110.137819,40.810913],[-110.292692,40.833343],[-110.378962,40.78718],[-110.561043,40.758317],[-110.625737,40.769471],[-110.656482,40.740275],[-110.750733,40.747706],[-110.822478,40.710461],[-110.89198,40.727123],[-110.90195,40.682187],[-110.976086,40.592954],[-111.12087,40.590457],[-111.15153,40.548332],[-111.368623,40.628944],[-111.434243,40.684684],[-111.43687,40.680587],[-111.489265,40.599438],[-111.553266,40.609313],[-111.604353,40.66627],[-111.592726,40.69912],[-111.606221,40.712856],[-111.649129,40.773443],[-111.641052,40.798925]]]}},{"type":"Feature","properties":{"fips":"16049","name":"Idaho","state":"ID"},"geometry":{"type":"Polygon","coordinates":[[[-116.799204532501,45.8510454354829],[-116.750235,45.869287],[-116.757042,45.942103],[-116.701819,45.996381],[-116.648516,46.030597],[-116.529896,46.000715],[-116.514447,46.131786],[-116.44817,46.196957],[-116.188993,46.155357],[-116.13357,46.215231],[-116.012624,46.225662],[-116.127103,46.298575],[-116.170272,46.371588],[-116.076088,46.361988],[-115.999438,46.30652],[-115.814741,46.265755],[-115.779394,46.267219],[-115.733477,46.362882],[-115.6342,46.437581],[-115.630708,46.473038],[-114.594634,46.633448],[-114.591116003227,46.6525504803548],[-114.547321,46.644485],[-114.453239,46.649266],[-114.360709,46.669059],[-114.335724935405,46.6552729673536],[-114.320665,46.646963],[-114.331338,46.577781],[-114.351655,46.508119],[-114.403019,46.498675],[-114.384756,46.411784],[-114.422458,46.387097],[-114.431708,46.310744],[-114.441326,46.2738],[-114.449819,46.237119],[-114.445928,46.173933],[-114.514706,46.167726],[-114.5213,46.125287],[-114.460049,46.097104],[-114.480241,46.030325],[-114.441185,45.988453],[-114.402261,45.961489],[-114.413168,45.911479],[-114.388243,45.88234],[-114.422963,45.855381],[-114.517143,45.835993],[-114.562509,45.779927],[-114.504869,45.722176],[-114.499637,45.669035],[-114.53577,45.650613],[-114.538132,45.606834],[-114.523773044931,45.5853265066066],[-114.663725,45.471005],[-114.793778,45.508309],[-114.793207,45.436334],[-114.60394,45.295826],[-114.694001,45.197182],[-115.975787,45.195282],[-115.976659,45.219223],[-116.121662,45.158549],[-116.144386,45.107651],[-116.285969,45.128732],[-116.342876,45.267872],[-116.690916254858,45.2689841379699],[-116.674648,45.314342],[-116.588195,45.44292],[-116.502756,45.566608],[-116.463504,45.615785],[-116.528272,45.681473],[-116.535698,45.734231],[-116.593004,45.778541],[-116.665344,45.781998],[-116.736268,45.826179],[-116.78752,45.840204],[-116.799204532501,45.8510454354829]]]}},{"type":"Feature","properties":{"fips":"53013","name":"Columbia","state":"WA"},"geometry":{"type":"Polygon","coordinates":[[[-118.228635,46.593362],[-118.21566,46.588924],[-118.165292,46.555135],[-117.881857,46.592193],[-117.85185,46.62467],[-117.863347,46.470667],[-117.737303,46.471454],[-117.674946,46.337651],[-117.611903,46.338478],[-117.603425834504,45.9987601734427],[-117.717852,45.999866],[-117.977657306532,46.000168202382],[-117.996970429603,46.0001906671726],[-117.991481,46.207702],[-118.116624,46.20805],[-118.116117,46.295455],[-118.241872,46.295064],[-118.228635,46.593362]]]}},{"type":"Feature","properties":{"fips":"06047","name":"Merced","state":"CA"},"geometry":{"type":"Polygon","coordinates":[[[-121.226804,37.134774],[-120.963812,37.346144],[-120.989811,37.395871],[-120.81557,37.466963],[-120.38767,37.633364],[-120.177636,37.261526],[-120.052055,37.183108],[-120.115088,37.165656],[-120.241224,37.158187],[-120.476692,37.09639],[-120.541696,37.044505],[-120.590566,36.952641],[-120.65595,36.952832],[-120.918731,36.740381],[-121.141523,36.836656],[-121.234683,36.926894],[-121.215406,36.961248],[-121.245887,36.983036],[-121.226804,37.134774]]]}},{"type":"Feature","properties":{"fips":"08013","name":"Boulder","state":"CO"},"geometry":{"type":"Polygon","coordinates":[[[-105.693694,39.942405],[-105.638797,40.038787],[-105.653321,40.260457],[-105.4041,40.257784],[-105.102451,40.261367],[-105.055089,40.261793],[-105.055076,40.232779],[-105.055408,40.018176],[-105.052823,40.00026],[-105.058553,39.97526],[-105.067304,39.97138],[-105.080023,39.961452],[-105.088693,39.958424],[-105.084439,39.958489],[-105.083117,39.957796],[-105.072002,39.95767],[-105.109235,39.935553],[-105.112296,39.933447],[-105.113027,39.932755],[-105.113419,39.93186],[-105.11325,39.930656],[-105.111873,39.92805],[-105.110894,39.927071],[-105.109406,39.926114],[-105.109409,39.925859],[-105.109414,39.925475],[-105.11184,39.927081],[-105.113762,39.928615],[-105.113921,39.92895],[-105.121943,39.95416],[-105.147143,39.913889],[-105.238933,39.914367],[-105.397849,39.912886],[-105.397971,39.934867],[-105.675798,39.932445],[-105.693694,39.942405]]]}},{"type":"Feature","properties":{"fips":"06037","name":"Los Angeles","state":"CA"},"geometry":{"type":"MultiPolygon","coordinates":[[[[-118.593969,33.467198],[-118.484785,33.487483],[-118.370323,33.409285],[-118.286261,33.351463],[-118.325244,33.299075],[-118.374768,33.320065],[-118.465368,33.326056],[-118.482609,33.369914],[-118.563442,33.434381],[-118.593969,33.467198]]],[[[-118.594033,33.035951],[-118.540069,32.980933],[-118.446771,32.895424],[-118.353504,32.821962],[-118.425634,32.800595],[-118.487908,32.84459],[-118.581513,32.931672],[-118.641578,33.017129],[-118.594033,33.035951]]],[[[-118.940965,34.07483],[-118.856473,34.126765],[-118.788889,34.168214],[-118.693834,34.168557],[-118.667977,34.199159],[-118.667773,34.222294],[-118.632494,34.240391],[-118.633461,34.269522],[-118.636789,34.291804],[-118.880405,34.788655],[-118.894634,34.817972],[-117.916747,34.82255],[-117.667459,34.822528],[-117.655235,34.397222],[-117.655213,34.396953],[-117.646374,34.28917],[-117.693563,34.121627],[-117.71117,34.079536],[-117.729416,34.025479],[-117.746005,34.020119],[-117.767657,34.023508],[-117.802445,33.968308],[-117.783075,33.94626],[-117.868369,33.945941],[-117.91999,33.946081],[-117.976498,33.94605],[-117.976575,33.906406],[-118.028782,33.873322],[-118.05904,33.846195],[-118.093029,33.786121],[-118.115076722882,33.743803322895],[-118.132698,33.753217],[-118.1837,33.736118],[-118.231926185034,33.7152954681899],[-118.258687,33.703741],[-118.317205,33.712818],[-118.333295024316,33.721184383577],[-118.354705,33.732317],[-118.396606,33.735917],[-118.428407,33.774715],[-118.394307,33.804315],[-118.412708,33.883913],[-118.460611,33.969111],[-118.517277278306,34.0252914546544],[-118.519514,34.027509],[-118.603572,34.039048],[-118.679366,34.033255],[-118.744952,34.032103],[-118.805114,34.001239],[-118.854653,34.034215],[-118.944479511459,34.046738953351],[-118.940965,34.07483]]]]}},{"type":"Feature","properties":{"fips":"53015","name":"Cowlitz","state":"WA"},"geometry":{"type":"Polygon","coordinates":[[[-123.21795,46.385617],[-122.240966,46.385361],[-122.245856,46.053853],[-122.357765,45.956915],[-122.477104,45.988089],[-122.657632,45.928134],[-122.719712,45.933256],[-122.719767,45.870903],[-122.788086362595,45.8510074543561],[-122.785026,45.867699],[-122.81151,45.912725],[-122.813998,45.960984],[-122.856158,46.014469],[-122.904119,46.083734],[-122.962681,46.104817],[-123.004233,46.133823],[-123.115904,46.185268],[-123.166414,46.188973],[-123.212493591209,46.1710964584003],[-123.21795,46.385617]]]}},{"type":"Feature","properties":{"fips":"41031","name":"Jefferson","state":"OR"},"geometry":{"type":"Polygon","coordinates":[[[-121.84552,44.424733],[-121.793895,44.594056],[-121.799562,44.683915],[-121.819998,44.800612],[-121.775926,44.819846],[-121.752994,44.829919],[-121.725068,44.825519],[-121.08948,44.823272],[-120.371441,44.821769],[-120.404676,44.794719],[-120.386561,44.564009],[-120.827555,44.562793],[-120.826899,44.476499],[-120.988824,44.476484],[-120.988375,44.390265],[-121.107534,44.3906],[-121.674928,44.393387],[-121.843138,44.39263],[-121.84552,44.424733]]]}},{"type":"Feature","properties":{"fips":"06099","name":"Stanislaus","state":"CA"},"geometry":{"type":"Polygon","coordinates":[[[-121.471925,37.481783],[-121.241219,37.664009],[-121.181124,37.688092],[-121.151046,37.719477],[-121.110248,37.730128],[-120.995754,37.760152],[-120.92058,37.73846],[-120.923251,37.793571],[-120.926449,38.077421],[-120.65343,37.831971],[-120.653274,37.831858],[-120.387613,37.633704],[-120.38767,37.633364],[-120.81557,37.466963],[-120.989811,37.395871],[-120.963812,37.346144],[-121.226804,37.134774],[-121.282271,37.183675],[-121.404636,37.155989],[-121.459051,37.282739],[-121.409693,37.382013],[-121.472648,37.48217],[-121.471925,37.481783]]]}},{"type":"Feature","properties":{"fips":"30045","name":"Judith Basin","state":"MT"},"geometry":{"type":"Polygon","coordinates":[[[-110.788302,47.307848],[-110.767125,47.359128],[-110.638911,47.359032],[-110.639559,47.416486],[-110.213596,47.416657],[-110.213285,47.358771],[-110.127952,47.35902],[-110.127699,47.27191],[-110.000289,47.272133],[-110.000024,47.228716],[-109.872475,47.228883],[-109.871985,47.185323],[-109.756568,47.185694],[-109.755423,46.896023],[-109.835424,46.809161],[-109.756666,46.780389],[-109.745745,46.694097],[-109.819866,46.693446],[-109.969221,46.752909],[-110.273337,46.710509],[-110.328511,46.673178],[-110.466812,46.678795],[-110.652877,46.823626],[-110.636381,46.837161],[-110.645212,47.09587],[-110.770698,47.096546],[-110.788302,47.307848]]]}},{"type":"Feature","properties":{"fips":"49013","name":"Duchesne","state":"UT"},"geometry":{"type":"Polygon","coordinates":[[[-110.89198,40.727123],[-110.822478,40.710461],[-110.750733,40.747706],[-110.656482,40.740275],[-110.625737,40.769471],[-110.561043,40.758317],[-110.378962,40.78718],[-110.292692,40.833343],[-110.137819,40.810913],[-110.000711,40.813678],[-109.976402,40.809686],[-109.976756,39.80623],[-110.85778,39.813285],[-110.857647,39.899707],[-110.891655,39.899654],[-110.90195,40.682187],[-110.89198,40.727123]]]}},{"type":"Feature","properties":{"fips":"35015","name":"Eddy","state":"NM"},"geometry":{"type":"Polygon","coordinates":[[[-104.851524,32.520541],[-104.84217,32.53177],[-104.841576,32.963213],[-104.550721,32.963997],[-104.107585,32.965381],[-103.814507,32.965114],[-103.814456,32.770237],[-103.814216,32.522368],[-103.722938,32.522344],[-103.722881979148,32.0001655686764],[-103.980213477381,32.0000328513626],[-104.024521,32.00001],[-104.643526,32.000443],[-104.84774,32.000464602835],[-104.851524,32.520541]]]}},{"type":"Feature","properties":{"fips":"35017","name":"Grant","state":"NM"},"geometry":{"type":"Polygon","coordinates":[[[-109.047236980528,33.2088950007083],[-108.543178,33.207955],[-108.449988,33.200997],[-108.000598,33.201253],[-107.858644,33.200864],[-107.836192,33.067763],[-107.856672,33.002539],[-107.780548,32.952776],[-107.773088,32.853775],[-107.721387,32.778077],[-107.736949,32.629494],[-107.608485,32.605449],[-107.923997,32.604379],[-107.923766,32.517416],[-108.229343,32.516837],[-108.216964,32.079863],[-108.217143,31.864139],[-108.524538,31.863614],[-108.537676,32.079832],[-108.537011,32.516618],[-108.64677,32.516521],[-108.646523,32.60373],[-108.852919,32.603374],[-108.854581,32.777276],[-109.04711706231,32.7777940009477],[-109.047236980528,33.2088950007083]]]}},{"type":"Feature","properties":{"fips":"08039","name":"Elbert","state":"CO"},"geometry":{"type":"Polygon","coordinates":[[[-104.66016,39.565909],[-104.642125,39.56589],[-103.714355,39.566331],[-103.719664,38.866827],[-104.055528,38.868868],[-104.051568,39.128138],[-104.551765,39.129427],[-104.662483,39.129529],[-104.66016,39.565909]]]}},{"type":"Feature","properties":{"fips":"49055","name":"Wayne","state":"UT"},"geometry":{"type":"Polygon","coordinates":[[[-111.848761,38.424933],[-111.766393,38.502243],[-111.752325,38.510125],[-111.305665,38.510169],[-111.285391,38.500019],[-110.587864,38.499921],[-110.025285,38.499982],[-110.044631,38.453943],[-110.033433,38.389583],[-109.90772,38.270715],[-109.885106,38.18818],[-109.927974,38.151751],[-110.65613,38.151811],[-111.635195,38.150138],[-111.843215,38.151233],[-111.848761,38.424933]]]}},{"type":"Feature","properties":{"fips":"08033","name":"Dolores","state":"CO"},"geometry":{"type":"Polygon","coordinates":[[[-109.042604100621,37.8810848174926],[-108.81671,37.895538],[-108.256498,37.894607],[-108.210164,37.821125],[-107.989208,37.85664],[-107.860845,37.775517],[-107.872966,37.722416],[-107.968875,37.696485],[-107.970086,37.639587],[-108.250635,37.632847],[-108.917081,37.631902],[-109.043780720503,37.4848192314175],[-109.042604100621,37.8810848174926]]]}},{"type":"Feature","properties":{"fips":"32027","name":"Pershing","state":"NV"},"geometry":{"type":"Polygon","coordinates":[[[-119.313036,40.523104],[-119.309598,40.960378],[-118.786705,40.96085],[-118.786738,40.855929],[-118.43819,40.855696],[-117.64422,40.857824],[-117.644399,40.684343],[-117.301168,40.682348],[-117.300597,40.526136],[-117.541749,40.001034],[-118.500979,39.998676],[-119.225176,39.999385],[-119.339296,39.998609],[-119.313036,40.523104]]]}},{"type":"Feature","properties":{"fips":"02170","name":"Matanuska-Susitna","state":"AK"},"geometry":{"type":"Polygon","coordinates":[[[-153.001672,62.292622],[-152.999609,62.725831],[-151.893784,62.725864],[-151.894015,62.798058],[-149.49234,63.333218],[-148.025618,63.333233],[-148.025627,63.477609],[-146.999966,63.477618],[-146.494333,63.477639],[-146.494311,63.168975],[-146.450134,62.957864],[-146.436899,62.856991],[-146.42399,62.510454],[-146.423984,62.250511],[-146.979807,62.250497],[-146.960978,62.163852],[-146.942601,61.817272],[-146.942559,61.470675],[-147.206605,61.470663],[-147.206597,61.426265],[-147.744753,61.426276],[-148.462471,61.426267],[-149.180062,61.42625],[-149.240449,61.484025],[-149.35944,61.484025],[-149.748369,61.397371],[-149.897622,61.267387],[-149.987495,61.224064],[-150.221244434269,61.1931555142492],[-150.204894,61.259548],[-150.425,61.245552],[-150.535997,61.269724],[-150.679902,61.265888],[-150.827295,61.22839],[-150.939251,61.210299],[-150.974011916343,61.1944672986995],[-150.974014,61.25294],[-151.332802,61.252936],[-151.332784,61.426239],[-151.857505,61.426218],[-153.001736,61.426172],[-153.001672,62.292622]]]}},{"type":"Feature","properties":{"fips":"41019","name":"Douglas","state":"OR"},"geometry":{"type":"Polygon","coordinates":[[[-124.193455,43.706085],[-124.160207315876,43.8637205015216],[-123.946291,43.862682],[-123.827004,43.944837],[-123.7038,43.944319],[-123.619012,43.921117],[-123.579782,43.86829],[-123.470371,43.810056],[-123.3482,43.809212],[-123.348246,43.78017],[-123.137319,43.77967],[-123.137211,43.605906],[-123.107686,43.54001],[-122.741914,43.517582],[-122.741716,43.437395],[-122.132034,43.440221],[-122.010403,43.344697],[-121.974199,43.261693],[-122.03965,43.214102],[-122.093776,43.076257],[-122.282585,43.067719],[-122.28273,42.996499],[-122.401025,42.996632],[-122.460224,42.939873],[-122.560299,42.92469],[-122.677181,42.88108],[-122.794776,42.778221],[-122.951199,42.774773],[-123.009765,42.752144],[-123.152233,42.755835],[-123.229619,42.70261],[-123.274283,42.73203],[-123.445456,42.703025],[-123.581699,42.73992],[-123.716505,42.739658],[-123.716492,42.784061],[-123.783304,42.799426],[-123.811553,42.788837],[-123.820439,42.824112],[-123.821121,42.965284],[-123.761594,42.996318],[-123.761333,43.08316],[-123.702144,43.087083],[-123.704752,43.257741],[-123.764356,43.258054],[-123.761528,43.422294],[-123.817614,43.431306],[-123.816657,43.516449],[-123.875628,43.515947],[-123.875698,43.608407],[-124.219057676906,43.610931759189],[-124.193455,43.706085]]]}},{"type":"Feature","properties":{"fips":"16037","name":"Custer","state":"ID"},"geometry":{"type":"Polygon","coordinates":[[[-115.281217,44.610923],[-115.167998,44.647618],[-115.151937,44.728592],[-115.091922,44.766726],[-114.956116,44.720982],[-114.812407,44.808346],[-114.820056,44.748029],[-114.736835,44.669949],[-114.662761,44.662157],[-114.566975,44.575732],[-114.45184,44.611741],[-114.372843,44.709717],[-114.404154,44.739547],[-114.221534,44.879077],[-114.191722,44.837933],[-114.205244,44.744022],[-114.084861,44.755947],[-114.02055,44.652901],[-113.816215,44.493963],[-113.501882,44.422063],[-113.451832,44.454936],[-113.341369,44.318938],[-113.320609,44.233164],[-113.416525,44.233364],[-113.457816,44.059528],[-113.453985,43.873908],[-113.361004,43.796645],[-113.412744,43.816713],[-113.48811,43.738796],[-113.76117,43.621194],[-113.798441,43.569217],[-113.813355,43.600059],[-113.97447,43.708186],[-114.029718,43.773361],[-114.070019,43.734696],[-114.275725,43.831138],[-114.292484,43.887062],[-114.359293,43.874177],[-114.507778,43.89909],[-114.56235,43.844368],[-114.681168,43.927705],[-114.81379,43.927772],[-114.813873,43.992941],[-114.873372,43.992949],[-114.971351,43.938308],[-114.990777,43.949723],[-115.04356,44.05882],[-115.024181,44.155478],[-115.167684,44.20284],[-115.178964,44.296521],[-115.294614,44.339445],[-115.228222,44.423521],[-115.247135,44.519717],[-115.304994,44.579857],[-115.281217,44.610923]]]}},{"type":"Feature","properties":{"fips":"30087","name":"Rosebud","state":"MT"},"geometry":{"type":"Polygon","coordinates":[[[-107.892233,46.851215],[-107.467748,46.859254],[-106.709691,46.845194],[-106.086463,46.845881],[-106.120366,46.483648],[-106.155143,46.483634],[-106.153433,46.13726],[-106.191629,46.137183],[-106.191734,45.7886],[-106.234502,45.788578],[-106.235716,45.351796],[-106.279549,45.351797],[-106.279709,45.179728],[-106.768014,45.179728],[-106.768676,45.352826],[-106.727573,45.676469],[-106.912959,45.683915],[-106.9128,45.788221],[-106.877217,45.831714],[-106.939077,45.831608],[-106.939095,45.870041],[-106.939067,46.136667],[-107.007394,46.134198],[-107.007394,46.305902],[-107.028422,46.39546],[-107.153444,46.395613],[-107.174531,46.482713],[-107.738548,46.481806],[-107.781214,46.496014],[-107.795473,46.596652],[-107.837732,46.596647],[-107.792939,46.67983],[-107.827687,46.755875],[-107.862106,46.835798],[-107.892233,46.851215]]]}},{"type":"Feature","properties":{"fips":"32017","name":"Lincoln","state":"NV"},"geometry":{"type":"Polygon","coordinates":[[[-115.893857,38.050531],[-115.000846,38.050757],[-115.000846,38.677322],[-114.836333,38.677335],[-114.629524,38.6774],[-114.049436705931,38.6773624568796],[-114.050153620806,38.5729752130034],[-114.050154,38.57292],[-114.05012,38.404536],[-114.050138,38.24996],[-114.049903375658,38.1487630266706],[-114.049903,38.148601],[-114.049658,37.881368],[-114.051728,37.745997],[-114.052472,37.604776],[-114.052701,37.492014],[-114.051974,37.284511],[-114.051749,37.088434],[-114.0506,37.000396],[-114.050160776088,36.8431415396894],[-114.762301,36.843856],[-115.740846,36.853084],[-115.896925,36.842085],[-115.893857,38.050531]]]}},{"type":"Feature","properties":{"fips":"41001","name":"Baker","state":"OR"},"geometry":{"type":"Polygon","coordinates":[[[-118.51944,44.705886],[-118.380067,44.744227],[-118.285439,44.750975],[-118.295659,44.863043],[-118.228244,44.865178],[-118.244662,44.958396],[-118.130351,45.045024],[-117.969083,44.995831],[-117.84343,45.058477],[-117.777504,44.992161],[-117.564033,44.992866],[-117.563486,45.079446],[-117.266005,45.08057],[-116.783128263267,45.07771250501],[-116.78371,45.076972],[-116.841314,45.030907],[-116.858313,44.978761],[-116.833632,44.928976],[-116.865338,44.870599],[-116.889295186967,44.8405297781533],[-116.9318,44.787181],[-117.013802,44.756841],[-117.062273,44.727143],[-117.094968,44.652011],[-117.14293,44.557236],[-117.167187,44.523431],[-117.225932,44.479389],[-117.215072,44.427162],[-117.243027,44.390974],[-117.216911,44.360163],[-117.192203,44.32863],[-117.211995506953,44.2964510959383],[-117.487014,44.300317],[-117.486744,44.387246],[-117.590849,44.444573],[-117.971787,44.443849],[-118.152456,44.299509],[-118.232214,44.256129],[-118.497499,44.255248],[-118.408786,44.452648],[-118.305778,44.58881],[-118.375037,44.646102],[-118.504327,44.665272],[-118.51944,44.705886]]]}},{"type":"Feature","properties":{"fips":"04013","name":"Maricopa","state":"AZ"},"geometry":{"type":"Polygon","coordinates":[[[-113.335048,33.377469],[-113.333313,34.000039],[-112.743951,33.999898],[-112.427932,33.920704],[-112.276168,33.882469],[-112.161128,34.017717],[-111.996196,34.029866],[-111.726334,34.000041],[-111.494988,33.99995],[-111.433271,33.983321],[-111.450904,33.919877],[-111.372317,33.823924],[-111.389444,33.776663],[-111.26283,33.623157],[-111.222055,33.602446],[-111.153354,33.677606],[-111.039976,33.466019],[-111.476812,33.465885],[-111.580634,33.4658],[-111.582631,33.205408],[-111.685911,33.204637],[-111.869945,33.203583],[-111.893085,33.204709],[-112.081946,33.204686],[-112.203168,33.310499],[-112.202087,33.246861],[-112.202984,32.992814],[-112.203624,32.506721],[-112.625204,32.505355],[-113.333894,32.505188],[-113.333709,32.767851],[-113.333786,33.023476],[-113.335048,33.377469]]]}},{"type":"Feature","properties":{"fips":"16059","name":"Lemhi","state":"ID"},"geometry":{"type":"Polygon","coordinates":[[[-114.812407,44.808346],[-114.723294,44.891177],[-114.73227,45.151155],[-114.694001,45.197182],[-114.60394,45.295826],[-114.793207,45.436334],[-114.793778,45.508309],[-114.663725,45.471005],[-114.523773044931,45.5853265066066],[-114.506341,45.559216],[-114.456764,45.543983],[-114.36852,45.492716],[-114.279217,45.480616],[-114.251836,45.537812],[-114.18647,45.545539],[-114.083149,45.603996],[-114.014973,45.654008],[-114.015633,45.696127],[-113.971565,45.700636],[-113.94832148257,45.6825773584415],[-113.898883,45.644167],[-113.861404,45.62366],[-113.806729,45.602146],[-113.802849,45.523159],[-113.759986,45.480735],[-113.763368,45.427732],[-113.73239,45.385058],[-113.735601,45.325265],[-113.650064,45.23471],[-113.57467,45.128411],[-113.510819,45.099902],[-113.45197,45.059247],[-113.437726,45.006967],[-113.448958,44.953544],[-113.474573,44.910846],[-113.422376,44.842595],[-113.377153,44.834858],[-113.301508,44.798985],[-113.247166,44.82295],[-113.131387,44.764738],[-113.101154,44.708578],[-113.049349,44.62938],[-113.061071,44.577329],[-113.006828,44.518439],[-113.006846,44.471715],[-112.951146,44.416699],[-112.881769,44.380315],[-112.826826881265,44.4052024317675],[-112.813792,44.230281],[-112.995091,44.234126],[-113.320609,44.233164],[-113.341369,44.318938],[-113.451832,44.454936],[-113.501882,44.422063],[-113.816215,44.493963],[-114.02055,44.652901],[-114.084861,44.755947],[-114.205244,44.744022],[-114.191722,44.837933],[-114.221534,44.879077],[-114.404154,44.739547],[-114.372843,44.709717],[-114.45184,44.611741],[-114.566975,44.575732],[-114.662761,44.662157],[-114.736835,44.669949],[-114.820056,44.748029],[-114.812407,44.808346]]]}},{"type":"Feature","properties":{"fips":"06013","name":"Contra Costa","state":"CA"},"geometry":{"type":"Polygon","coordinates":[[[-122.425258,37.955672],[-122.367582,37.978168],[-122.368891,38.007948],[-122.321706,38.01031],[-122.262861,38.051473],[-122.269320054917,38.0603744975312],[-122.123973,38.035717],[-121.983158,38.067297],[-121.878235,38.049318],[-121.862462,38.06603],[-121.815673,38.021038],[-121.75168,38.024308],[-121.673065,38.093518],[-121.580022,38.094414],[-121.557554,38.017037],[-121.579943,37.976113],[-121.557583,37.946496],[-121.556419,37.923302],[-121.572824,37.904301],[-121.579503,37.861072],[-121.534247,37.849891],[-121.556997,37.816488],[-121.850727,37.744942],[-121.940195,37.723484],[-122.045473,37.798126],[-122.177873,37.816323],[-122.185116,37.837353],[-122.225876,37.87962],[-122.27108,37.905824],[-122.328714287407,37.8938323463208],[-122.33453,37.908791],[-122.378709,37.905191],[-122.425258,37.955672]]]}},{"type":"Feature","properties":{"fips":"16075","name":"Payette","state":"ID"},"geometry":{"type":"Polygon","coordinates":[[[-116.976024,43.895548],[-116.959871,43.982925],[-116.937342,44.029376],[-116.977351,44.085364],[-116.897854677115,44.1526663953914],[-116.452068,44.151465],[-116.452551,44.065414],[-116.532117,44.066024],[-116.572224,43.980485],[-116.712501,43.981326],[-116.712672,43.807161],[-116.853154,43.79271],[-116.95452,43.836487],[-116.954422,43.880154],[-116.98554503849,43.8811848528138],[-116.976024,43.895548]]]}},{"type":"Feature","properties":{"fips":"53049","name":"Pacific","state":"WA"},"geometry":{"type":"Polygon","coordinates":[[[-124.096796667905,46.794085],[-123.37095,46.792129],[-123.358334,46.384025],[-123.726557,46.384872],[-123.727903817597,46.2913355857112],[-123.75956,46.275073],[-123.806139,46.283588],[-123.875525,46.239787],[-123.909306,46.245491],[-123.954353,46.277001],[-123.969427,46.291398],[-124.080671,46.267239],[-124.064624,46.326899],[-124.057024,46.493338],[-124.069583,46.630651],[-123.960642,46.636364],[-123.923269,46.672708],[-123.975157,46.713971],[-124.080983,46.735003],[-124.096796667905,46.794085]]]}},{"type":"Feature","properties":{"fips":"35029","name":"Luna","state":"NM"},"geometry":{"type":"Polygon","coordinates":[[[-108.229343,32.516837],[-107.923766,32.517416],[-107.923997,32.604379],[-107.608485,32.605449],[-107.299631,32.60537],[-107.296792996712,31.7836253371067],[-107.422246,31.783599],[-108.208394,31.783599],[-108.217134,31.820475],[-108.217143,31.864139],[-108.216964,32.079863],[-108.229343,32.516837]]]}},{"type":"Feature","properties":{"fips":"06059","name":"Orange","state":"CA"},"geometry":{"type":"Polygon","coordinates":[[[-118.093029,33.786121],[-118.05904,33.846195],[-118.028782,33.873322],[-117.976575,33.906406],[-117.976498,33.94605],[-117.91999,33.946081],[-117.868369,33.945941],[-117.783075,33.94626],[-117.673045,33.871067],[-117.662117,33.857499],[-117.533999,33.710355],[-117.412987,33.659045],[-117.457937,33.602189],[-117.492697,33.557715],[-117.509722,33.505176],[-117.578513,33.453806],[-117.596188685737,33.3869649943199],[-117.645582,33.440728],[-117.715349,33.460556],[-117.726486,33.483427],[-117.739228960946,33.49342309455],[-117.814188,33.552224],[-117.840289,33.573523],[-117.927091,33.605521],[-118.000593,33.654319],[-118.088896,33.729817],[-118.115076722882,33.743803322895],[-118.093029,33.786121]]]}},{"type":"Feature","properties":{"fips":"30013","name":"Cascade","state":"MT"},"geometry":{"type":"Polygon","coordinates":[[[-112.047781,47.516034],[-111.927109,47.500146],[-111.922936,47.611231],[-111.66626,47.611253],[-111.666482,47.697761],[-111.40885,47.698123],[-110.976171,47.698738],[-111.049847,47.598333],[-110.86463,47.524714],[-110.768465,47.525638],[-110.769129,47.446096],[-110.639589,47.445425],[-110.639559,47.416486],[-110.638911,47.359032],[-110.767125,47.359128],[-110.788302,47.307848],[-110.770698,47.096546],[-110.645212,47.09587],[-110.636381,46.837161],[-110.652877,46.823626],[-110.751586,46.844531],[-110.752715,46.890184],[-110.856038,46.921347],[-110.913035,46.980559],[-111.104937,47.028806],[-111.080621,47.087781],[-111.158559,47.088301],[-111.158386,47.011771],[-111.285268,47.001026],[-111.539373,47.000559],[-111.539214,46.913371],[-111.658132,46.913423],[-111.790236,46.913764],[-111.789278,47.128922],[-111.942139,47.143582],[-111.977739,47.184103],[-112.044311,47.192826],[-112.047781,47.516034]]]}},{"type":"Feature","properties":{"fips":"41041","name":"Lincoln","state":"OR"},"geometry":{"type":"Polygon","coordinates":[[[-124.1152,44.286486],[-124.084401,44.415611],[-124.083601,44.501123],[-124.065008,44.632504],[-124.063406,44.703177],[-124.074066,44.798107],[-124.063155,44.835333],[-124.023834,44.949825],[-124.010097209885,45.0449989594412],[-123.724663,45.044432],[-123.725337,45.025068],[-123.725396,45.023601],[-123.725001,44.739046],[-123.704467,44.721154],[-123.602609,44.721154],[-123.597677,44.433109],[-123.720071,44.433374],[-123.715538,44.360458],[-123.816525,44.315303],[-123.775598,44.283547],[-123.941075,44.282951],[-123.961647,44.277376],[-124.114370074258,44.276194],[-124.1152,44.286486]]]}},{"type":"Feature","properties":{"fips":"41021","name":"Gilliam","state":"OR"},"geometry":{"type":"Polygon","coordinates":[[[-120.525059,45.405249],[-120.496059,45.465149],[-120.364955,45.49725],[-120.358135,45.534239],[-120.488546820704,45.6999122274785],[-120.40396,45.699249],[-120.282156,45.72125],[-120.210754,45.725951],[-120.141352,45.773152],[-120.07015,45.785152],[-119.999505153462,45.8116849230819],[-120.006555,45.257706],[-119.882346,45.256916],[-119.883914,45.169152],[-119.759759,45.169211],[-119.790699,45.067823],[-120.49516,45.068279],[-120.503733,45.083477],[-120.45225,45.14545],[-120.540256,45.217049],[-120.525059,45.405249]]]}},{"type":"Feature","properties":{"fips":"08091","name":"Ouray","state":"CO"},"geometry":{"type":"Polygon","coordinates":[[[-108.13238,38.331573],[-107.63504,38.301896],[-107.580243,38.230824],[-107.56862,38.147267],[-107.51088,38.060877],[-107.568875,37.965015],[-107.641588,37.965009],[-107.695665,37.89241],[-107.738283,37.905432],[-107.795469,37.98852],[-107.889716,38.011615],[-107.891469,38.115957],[-107.965789,38.152328],[-107.937588,38.218992],[-108.086604,38.255202],[-108.13238,38.331573]]]}},{"type":"Feature","properties":{"fips":"06057","name":"Nevada","state":"CA"},"geometry":{"type":"Polygon","coordinates":[[[-121.27969,39.143288],[-121.266132,39.272717],[-121.127481,39.380237],[-121.022085,39.391558],[-120.755729,39.452663],[-120.654332,39.526889],[-120.575059,39.52228],[-120.505445,39.446117],[-120.003028919657,39.4450457761605],[-120.004795512304,39.3164750119585],[-120.645795,39.315155],[-120.69111,39.304134],[-120.857909,39.206235],[-120.986348,39.102234],[-121.067546,39.005371],[-121.137397,39.037858],[-121.221787,39.011962],[-121.279533,39.034618],[-121.27969,39.143288]]]}},{"type":"Feature","properties":{"fips":"30083","name":"Richland","state":"MT"},"geometry":{"type":"Polygon","coordinates":[[[-105.234771,47.790502],[-105.195122,47.868081],[-105.194783,48.066617],[-105.177722,48.1031],[-105.173367,48.081855],[-104.990346,48.066449],[-104.891321,48.15069],[-104.822581,48.118945],[-104.681633,48.103323],[-104.544517,48.126553],[-104.245936,48.031005],[-104.14247,48.055005],[-104.098921,48.000019],[-104.044093214262,47.9960981889019],[-104.044093106669,47.9960816799606],[-104.043933,47.971515],[-104.042384,47.803256],[-104.043912,47.603229],[-104.044976739577,47.3970647144107],[-104.131863,47.353901],[-104.420347,47.354435],[-104.513292,47.354719],[-104.513049,47.529442],[-104.594046,47.529335],[-104.593664,47.616294],[-104.978553,47.616272],[-104.97809,47.703293],[-105.235016,47.703581],[-105.234771,47.790502]]]}},{"type":"Feature","properties":{"fips":"49009","name":"Daggett","state":"UT"},"geometry":{"type":"Polygon","coordinates":[[[-110.000716736441,40.9974254597082],[-109.715409,40.998191],[-109.250735,41.001009],[-109.050076,41.000659],[-109.048455,40.826081],[-109.048259750048,40.662601817228],[-109.161063,40.683765],[-109.163425,40.785955],[-109.201412,40.785747],[-109.202158,40.858412],[-109.394491,40.858166],[-109.394465,40.791032],[-109.485136,40.74051],[-109.516302,40.754843],[-109.52658,40.826891],[-109.869985,40.764002],[-109.976402,40.809686],[-110.000711,40.813678],[-110.000716736441,40.9974254597082]]]}},{"type":"Feature","properties":{"fips":"08117","name":"Summit","state":"CO"},"geometry":{"type":"Polygon","coordinates":[[[-106.434508,39.924914],[-106.252027,39.914712],[-106.083711,39.805964],[-106.012987,39.686341],[-105.924618,39.698972],[-105.776143,39.61108],[-105.829662,39.564865],[-105.817631,39.53831],[-105.966786,39.438035],[-106.021966,39.361713],[-106.135529,39.379546],[-106.206732,39.379636],[-106.251638,39.465039],[-106.176464,39.635722],[-106.385478,39.767164],[-106.434508,39.924914]]]}},{"type":"Feature","properties":{"fips":"08061","name":"Kiowa","state":"CO"},"geometry":{"type":"Polygon","coordinates":[[[-103.504666,38.516409],[-103.172878,38.525315],[-103.172943,38.61245],[-103.062143,38.615021],[-102.04551057457,38.6151645901775],[-102.044944,38.384419],[-102.044650359147,38.2687492225031],[-102.74233,38.266971],[-103.399938,38.265435],[-103.501764,38.265016],[-103.506985,38.342256],[-103.504666,38.516409]]]}},{"type":"Feature","properties":{"fips":"08065","name":"Lake","state":"CO"},"geometry":{"type":"Polygon","coordinates":[[[-106.561265,39.155677],[-106.508614,39.166681],[-106.50238,39.298567],[-106.426487,39.361871],[-106.283812,39.349469],[-106.206732,39.379636],[-106.135529,39.379546],[-106.183972,39.309354],[-106.173847,39.137076],[-106.210173,39.103918],[-106.191006,39.056073],[-106.577966,39.057908],[-106.561265,39.155677]]]}},{"type":"Feature","properties":{"fips":"02275","name":"Wrangell","state":"AK"},"geometry":{"type":"MultiPolygon","coordinates":[[[[-133.039877412399,56.2390403800957],[-132.966922,56.224276],[-132.887585,56.172938],[-132.833864,56.103904],[-132.896433,56.099744],[-132.85978295117,56.0527693270234],[-132.893368,56.06763],[-133.007727,56.134873],[-133.016516,56.150204],[-133.039877412399,56.2390403800957]]],[[[-133.0696,56.346323],[-133.060361,56.358378],[-132.977163,56.439673],[-132.896342,56.457978],[-132.791872,56.449169],[-132.627544,56.46287],[-132.528637,56.529269],[-132.45079,56.564098],[-132.529037,56.63797],[-132.542885,56.701905],[-132.54582226332,56.7136212358796],[-132.439835,56.770301],[-132.348468,56.771287],[-132.215746,56.891606],[-132.160186,56.903305],[-132.118917918329,56.8912294023685],[-132.125934,56.874698],[-131.871725,56.804965],[-131.90176,56.753158],[-131.835133,56.601849],[-131.581221,56.613275],[-131.461806,56.547904],[-131.167925,56.448361],[-131.086794696282,56.4070947732236],[-131.09623,56.335166],[-131.013177,56.314211],[-130.99843,56.274565],[-131.110314,56.194069],[-131.240485,56.172614],[-131.253358,56.20685],[-131.439957,56.131083],[-131.369226,56.06991],[-131.364317,56.017943],[-131.498849,56.019097],[-131.527013,56.053161],[-131.653403,56.103851],[-131.664222,56.067502],[-131.829365,56.056465],[-131.905601,55.979061],[-131.871943,55.948878],[-132.011037,55.854788],[-131.935635,55.798431],[-131.978551,55.753366],[-131.962744,55.700757],[-132.058825,55.71093],[-132.091178,55.660703],[-132.199868105748,55.6343519925533],[-132.224167,55.701766],[-132.265071,55.762174],[-132.130413,55.811419],[-132.067412,55.875078],[-132.170198,55.919231],[-132.279962,55.924839],[-132.323242,55.851878],[-132.397304,55.878867],[-132.449834,55.956186],[-132.492795,56.066436],[-132.594235,56.021858],[-132.708697,56.112124],[-132.718342,56.217704],[-132.843716,56.238933],[-132.877582,56.240322],[-132.926759,56.266188],[-132.961082,56.296167],[-133.029712,56.3157],[-133.070056,56.330951],[-133.0696,56.346323]]]]}},{"type":"Feature","properties":{"fips":"30019","name":"Daniels","state":"MT"},"geometry":{"type":"Polygon","coordinates":[[[-106.1120637647,48.9992794389196],[-106.050543,48.999207],[-105.775808,48.999637],[-105.355888,48.999357],[-105.265192,48.9995],[-105.057634998852,48.9992288786173],[-105.038171,48.910512],[-105.038548,48.650099],[-104.973283,48.65006],[-104.973354,48.56319],[-105.804436,48.563358],[-106.02131,48.563424],[-106.021251,48.823975],[-106.151908,48.823927],[-106.1120637647,48.9992794389196]]]}},{"type":"Feature","properties":{"fips":"08051","name":"Gunnison","state":"CO"},"geometry":{"type":"Polygon","coordinates":[[[-107.63504,38.301896],[-107.50002,38.301926],[-107.500655,38.668553],[-107.500606,39.217916],[-107.428073,39.257596],[-107.394486,39.256299],[-107.375608,39.197931],[-107.28249,39.118718],[-107.06632,39.118805],[-107.001622,39.042273],[-106.906422,38.992091],[-106.861687,39.009439],[-106.801874,38.978303],[-106.749357,39.042528],[-106.694969,39.055667],[-106.599214,38.997994],[-106.554211,38.998711],[-106.465032,38.910354],[-106.326099,38.911004],[-106.406987,38.829334],[-106.417431,38.725675],[-106.452126,38.698777],[-106.379899,38.638483],[-106.354185,38.533384],[-106.24694,38.422768],[-107.000601,38.425619],[-107.001119,38.147072],[-107.56862,38.147267],[-107.580243,38.230824],[-107.63504,38.301896]]]}},{"type":"Feature","properties":{"fips":"02220","name":"Sitka","state":"AK"},"geometry":{"type":"Polygon","coordinates":[[[-136.371913581412,57.8321657315344],[-136.026168,57.836537],[-135.902499,58.002546],[-135.778467,57.948949],[-135.421502,57.841579],[-135.271588,57.766036],[-135.05469,57.762782],[-134.950745937855,57.783703180253],[-134.939924,57.763612],[-134.824891,57.500067],[-134.825579,57.372143],[-134.854948,57.264766],[-134.738223,56.975741],[-134.695735,56.900791],[-134.663434,56.804687],[-134.62967,56.709596],[-134.615955,56.637289],[-134.626943,56.553868],[-134.669778,56.524129],[-134.64177,56.445479],[-134.634828,56.345297],[-134.634668,56.265832],[-134.653827,56.198385],[-134.674028,56.166925],[-134.763535,56.210363],[-134.810171,56.244987],[-134.839411,56.309403],[-134.915911,56.360555],[-134.977082,56.437294],[-135.058238,56.529453],[-135.123389,56.602823],[-135.175826,56.677876],[-135.21583,56.66534],[-135.305077,56.726382],[-135.362241,56.758742],[-135.467177,56.77141],[-135.550718,56.841228],[-135.506869,56.865978],[-135.476817,56.891232],[-135.442339,56.942355],[-135.353447,57.020905],[-135.457907,57.070165],[-135.571504,57.105697],[-135.604555,57.045834],[-135.63688,57.009874],[-135.825598,56.989032],[-135.856021,56.995636],[-135.844612,57.083568],[-135.755007,57.123972],[-135.753581,57.167168],[-135.832253,57.170647],[-135.870519,57.221639],[-135.837719,57.282068],[-135.85816,57.321358],[-135.892131,57.408048],[-135.943766,57.45878],[-136.047547,57.513762],[-136.088071,57.555291],[-136.163059,57.558861],[-136.238166,57.625991],[-136.250818,57.684831],[-136.304684,57.771051],[-136.371913581412,57.8321657315344]]]}},{"type":"Feature","properties":{"fips":"53027","name":"Grays Harbor","state":"WA"},"geometry":{"type":"Polygon","coordinates":[[[-124.353615670887,47.5335370830521],[-124.04674,47.518525],[-123.505917,47.517716],[-123.505021,47.258535],[-123.488943,47.082646],[-123.201891,47.085059],[-123.158364,46.995871],[-123.160516,46.837479],[-123.160588,46.793383],[-123.351391,46.793509],[-123.37095,46.792129],[-124.096796667905,46.794085],[-124.101232,46.810656],[-124.138225,46.905534],[-124.180111,46.926357],[-124.169113,46.994508],[-124.188544,47.157859],[-124.195893,47.174],[-124.236349,47.287287],[-124.319379,47.355559],[-124.353615670887,47.5335370830521]]]}},{"type":"Feature","properties":{"fips":"16029","name":"Caribou","state":"ID"},"geometry":{"type":"Polygon","coordinates":[[[-112.149835,42.895558],[-112.082053,42.950425],[-112.063023,43.022364],[-111.589489,43.020052],[-111.044052705118,43.019407032899],[-111.043959,42.96445],[-111.043564,42.722624],[-111.045530292713,42.5139128777751],[-111.171174,42.4732],[-111.234827,42.478329],[-111.241099,42.602457],[-111.279388,42.552861],[-111.368062,42.590294],[-111.61763,42.583037],[-111.579764,42.429908],[-111.599227,42.415395],[-111.733742,42.430635],[-111.875636,42.416158],[-111.916927,42.617264],[-111.969449,42.718039],[-112.10588,42.699203],[-112.141034,42.763093],[-112.120335,42.831008],[-112.149835,42.895558]]]}},{"type":"Feature","properties":{"fips":"35003","name":"Catron","state":"NM"},"geometry":{"type":"Polygon","coordinates":[[[-109.047298,33.409783],[-109.046609005136,33.7774067975977],[-109.046426,33.875052],[-109.046182,34.522393],[-109.046138935363,34.5792910128179],[-107.724794,34.578132],[-107.725427,34.274224],[-107.716301,34.259856],[-107.712754,33.476832],[-108.000602,33.478014],[-108.000598,33.201253],[-108.449988,33.200997],[-108.543178,33.207955],[-109.047236980528,33.2088950007083],[-109.047237,33.208965],[-109.047298,33.409783]]]}},{"type":"Feature","properties":{"fips":"16045","name":"Gem","state":"ID"},"geometry":{"type":"Polygon","coordinates":[[[-116.712501,43.981326],[-116.572224,43.980485],[-116.532117,44.066024],[-116.452551,44.065414],[-116.452068,44.151465],[-116.358492,44.151158],[-116.347394,44.322103],[-116.299876,44.444576],[-116.213314,44.510813],[-116.157022,44.498928],[-116.152295,44.324519],[-116.21291,44.324373],[-116.213871,44.151387],[-116.273069,44.151227],[-116.279919,43.807363],[-116.512502,43.807161],[-116.712672,43.807161],[-116.712501,43.981326]]]}},{"type":"Feature","properties":{"fips":"41045","name":"Malheur","state":"OR"},"geometry":{"type":"Polygon","coordinates":[[[-118.232214,44.256129],[-118.152456,44.299509],[-117.971787,44.443849],[-117.590849,44.444573],[-117.486744,44.387246],[-117.487014,44.300317],[-117.211995506953,44.2964510959383],[-117.216974,44.288357],[-117.170342,44.25889],[-117.121037,44.277585],[-117.059352,44.237244],[-116.971958,44.235677],[-116.965498,44.194126],[-116.902752,44.179467],[-116.895931,44.154295],[-116.897854677115,44.1526663953914],[-116.977351,44.085364],[-116.937342,44.029376],[-116.959871,43.982925],[-116.976024,43.895548],[-116.98554503849,43.8811848528138],[-117.023577,43.823811],[-117.025663810446,43.680293635954],[-117.026889,43.596033],[-117.026652,43.025128],[-117.026253,42.807447],[-117.026551,42.378557],[-117.026197,41.99989],[-117.197798,42.00038],[-117.403613,41.99929],[-117.623731,41.998467],[-117.873467,41.998335],[-118.197189,41.996995],[-118.197369215928,41.9969940811635],[-118.195311,42.267119],[-118.214698,42.275891],[-118.216832,42.914703],[-118.2321,43.770829],[-118.227645,44.039862],[-118.228843,44.21255],[-118.232214,44.256129]]]}},{"type":"Feature","properties":{"fips":"08083","name":"Montezuma","state":"CO"},"geometry":{"type":"Polygon","coordinates":[[[-109.043780720503,37.4848192314175],[-108.917081,37.631902],[-108.250635,37.632847],[-107.970086,37.639587],[-108.022895,37.590587],[-108.038409,37.451931],[-108.105857,37.382068],[-108.197776,37.354939],[-108.219688,37.287415],[-108.290423,37.223584],[-108.290459,37.145975],[-108.379302950094,36.9995646863115],[-108.620309,36.999287],[-109.045223,36.999084],[-109.043780720503,37.4848192314175]]]}},{"type":"Feature","properties":{"fips":"30061","name":"Mineral","state":"MT"},"geometry":{"type":"Polygon","coordinates":[[[-115.69293,47.457237],[-115.634684,47.48176],[-115.249057,47.480416],[-114.982265,47.396804],[-114.968978,47.312625],[-114.797204,47.268916],[-114.775833,47.225573],[-114.712274,47.22559],[-114.712283,47.182187],[-114.586735,47.123757],[-114.566094,47.06738],[-114.483694,47.067508],[-114.419532,47.023246],[-114.525358,47.00925],[-114.566129,46.963405],[-114.549127,46.747366],[-114.676827162695,46.7318387398131],[-114.699008,46.740223],[-114.76718,46.738828],[-114.79004,46.778729],[-114.880588,46.811791],[-114.943281,46.867971],[-114.927432,46.914185],[-114.961422906068,46.9328938759708],[-115.031651,46.971548],[-115.071254,47.022083],[-115.120917,47.061237],[-115.189451,47.131032],[-115.255786,47.174725],[-115.29211,47.209861],[-115.326903,47.255912],[-115.371825,47.265213],[-115.470959,47.284873],[-115.531971,47.314121],[-115.578619,47.367007],[-115.71034,47.417784],[-115.69293,47.457237]]]}},{"type":"Feature","properties":{"fips":"16011","name":"Bingham","state":"ID"},"geometry":{"type":"Polygon","coordinates":[[[-113.007712,43.110933],[-113.007318,43.284778],[-112.947016,43.284821],[-112.936835,43.449386],[-112.816704,43.449164],[-112.816278,43.535949],[-112.698891,43.540052],[-112.697122,43.62314],[-112.639238,43.626574],[-112.519861,43.626623],[-112.520024,43.42517],[-112.103298,43.425057],[-112.043672,43.410143],[-112.043821,43.366708],[-111.822475,43.366035],[-111.822494,43.282286],[-111.588049,43.281841],[-111.589489,43.020052],[-112.063023,43.022364],[-112.678364,43.02173],[-112.750562,42.951528],[-112.816578,42.863231],[-113.00776,42.863051],[-113.007712,43.110933]]]}},{"type":"Feature","properties":{"fips":"08081","name":"Moffat","state":"CO"},"geometry":{"type":"Polygon","coordinates":[[[-109.048249,40.653601],[-109.048259750048,40.662601817228],[-109.048455,40.826081],[-109.050076,41.000659],[-108.250649,41.000114],[-107.918418289849,41.0012270706441],[-107.367443,41.003073],[-107.31779575979,41.0028424812322],[-107.314153,40.600281],[-107.428813,40.542207],[-107.439386,40.223379],[-107.644175,40.224238],[-108.113179,40.22167],[-109.050732112077,40.2226552582576],[-109.048249,40.653601]]]}},{"type":"Feature","properties":{"fips":"06003","name":"Alpine","state":"CA"},"geometry":{"type":"Polygon","coordinates":[[[-120.072484,38.509869],[-120.072392,38.702767],[-119.964948,38.775986],[-119.877287,38.870193],[-119.904315,38.933324],[-119.587679,38.714734],[-119.585406144839,38.7131509006712],[-119.619066,38.603529],[-119.542367,38.481657],[-119.639205,38.32688],[-119.705385,38.416102],[-119.884749,38.356185],[-120.019951,38.433521],[-120.072566,38.447081],[-120.072484,38.509869]]]}},{"type":"Feature","properties":{"fips":"32003","name":"Clark","state":"NV"},"geometry":{"type":"Polygon","coordinates":[[[-115.896925,36.842085],[-115.740846,36.853084],[-114.762301,36.843856],[-114.050160776088,36.8431415396894],[-114.049493,36.604059],[-114.047584,36.325573],[-114.048226,36.268874],[-114.046838,36.194069],[-114.09987,36.121654],[-114.138203,36.053161],[-114.151725,36.024563],[-114.21369,36.015613],[-114.270645,36.03572],[-114.316109,36.063109],[-114.337273,36.10802],[-114.372106,36.143114],[-114.41695,36.145761],[-114.448654,36.12641],[-114.487034,36.129396],[-114.511721,36.150956],[-114.572031,36.15161],[-114.627855,36.141012],[-114.666538,36.117343],[-114.736165,36.104367],[-114.743342,36.070535],[-114.743299245886,36.0659351737601],[-114.742779,36.009963],[-114.731159,35.943916],[-114.700271,35.901772],[-114.669687,35.865084],[-114.70371,35.814585],[-114.697309,35.733686],[-114.689407,35.651412],[-114.653406,35.610789],[-114.655967476877,35.5879979564327],[-114.663105,35.524491],[-114.6645,35.449497],[-114.627137,35.409504],[-114.587129,35.262376],[-114.572747,35.138725],[-114.59912,35.12105],[-114.619905,35.121632],[-114.625069,35.068478],[-114.633487,35.001857],[-114.804249,35.139689],[-114.948154366683,35.2552173238086],[-115.043812,35.332012],[-115.160068,35.424129],[-115.303743,35.538207],[-115.404537,35.617605],[-115.647683,35.809358],[-115.648032019625,35.8096292126029],[-115.846113922762,35.9635526731109],[-115.845803,36.122048],[-115.895753,36.172227],[-115.896925,36.842085]]]}},{"type":"Feature","properties":{"fips":"08093","name":"Park","state":"CO"},"geometry":{"type":"Polygon","coordinates":[[[-106.210173,39.103918],[-106.173847,39.137076],[-106.183972,39.309354],[-106.135529,39.379546],[-106.021966,39.361713],[-105.966786,39.438035],[-105.817631,39.53831],[-105.829662,39.564865],[-105.398949,39.566056],[-105.397875,39.129564],[-105.330382,39.129474],[-105.328962,38.697558],[-105.96975,38.693551],[-105.906587,38.806962],[-105.925123,38.872178],[-106.028138,38.942849],[-106.110995,38.940099],[-106.191006,39.056073],[-106.210173,39.103918]]]}},{"type":"Feature","properties":{"fips":"35059","name":"Union","state":"NM"},"geometry":{"type":"Polygon","coordinates":[[[-104.008823,36.218115],[-104.007849409613,36.9959840947091],[-103.733247,36.998016],[-103.086101075631,36.9998643611064],[-103.002199,37.000104],[-103.001964,36.909573],[-103.002518,36.675186],[-103.002188,36.602716],[-103.002434,36.500397],[-103.041924,36.500439],[-103.040824,36.055231],[-103.041356721818,35.7394335063487],[-103.375117,35.739516],[-103.374864,35.998657],[-103.364977,36.08605],[-103.794525,36.085738],[-103.793991,36.173972],[-104.008864,36.174527],[-104.008823,36.218115]]]}},{"type":"Feature","properties":{"fips":"30021","name":"Dawson","state":"MT"},"geometry":{"type":"Polygon","coordinates":[[[-105.406581,47.529534],[-105.363262,47.790419],[-105.234771,47.790502],[-105.235016,47.703581],[-104.97809,47.703293],[-104.978553,47.616272],[-104.593664,47.616294],[-104.594046,47.529335],[-104.513049,47.529442],[-104.513292,47.354719],[-104.420347,47.354435],[-104.316166,47.18054],[-104.306062,47.042046],[-104.412124,46.904003],[-104.603766,46.860853],[-105.027526,46.861457],[-105.069524,46.919172],[-105.197011,46.919192],[-105.196735,46.977172],[-105.324757,46.977196],[-105.324853,47.181496],[-105.406309,47.181583],[-105.406581,47.529534]]]}},{"type":"Feature","properties":{"fips":"49029","name":"Morgan","state":"UT"},"geometry":{"type":"Polygon","coordinates":[[[-111.872926,41.18755],[-111.799956,41.217199],[-111.678089,41.181218],[-111.596389,41.238737],[-111.497182,41.226905],[-111.420728,41.361308],[-111.294886,41.329969],[-111.281298,41.22497],[-111.221738,41.214956],[-111.264974,41.144044],[-111.366604,41.130018],[-111.380452,41.087248],[-111.50751,41.063234],[-111.592981,40.993015],[-111.524895,40.953842],[-111.479555,40.858288],[-111.528468,40.785161],[-111.641052,40.798925],[-111.663996,40.850194],[-111.738912,40.861174],[-111.768689,40.872279],[-111.815414,40.95743],[-111.856247,41.139083],[-111.872926,41.18755]]]}},{"type":"Feature","properties":{"fips":"02130","name":"Ketchikan Gateway","state":"AK"},"geometry":{"type":"Polygon","coordinates":[[[-132.199868105748,55.6343519925533],[-132.091178,55.660703],[-132.058825,55.71093],[-131.962744,55.700757],[-131.978551,55.753366],[-131.935635,55.798431],[-132.011037,55.854788],[-131.871943,55.948878],[-131.905601,55.979061],[-131.829365,56.056465],[-131.664222,56.067502],[-131.653403,56.103851],[-131.527013,56.053161],[-131.498849,56.019097],[-131.364317,56.017943],[-131.369226,56.06991],[-131.439957,56.131083],[-131.253358,56.20685],[-131.240485,56.172614],[-131.110314,56.194069],[-130.99843,56.274565],[-131.013177,56.314211],[-131.09623,56.335166],[-131.086794696282,56.4070947732236],[-131.085704,56.40654],[-130.810707,56.371063],[-130.740619,56.342953],[-130.622482,56.267939],[-130.466874,56.239789],[-130.425575,56.140676],[-130.343716,56.127162],[-130.246029016793,56.0970268552252],[-130.282366,56.079598],[-130.289296,56.047321],[-130.22006,55.999137],[-130.288619,55.998125],[-130.320172,55.968974],[-130.388606,55.943179],[-130.288673,55.887006],[-130.29848,55.867112],[-130.237973,55.816645],[-130.138221721229,55.7630294424374],[-130.150061,55.727099],[-130.111677,55.682051],[-130.120132,55.563919],[-130.085413,55.491517],[-130.039928,55.429422],[-130.023558,55.338259],[-129.982348,55.302079],[-130.001735,55.264557],[-130.104749,55.188975],[-130.169294,55.105424],[-130.221512,55.02599],[-130.339504,54.921376],[-130.529228,54.8109],[-130.636745,54.778456],[-130.62807,54.739341],[-130.686192,54.71691],[-130.737423,54.753545],[-130.792122,54.784784],[-130.844145,54.765801],[-130.866866,54.769068],[-130.932454,54.806938],[-130.947338,54.886733],[-130.9604,54.933685],[-130.97503,54.974853],[-131.012061,54.996238],[-130.997057,55.044256],[-131.013215,55.090069],[-131.052298,55.11816],[-131.087497,55.163036],[-131.093806,55.191335],[-131.160492,55.197481],[-131.190628,55.108013],[-131.190033,55.043173],[-131.246018,54.989555],[-131.245988,54.940491],[-131.195197,54.919767],[-131.253671,54.866779],[-131.327624,54.859122],[-131.433473,54.896535],[-131.491504,54.930392],[-131.594567,54.93113],[-131.621948,54.946531],[-131.611889743272,54.9822706348831],[-131.377064,54.999313],[-131.345887,55.143083],[-131.298437,55.188631],[-131.443491,55.227327],[-131.4864,55.274299],[-131.62517,55.274475],[-131.68413198565,55.1190936140756],[-131.748334,55.128588],[-131.828395,55.198482],[-131.862162,55.289284],[-131.854297,55.421074],[-131.844157,55.456742],[-131.971792,55.498279],[-132.114654,55.550623],[-132.183207,55.588128],[-132.199868105748,55.6343519925533]]]}},{"type":"Feature","properties":{"fips":"06073","name":"San Diego","state":"CA"},"geometry":{"type":"Polygon","coordinates":[[[-117.596188685737,33.3869649943199],[-117.578513,33.453806],[-117.509722,33.505176],[-117.364274,33.5049],[-117.224855,33.432016],[-117.030876,33.426869],[-116.622987,33.427339],[-116.197627,33.428911],[-116.084895,33.425933],[-116.103338,33.074832],[-116.106175830742,32.6185783878213],[-116.540643,32.583747],[-116.62705,32.576261],[-116.853156612097,32.5577856300775],[-116.857154,32.557459],[-117.124862,32.534156],[-117.132038955738,32.5856011873821],[-117.136664,32.618754],[-117.168866,32.671952],[-117.196767,32.688851],[-117.246069,32.669352],[-117.255169,32.700051],[-117.25497,32.786948],[-117.280971,32.822247],[-117.28217,32.839547],[-117.27387,32.851447],[-117.262905,32.849349],[-117.25617,32.859447],[-117.25447,32.900146],[-117.263704485249,32.9395407354155],[-117.28077,33.012343],[-117.315278,33.093504],[-117.362572,33.168437],[-117.445583,33.268517],[-117.547693,33.365491],[-117.59588,33.386629],[-117.596188685737,33.3869649943199]]]}},{"type":"Feature","properties":{"fips":"56039","name":"Teton","state":"WY"},"geometry":{"type":"Polygon","coordinates":[[[-111.055332727124,44.6662623099175],[-110.667867,44.666291],[-110.667899,44.582792],[-110.375334,44.583016],[-110.29485,44.546923],[-110.276506,44.515665],[-110.296648,44.431341],[-110.228408,44.373844],[-110.19019,44.300497],[-110.1511,44.292464],[-110.111284,44.199375],[-110.119193,44.132584],[-110.053357,44.132628],[-110.053179,44.008022],[-110.05157,43.464783],[-110.05731,43.377768],[-110.344218,43.377918],[-110.343959,43.291165],[-110.57838,43.29164],[-110.578656,43.235224],[-110.813993,43.235178],[-110.813996,43.31394],[-111.044617,43.31572],[-111.04536056097,43.5010514511122],[-111.04611,43.687848],[-111.046515,43.908376],[-111.047219183002,43.9834312926077],[-111.048452,44.114831],[-111.049148,44.374925],[-111.048974,44.474072],[-111.055208,44.624927],[-111.055332727124,44.6662623099175]]]}},{"type":"Feature","properties":{"fips":"06049","name":"Modoc","state":"CA"},"geometry":{"type":"Polygon","coordinates":[[[-121.457213,41.949945],[-121.447539998048,41.9971900332726],[-121.43961,41.99708],[-121.251099,41.99757],[-121.035195,41.993323],[-120.879925710236,41.9934832599849],[-120.692219,41.993677],[-120.501069,41.993785],[-120.181563,41.994588],[-119.999168,41.99454],[-119.999276,41.874891],[-119.99828,41.618765],[-119.999866,41.183974],[-120.501404,41.18394],[-121.331786,41.183886],[-121.446495,41.183484],[-121.448981,41.776392],[-121.457213,41.949945]]]}},{"type":"Feature","properties":{"fips":"08067","name":"La Plata","state":"CO"},"geometry":{"type":"Polygon","coordinates":[[[-108.290459,37.145975],[-108.290423,37.223584],[-108.219688,37.287415],[-108.197776,37.354939],[-108.105857,37.382068],[-108.038409,37.451931],[-108.022895,37.590587],[-107.970086,37.639587],[-107.482179,37.639501],[-107.482131,37.422673],[-107.481736999155,37.0000045803143],[-108.000623,37.000001],[-108.379302950094,36.9995646863115],[-108.290459,37.145975]]]}},{"type":"Feature","properties":{"fips":"16027","name":"Canyon","state":"ID"},"geometry":{"type":"Polygon","coordinates":[[[-117.023577,43.823811],[-116.98554503849,43.8811848528138],[-116.954422,43.880154],[-116.95452,43.836487],[-116.853154,43.79271],[-116.712672,43.807161],[-116.512502,43.807161],[-116.473492,43.634103],[-116.513364,43.45932],[-116.511897,43.29052],[-116.579167,43.306178],[-116.622569,43.370009],[-116.781336,43.478633],[-116.844978,43.5944],[-116.911538,43.603076],[-117.025663810446,43.680293635954],[-117.023577,43.823811]]]}},{"type":"Feature","properties":{"fips":"02100","name":"Haines","state":"AK"},"geometry":{"type":"Polygon","coordinates":[[[-136.466815,59.284252],[-136.474326,59.464194],[-136.358141,59.449799],[-136.234229,59.524731],[-136.23734,59.558734],[-136.350622,59.599326],[-136.190352,59.639854],[-135.945905,59.663802],[-135.723077801338,59.7284066620612],[-135.376829,59.34634],[-135.029120466615,59.3455968616136],[-135.029245,59.345364],[-134.961972,59.280376],[-134.702383,59.247836],[-134.66407,59.181172],[-134.566689,59.128278],[-134.481241,59.128071],[-134.379771,59.034961],[-134.401042,58.976221],[-134.327982,58.963431],[-134.328006718063,58.9623275474089],[-135.221825,58.971337],[-135.062870569361,58.4512992526444],[-135.104413,58.449263],[-135.068437,58.374157],[-135.049062,58.309295],[-135.10121,58.292607],[-135.087872,58.200073],[-135.227736,58.2369],[-135.306507,58.242916],[-135.408059,58.342999],[-135.455105374771,58.3385861347723],[-135.446307,58.405618],[-135.50702,58.499604],[-135.316732,58.504393],[-135.405223,58.620593],[-135.529943,58.656784],[-135.551001,58.698793],[-135.747005,58.725606],[-135.683487,58.853598],[-135.524117,58.887696],[-135.605493,58.903989],[-135.566129,58.94245],[-135.723091,59.069847],[-135.699146,59.10741],[-135.89905,59.17906],[-136.107895,59.215693],[-136.362339,59.232961],[-136.490034614875,59.2600937301797],[-136.466815,59.284252]]]}},{"type":"Feature","properties":{"fips":"56013","name":"Fremont","state":"WY"},"geometry":{"type":"Polygon","coordinates":[[[-110.053179,44.008022],[-109.990073,43.949066],[-109.858754,43.957988],[-109.816575,43.880534],[-109.843455,43.819864],[-109.7899,43.803252],[-109.665893,43.845726],[-109.641808,43.922785],[-109.542332,43.961352],[-109.442361,43.930434],[-109.312949,43.813293],[-109.171448,43.699198],[-109.171638,43.619764],[-108.934141,43.619163],[-108.814276,43.605255],[-108.814276,43.575555],[-108.694672,43.575755],[-108.695072,43.532255],[-108.576167,43.532556],[-108.576167,43.503256],[-108.456962,43.503156],[-108.456973,43.474279],[-108.337861,43.459765],[-108.156285,43.470628],[-107.595137,43.472279],[-107.595105,43.501397],[-107.534897,43.501362],[-107.517031,43.472659],[-107.502327,43.12806],[-107.501425,42.781458],[-107.543526,42.781558],[-107.542058,42.44184],[-107.522923,42.434356],[-107.522722,42.261756],[-107.994247,42.262053],[-109.043864,42.263684],[-109.069477,42.433477],[-109.072851,42.693514],[-109.134466,42.694289],[-109.132315,42.737485],[-109.31536,42.856131],[-109.397757,42.939198],[-109.502407,43.010511],[-109.552579,43.012538],[-109.560451,43.083538],[-109.651451,43.167036],[-109.692716,43.26503],[-109.694942,43.366152],[-109.754462,43.365905],[-109.754717,43.4632],[-110.05157,43.464783],[-110.053179,44.008022]]]}},{"type":"Feature","properties":{"fips":"02090","name":"Fairbanks North Star","state":"AK"},"geometry":{"type":"Polygon","coordinates":[[[-148.661199,65.209875],[-147.557771,65.209895],[-147.279115,65.279762],[-146.903142,65.283375],[-146.548654,65.345003],[-146.508383,65.433109],[-146.39704,65.418421],[-146.198886,65.453523],[-146.119349,65.403987],[-145.98704,65.408443],[-146.007899,65.359434],[-146.138999,65.315193],[-146.079908,65.247981],[-145.949873,65.205483],[-145.689426,65.189078],[-145.633882,65.136802],[-145.778697,65.080003],[-145.650312,65.034303],[-145.440742,65.066696],[-145.225944,65.069216],[-144.983514,65.136988],[-144.898709,65.138291],[-144.443678,65.058436],[-144.331377,65.107707],[-143.973639,65.119304],[-143.88408,65.091068],[-144.098484,65.020385],[-143.986949,64.967243],[-144.127807,64.799108],[-144.029789,64.767593],[-144.116407,64.725136],[-144.069029,64.683562],[-144.072511,64.654082],[-144.31598,64.645136],[-144.460096,64.58326],[-144.552526,64.600645],[-144.798044,64.568296],[-144.985331,64.568609],[-145.082787,64.507349],[-145.373929,64.483836],[-145.374083,64.455243],[-145.603118,64.42309],[-145.740002,64.460132],[-145.925934,64.424531],[-146.003772,64.381091],[-146.230686,64.363734],[-146.232329,64.310792],[-146.344673,64.276364],[-146.486446,64.281768],[-146.655165,64.257212],[-146.999909,64.257196],[-147.779479,64.259029],[-148.046696,64.343802],[-148.176111,64.400924],[-148.270857,64.491769],[-148.403117,64.531297],[-148.424918,64.574854],[-148.550742,64.617208],[-148.663265,64.59079],[-148.661199,65.209875]]]}},{"type":"Feature","properties":{"fips":"41033","name":"Josephine","state":"OR"},"geometry":{"type":"Polygon","coordinates":[[[-124.013345,42.412677],[-124.00863,42.419622],[-124.008668,42.420822],[-124.009216,42.421399],[-124.010968,42.421801],[-124.012771,42.423333],[-124.012825,42.423994],[-124.009457,42.426465],[-124.009174,42.427216],[-124.014459,42.434275],[-124.008608,42.441928],[-124.002891,42.443527],[-124.002269,42.444161],[-124.001681,42.445034],[-124.001851,42.44602],[-124.003591,42.447785],[-124.004475,42.451153],[-124.003205,42.451833],[-124.001159,42.453976],[-124.001334,42.455054],[-124.005436,42.458572],[-124.005773,42.459527],[-124.005753,42.461239],[-124.005121,42.462041],[-124.004459,42.462335],[-124.002827,42.462667],[-124.002402,42.46302],[-124.001225,42.464829],[-124.000994,42.465995],[-124.001127,42.467382],[-124.002893,42.47166],[-124.002819,42.473912],[-124.001629,42.477902],[-124.00144,42.480858],[-124.002248,42.48466],[-124.003139,42.485828],[-124.005888,42.487625],[-124.006863,42.488828],[-124.011544,42.489628],[-123.890657,42.500538],[-123.831264,42.632313],[-123.716492,42.784061],[-123.716505,42.739658],[-123.581699,42.73992],[-123.445456,42.703025],[-123.274283,42.73203],[-123.229619,42.70261],[-123.231001260578,42.004970062256],[-123.347562,41.999108],[-123.43477,42.001641],[-123.519112836804,41.9991725180329],[-123.656998,41.995137],[-123.822037598588,41.995620816947],[-123.858549,42.135116],[-123.7922,42.237623],[-123.892651,42.353293],[-124.027073,42.359216],[-124.013345,42.412677]]]}},{"type":"Feature","properties":{"fips":"06039","name":"Madera","state":"CA"},"geometry":{"type":"Polygon","coordinates":[[[-120.476692,37.09639],[-120.241224,37.158187],[-120.115088,37.165656],[-120.052055,37.183108],[-119.761809,37.417114],[-119.651191,37.417832],[-119.651172,37.461351],[-119.58422,37.494696],[-119.583585,37.560335],[-119.308995,37.777986],[-119.268979,37.73923],[-119.124068,37.7338],[-119.022363,37.585737],[-119.286658,37.374943],[-119.335189,37.310774],[-119.330573,37.205791],[-119.386521,37.14953],[-119.43306,37.161516],[-119.470844,37.110548],[-119.506733,37.150554],[-119.563187,37.139991],[-119.549413,37.09402],[-119.7405,36.970212],[-119.733852,36.948558],[-119.813734,36.850412],[-119.906076,36.850176],[-119.943507,36.83403],[-120.027775,36.814505],[-120.079458,36.825345],[-120.229179,36.769687],[-120.370256,36.78494],[-120.369612,36.810355],[-120.455683,36.863521],[-120.450341,36.911172],[-120.541696,37.044505],[-120.476692,37.09639]]]}},{"type":"Feature","properties":{"fips":"02282","name":"Yakutat","state":"AK"},"geometry":{"type":"Polygon","coordinates":[[[-143.893325,60.024166],[-143.193519,60.521828],[-141.965972,60.521891],[-141.791172,60.523036],[-141.790601,60.435238],[-141.213451,60.435268],[-141.213444,60.391676],[-141.001849665529,60.391686999338],[-141.00184,60.306105],[-140.53509,60.224224],[-140.472292,60.31059],[-139.989142,60.18524],[-139.698361,60.340421],[-139.086669,60.357654],[-139.082246,60.323825],[-139.200346,60.090701],[-139.046426,59.998235],[-138.702053,59.910245],[-138.643422,59.792502],[-138.584819,59.752453],[-137.604277,59.243057],[-137.498558,58.986694],[-137.526424,58.906834],[-137.526131029392,58.9068439298878],[-137.936162994919,58.8106412939646],[-137.924608,58.843928],[-137.951995,58.886029],[-138.066332,58.957126],[-138.224323,59.032216],[-138.357909,59.069394],[-138.636702,59.130585],[-138.807186,59.208772],[-138.919749,59.248531],[-139.07148,59.28715],[-139.271031,59.337421],[-139.420168,59.37976],[-139.632896,59.459906],[-139.861306,59.546678],[-139.74266,59.623871],[-139.585789,59.642765],[-139.588777,59.708968],[-139.608545,59.821961],[-139.776836,59.833835],[-139.871222,59.802611],[-140.080423,59.756299],[-140.176224,59.735965],[-140.242577,59.687888],[-140.4119,59.699649],[-140.792511,59.728573],[-140.922635,59.751687],[-141.156497,59.813582],[-141.392811,59.870028],[-141.485207,59.925024],[-141.595376,59.961905],[-141.73624,59.961905],[-141.912218,60.009779],[-142.062454,60.023781],[-142.426572,60.071066],[-142.744868,60.09413],[-142.908859,60.090328],[-143.0687,60.068603],[-143.267818,60.058655],[-143.624152,60.037257],[-143.781649,60.010354],[-143.893326,59.9867216058936],[-143.893325,60.024166]]]}},{"type":"Feature","properties":{"fips":"56029","name":"Park","state":"WY"},"geometry":{"type":"Polygon","coordinates":[[[-111.056888,44.866658],[-111.04431854543,45.0008800033077],[-111.044275,45.001345],[-110.785008,45.002952],[-110.705272,44.992324],[-110.324441,44.999156],[-109.99505,45.003174],[-109.798483772435,45.002920308285],[-109.574321,45.002631],[-109.103445,45.005904],[-109.062262,44.999623],[-108.62149349473,44.9996763710215],[-108.592296,44.871444],[-108.57342,44.520811],[-108.573791,44.171419],[-108.550562,44.168455],[-108.550758,44.079403],[-108.792277,44.079616],[-108.791779,43.991053],[-108.915985,43.990854],[-108.912783,43.904754],[-109.092878,43.904474],[-109.093603,43.817619],[-109.312949,43.813293],[-109.442361,43.930434],[-109.542332,43.961352],[-109.641808,43.922785],[-109.665893,43.845726],[-109.7899,43.803252],[-109.843455,43.819864],[-109.816575,43.880534],[-109.858754,43.957988],[-109.990073,43.949066],[-110.053179,44.008022],[-110.053357,44.132628],[-110.119193,44.132584],[-110.111284,44.199375],[-110.1511,44.292464],[-110.19019,44.300497],[-110.228408,44.373844],[-110.296648,44.431341],[-110.276506,44.515665],[-110.29485,44.546923],[-110.375334,44.583016],[-110.667899,44.582792],[-110.667867,44.666291],[-111.055332727124,44.6662623099175],[-111.055511,44.725343],[-111.056888,44.866658]]]}},{"type":"Feature","properties":{"fips":"56003","name":"Big Horn","state":"WY"},"geometry":{"type":"Polygon","coordinates":[[[-108.62149349473,44.9996763710215],[-108.500679,44.999691],[-108.248525185308,45.0006298274175],[-107.997353,45.001565],[-107.911522788162,45.0015440046114],[-107.881662,44.98546],[-107.832319,44.790161],[-107.750649,44.722592],[-107.615891,44.701297],[-107.369621,44.559837],[-107.304293,44.463779],[-107.169212,44.393507],[-107.146808,44.165666],[-107.541198,44.166509],[-108.550562,44.168455],[-108.573791,44.171419],[-108.57342,44.520811],[-108.592296,44.871444],[-108.62149349473,44.9996763710215]]]}},{"type":"Feature","properties":{"fips":"30001","name":"Beaverhead","state":"MT"},"geometry":{"type":"Polygon","coordinates":[[[-113.94832148257,45.6825773584415],[-113.870452,45.781574],[-113.829875,45.750746],[-113.697639,45.843545],[-113.528581,45.88116],[-113.516144,45.938814],[-113.377852,45.759976],[-113.179791,45.885009],[-113.085517,45.860648],[-112.988358,45.808476],[-112.759339,45.748209],[-112.687054,45.624854],[-112.691417,45.483518],[-112.628609,45.440586],[-112.505568,45.443009],[-112.458062,45.34991],[-112.456854,45.088509],[-112.333899,45.088423],[-112.334248,45.000519],[-112.191187,45.000512],[-112.167108,44.826738],[-112.065678,44.825985],[-112.065797,44.783475],[-111.781157,44.781027],[-111.781099,44.708845],[-111.456947232494,44.6956407378395],[-111.468833,44.679335],[-111.519126,44.582916],[-111.562814,44.555209],[-111.617107034305,44.5571272484186],[-111.704218,44.560205],[-111.807914,44.511716],[-111.870504,44.564033],[-112.034133,44.537716],[-112.125101,44.528527],[-112.221698,44.543519],[-112.286187,44.568472],[-112.358917,44.528847],[-112.387389,44.448058],[-112.473207,44.480027],[-112.601863,44.491015],[-112.707815,44.503023],[-112.735084,44.499159],[-112.828191,44.442472],[-112.821896,44.407436],[-112.826826881265,44.4052024317675],[-112.881769,44.380315],[-112.951146,44.416699],[-113.006846,44.471715],[-113.006828,44.518439],[-113.061071,44.577329],[-113.049349,44.62938],[-113.101154,44.708578],[-113.131387,44.764738],[-113.247166,44.82295],[-113.301508,44.798985],[-113.377153,44.834858],[-113.422376,44.842595],[-113.474573,44.910846],[-113.448958,44.953544],[-113.437726,45.006967],[-113.45197,45.059247],[-113.510819,45.099902],[-113.57467,45.128411],[-113.650064,45.23471],[-113.735601,45.325265],[-113.73239,45.385058],[-113.763368,45.427732],[-113.759986,45.480735],[-113.802849,45.523159],[-113.806729,45.602146],[-113.861404,45.62366],[-113.898883,45.644167],[-113.94832148257,45.6825773584415]]]}},{"type":"Feature","properties":{"fips":"41017","name":"Deschutes","state":"OR"},"geometry":{"type":"Polygon","coordinates":[[[-121.964918,43.627045],[-121.986267,43.661708],[-121.964537,43.808235],[-121.972931,43.861156],[-121.869974,43.911664],[-121.769073,44.101586],[-121.799426,44.25828],[-121.841346,44.285652],[-121.843138,44.39263],[-121.674928,44.393387],[-121.107534,44.3906],[-121.108537,44.218519],[-121.102781,44.169238],[-121.102773,44.138125],[-120.987271,44.134026],[-120.986587,43.960852],[-120.748249,43.95731],[-120.747848,43.871331],[-120.37874,43.872362],[-120.378107,43.785429],[-120.258386,43.785297],[-120.257777,43.698762],[-119.897434,43.6982],[-119.896581,43.611164],[-120.35095,43.6116],[-120.377752,43.615946],[-121.332969,43.616645],[-122.002362,43.615498],[-121.964918,43.627045]]]}},{"type":"Feature","properties":{"fips":"30075","name":"Powder River","state":"MT"},"geometry":{"type":"Polygon","coordinates":[[[-106.279549,45.351797],[-106.235716,45.351796],[-106.234502,45.788578],[-106.191734,45.7886],[-104.98194,45.786982],[-104.987318,45.35204],[-105.038205,45.352035],[-105.038252188274,45.0002916729918],[-105.076600952254,45.0002966134074],[-105.848065,45.000396],[-106.024880029032,44.9975841235561],[-106.263586,44.993788],[-106.263715092465,44.9937884330015],[-106.263684,45.173353],[-106.279709,45.179728],[-106.279549,45.351797]]]}},{"type":"Feature","properties":{"fips":"32019","name":"Lyon","state":"NV"},"geometry":{"type":"Polygon","coordinates":[[[-119.712112,39.251046],[-119.478792,39.337851],[-119.283116,39.622317],[-119.257342,39.65132],[-119.189344,39.651423],[-119.058566,39.737129],[-119.117714,39.388658],[-118.909141,39.234601],[-118.890831,39.198218],[-118.792219,39.141547],[-118.755068,39.112811],[-118.755059,39.074702],[-118.899414,39.075243],[-118.92306,39.069377],[-119.014858,38.94414],[-119.000196,38.85203],[-118.902141,38.851922],[-118.906244,38.415363],[-119.155815824409,38.4134036584505],[-119.279262,38.499914],[-119.330366469799,38.5355095158185],[-119.329639,38.588066],[-119.349893,38.736227],[-119.405969,38.733543],[-119.440148,38.852955],[-119.401852,38.983651],[-119.310541,38.990915],[-119.310841,39.084681],[-119.550386,39.086259],[-119.56148,39.194424],[-119.647945,39.19506],[-119.712112,39.251046]]]}},{"type":"Feature","properties":{"fips":"04009","name":"Graham","state":"AZ"},"geometry":{"type":"Polygon","coordinates":[[[-110.441544,33.38167],[-110.340949,33.427066],[-110.169477,33.465712],[-110.000646,33.465916],[-110.000649,33.57693],[-109.903421,33.575116],[-109.891676,33.567874],[-109.80327,33.481727],[-109.49544,33.652697],[-109.49574,33.078409],[-109.333425,32.843266],[-109.245005,32.741985],[-109.206249,32.635803],[-109.22607,32.529096],[-109.11418,32.426353],[-109.213077,32.426361],[-109.227748,32.424755],[-109.432075,32.427572],[-110.451002,32.427546],[-110.451522,32.513995],[-110.448487,32.534517],[-110.448533,32.771159],[-110.449387,32.987416],[-110.449021,33.194526],[-110.401536,33.196612],[-110.457194,33.295268],[-110.441544,33.38167]]]}},{"type":"Feature","properties":{"fips":"06113","name":"Yolo","state":"CA"},"geometry":{"type":"Polygon","coordinates":[[[-122.421952,38.903562],[-122.340172,38.924246],[-121.835488,38.924481],[-121.814814,38.876582],[-121.723149,38.851306],[-121.673454,38.743035],[-121.602894,38.735838],[-121.633774,38.686164],[-121.553609,38.603326],[-121.508668,38.596803],[-121.524018,38.520868],[-121.55855,38.503174],[-121.508867,38.472809],[-121.502982,38.440718],[-121.521641,38.360104],[-121.525422,38.357907],[-121.533929,38.349847],[-121.537225,38.347591],[-121.556681,38.343543],[-121.560025,38.342071],[-121.571869,38.331017],[-121.575577,38.327016],[-121.576726,38.327502],[-121.593273,38.313089],[-121.594064,38.313094],[-121.693697,38.313732],[-121.712034,38.537962],[-121.940285,38.533384],[-122.011673,38.488991],[-122.104128,38.513362],[-122.134387,38.604634],[-122.287655,38.839975],[-122.395312,38.863994],[-122.421952,38.903562]]]}},{"type":"Feature","properties":{"fips":"30079","name":"Prairie","state":"MT"},"geometry":{"type":"Polygon","coordinates":[[[-106.086777,47.180938],[-105.959819,47.181],[-105.959897,47.092968],[-105.832637,47.093109],[-105.833044,47.181092],[-105.406309,47.181583],[-105.324853,47.181496],[-105.324757,46.977196],[-105.196735,46.977172],[-105.197011,46.919192],[-105.069524,46.919172],[-105.027526,46.861457],[-104.603766,46.860853],[-104.607307,46.831877],[-104.606903,46.684924],[-104.732843,46.656264],[-104.733059,46.612695],[-104.858738,46.612557],[-104.858749,46.569115],[-104.98474,46.569386],[-105.239238,46.541188],[-105.239058,46.570265],[-105.449196,46.570967],[-105.491919,46.600085],[-105.492002,46.658117],[-105.576063,46.658003],[-105.576394,46.745021],[-105.618158,46.832148],[-105.832631,46.83196],[-105.832674,46.86082],[-106.086585,46.86029],[-106.086777,47.180938]]]}},{"type":"Feature","properties":{"fips":"16033","name":"Clark","state":"ID"},"geometry":{"type":"Polygon","coordinates":[[[-112.995091,44.234126],[-112.813792,44.230281],[-112.826826881265,44.4052024317675],[-112.821896,44.407436],[-112.828191,44.442472],[-112.735084,44.499159],[-112.707815,44.503023],[-112.601863,44.491015],[-112.473207,44.480027],[-112.387389,44.448058],[-112.358917,44.528847],[-112.286187,44.568472],[-112.221698,44.543519],[-112.125101,44.528527],[-112.034133,44.537716],[-111.870504,44.564033],[-111.807914,44.511716],[-111.704218,44.560205],[-111.617107034305,44.5571272484186],[-111.617437,44.401254],[-111.791624,44.40161],[-111.791541,44.317021],[-111.852276,44.316996],[-111.857851,44.187759],[-111.913601,44.144337],[-112.033664,44.144049],[-112.034317,44.057358],[-112.155935,44.05778],[-112.694744,44.058464],[-112.695242,43.971941],[-112.994323,43.972362],[-112.995091,44.234126]]]}},{"type":"Feature","properties":{"fips":"02063","name":"Chugach","state":"AK"},"geometry":{"type":"Polygon","coordinates":[[[-148.738363,60.848546],[-148.472065,60.84852],[-148.462471,61.426267],[-147.744753,61.426276],[-147.744717,61.339612],[-147.206585,61.339603],[-147.206579,61.297357],[-146.208008,61.297383],[-146.207985,61.210731],[-145.491346,61.210728],[-144.41642,61.210774],[-144.426087,61.037453],[-143.717215,61.037469],[-143.7172,60.86415],[-143.362754,60.86415],[-143.362748,60.777498],[-142.84281,60.777491],[-142.842776,60.608511],[-141.965993,60.608553],[-141.965972,60.521891],[-143.193519,60.521828],[-143.893325,60.024166],[-143.893326,59.9867216058936],[-143.897029,59.985938],[-144.005879,60.012981],[-144.052539,60.041759],[-144.1103,60.098939],[-144.186745,60.116967],[-144.348913,60.091184],[-144.429249,60.14802],[-144.555093,60.178485],[-144.654899,60.204882],[-144.929327,60.228253],[-144.957848,60.288152],[-145.089139,60.320014],[-145.136728,60.296219],[-145.254749,60.311448],[-145.380064,60.352829],[-145.51081,60.318296],[-145.639204,60.301971],[-145.831202,60.350293],[-145.988546,60.387427],[-146.088134,60.364987],[-146.197229,60.348294],[-146.232681,60.338851],[-146.393256,60.327476],[-146.490804,60.294939],[-146.607692,60.241182],[-146.650852,60.242982],[-146.694034,60.279608],[-146.916487,60.290973],[-146.993353,60.24008],[-147.145205,60.171321],[-147.257795,60.107883],[-147.376397,60.016192],[-147.339794,59.962102],[-147.452217,59.954011],[-147.470281,59.906732],[-147.391846,59.87776],[-147.508309,59.841957],[-147.646045,59.817828],[-147.765122,59.795954],[-147.876475,59.763893],[-147.92924,59.783875],[-147.913316,59.837181],[-147.855084,59.871915],[-147.956775,59.9594],[-148.101239,59.952794],[-148.25406,59.932357],[-148.220554,59.97635],[-148.313962,60.033859],[-148.401666,59.977836],[-148.478881,59.935806],[-148.634777,59.915747],[-148.649529585787,59.9235531800999],[-148.58618,59.938585],[-148.563026,60.126314],[-148.563715,60.415172],[-148.66447,60.415183],[-148.657119,60.732976],[-148.745618,60.733007],[-148.738363,60.848546]]]}},{"type":"Feature","properties":{"fips":"41037","name":"Lake","state":"OR"},"geometry":{"type":"Polygon","coordinates":[[[-121.332413,43.356663],[-121.332969,43.616645],[-120.377752,43.615946],[-120.35095,43.6116],[-119.896581,43.611164],[-119.896969,43.179017],[-119.932611,43.178963],[-119.931595,42.917005],[-119.943779,42.746371],[-119.365337,42.748958],[-119.360123119603,41.9940922549812],[-119.72573,41.996296],[-119.999168,41.99454],[-120.181563,41.994588],[-120.501069,41.993785],[-120.692219,41.993677],[-120.879925710236,41.9934832599849],[-120.883327,42.744214],[-121.349679,42.746644],[-121.332413,43.356663]]]}},{"type":"Feature","properties":{"fips":"06111","name":"Ventura","state":"CA"},"geometry":{"type":"MultiPolygon","coordinates":[[[[-119.477946706724,34.3788375587756],[-119.451365,34.398147],[-119.440414,34.441842],[-119.443691,34.901171],[-119.276435,34.872481],[-119.242534,34.814323],[-118.977926,34.811714],[-118.880405,34.788655],[-118.636789,34.291804],[-118.633461,34.269522],[-118.632494,34.240391],[-118.667773,34.222294],[-118.667977,34.199159],[-118.693834,34.168557],[-118.788889,34.168214],[-118.856473,34.126765],[-118.940965,34.07483],[-118.944479511459,34.046738953351],[-118.954722,34.048167],[-119.069959,34.09047],[-119.109784,34.094566],[-119.227743,34.161728],[-119.257043,34.213304],[-119.264586388748,34.2361045992684],[-119.270144,34.252903],[-119.313034,34.275689],[-119.37578,34.321118],[-119.461036,34.374064],[-119.477946706724,34.3788375587756]]],[[[-119.470736656944,34.053996622104],[-119.442654,34.054156],[-119.364214,34.050794],[-119.363065,34.000548],[-119.391587,33.994636],[-119.487719557382,33.9965151543893],[-119.470736656944,34.053996622104]]],[[[-119.578942,33.278628],[-119.510489,33.307269],[-119.427171,33.266023],[-119.429559,33.228167],[-119.464725,33.215432],[-119.545872,33.233406],[-119.578942,33.278628]]]]}},{"type":"Feature","properties":{"fips":"06011","name":"Colusa","state":"CA"},"geometry":{"type":"Polygon","coordinates":[[[-122.78509,39.382975],[-122.739062,39.383266],[-122.136006,39.385494],[-122.008857,39.413567],[-121.890013,39.383864],[-121.899109,39.357286],[-121.908269,39.303878],[-121.945514,39.179843],[-121.889101,39.072373],[-121.795366,38.995686],[-121.835488,38.924481],[-122.340172,38.924246],[-122.409118,38.962793],[-122.413416,39.020218],[-122.491278,39.052991],[-122.47729,39.17395],[-122.680927,39.238726],[-122.775043,39.311778],[-122.743482,39.36813],[-122.78509,39.382975]]]}},{"type":"Feature","properties":{"fips":"08049","name":"Grand","state":"CO"},"geometry":{"type":"Polygon","coordinates":[[[-106.652112,40.445231],[-106.612321,40.379383],[-106.489842,40.411578],[-106.44342,40.346533],[-106.351456,40.355837],[-106.230074,40.323382],[-106.018622,40.373295],[-105.959659,40.348149],[-105.905068,40.398816],[-105.891754,40.476661],[-105.854926,40.486252],[-105.807341,40.474527],[-105.81534,40.421486],[-105.653321,40.260457],[-105.638797,40.038787],[-105.693694,39.942405],[-105.675798,39.932445],[-105.699719,39.891499],[-105.690348,39.851996],[-105.736426,39.804801],[-105.887395,39.796996],[-105.924618,39.698972],[-106.012987,39.686341],[-106.083711,39.805964],[-106.252027,39.914712],[-106.434508,39.924914],[-106.626569,39.924785],[-106.637031,40.002106],[-106.632257,40.341559],[-106.652112,40.445231]]]}},{"type":"Feature","properties":{"fips":"08079","name":"Mineral","state":"CO"},"geometry":{"type":"Polygon","coordinates":[[[-107.138191,37.938848],[-107.000602,37.956041],[-106.879167,37.96111],[-106.84727,37.91917],[-106.693523,37.873519],[-106.693845,37.835244],[-106.711624,37.664273],[-106.710775,37.404228],[-107.128737,37.392409],[-107.12868,37.422942],[-107.123868,37.675029],[-107.138191,37.938848]]]}},{"type":"Feature","properties":{"fips":"06061","name":"Placer","state":"CA"},"geometry":{"type":"Polygon","coordinates":[[[-121.469356,38.925992],[-121.414399,38.926214],[-121.414779,38.996452],[-121.305992,39.052943],[-121.279533,39.034618],[-121.221787,39.011962],[-121.137397,39.037858],[-121.067546,39.005371],[-120.986348,39.102234],[-120.857909,39.206235],[-120.69111,39.304134],[-120.645795,39.315155],[-120.004795512304,39.3164750119585],[-120.005142,39.291258],[-120.003364028833,39.1656267640688],[-120.002614842913,39.1126893740958],[-120.001975250867,39.0674958744683],[-120.143663,39.067285],[-120.184098,39.031014],[-120.43524,39.028397],[-120.470985,38.965507],[-120.563747,38.913705],[-120.642458,38.944404],[-120.746395,39.010352],[-120.812295,39.000133],[-120.858903,38.952256],[-120.940281,38.962339],[-121.040406,38.915651],[-121.060916,38.845613],[-121.087341,38.833274],[-121.141595,38.711939],[-121.242795,38.718241],[-121.484396,38.734598],[-121.469356,38.925992]]]}},{"type":"Feature","properties":{"fips":"08107","name":"Routt","state":"CO"},"geometry":{"type":"Polygon","coordinates":[[[-107.428813,40.542207],[-107.314153,40.600281],[-107.31779575979,41.0028424812322],[-106.860377948665,41.0007186292371],[-106.852349,40.925183],[-106.82503,40.932119],[-106.739341,40.870843],[-106.691669,40.888192],[-106.654541,40.849117],[-106.636922,40.789489],[-106.706149,40.616597],[-106.653113,40.494732],[-106.652112,40.445231],[-106.632257,40.341559],[-106.637031,40.002106],[-106.626569,39.924785],[-106.652992,39.919957],[-107.033968,39.918913],[-107.03205,40.002939],[-107.037363,40.091538],[-107.038097,40.225357],[-107.439386,40.223379],[-107.428813,40.542207]]]}},{"type":"Feature","properties":{"fips":"06079","name":"San Luis Obispo","state":"CA"},"geometry":{"type":"Polygon","coordinates":[[[-121.347053956004,35.7951862038146],[-121.185056,35.794161],[-120.213979,35.789276],[-120.194369,35.789363],[-120.193988,35.614389],[-120.08618,35.614397],[-120.065219,35.512964],[-119.99315,35.43947],[-119.880045,35.439133],[-119.880356,35.351124],[-119.809218,35.345353],[-119.809407,35.263693],[-119.666585,35.262635],[-119.667304,35.174982],[-119.553819,35.180123],[-119.561752,35.087831],[-119.472552,35.076669],[-119.472494,34.901378],[-119.535757,34.897576],[-119.672963,34.973375],[-119.745566,34.973676],[-119.928419,35.059794],[-119.980122,35.057573],[-120.082084,35.114678],[-120.167616,35.075297],[-120.188383,35.030378],[-120.334548,35.006315],[-120.301827,34.905571],[-120.435473,34.986759],[-120.496222,34.993155],[-120.65030521184,34.9751663022687],[-120.63357,35.033085],[-120.629583,35.078362],[-120.635787,35.123805],[-120.675074,35.153061],[-120.714185,35.175998],[-120.756086,35.160459],[-120.846674,35.204429],[-120.89679,35.247877],[-120.87957,35.294184],[-120.862133,35.360763],[-120.884757,35.430196],[-120.955863,35.453743],[-120.984227,35.4579036027455],[-121.003359,35.46071],[-121.11424,35.57172],[-121.166712,35.635399],[-121.272322,35.666711],[-121.314632,35.71331],[-121.332449,35.783106],[-121.347053956004,35.7951862038146]]]}},{"type":"Feature","properties":{"fips":"06043","name":"Mariposa","state":"CA"},"geometry":{"type":"Polygon","coordinates":[[[-120.391931,37.683559],[-120.306312,37.665419],[-120.345437,37.724787],[-120.127226,37.781566],[-120.079508,37.828808],[-119.907013,37.757926],[-119.809409,37.755025],[-119.653903,37.810423],[-119.646203,37.846823],[-119.535699,37.904122],[-119.474295,37.855623],[-119.426792,37.866724],[-119.308995,37.777986],[-119.583585,37.560335],[-119.58422,37.494696],[-119.651172,37.461351],[-119.651191,37.417832],[-119.761809,37.417114],[-120.052055,37.183108],[-120.177636,37.261526],[-120.38767,37.633364],[-120.387613,37.633704],[-120.391931,37.683559]]]}},{"type":"Feature","properties":{"fips":"30033","name":"Garfield","state":"MT"},"geometry":{"type":"Polygon","coordinates":[[[-107.963887,47.354012],[-107.909603,47.40158],[-107.90912,47.450692],[-107.864922,47.51374],[-107.761921,47.54805],[-107.694687,47.629762],[-107.610852,47.647369],[-107.440064,47.625462],[-107.414886,47.691734],[-107.249,47.661566],[-107.011358,47.663111],[-106.892753,47.674818],[-106.861668,47.737372],[-106.734453,47.734156],[-106.711969,47.772113],[-106.603126,47.784743],[-106.510321,47.878996],[-106.501725,47.958287],[-106.41862,47.957457],[-106.358288,47.957216],[-106.358085,47.868412],[-106.260932,47.868431],[-106.298073,47.529041],[-106.298158,47.354298],[-106.170675,47.354495],[-106.17042,47.180826],[-106.086777,47.180938],[-106.086585,46.86029],[-106.086463,46.845881],[-106.709691,46.845194],[-107.467748,46.859254],[-107.892233,46.851215],[-107.939276,46.876241],[-107.882514,46.999355],[-107.92164,47.024005],[-107.953788,47.107333],[-107.937409,47.214335],[-107.968626,47.249823],[-107.963887,47.354012]]]}},{"type":"Feature","properties":{"fips":"02066","name":"Copper River","state":"AK"},"geometry":{"type":"Polygon","coordinates":[[[-147.744753,61.426276],[-147.206597,61.426265],[-147.206605,61.470663],[-146.942559,61.470675],[-146.942601,61.817272],[-146.960978,62.163852],[-146.979807,62.250497],[-146.423984,62.250511],[-146.42399,62.510454],[-146.436899,62.856991],[-146.450134,62.957864],[-146.494311,63.168975],[-146.32926,63.190562],[-146.140827,63.184013],[-146.111486,63.217762],[-145.154395,63.217781],[-145.154385,63.131149],[-144.580159,63.116931],[-143.132337,63.116978],[-143.098876,63.007891],[-143.001837,62.995623],[-143.094868,62.879614],[-143.20757,62.829091],[-143.009391,62.76725],[-143.151065,62.630679],[-143.104996,62.614905],[-142.848579,62.600547],[-142.742485,62.657813],[-142.719523,62.713508],[-142.505637,62.683822],[-142.313564,62.683828],[-142.313555,62.597193],[-142.126131,62.597192],[-142.125838,62.510556],[-141.977353,62.510559],[-141.977336,62.163983],[-142.014987,62.117646],[-141.831812,62.117178],[-141.831804,61.904053],[-141.002020469672,61.904047],[-141.001849665529,60.391686999338],[-141.213444,60.391676],[-141.213451,60.435268],[-141.790601,60.435238],[-141.791172,60.523036],[-141.965972,60.521891],[-141.965993,60.608553],[-142.842776,60.608511],[-142.84281,60.777491],[-143.362748,60.777498],[-143.362754,60.86415],[-143.7172,60.86415],[-143.717215,61.037469],[-144.426087,61.037453],[-144.41642,61.210774],[-145.491346,61.210728],[-146.207985,61.210731],[-146.208008,61.297383],[-147.206579,61.297357],[-147.206585,61.339603],[-147.744717,61.339612],[-147.744753,61.426276]]]}},{"type":"Feature","properties":{"fips":"30053","name":"Lincoln","state":"MT"},"geometry":{"type":"Polygon","coordinates":[[[-116.049193,49.000912],[-115.501016,49.000694],[-115.207912,48.999228],[-114.72705020628,49.0005869898058],[-114.6848,48.973276],[-114.718806,48.938678],[-114.691671,48.842115],[-114.732545,48.809752],[-114.612541,48.751612],[-114.692131,48.684577],[-114.639007,48.658878],[-114.88859,48.658765],[-114.849803,48.573502],[-114.848098,48.226125],[-115.020079,48.225954],[-115.010672,48.017621],[-115.154527,48.017692],[-115.186633,47.922495],[-115.27843,47.890268],[-115.32828,47.917473],[-115.524695,47.908594],[-115.558139,47.942291],[-115.544841,47.999384],[-115.584705,48.021975],[-115.645768,48.134142],[-115.696111,48.177474],[-115.672359,48.206394],[-115.743185,48.262148],[-115.800172,48.222818],[-115.936745,48.184166],[-115.95671,48.149072],[-116.048929247776,48.2161279479271],[-116.048948,48.309847],[-116.049155,48.481247],[-116.049156520649,48.5020424817581],[-116.049193,49.000912]]]}},{"type":"Feature","properties":{"fips":"41057","name":"Tillamook","state":"OR"},"geometry":{"type":"Polygon","coordinates":[[[-124.00977,45.047266],[-123.975425,45.145476],[-123.972919,45.216784],[-123.962887,45.280218],[-123.979715,45.347724],[-123.960557,45.430778],[-123.976544,45.489733],[-123.947556,45.564878],[-123.939005,45.661923],[-123.939448,45.708795],[-123.968563,45.757019],[-123.966278384519,45.7830849035453],[-123.720001,45.77308],[-123.361622,45.779579],[-123.361028,45.708696],[-123.484726,45.708764],[-123.423273,45.636176],[-123.299438,45.607247],[-123.461181,45.49156],[-123.46488,45.433332],[-123.463518,45.216312],[-123.78454,45.216294],[-123.784218,45.076655],[-123.724368,45.076226],[-123.724663,45.044432],[-124.010097209885,45.0449989594412],[-124.00977,45.047266]]]}},{"type":"Feature","properties":{"fips":"30095","name":"Stillwater","state":"MT"},"geometry":{"type":"Polygon","coordinates":[[[-110.064581,45.348755],[-109.931984,45.348755],[-109.932025,45.522456],[-109.808841,45.52247],[-109.808793,45.565925],[-109.685385,45.56561],[-109.685385,45.609022],[-109.56207,45.609119],[-109.563907,45.783471],[-109.548822,45.870749],[-109.505963,45.870218],[-109.506604,45.959112],[-109.423026,45.960011],[-109.417158,46.044759],[-109.416227,46.132371],[-108.924589,46.13237],[-108.901655,45.959416],[-108.904837,45.681894],[-108.843016,45.611042],[-108.97281,45.616554],[-109.068498,45.583241],[-109.127757,45.587567],[-109.128225,45.523025],[-109.191551,45.523095],[-109.191761,45.464504],[-109.356417,45.464326],[-109.520884,45.391852],[-109.608831,45.304832],[-109.608504,45.261445],[-109.687857,45.26144],[-109.687792,45.167339],[-109.798673,45.167339],[-109.812233,45.172129],[-110.064518,45.172129],[-110.064581,45.348755]]]}},{"type":"Feature","properties":{"fips":"16017","name":"Bonner","state":"ID"},"geometry":{"type":"Polygon","coordinates":[[[-117.041214453461,48.0454651038028],[-117.041107,48.124904],[-117.035289,48.422732],[-117.033671,48.656902],[-117.032939182117,48.8466679212015],[-116.785174,48.847402],[-116.784878,48.500472],[-116.049156520649,48.5020424817581],[-116.049155,48.481247],[-116.048948,48.309847],[-116.048929247776,48.2161279479271],[-116.048911,48.12493],[-116.049153,47.999923],[-116.038565829873,47.9846342564417],[-116.120163,48.033448],[-116.282236,48.059386],[-116.329601,48.017722],[-116.329538,47.890393],[-116.505104,47.890142],[-116.504329,47.991386],[-116.634114,47.977073],[-117.041306446459,47.9774559200268],[-117.041214453461,48.0454651038028]]]}},{"type":"Feature","properties":{"fips":"08007","name":"Archuleta","state":"CO"},"geometry":{"type":"Polygon","coordinates":[[[-107.482131,37.422673],[-107.12868,37.422942],[-107.128737,37.392409],[-106.710775,37.404228],[-106.678373,37.403596],[-106.678354,37.228566],[-106.597384,37.194974],[-106.589178,37.140188],[-106.476233588828,36.9937741005469],[-106.869796,36.992426],[-106.877292,37.000139],[-107.420913,37.000005],[-107.481736999155,37.0000045803143],[-107.482131,37.422673]]]}},{"type":"Feature","properties":{"fips":"35035","name":"Otero","state":"NM"},"geometry":{"type":"Polygon","coordinates":[[[-106.376585,32.95805],[-106.340709,32.958382],[-106.340515,33.052777],[-106.34571,33.390595],[-105.931639,33.3899],[-105.727171,33.390633],[-105.725957,33.304834],[-105.317376,33.305977],[-105.316968,33.132303],[-105.316224,33.002719],[-105.316047,32.9621],[-105.352513,32.962007],[-105.35401,32.518776],[-104.851524,32.520541],[-104.84774,32.000464602835],[-104.91835699428,32.0004720730735],[-105.153994,32.000497],[-105.750527,32.002206],[-105.997971151664,32.001974590699],[-106.200699,32.001785],[-106.377173188247,32.0012401010375],[-106.376585,32.95805]]]}},{"type":"Feature","properties":{"fips":"35037","name":"Quay","state":"NM"},"geometry":{"type":"Polygon","coordinates":[[[-104.129143,34.779337],[-104.125121,35.142058],[-103.85753,35.242405],[-103.63713,35.240819],[-103.637053,35.389662],[-103.37973,35.396796],[-103.375117,35.739516],[-103.041356721818,35.7394335063487],[-103.041554,35.622487],[-103.042617950565,35.1831572590084],[-103.042711,35.144735],[-103.042738818608,34.9541420403614],[-103.284149,34.954172],[-103.284317,34.86499],[-103.389798,34.865429],[-103.390274,34.778122],[-103.495646,34.778575],[-103.495653,34.691393],[-103.705788,34.692446],[-103.706088,34.60501],[-103.738166,34.60467],[-103.948778,34.605058],[-104.12888,34.605201],[-104.129143,34.779337]]]}},{"type":"Feature","properties":{"fips":"16039","name":"Elmore","state":"ID"},"geometry":{"type":"Polygon","coordinates":[[[-116.266207,43.112269],[-115.978651,43.113432],[-115.974881,43.36502],[-115.975719,43.591438],[-115.875927,43.591265],[-115.797108,43.638608],[-115.697508,43.665373],[-115.625615,43.728255],[-115.592796,43.798289],[-115.547538,43.792667],[-115.508722,43.884855],[-115.287226,43.93552],[-115.19706,44.068993],[-115.230528,44.098766],[-115.181931,44.090533],[-115.136209,43.983859],[-115.067527,43.941275],[-114.990777,43.949723],[-114.971351,43.938308],[-114.996687,43.914407],[-114.989258,43.858563],[-115.04234,43.745582],[-115.033834,43.618636],[-115.083071,43.604399],[-115.086155,43.198064],[-115.086852,42.91456],[-115.037774,42.911864],[-115.037697,42.768414],[-115.454224,42.767936],[-115.441522,42.931127],[-115.622852,42.955698],[-115.771505,42.938664],[-115.791812,42.972348],[-115.935655,43.001733],[-115.964966,42.943673],[-116.145817,43.013416],[-116.20174,43.04893],[-116.191672,43.082473],[-116.266207,43.112269]]]}},{"type":"Feature","properties":{"fips":"30067","name":"Park","state":"MT"},"geometry":{"type":"Polygon","coordinates":[[[-111.04431854543,45.0008800033077],[-111.038169,45.351391],[-110.917899,45.351273],[-110.919222,45.524861],[-110.858252,45.524879],[-110.857382,45.59065],[-110.794774,45.590682],[-110.790767,46.141846],[-110.783833,46.192699],[-110.409271,46.192065],[-110.281916,46.184397],[-110.292752,46.133849],[-110.292662,45.785057],[-110.220908,45.784973],[-110.219412,45.348799],[-110.228052,45.172129],[-110.064518,45.172129],[-109.812233,45.172129],[-109.798673,45.167339],[-109.798483772435,45.002920308285],[-109.99505,45.003174],[-110.324441,44.999156],[-110.705272,44.992324],[-110.785008,45.002952],[-111.044275,45.001345],[-111.04431854543,45.0008800033077]]]}},{"type":"Feature","properties":{"fips":"41003","name":"Benton","state":"OR"},"geometry":{"type":"Polygon","coordinates":[[[-123.816525,44.315303],[-123.715538,44.360458],[-123.720071,44.433374],[-123.597677,44.433109],[-123.602609,44.721154],[-123.149025,44.720225],[-123.073132,44.652359],[-123.164428,44.637507],[-123.18564,44.587179],[-123.220049,44.584926],[-123.253373,44.572781],[-123.260151,44.555148],[-123.241754,44.544575],[-123.253376,44.52887],[-123.238067,44.527969],[-123.214683,44.507681],[-123.212162,44.503904],[-123.211967,44.501218],[-123.215082,44.494188],[-123.214409,44.491014],[-123.205287,44.443038],[-123.229331,44.414213],[-123.22793,44.407768],[-123.227668,44.406912],[-123.245678,44.332099],[-123.180388,44.283725],[-123.593323,44.276694],[-123.775598,44.283547],[-123.816525,44.315303]]]}},{"type":"Feature","properties":{"fips":"53033","name":"King","state":"WA"},"geometry":{"type":"Polygon","coordinates":[[[-122.536993,47.403355],[-122.445026,47.542713],[-122.438093,47.777814],[-122.327229,47.777657],[-122.271033,47.777095],[-122.112945,47.775949],[-122.000365,47.775392],[-121.119179,47.779933],[-121.066005,47.713603],[-121.121584,47.685213],[-121.113569,47.597288],[-121.217039,47.569752],[-121.31154,47.479595],[-121.427417,47.420678],[-121.465776,47.368291],[-121.427492,47.289075],[-121.341203,47.281261],[-121.365138,47.224563],[-121.3176,47.212131],[-121.297819,47.148851],[-121.408081,47.1181],[-121.379682,47.087495],[-121.379961,47.087248],[-121.581673,47.118648],[-121.630993,47.153513],[-121.796464,47.173059],[-121.934881,47.138219],[-122.048073,47.171396],[-122.143976,47.257526],[-122.208347,47.257474],[-122.229495,47.257556],[-122.294853,47.257246],[-122.334914,47.257366],[-122.437252,47.333717],[-122.523572,47.324175],[-122.536993,47.403355]]]}},{"type":"Feature","properties":{"fips":"02158","name":"Kusilvak","state":"AK"},"geometry":{"type":"Polygon","coordinates":[[[-166.211787,61.608373],[-166.143757,61.724352],[-166.050997,61.766689],[-166.094312,61.813859],[-165.940864,61.84908],[-165.803979,61.825685],[-165.639516,61.847006],[-165.650103,61.874153],[-165.743528,61.962533],[-165.754295,62.055955],[-165.672037,62.13989],[-165.458499,62.282847],[-165.26927,62.427352],[-165.096155,62.522452],[-165.052202,62.598217],[-164.962432,62.658246],[-164.837703,62.685267],[-164.864367,62.752042],[-164.87564,62.806254],[-164.813007,62.903919],[-164.685213,63.022191],[-164.607425,63.112899],[-164.442368,63.202672],[-164.209475,63.251472],[-164.066991,63.262276],[-163.885059,63.222308],[-163.73265,63.213257],[-163.616272,63.141213],[-163.529938,63.1354],[-163.316203,63.037763],[-163.053996,63.058334],[-162.919727,63.120153],[-162.844559,63.154191],[-162.821122,63.205596],[-162.72408,63.214615],[-162.602860986157,63.277182503469],[-162.383082,63.271816],[-162.383076,63.185195],[-162.192503,63.185184],[-162.192443,63.098556],[-162.001798,63.098536],[-162.001769,63.011919],[-160.85799,63.011953],[-160.94344,62.999269],[-160.996215,62.898936],[-160.996201,62.552424],[-161.048176,62.55241],[-161.048165,62.205869],[-160.915964,62.205866],[-160.915953,61.945943],[-160.534671,61.94594],[-160.469477,61.869348],[-160.18666,61.831693],[-160.20263,61.810322],[-160.35014,61.819071],[-160.597733,61.760156],[-160.775244,61.738527],[-160.953961,61.685669],[-161.126812,61.59954],[-161.449611,61.568838],[-161.697058,61.530087],[-161.885286,61.48281],[-162.013438,61.477057],[-162.328294,61.518376],[-162.476189,61.503959],[-162.505761,61.556426],[-162.75398,61.542666],[-162.847199,61.498736],[-163.061999,61.479931],[-163.171354,61.449071],[-163.431258,61.484107],[-163.531412,61.401454],[-163.524124,61.355098],[-163.65539,61.335827],[-163.785076,61.367097],[-163.99276,61.371763],[-163.981767,61.243286],[-163.920874,61.210692],[-164.017645,61.192886],[-164.121482,61.127],[-164.201874,61.151613],[-164.211781,61.082262],[-164.146306,61.074682],[-164.154702,61.022625],[-164.234986,60.988241],[-164.529911,60.940796],[-164.616585,60.979049],[-164.797619,60.982487],[-165.108494992779,60.9265753986229],[-165.194945,60.9739],[-165.133937,61.01125],[-165.057842,61.059746],[-165.139403,61.092946],[-165.203757,61.150341],[-165.325552,61.169306],[-165.385437,61.079574],[-165.459236,61.083424],[-165.55514,61.092674],[-165.640289,61.138066],[-165.63288,61.227965],[-165.623317,61.278431],[-165.787442,61.310063],[-165.831365,61.306719],[-165.921194,61.40308],[-165.877104,61.431149],[-165.791085,61.449852],[-165.746352,61.489304],[-165.865668,61.535046],[-165.912496,61.5562],[-165.999535,61.53972],[-166.075398,61.49298],[-166.149577,61.513288],[-166.211787,61.608373]]]}},{"type":"Feature","properties":{"fips":"41011","name":"Coos","state":"OR"},"geometry":{"type":"Polygon","coordinates":[[[-124.436198,43.071312],[-124.41139,43.159853],[-124.395607,43.223908],[-124.38246,43.270167],[-124.400404,43.302121],[-124.353332,43.342667],[-124.286896,43.436296],[-124.233534,43.55713],[-124.219057676906,43.610931759189],[-123.875698,43.608407],[-123.875628,43.515947],[-123.816657,43.516449],[-123.817614,43.431306],[-123.761528,43.422294],[-123.764356,43.258054],[-123.704752,43.257741],[-123.702144,43.087083],[-123.761333,43.08316],[-123.761594,42.996318],[-123.821121,42.965284],[-123.820439,42.824112],[-123.811553,42.788837],[-123.925717,42.774514],[-123.996291,42.685651],[-124.132918,42.666697],[-124.159966,42.739947],[-124.141475,42.850586],[-124.219623,42.933782],[-124.258388,42.954946],[-124.479882226932,42.9543224376774],[-124.436198,43.071312]]]}},{"type":"Feature","properties":{"fips":"16023","name":"Butte","state":"ID"},"geometry":{"type":"Polygon","coordinates":[[[-113.76117,43.621194],[-113.48811,43.738796],[-113.412744,43.816713],[-113.361004,43.796645],[-113.453985,43.873908],[-113.457816,44.059528],[-113.416525,44.233364],[-113.320609,44.233164],[-112.995091,44.234126],[-112.994323,43.972362],[-112.695242,43.971941],[-112.697122,43.62314],[-112.698891,43.540052],[-112.816278,43.535949],[-112.816704,43.449164],[-112.936835,43.449386],[-112.947016,43.284821],[-113.007318,43.284778],[-113.361958,43.284678],[-113.36191,43.36716],[-113.63523,43.367546],[-113.634325,43.497474],[-113.701153,43.584553],[-113.798441,43.569217],[-113.76117,43.621194]]]}},{"type":"Feature","properties":{"fips":"32015","name":"Lander","state":"NV"},"geometry":{"type":"Polygon","coordinates":[[[-117.806183,39.145845],[-117.719897,39.213377],[-117.759795,39.369225],[-117.646011,39.426602],[-117.656397,39.468043],[-117.59024,39.517521],[-117.485236,39.545622],[-117.461587,39.622644],[-117.495344,39.748364],[-117.46164,39.886817],[-117.541749,40.001034],[-117.300597,40.526136],[-117.246788,40.642445],[-117.018664,40.643035],[-117.018419,41.000254],[-116.586786,41.000398],[-116.586996,40.964776],[-116.596815,40.94646],[-116.594214,40.320251],[-116.599986,40.072307],[-116.592855,39.374928],[-116.600946,39.161463],[-117.331857,39.16343],[-117.775468,39.093425],[-117.806183,39.145845]]]}},{"type":"Feature","properties":{"fips":"08069","name":"Larimer","state":"CO"},"geometry":{"type":"Polygon","coordinates":[[[-106.190554078709,40.9977466125744],[-105.277138,40.998173],[-105.276859994035,40.9981729176259],[-104.943371,40.9980741037298],[-104.943127,40.903405],[-104.944095,40.58809],[-104.944164,40.508104],[-104.944427,40.414196],[-104.944562,40.407348],[-104.945551,40.349099],[-104.981677,40.349165],[-105.05672,40.349281],[-105.055089,40.261793],[-105.102451,40.261367],[-105.4041,40.257784],[-105.653321,40.260457],[-105.81534,40.421486],[-105.807341,40.474527],[-105.854926,40.486252],[-105.907857,40.515493],[-105.910892,40.56642],[-106.047971,40.804643],[-106.185307,40.933973],[-106.190554078709,40.9977466125744]]]}},{"type":"Feature","properties":{"fips":"04001","name":"Apache","state":"AZ"},"geometry":{"type":"Polygon","coordinates":[[[-110.000677,36.997968],[-109.495338,36.999105],[-109.045223,36.999084],[-109.045433,36.874589],[-109.045729,36.117028],[-109.045871168205,36.002701630519],[-109.046024,35.8798],[-109.046296,35.614251],[-109.046796,35.363606],[-109.046355894384,35.1755071883512],[-109.045851235183,34.9598185158367],[-109.045851,34.959718],[-109.046138935363,34.5792910128179],[-109.046182,34.522393],[-109.046426,33.875052],[-109.046609005136,33.7774067975977],[-109.348581,33.778123],[-109.364621,33.738756],[-109.480135,33.69141],[-109.49544,33.652697],[-109.80327,33.481727],[-109.891676,33.567874],[-109.891766,33.777777],[-109.859274,33.777683],[-109.859165,34.125766],[-109.848226,34.473389],[-109.865231,34.559689],[-109.8505,34.647442],[-109.844624,34.822562],[-109.843762,35.517905],[-109.826964,35.66263],[-110.000674,35.662659],[-110.000677,36.997968]]]}},{"type":"Feature","properties":{"fips":"30049","name":"Lewis and Clark","state":"MT"},"geometry":{"type":"Polygon","coordinates":[[[-113.165811,47.719764],[-113.080997,47.749917],[-113.086634,47.918182],[-112.984734,47.953918],[-112.913256,47.826216],[-112.91422,47.694958],[-112.857082,47.629827],[-112.780545,47.598622],[-112.549721,47.651977],[-112.429183,47.603386],[-112.405146,47.552317],[-112.317471,47.54207],[-112.278,47.505623],[-112.047781,47.516034],[-112.044311,47.192826],[-111.977739,47.184103],[-111.942139,47.143582],[-111.789278,47.128922],[-111.790236,46.913764],[-111.658132,46.913423],[-111.639502,46.832134],[-111.496029,46.790273],[-111.498095,46.762502],[-111.602294,46.778261],[-111.639261,46.73818],[-111.631906,46.569972],[-111.787949,46.569465],[-112.029231,46.568805],[-112.083441,46.516663],[-112.205757,46.499748],[-112.176235,46.456342],[-112.310573,46.421171],[-112.316754,46.574418],[-112.298531,46.625973],[-112.320871,46.655927],[-112.410638,46.656011],[-112.410846,46.699505],[-112.535597,46.699482],[-112.535748,46.834234],[-112.795642,46.831665],[-112.795808,47.177004],[-113.059053,47.17957],[-113.059199,47.488599],[-113.123098,47.51573],[-113.144368,47.595507],[-113.165811,47.719764]]]}},{"type":"Feature","properties":{"fips":"41059","name":"Umatilla","state":"OR"},"geometry":{"type":"Polygon","coordinates":[[[-119.432138558816,45.9132091442339],[-119.364396,45.921605],[-119.25715,45.939926],[-119.12612,45.932859],[-119.061462,45.958527],[-118.987227539565,45.9998002135237],[-118.987129,45.999855],[-118.67787,46.000935],[-118.36779,46.000622],[-117.996970429603,46.0001906671726],[-117.977657306532,46.000168202382],[-117.977601,45.876889],[-117.97298,45.860595],[-117.972948,45.816896],[-118.045003,45.817073],[-118.066383,45.688395],[-118.117194,45.688607],[-118.116461,45.470732],[-118.197955,45.4704],[-118.197876,45.427204],[-118.428539,45.429076],[-118.428329,45.35519],[-118.697766,45.345647],[-118.696985,45.257613],[-118.656102,45.257729],[-118.655992,45.196928],[-118.546632,45.196898],[-118.547652,45.080753],[-118.518689,44.995877],[-119.162966,44.996241],[-119.146424,45.08294],[-119.145144,45.515909],[-119.248214,45.516076],[-119.248547,45.601935],[-119.43464,45.602985],[-119.432138558816,45.9132091442339]]]}},{"type":"Feature","properties":{"fips":"08077","name":"Mesa","state":"CO"},"geometry":{"type":"Polygon","coordinates":[[[-109.059961475353,38.5000258740357],[-109.051512,39.126095],[-109.051223831017,39.3666775495863],[-108.409607,39.365983],[-107.430949,39.366178],[-107.465187,39.314515],[-107.394486,39.256299],[-107.428073,39.257596],[-107.500606,39.217916],[-107.637893,39.14202],[-107.76549,39.043294],[-107.858888,39.080112],[-107.987204,39.052876],[-108.094786,38.979684],[-108.140323,38.908767],[-108.378951,38.829036],[-108.378698,38.668097],[-108.379136,38.499987],[-109.059962,38.499987],[-109.059961475353,38.5000258740357]]]}},{"type":"Feature","properties":{"fips":"30031","name":"Gallatin","state":"MT"},"geometry":{"type":"Polygon","coordinates":[[[-111.805259,45.798306],[-111.705467,45.795738],[-111.660057,45.8335],[-111.587696,45.906682],[-111.419618,45.996322],[-111.423831,46.061951],[-111.349372,46.122607],[-111.346652,46.187785],[-111.061956,46.192834],[-110.783833,46.192699],[-110.790767,46.141846],[-110.794774,45.590682],[-110.857382,45.59065],[-110.858252,45.524879],[-110.919222,45.524861],[-110.917899,45.351273],[-111.038169,45.351391],[-111.04431854543,45.0008800033077],[-111.056888,44.866658],[-111.055511,44.725343],[-111.055332727124,44.6662623099175],[-111.055208,44.624927],[-111.048974,44.474072],[-111.122654,44.493659],[-111.143557,44.535732],[-111.201459,44.575696],[-111.224161,44.623402],[-111.26875,44.668279],[-111.323669,44.724474],[-111.377138236735,44.7511964139636],[-111.35003,45.350548],[-111.35138,45.641938],[-111.536241,45.642257],[-111.659738,45.743344],[-111.721683,45.743278],[-111.721847,45.772369],[-111.763273,45.772554],[-111.763324,45.786828],[-111.80538,45.786748],[-111.805259,45.798306]]]}},{"type":"Feature","properties":{"fips":"56009","name":"Converse","state":"WY"},"geometry":{"type":"Polygon","coordinates":[[[-106.078068,43.494471],[-106.017366,43.494969],[-105.079797,43.498445],[-104.899941,43.49964],[-104.89848,42.78303],[-104.892437,42.608939],[-105.286511,42.605826],[-105.28391,42.431402],[-105.332638,42.431106],[-105.375541,42.290139],[-105.526399,42.288859],[-105.613865,42.304455],[-105.575642,42.377314],[-105.556042,42.430583],[-106.073403,42.433236],[-106.075852,42.433218],[-106.077069,42.777965],[-106.073869,43.47257],[-106.078068,43.494471]]]}},{"type":"Feature","properties":{"fips":"56015","name":"Goshen","state":"WY"},"geometry":{"type":"Polygon","coordinates":[[[-104.655639,42.609468],[-104.052662191568,42.6117663005415],[-104.053107,42.499964],[-104.052793,42.249962],[-104.052729,42.016318],[-104.052762109856,42.0017302658048],[-104.053026,41.885464],[-104.052825094979,41.6978228532141],[-104.052735,41.613676],[-104.052634571633,41.5642757795737],[-104.652992,41.565014],[-104.653338,41.653007],[-104.655639,42.609468]]]}},{"type":"Feature","properties":{"fips":"06023","name":"Humboldt","state":"CA"},"geometry":{"type":"Polygon","coordinates":[[[-124.387023,40.504954],[-124.301355,40.659643],[-124.176715,40.843618],[-124.118147,40.989263],[-124.125448,41.048504],[-124.154513,41.087159],[-124.163988,41.138675],[-124.122677,41.189726],[-124.092284,41.287695],[-124.063076,41.439579],[-124.067473659422,41.4647361884909],[-123.770551,41.464193],[-123.770239,41.380776],[-123.661363,41.38209],[-123.487831,41.376934],[-123.408291,41.179944],[-123.464006,41.076348],[-123.406082,41.013792],[-123.481457,40.914957],[-123.560163,40.950257],[-123.623826,40.929421],[-123.55985,40.829584],[-123.544059,40.739386],[-123.544458,40.001923],[-124.02520517453,40.001299341669],[-124.035904,40.013319],[-124.068908,40.021307],[-124.087086,40.078442],[-124.139952,40.11635],[-124.187874,40.130542],[-124.258405,40.184277],[-124.34307,40.243979],[-124.363414,40.260974],[-124.353124,40.331425],[-124.365357,40.374855],[-124.409591,40.438076],[-124.387023,40.504954]]]}},{"type":"Feature","properties":{"fips":"08085","name":"Montrose","state":"CO"},"geometry":{"type":"Polygon","coordinates":[[[-109.059962,38.499987],[-108.379136,38.499987],[-108.378698,38.668097],[-107.500655,38.668553],[-107.50002,38.301926],[-107.63504,38.301896],[-108.13238,38.331573],[-108.086604,38.255202],[-107.937588,38.218992],[-107.965789,38.152328],[-108.906749,38.154959],[-109.041796614855,38.1530323049685],[-109.041762,38.16469],[-109.060062,38.275489],[-109.059962,38.499987]]]}},{"type":"Feature","properties":{"fips":"53069","name":"Wahkiakum","state":"WA"},"geometry":{"type":"Polygon","coordinates":[[[-123.726557,46.384872],[-123.358334,46.384025],[-123.259068,46.383458],[-123.21795,46.385617],[-123.212493591209,46.1710964584003],[-123.280166,46.144843],[-123.363744507266,46.1462431943485],[-123.371433,46.146372],[-123.430847,46.181827],[-123.427629,46.229348],[-123.479644,46.269131],[-123.547659,46.259109],[-123.669501,46.266832],[-123.700764,46.305278],[-123.727903817597,46.2913355857112],[-123.726557,46.384872]]]}},{"type":"Feature","properties":{"fips":"15001","name":"Hawaii","state":"HI"},"geometry":{"type":"Polygon","coordinates":[[[-156.049651,19.780452],[-156.006267,19.81758],[-155.976651,19.85053],[-155.949251,19.857034],[-155.915662,19.887126],[-155.892533,19.932162],[-155.856588,19.968885],[-155.831948,19.982775],[-155.825473,20.025944],[-155.850385,20.062506],[-155.890646,20.123576],[-155.90278,20.177073],[-155.890663,20.25524],[-155.853293,20.271548],[-155.798884,20.254115],[-155.737004,20.222773],[-155.704331,20.191695],[-155.637459,20.153051],[-155.598033,20.124539],[-155.558933,20.13157],[-155.502561,20.114155],[-155.387578,20.067119],[-155.270316,20.014525],[-155.166625,19.93789],[-155.124618,19.897288],[-155.086341,19.855399],[-155.091216,19.776368],[-155.087118,19.728013],[-155.045382,19.739824],[-155.006423,19.739286],[-154.981102,19.690687],[-154.974342,19.633201],[-154.947106,19.604856],[-154.852618,19.549172],[-154.814417,19.53009],[-154.816009,19.500648],[-154.876618,19.433223],[-154.944185,19.381852],[-155.020537,19.331317],[-155.113272,19.290613],[-155.159635,19.268375],[-155.205892,19.260907],[-155.264619,19.274213],[-155.31337,19.250698],[-155.360631,19.20893],[-155.390701,19.201171],[-155.453516,19.151952],[-155.505281,19.137908],[-155.555326,19.069377],[-155.590697,19.007673],[-155.613966,18.970399],[-155.638054,18.941723],[-155.672005,18.917466],[-155.726043,18.969437],[-155.806109,19.013967],[-155.88155,19.036644],[-155.914216,19.099147],[-155.912069,19.179114],[-155.902565,19.258427],[-155.890842,19.298905],[-155.888701,19.348031],[-155.909087,19.415455],[-155.924732,19.45391],[-155.95149,19.486649],[-155.96935,19.555963],[-155.978206,19.608159],[-155.997728,19.642816],[-156.028982,19.650098],[-156.033326,19.66923],[-156.064364,19.730766],[-156.049651,19.780452]]]}},{"type":"Feature","properties":{"fips":"08123","name":"Weld","state":"CO"},"geometry":{"type":"MultiPolygon","coordinates":[[[[-104.979886,40.033051],[-104.97803,40.033451],[-104.97305,40.033037],[-104.973074,40.029512],[-104.979917,40.029486],[-104.979886,40.033051]]],[[[-105.05672,40.349281],[-104.981677,40.349165],[-104.945551,40.349099],[-104.944562,40.407348],[-104.944427,40.414196],[-104.944164,40.508104],[-104.944095,40.58809],[-104.943127,40.903405],[-104.943371,40.9980741037298],[-104.855273,40.998048],[-104.497058,41.001805],[-104.053249,41.001406],[-103.574522,41.001721],[-103.573774006195,41.0017217990841],[-103.581844,40.523383],[-104.147714,40.524389],[-104.150494,40.350245],[-104.150332,40.000856],[-104.64064,40.000575],[-104.697142,40.00051],[-104.961405,40.000337],[-104.961099,40.041768],[-104.978526,40.043888],[-104.989647,40.007679],[-105.052823,40.00026],[-105.055408,40.018176],[-105.055076,40.232779],[-105.055089,40.261793],[-105.05672,40.349281]]]]}},{"type":"Feature","properties":{"fips":"49021","name":"Iron","state":"UT"},"geometry":{"type":"Polygon","coordinates":[[[-114.051728,37.745997],[-114.049658,37.881368],[-114.049903,38.148601],[-114.049903375658,38.1487630266706],[-112.816993,38.14751],[-112.478822,38.147419],[-112.4683,37.890463],[-112.588517,37.890367],[-112.57855,37.80454],[-112.689297,37.80559],[-112.68375,37.543692],[-112.901162,37.543486],[-112.900924,37.500022],[-113.037088,37.499748],[-113.037048,37.474474],[-113.25349,37.482167],[-113.25334,37.528983],[-113.474029,37.529085],[-113.474485,37.618289],[-113.587797,37.604611],[-114.052472,37.604776],[-114.051728,37.745997]]]}},{"type":"Feature","properties":{"fips":"30005","name":"Blaine","state":"MT"},"geometry":{"type":"Polygon","coordinates":[[[-109.551644,48.293479],[-109.496741,48.451262],[-109.464318,48.452638],[-109.464318,48.52526],[-109.505333,48.56791],[-109.505514,48.913911],[-109.489548844193,49.0004208022765],[-109.250722,49.000011],[-109.000708,48.999234],[-108.543194,48.999377],[-108.236361659295,48.9995581358031],[-108.259372,48.913592],[-108.259384,48.742225],[-108.319119,48.742209],[-108.346193,48.56845],[-108.346316,48.422305],[-108.410374,48.448484],[-108.433848,48.219551],[-108.43398,47.976553],[-108.607579,47.990997],[-108.625587,47.920411],[-108.888316,47.922722],[-108.891115,47.734456],[-108.978383,47.802658],[-109.132768,47.781122],[-109.274171,47.793239],[-109.425315,47.720153],[-109.538677,47.738864],[-109.534295,48.134564],[-109.551644,48.293479]]]}},{"type":"Feature","properties":{"fips":"02195","name":"Petersburg","state":"AK"},"geometry":{"type":"MultiPolygon","coordinates":[[[[-133.49736,56.746657],[-133.515689,56.795983],[-133.440042,56.882355],[-133.274089,56.92185],[-133.317871026437,57.0026747376997],[-133.104611,57.005701],[-132.98137,56.92738],[-132.903211,56.80361],[-132.796602,56.776932],[-132.743207,56.71372],[-132.619258,56.660778],[-132.611326,56.599913],[-132.671154,56.543071],[-132.806838,56.505492],[-132.933042,56.5222],[-133.041726,56.518356],[-133.183493,56.454241],[-133.300571,56.462343],[-133.415081566935,56.4564601889074],[-133.441307,56.637626],[-133.579378,56.757841],[-133.49736,56.746657]]],[[[-133.699124476434,57.7857341418546],[-133.549358,57.775225],[-133.493048,57.824726],[-133.353451,57.77227],[-133.279877,57.794768],[-133.188197,57.741008],[-132.871898,57.712796],[-132.840996,57.663106],[-132.88785,57.613739],[-132.827503,57.58066],[-132.655278650447,57.6017446104835],[-132.559178,57.503927],[-132.367984,57.348685],[-132.252187,57.215655],[-132.371312,57.095229],[-132.051044,57.051155],[-132.118917918329,56.8912294023685],[-132.160186,56.903305],[-132.215746,56.891606],[-132.348468,56.771287],[-132.439835,56.770301],[-132.54582226332,56.7136212358796],[-132.556758,56.757242],[-132.792089,56.856152],[-132.892388,56.993016],[-132.93752,57.048321],[-133.161448,57.086264],[-133.247414,57.136802],[-133.322359,57.112727],[-133.466932,57.159356],[-133.544817,57.24257],[-133.489738,57.305192],[-133.472039,57.368651],[-133.514964,57.473345],[-133.519598,57.530705],[-133.62076,57.578919],[-133.676449,57.625192],[-133.65453,57.713689],[-133.699124476434,57.7857341418546]]]]}},{"type":"Feature","properties":{"fips":"06067","name":"Sacramento","state":"CA"},"geometry":{"type":"Polygon","coordinates":[[[-121.861597,38.069887],[-121.71213,38.08552],[-121.656702,38.183086],[-121.614471,38.196474],[-121.593273,38.313089],[-121.576726,38.327502],[-121.575577,38.327016],[-121.571869,38.331017],[-121.560025,38.342071],[-121.556681,38.343543],[-121.537225,38.347591],[-121.533929,38.349847],[-121.525422,38.357907],[-121.521641,38.360104],[-121.502982,38.440718],[-121.508867,38.472809],[-121.55855,38.503174],[-121.524018,38.520868],[-121.508668,38.596803],[-121.553609,38.603326],[-121.633774,38.686164],[-121.602894,38.735838],[-121.484396,38.734598],[-121.242795,38.718241],[-121.141595,38.711939],[-121.119049,38.717863],[-121.04137,38.540745],[-121.027507,38.508292],[-121.027084,38.300252],[-121.173079,38.255208],[-121.344024,38.22826],[-121.475718,38.25809],[-121.580022,38.094414],[-121.673065,38.093518],[-121.75168,38.024308],[-121.815673,38.021038],[-121.862462,38.06603],[-121.861597,38.069887]]]}},{"type":"Feature","properties":{"fips":"02020","name":"Anchorage","state":"AK"},"geometry":{"type":"Polygon","coordinates":[[[-150.228774,61.162581],[-150.221244434269,61.1931555142492],[-149.987495,61.224064],[-149.897622,61.267387],[-149.748369,61.397371],[-149.35944,61.484025],[-149.240449,61.484025],[-149.180062,61.42625],[-148.462471,61.426267],[-148.472065,60.84852],[-148.738363,60.848546],[-148.745618,60.733007],[-149.037741,60.732987],[-149.03408,60.848534],[-149.181942,60.906317],[-149.359399,60.90633],[-149.748463763199,61.0012376770684],[-149.717167,61.011303],[-149.831922,61.076197],[-150.005041,61.138556],[-150.065646,61.151079],[-150.265894,61.127365],[-150.228774,61.162581]]]}},{"type":"Feature","properties":{"fips":"02070","name":"Dillingham","state":"AK"},"geometry":{"type":"MultiPolygon","coordinates":[[[[-161.031448,58.999393],[-160.864703,58.999394],[-160.864705,59.086077],[-160.81214,59.259438],[-160.643716,59.25944],[-160.643719,59.34612],[-160.475296,59.346122],[-160.475354,59.432799],[-160.41864,59.4328],[-160.418647,59.606152],[-160.248503,59.606154],[-160.24851,59.779501],[-160.017423,59.779504],[-160.01743,59.952846],[-159.845524,59.952848],[-159.845533,60.126186],[-159.781902,60.126187],[-159.781906,60.212854],[-159.608196,60.212856],[-159.608204,60.386188],[-159.434497,60.38619],[-159.434502,60.472854],[-159.366206,60.472856],[-159.366215,60.646179],[-159.190657,60.646181],[-159.190661,60.732841],[-159.015104,60.732843],[-159.01511,60.819503],[-158.941919,60.819503],[-158.941926,60.906162],[-157.877224,60.906172],[-157.877208,60.819515],[-157.69976,60.819515],[-157.699775,60.906175],[-157.522325,60.906178],[-157.522332,60.992834],[-157.167428,60.992839],[-157.16742,60.906183],[-156.000086,60.90619],[-156.000145,59.692879],[-156.165068,59.692877],[-156.165066,59.606202],[-156.505349,59.606199],[-156.505345,59.519523],[-156.675489,59.519521],[-156.675483,59.432844],[-156.769971,59.432843],[-156.769965,59.346166],[-157.106814,59.346162],[-157.106808,59.259483],[-157.275233,59.259482],[-157.275221,59.086121],[-157.196306,59.086122],[-157.196292140099,58.8493595416621],[-157.388651,58.805346],[-157.572524,58.750839],[-157.777937,58.703288],[-158.140307,58.61502],[-158.232276,58.619902],[-158.332093,58.665313],[-158.376873,58.748043],[-158.423828,58.769847],[-158.564833,58.802715],[-158.520327,58.857105],[-158.619684,58.911048],[-158.767748,58.864264],[-158.790378,58.804712],[-158.780136,58.75379],[-158.861207,58.69558],[-158.827852,58.626432],[-158.704052,58.482759],[-158.795316,58.408032],[-158.880927,58.39067],[-159.063346,58.423139],[-159.228398,58.603047],[-159.409779,58.773611],[-159.532347,58.833609],[-159.643549,58.845063],[-159.601899,58.884671],[-159.61612,58.931601],[-159.712114,58.929468],[-159.748183,58.875827],[-159.792923,58.823971],[-159.908386,58.779903],[-159.979344,58.835535],[-160.150528,58.866062],[-160.232788,58.901127],[-160.322922,58.953953],[-160.256592,58.99448],[-160.31778,59.070477],[-160.516426,59.01124],[-160.730971,58.921186],[-160.823489,58.829136],[-160.872003,58.878472],[-161.001101,58.849693],[-161.031441005292,58.8398079512056],[-161.031448,58.999393]]],[[[-161.078486,58.635577],[-161.056595,58.702202],[-160.918586,58.746935],[-160.700627,58.817368],[-160.679309,58.780226],[-160.880515,58.581325],[-160.961416,58.553723],[-161.07563,58.549916],[-161.078486,58.635577]]],[[[-161.364931,58.826021],[-161.073748442441,58.8260238046127],[-161.221942,58.777741],[-161.337982,58.742912],[-161.339580659244,58.739338625003],[-161.365049,58.739364],[-161.364931,58.826021]]]]}},{"type":"Feature","properties":{"fips":"06109","name":"Tuolumne","state":"CA"},"geometry":{"type":"Polygon","coordinates":[[[-120.514952,37.95339],[-120.534276,37.989443],[-120.462798,38.011927],[-120.442529,38.058741],[-120.176177,38.374014],[-120.019951,38.433521],[-119.884749,38.356185],[-119.705385,38.416102],[-119.639205,38.32688],[-119.651509,38.286462],[-119.604182,38.234961],[-119.632671,38.198858],[-119.576496,38.157661],[-119.469456,38.128283],[-119.345922,38.083113],[-119.30459,38.023891],[-119.308389,37.946824],[-119.200283,37.885827],[-119.20128,37.804329],[-119.268979,37.73923],[-119.308995,37.777986],[-119.426792,37.866724],[-119.474295,37.855623],[-119.535699,37.904122],[-119.646203,37.846823],[-119.653903,37.810423],[-119.809409,37.755025],[-119.907013,37.757926],[-120.079508,37.828808],[-120.127226,37.781566],[-120.345437,37.724787],[-120.306312,37.665419],[-120.391931,37.683559],[-120.387613,37.633704],[-120.653274,37.831858],[-120.514952,37.95339]]]}},{"type":"Feature","properties":{"fips":"06083","name":"Santa Barbara","state":"CA"},"geometry":{"type":"MultiPolygon","coordinates":[[[[-119.916216,34.058351],[-119.857304,34.071298],[-119.739472,34.049299],[-119.5667,34.053452],[-119.470736656944,34.053996622104],[-119.487719557382,33.9965151543893],[-119.554472,33.99782],[-119.662825,33.985889],[-119.721206,33.959583],[-119.795938,33.962929],[-119.873358,33.980375],[-119.876916,34.023527],[-119.916216,34.058351]]],[[[-120.368278,34.076465],[-120.24248,34.057172],[-120.135853,34.026087],[-120.055107,34.037729],[-119.984316,33.983948],[-119.973691,33.942481],[-120.049682,33.914563],[-120.121817,33.895712],[-120.179049,33.927994],[-120.200085,33.956904],[-120.36484,33.991781],[-120.454134,34.028081],[-120.368278,34.076465]]],[[[-120.65030521184,34.9751663022687],[-120.496222,34.993155],[-120.435473,34.986759],[-120.301827,34.905571],[-120.334548,35.006315],[-120.188383,35.030378],[-120.167616,35.075297],[-120.082084,35.114678],[-119.980122,35.057573],[-119.928419,35.059794],[-119.745566,34.973676],[-119.672963,34.973375],[-119.535757,34.897576],[-119.472494,34.901378],[-119.443691,34.901171],[-119.440414,34.441842],[-119.451365,34.398147],[-119.477946706724,34.3788375587756],[-119.536957,34.395495],[-119.616862,34.420995],[-119.684666,34.408297],[-119.709067,34.395397],[-119.785871,34.415997],[-119.835771,34.415796],[-119.873971,34.408795],[-119.971951,34.444641],[-120.050682,34.461651],[-120.141165,34.473405],[-120.295051,34.470623],[-120.451425,34.447094],[-120.511421,34.522953],[-120.550092,34.542794],[-120.581293,34.556959],[-120.622575,34.554017],[-120.645739,34.581035],[-120.60197,34.692095],[-120.614852,34.730709],[-120.62632,34.738072],[-120.610266,34.85818],[-120.670835,34.904115],[-120.65030521184,34.9751663022687]]]]}},{"type":"Feature","properties":{"fips":"02110","name":"Juneau","state":"AK"},"geometry":{"type":"MultiPolygon","coordinates":[[[[-134.772728,58.166496],[-134.724372268416,58.2112501528181],[-134.699956,58.161494],[-134.608911,58.171637],[-134.46176,58.159289],[-134.329872,58.13499],[-134.262050642365,58.1440173156308],[-134.538413,58.098172],[-134.577773,58.054116],[-134.697766,58.032036],[-134.784681,58.096599],[-134.772728,58.166496]]],[[[-135.221825,58.971337],[-134.328006718063,58.9623275474089],[-134.328964,58.919593],[-134.250526,58.858046],[-133.840392,58.727991],[-133.699835,58.60729],[-133.379908,58.427909],[-133.461475,58.385526],[-133.343725,58.270915],[-133.176902640205,58.1504821029092],[-133.702862448018,57.7917730667286],[-133.703097,57.792152],[-133.848776,57.93544],[-134.049603,58.062027],[-134.078155,58.152046],[-134.146685,58.199084],[-134.234572,58.197234],[-134.375579,58.208705],[-134.464635,58.227388],[-134.631203,58.247446],[-134.750586,58.391533],[-134.936897,58.457474],[-135.062870569361,58.4512992526444],[-135.221825,58.971337]]]]}},{"type":"Feature","properties":{"fips":"08025","name":"Crowley","state":"CO"},"geometry":{"type":"Polygon","coordinates":[[[-104.053921,38.522393],[-103.61299,38.522548],[-103.504666,38.516409],[-103.506985,38.342256],[-103.501764,38.265016],[-103.509364,38.172514],[-103.619283,38.171455],[-103.619172,38.113355],[-103.835616,38.11334],[-104.058242,38.146492],[-104.053921,38.522393]]]}},{"type":"Feature","properties":{"fips":"02060","name":"Bristol Bay","state":"AK"},"geometry":{"type":"Polygon","coordinates":[[[-157.135927,58.680731],[-157.06223,58.740187],[-156.993548,58.836798],[-157.016088,58.86349],[-157.095372270939,58.866670717095],[-157.043478,58.885104],[-156.316032,58.885114],[-156.316015,58.615944],[-157.235465257438,58.6159085624056],[-157.135927,58.680731]]]}},{"type":"Feature","properties":{"fips":"30085","name":"Roosevelt","state":"MT"},"geometry":{"type":"Polygon","coordinates":[[[-105.843823,48.219034],[-105.804599,48.219037],[-105.804436,48.563358],[-104.973354,48.56319],[-104.757619,48.563127],[-104.757643,48.476556],[-104.627726,48.476349],[-104.62776,48.389362],[-104.046782142047,48.3892980643109],[-104.045692,48.241415],[-104.044093214262,47.9960981889019],[-104.098921,48.000019],[-104.14247,48.055005],[-104.245936,48.031005],[-104.544517,48.126553],[-104.681633,48.103323],[-104.822581,48.118945],[-104.891321,48.15069],[-104.990346,48.066449],[-105.173367,48.081855],[-105.177722,48.1031],[-105.194783,48.066617],[-105.503195,48.097792],[-105.647941,48.077304],[-105.843891,48.010289],[-105.843823,48.219034]]]}},{"type":"Feature","properties":{"fips":"53009","name":"Clallam","state":"WA"},"geometry":{"type":"Polygon","coordinates":[[[-124.725839,48.386012],[-124.653243,48.390691],[-124.546259,48.353594],[-124.380874,48.284699],[-124.250882,48.264773],[-124.101773,48.216883],[-124.050734,48.177747],[-123.880068,48.160621],[-123.728736,48.1628],[-123.672445,48.162715],[-123.551131,48.151382],[-123.441972,48.124259],[-123.314578,48.113725],[-123.239129,48.118217],[-123.144783,48.175943],[-123.06621,48.120469],[-123.004128,48.090516],[-122.946119,48.098552],[-122.910686755725,48.1097997439328],[-122.896971,48.065155],[-122.94918,48.06515],[-122.949167,47.866822],[-123.505917,47.88108],[-124.613108656052,47.8805724417486],[-124.625512,47.887963],[-124.672427,47.964414],[-124.685393,48.049238],[-124.687101,48.098657],[-124.721725,48.153185],[-124.690389,48.219745],[-124.669265,48.296353],[-124.725839,48.386012]]]}},{"type":"Feature","properties":{"fips":"53045","name":"Mason","state":"WA"},"geometry":{"type":"Polygon","coordinates":[[[-123.505917,47.604615],[-122.950621,47.606308],[-123.038404,47.520236],[-122.801012,47.520406],[-122.801199,47.403578],[-122.852917,47.256462],[-122.820576,47.19422],[-122.903521,47.157533],[-122.938156,47.190316],[-123.075026,47.084787],[-123.201891,47.085059],[-123.488943,47.082646],[-123.505021,47.258535],[-123.505917,47.517716],[-123.505917,47.604615]]]}},{"type":"Feature","properties":{"fips":"16067","name":"Minidoka","state":"ID"},"geometry":{"type":"Polygon","coordinates":[[[-113.931687,42.765026],[-113.763862,42.764508],[-113.714044,42.849734],[-113.714642,43.199783],[-113.413867,43.199859],[-113.413138,42.849169],[-113.472155,42.849201],[-113.472177,42.669352],[-113.557193,42.656799],[-113.654149,42.536155],[-113.699044,42.51919],[-113.778137,42.556424],[-113.931799,42.535243],[-113.931687,42.765026]]]}},{"type":"Feature","properties":{"fips":"06069","name":"San Benito","state":"CA"},"geometry":{"type":"Polygon","coordinates":[[[-121.644001,36.893996],[-121.581354,36.899152],[-121.488949,36.983148],[-121.418246,36.960549],[-121.215406,36.961248],[-121.234683,36.926894],[-121.141523,36.836656],[-120.918731,36.740381],[-120.597155,36.488235],[-120.596562,36.328488],[-120.678582,36.267319],[-120.75834,36.308604],[-120.717696,36.260012],[-120.718426,36.196848],[-120.761483,36.20358],[-120.86508,36.292578],[-120.920551,36.311012],[-121.027362,36.26008],[-121.040797,36.323969],[-121.193465,36.445751],[-121.244091,36.506911],[-121.311788,36.502736],[-121.318373,36.610026],[-121.350092,36.648357],[-121.468086,36.685518],[-121.45134,36.724793],[-121.597698,36.83735],[-121.644001,36.893996]]]}},{"type":"Feature","properties":{"fips":"06093","name":"Siskiyou","state":"CA"},"geometry":{"type":"Polygon","coordinates":[[[-123.660205,41.714055],[-123.703768,41.829117],[-123.642812,41.889353],[-123.565442,41.903141],[-123.519112836804,41.9991725180329],[-123.43477,42.001641],[-123.347562,41.999108],[-123.231001260578,42.004970062256],[-123.145959,42.009247],[-123.045254,42.003049],[-122.80008,42.004071],[-122.501135,42.00846],[-122.289749096157,42.0077647304966],[-122.289527,42.007764],[-122.101922,42.005766],[-121.846712,42.00307],[-121.675348,42.000351],[-121.447539998048,41.9971900332726],[-121.457213,41.949945],[-121.448981,41.776392],[-121.446495,41.183484],[-122.498376,41.182675],[-122.522636,41.213525],[-122.50389,41.342985],[-122.585241,41.359008],[-122.653686,41.289237],[-122.811342,41.202451],[-122.885921,41.205142],[-122.973382,41.112074],[-122.897411,41.028475],[-122.917529,40.99399],[-123.036808,41.004058],[-123.109077,41.075429],[-123.23948,41.075763],[-123.273402,41.122891],[-123.408291,41.179944],[-123.487831,41.376934],[-123.661363,41.38209],[-123.61179,41.462127],[-123.648046,41.535024],[-123.719174,41.595613],[-123.660205,41.714055]]]}},{"type":"Feature","properties":{"fips":"32031","name":"Washoe","state":"NV"},"geometry":{"type":"Polygon","coordinates":[[[-120.004795512304,39.3164750119585],[-120.003028919657,39.4450457761605],[-120.00174,39.538852],[-119.999935448085,39.7224069247242],[-119.997634,39.956505],[-119.997124,40.126363],[-119.996155,40.32125],[-119.997533,40.720992],[-119.999231,40.865899],[-119.999866,41.183974],[-119.99828,41.618765],[-119.999276,41.874891],[-119.999168,41.99454],[-119.72573,41.996296],[-119.360123119603,41.9940922549812],[-119.324184120439,41.9938756277933],[-119.323955,41.414519],[-119.305713,41.234542],[-119.329722,40.97385],[-119.309598,40.960378],[-119.313036,40.523104],[-119.339296,39.998609],[-119.225176,39.999385],[-119.208543,39.809967],[-119.170641,39.680453],[-119.189344,39.651423],[-119.257342,39.65132],[-119.283116,39.622317],[-119.540855,39.563706],[-119.621697,39.511602],[-119.695643,39.520023],[-119.658501,39.331544],[-119.712645,39.250871],[-119.770871,39.215285],[-119.843933,39.200776],[-119.880787,39.165509],[-120.003364028833,39.1656267640688],[-120.005142,39.291258],[-120.004795512304,39.3164750119585]]]}},{"type":"Feature","properties":{"fips":"30009","name":"Carbon","state":"MT"},"geometry":{"type":"Polygon","coordinates":[[[-109.798673,45.167339],[-109.687792,45.167339],[-109.687857,45.26144],[-109.608504,45.261445],[-109.608831,45.304832],[-109.520884,45.391852],[-109.356417,45.464326],[-109.191761,45.464504],[-109.191551,45.523095],[-109.128225,45.523025],[-109.127757,45.587567],[-109.068498,45.583241],[-108.97281,45.616554],[-108.843016,45.611042],[-108.782,45.638639],[-108.801761,45.551965],[-108.699283,45.522629],[-108.645325,45.464073],[-108.682223,45.433132],[-108.69962,45.348946],[-108.699616,45.217709],[-108.098054,45.220517],[-108.217518,45.094115],[-108.258603,45.00818],[-108.248525185308,45.0006298274175],[-108.500679,44.999691],[-108.62149349473,44.9996763710215],[-109.062262,44.999623],[-109.103445,45.005904],[-109.574321,45.002631],[-109.798483772435,45.002920308285],[-109.798673,45.167339]]]}},{"type":"Feature","properties":{"fips":"16065","name":"Madison","state":"ID"},"geometry":{"type":"Polygon","coordinates":[[[-111.976849,43.927385],[-111.83759,43.898261],[-111.558833,43.883305],[-111.501232,43.929206],[-111.398781,43.92289],[-111.399765,43.621976],[-111.565974,43.622037],[-111.626043,43.626756],[-111.717356,43.655326],[-111.934357,43.76616],[-111.983527,43.753806],[-111.976849,43.927385]]]}},{"type":"Feature","properties":{"fips":"04025","name":"Yavapai","state":"AZ"},"geometry":{"type":"Polygon","coordinates":[[[-113.334105,35.508416],[-113.334161,35.528217],[-113.176327,35.507222],[-113.147635,35.47898],[-112.976935,35.392803],[-112.953209,35.352902],[-112.735084,35.305021],[-112.694667,35.311651],[-112.577399,35.243394],[-112.47286,35.238188],[-112.442389,35.25917],[-112.442289,35.149238],[-112.335791,35.148234],[-112.334536,34.973024],[-111.809026,34.976295],[-111.778265,34.803304],[-111.552106,34.8025],[-111.554653,34.471703],[-111.577285,34.420375],[-111.659622,34.386342],[-111.720728,34.161704],[-111.711982,34.151073],[-111.477243,34.150938],[-111.463758,34.072436],[-111.494988,33.99995],[-111.726334,34.000041],[-111.996196,34.029866],[-112.161128,34.017717],[-112.276168,33.882469],[-112.427932,33.920704],[-112.743951,33.999898],[-113.333313,34.000039],[-113.333422,34.317913],[-113.334359,34.561314],[-113.334105,35.508416]]]}},{"type":"Feature","properties":{"fips":"02240","name":"Southeast Fairbanks","state":"AK"},"geometry":{"type":"Polygon","coordinates":[[[-146.999909,64.257196],[-146.655165,64.257212],[-146.486446,64.281768],[-146.344673,64.276364],[-146.232329,64.310792],[-146.230686,64.363734],[-146.003772,64.381091],[-145.925934,64.424531],[-145.740002,64.460132],[-145.603118,64.42309],[-145.374083,64.455243],[-145.373929,64.483836],[-145.082787,64.507349],[-144.985331,64.568609],[-144.798044,64.568296],[-144.552526,64.600645],[-144.460096,64.58326],[-144.31598,64.645136],[-144.072511,64.654082],[-144.069029,64.683562],[-143.752529,64.647633],[-143.647213,64.669506],[-143.506329,64.754068],[-143.529991,64.800611],[-143.434679,64.817791],[-143.503643,64.858251],[-143.525172,64.96008],[-143.364478,64.996996],[-143.373311,65.037107],[-143.242092,65.052518],[-143.081816,65.120937],[-142.864344,65.140387],[-142.7319,65.233639],[-142.742849,65.30141],[-142.601998,65.390931],[-142.441972,65.385042],[-142.307081,65.440633],[-142.065431,65.465341],[-141.855761,65.445786],[-141.78905,65.501546],[-141.387842,65.614395],[-141.336224,65.711614],[-141.093233,65.827388],[-141.002464924679,65.8394080836135],[-141.002020469672,61.904047],[-141.831804,61.904053],[-141.831812,62.117178],[-142.014987,62.117646],[-141.977336,62.163983],[-141.977353,62.510559],[-142.125838,62.510556],[-142.126131,62.597192],[-142.313555,62.597193],[-142.313564,62.683828],[-142.505637,62.683822],[-142.719523,62.713508],[-142.742485,62.657813],[-142.848579,62.600547],[-143.104996,62.614905],[-143.151065,62.630679],[-143.009391,62.76725],[-143.20757,62.829091],[-143.094868,62.879614],[-143.001837,62.995623],[-143.098876,63.007891],[-143.132337,63.116978],[-144.580159,63.116931],[-145.154385,63.131149],[-145.154395,63.217781],[-146.111486,63.217762],[-146.140827,63.184013],[-146.32926,63.190562],[-146.494311,63.168975],[-146.494333,63.477639],[-146.999966,63.477618],[-146.999909,64.257196]]]}},{"type":"Feature","properties":{"fips":"06103","name":"Tehama","state":"CA"},"geometry":{"type":"Polygon","coordinates":[[[-123.065426,40.286971],[-122.976548,40.315162],[-122.918472,40.306758],[-122.872769,40.348848],[-122.749393,40.365522],[-122.651341,40.328288],[-122.523997,40.3945],[-122.445021,40.373398],[-122.310412,40.371064],[-122.010316,40.426558],[-121.940989,40.415331],[-121.806539,40.44495],[-121.64633,40.434726],[-121.497635,40.445591],[-121.470395,40.350213],[-121.342264,40.309751],[-121.368395,40.21223],[-121.436886,40.151905],[-121.586407,40.100522],[-121.646032,39.982527],[-121.703241,39.98423],[-121.804041,39.884344],[-122.044865,39.883771],[-122.046471,39.797648],[-122.911794,39.799485],[-122.937654,39.798156],[-122.950077,39.907718],[-122.909787,39.936385],[-122.934013,39.978131],[-122.989623,40.145496],[-122.97755,40.241285],[-123.065426,40.286971]]]}},{"type":"Feature","properties":{"fips":"08073","name":"Lincoln","state":"CO"},"geometry":{"type":"Polygon","coordinates":[[[-104.055528,38.868868],[-103.719664,38.866827],[-103.714355,39.566331],[-103.707072,39.566295],[-103.154376,39.565654],[-103.155253,39.127984],[-103.163025,39.03761],[-103.164159,38.690133],[-103.172943,38.61245],[-103.172878,38.525315],[-103.504666,38.516409],[-103.61299,38.522548],[-104.053921,38.522393],[-104.05426,38.522392],[-104.055528,38.868868]]]}},{"type":"Feature","properties":{"fips":"53055","name":"San Juan","state":"WA"},"geometry":{"type":"Polygon","coordinates":[[[-123.237148,48.683466],[-123.070427,48.699971],[-123.019699,48.721312],[-122.979519,48.781702],[-122.937925,48.790315],[-122.818436,48.744629],[-122.743049,48.661991],[-122.79901,48.604683],[-122.771206,48.562426],[-122.779124,48.508911],[-122.817912,48.483888],[-122.803521,48.428748],[-122.874135,48.418196],[-122.928004,48.439966],[-123.039156,48.460003],[-123.141478,48.505291],[-123.20268,48.590214],[-123.237148,48.683466]]]}},{"type":"Feature","properties":{"fips":"53017","name":"Douglas","state":"WA"},"geometry":{"type":"Polygon","coordinates":[[[-120.316594,47.471273],[-120.199048,47.682276],[-120.209395,47.748356],[-119.992679,47.78315],[-119.870595,47.960455],[-119.89535,48.050044],[-119.774593,48.104213],[-119.669707,48.075232],[-119.693712,48.032056],[-119.652468,48.000221],[-119.517571,48.062615],[-119.436257,48.076688],[-119.343523,48.049432],[-119.298585,48.115485],[-119.25685,48.102027],[-119.150983,48.146067],[-119.05697,48.136974],[-119.00319,48.043263],[-118.950782,48.018884],[-118.982234,47.962025],[-119.103873,47.961763],[-119.125904,47.917301],[-119.212225,47.887708],[-119.21241,47.800695],[-119.298649,47.728328],[-119.320304,47.626797],[-119.405196,47.612636],[-119.532889,47.527756],[-119.533123,47.441207],[-119.87576,47.437492],[-119.918915,47.364475],[-120.004704,47.319994],[-120.007074,47.220133],[-120.075969,47.225898],[-120.09446,47.262159],[-120.086308,47.338942],[-120.28653,47.393111],[-120.311361,47.442334],[-120.311883,47.445248],[-120.316183,47.450748],[-120.318084,47.457748],[-120.316594,47.471273]]]}},{"type":"Feature","properties":{"fips":"30035","name":"Glacier","state":"MT"},"geometry":{"type":"Polygon","coordinates":[[[-114.068177472879,48.999355878623],[-113.907487,48.998858],[-113.692982,48.997632],[-113.375925,48.998562],[-113.116356,48.998462],[-112.193409099075,48.9988937771468],[-112.184784,48.477578],[-112.228769,48.481885],[-112.576982,48.483348],[-112.575864,48.309684],[-113.349046,48.310263],[-113.387048,48.341502],[-113.333424,48.387961],[-113.355976,48.423912],[-113.47916,48.453115],[-113.467372,48.547555],[-113.543488,48.586872],[-113.59905,48.575173],[-113.750454,48.614335],[-113.702938,48.719865],[-113.790539,48.84553],[-114.004135,48.833215],[-114.058093,48.888954],[-114.021207,48.961343],[-114.068177472879,48.999355878623]]]}},{"type":"Feature","properties":{"fips":"30089","name":"Sanders","state":"MT"},"geometry":{"type":"Polygon","coordinates":[[[-116.048911,48.12493],[-116.048929247776,48.2161279479271],[-115.95671,48.149072],[-115.936745,48.184166],[-115.800172,48.222818],[-115.743185,48.262148],[-115.672359,48.206394],[-115.696111,48.177474],[-115.645768,48.134142],[-115.584705,48.021975],[-115.544841,47.999384],[-115.558139,47.942291],[-115.524695,47.908594],[-115.32828,47.917473],[-115.27843,47.890268],[-115.186633,47.922495],[-115.154527,48.017692],[-115.010672,48.017621],[-114.989344,47.872807],[-114.604584,47.875605],[-114.604462,47.789871],[-114.584454,47.746355],[-114.58376,47.601718],[-114.320528,47.594551],[-114.383453,47.483254],[-114.301457,47.49705],[-114.35308,47.38985],[-114.288557,47.355875],[-114.203026,47.355746],[-114.203119,47.181908],[-114.18717,47.138191],[-114.264148,47.12107],[-114.346111,47.176235],[-114.563737,47.254611],[-114.797204,47.268916],[-114.968978,47.312625],[-114.982265,47.396804],[-115.249057,47.480416],[-115.634684,47.48176],[-115.717024,47.532693],[-115.721207,47.576323],[-115.694284,47.62346],[-115.73627,47.654762],[-115.72377,47.696671],[-115.835365,47.760957],[-115.845474,47.814967],[-115.900934,47.843064],[-115.959946,47.898142],[-116.030751,47.973349],[-116.038565829873,47.9846342564417],[-116.049153,47.999923],[-116.048911,48.12493]]]}},{"type":"Feature","properties":{"fips":"41027","name":"Hood River","state":"OR"},"geometry":{"type":"Polygon","coordinates":[[[-121.923749361985,45.6543495089694],[-121.900858,45.662009],[-121.867167,45.693277],[-121.811304,45.706761],[-121.735104,45.694039],[-121.668362,45.705082],[-121.533106,45.726541],[-121.52400610422,45.7238362251992],[-121.440695827861,45.6990737947724],[-121.482168,45.519604],[-121.481888,45.258128],[-121.696479,45.25792],[-121.696925,45.373564],[-121.819587,45.461675],[-121.864656,45.504495],[-121.906688,45.520828],[-121.923749361985,45.6543495089694]]]}},{"type":"Feature","properties":{"fips":"06065","name":"Riverside","state":"CA"},"geometry":{"type":"Polygon","coordinates":[[[-117.673045,33.871067],[-117.655213,33.924076],[-117.615424,33.924229],[-117.610925,33.945999],[-117.610943,33.971807],[-117.550237,34.033472],[-117.401494,34.034018],[-117.375416,34.019399],[-117.296066,34.018252],[-117.225369,34.005347],[-117.199592,34.004059],[-116.933645,34.004914],[-116.929558,34.034113],[-116.300631,34.032544],[-115.316212,34.03411],[-115.316065,34.077843],[-115.136087,34.079734],[-114.456281,34.079884],[-114.43009113852,34.0789314062795],[-114.435504,34.042615],[-114.454807,34.010968],[-114.509568,33.957264],[-114.534987,33.928499],[-114.508708,33.90064],[-114.505638,33.864276],[-114.520465,33.827778],[-114.504863,33.760465],[-114.496565,33.719155],[-114.504993,33.693022],[-114.525201,33.661583],[-114.529186,33.60665],[-114.524599,33.552231],[-114.597283,33.490653],[-114.629146518189,33.4335449999998],[-114.830833,33.430094],[-115.467506,33.426992],[-116.084895,33.425933],[-116.197627,33.428911],[-116.622987,33.427339],[-117.030876,33.426869],[-117.224855,33.432016],[-117.364274,33.5049],[-117.509722,33.505176],[-117.492697,33.557715],[-117.457937,33.602189],[-117.412987,33.659045],[-117.533999,33.710355],[-117.662117,33.857499],[-117.673045,33.871067]]]}},{"type":"Feature","properties":{"fips":"49039","name":"Sanpete","state":"UT"},"geometry":{"type":"Polygon","coordinates":[[[-112.016003,39.314561],[-111.922389,39.381591],[-111.747044,39.38275],[-111.713144,39.460295],[-111.717482,39.69456],[-111.584754,39.740141],[-111.641944,39.812869],[-111.247496,39.813028],[-111.24746,39.704373],[-111.247748,39.467199],[-111.300905,39.467237],[-111.299363,39.032311],[-111.853402,39.033368],[-112.014083,39.045518],[-112.016003,39.314561]]]}},{"type":"Feature","properties":{"fips":"16073","name":"Owyhee","state":"ID"},"geometry":{"type":"Polygon","coordinates":[[[-117.026889,43.596033],[-117.025663810446,43.680293635954],[-116.911538,43.603076],[-116.844978,43.5944],[-116.781336,43.478633],[-116.622569,43.370009],[-116.579167,43.306178],[-116.511897,43.29052],[-116.425275,43.293543],[-116.385955,43.193577],[-116.266207,43.112269],[-116.191672,43.082473],[-116.20174,43.04893],[-116.145817,43.013416],[-115.964966,42.943673],[-115.935655,43.001733],[-115.791812,42.972348],[-115.771505,42.938664],[-115.622852,42.955698],[-115.441522,42.931127],[-115.454224,42.767936],[-115.037697,42.768414],[-115.038109752434,41.9986341156765],[-115.313877,41.996103],[-115.625914,41.997415],[-115.870181,41.996766],[-116.332763,41.997283],[-116.625947,41.997379],[-117.018203216741,41.9998398503691],[-117.026197,41.99989],[-117.026551,42.378557],[-117.026253,42.807447],[-117.026652,43.025128],[-117.026889,43.596033]]]}},{"type":"Feature","properties":{"fips":"08055","name":"Huerfano","state":"CO"},"geometry":{"type":"Polygon","coordinates":[[[-105.501755,37.597571],[-105.457255,37.751464],[-105.428893,37.851733],[-105.473204,37.89597],[-105.317081,37.938949],[-105.285076,37.899421],[-105.168652,38.018946],[-105.049917,37.915479],[-105.013729,37.881271],[-104.646383,37.900527],[-104.351109,37.817488],[-104.45493,37.740839],[-104.548417,37.609424],[-104.548652,37.5747],[-104.649229,37.49532],[-104.696111,37.485425],[-104.695075,37.439915],[-104.748938,37.407029],[-104.995505,37.375551],[-105.115425,37.296294],[-105.154176,37.293129],[-105.187549,37.619669],[-105.295587,37.654416],[-105.485516,37.577899],[-105.501755,37.597571]]]}},{"type":"Feature","properties":{"fips":"06019","name":"Fresno","state":"CA"},"geometry":{"type":"Polygon","coordinates":[[[-120.65595,36.952832],[-120.590566,36.952641],[-120.541696,37.044505],[-120.450341,36.911172],[-120.455683,36.863521],[-120.369612,36.810355],[-120.370256,36.78494],[-120.229179,36.769687],[-120.079458,36.825345],[-120.027775,36.814505],[-119.943507,36.83403],[-119.906076,36.850176],[-119.813734,36.850412],[-119.733852,36.948558],[-119.7405,36.970212],[-119.549413,37.09402],[-119.563187,37.139991],[-119.506733,37.150554],[-119.470844,37.110548],[-119.43306,37.161516],[-119.386521,37.14953],[-119.330573,37.205791],[-119.335189,37.310774],[-119.286658,37.374943],[-119.022363,37.585737],[-118.91706,37.550336],[-118.850474,37.475796],[-118.775014,37.463052],[-118.786736,37.34338],[-118.716016,37.328208],[-118.654593,37.141826],[-118.592661,37.138147],[-118.437137,37.059818],[-118.360831,36.887734],[-118.389758,36.834466],[-118.360586,36.744773],[-118.982441,36.741646],[-119.014425,36.657353],[-119.174791,36.658878],[-119.25095,36.661214],[-119.304625,36.660606],[-119.305102,36.573725],[-119.466322,36.575238],[-119.573194,36.488835],[-119.66629,36.41896],[-119.754213,36.402023],[-119.959227,36.400975],[-119.958925,36.255468],[-119.95921,36.181403],[-120.315068,35.907186],[-120.433053,35.968933],[-120.667551,36.138057],[-120.62691,36.203227],[-120.678582,36.267319],[-120.596562,36.328488],[-120.597155,36.488235],[-120.918731,36.740381],[-120.65595,36.952832]]]}},{"type":"Feature","properties":{"fips":"49001","name":"Beaver","state":"UT"},"geometry":{"type":"Polygon","coordinates":[[[-114.050153620806,38.5729752130034],[-113.750835,38.574158],[-112.976724,38.57243],[-112.515394,38.572845],[-112.518495,38.510413],[-112.519522,38.479902],[-112.335381,38.332827],[-112.35706,38.224958],[-112.444214,38.150001],[-112.478822,38.147419],[-112.816993,38.14751],[-114.049903375658,38.1487630266706],[-114.050138,38.24996],[-114.05012,38.404536],[-114.050154,38.57292],[-114.050153620806,38.5729752130034]]]}},{"type":"Feature","properties":{"fips":"35053","name":"Socorro","state":"NM"},"geometry":{"type":"Polygon","coordinates":[[[-107.724794,34.578132],[-107.691565,34.579425],[-107.201743,34.578757],[-106.882813,34.579628],[-106.768281,34.531262],[-106.564648,34.473894],[-106.456314,34.437054],[-106.416924,34.439687],[-106.415972,34.259822],[-105.925968,34.25999],[-105.924685,33.825624],[-106.052662,33.825606],[-106.052718,33.650297],[-106.37366,33.660504],[-106.372797,33.479875],[-106.474295,33.475786],[-107.712754,33.476832],[-107.716301,34.259856],[-107.725427,34.274224],[-107.724794,34.578132]]]}},{"type":"Feature","properties":{"fips":"49003","name":"Box Elder","state":"UT"},"geometry":{"type":"Polygon","coordinates":[[[-114.042145,40.999926],[-114.041447,41.207752],[-114.040231,41.49169],[-114.039901,41.753781],[-114.041723,41.99372],[-113.817964,41.98858],[-113.496548,41.993305],[-113.249159,41.996203],[-113.000821,41.998223],[-113.000040139624,41.9982276125391],[-112.648019,42.000307],[-112.264936,42.000991],[-112.15917745151,41.9986819297378],[-112.008789,41.795077],[-112.042792,41.710433],[-111.983896,41.535921],[-111.946089,41.553029],[-111.873197,41.485174],[-111.885532,41.426343],[-111.9591,41.433706],[-111.963422,41.365121],[-112.028672,41.336512],[-112.238164,41.336551],[-112.493515,41.076888],[-112.799359,40.999939],[-114.042145146235,40.9998965772633],[-114.042145,40.999926]]]}},{"type":"Feature","properties":{"fips":"53065","name":"Stevens","state":"WA"},"geometry":{"type":"Polygon","coordinates":[[[-118.400807,48.028682],[-118.275476,48.040567],[-118.233198,48.065285],[-118.248606,48.134255],[-118.191298,48.159888],[-118.1945,48.212889],[-118.141475,48.259951],[-118.175602,48.319492],[-118.206507,48.470296],[-118.149709,48.520568],[-118.10496,48.653503],[-118.131002,48.777653],[-118.195508,48.840725],[-118.221669,48.937098],[-118.197375052459,49.0004067514245],[-118.002046,49.000437],[-117.607323,49.000843],[-117.429968,49.0003068698256],[-117.430377,48.923168],[-117.498957,48.923159],[-117.498496,48.8369],[-117.563858,48.836671],[-117.563811,48.742961],[-117.629421,48.742634],[-117.629241,48.655852],[-117.499975,48.656187],[-117.502371,48.134708],[-117.437629,48.134688],[-117.436993,48.047207],[-117.537069,48.047865],[-117.535262,47.794458],[-117.697774,47.856278],[-117.820947,47.825775],[-117.881473,47.84749],[-118.078182,47.800062],[-118.246103,47.943604],[-118.340938,47.894316],[-118.34874,47.971782],[-118.400807,48.028682]]]}},{"type":"Feature","properties":{"fips":"56043","name":"Washakie","state":"WY"},"geometry":{"type":"Polygon","coordinates":[[[-108.550562,44.168455],[-107.541198,44.166509],[-107.146808,44.165666],[-107.128374,44.154125],[-107.113655,43.816092],[-107.110734,43.500286],[-107.534897,43.501362],[-107.595105,43.501397],[-107.595157,43.646427],[-107.716218,43.645766],[-107.715876,43.733343],[-107.956577,43.733446],[-107.956448,43.818666],[-108.174938,43.818968],[-108.185255,43.848255],[-108.309694,43.846619],[-108.30936,43.903255],[-108.429563,43.903355],[-108.427064,43.992054],[-108.489431,43.991866],[-108.490254,44.07976],[-108.550758,44.079403],[-108.550562,44.168455]]]}},{"type":"Feature","properties":{"fips":"41023","name":"Grant","state":"OR"},"geometry":{"type":"Polygon","coordinates":[[[-119.672228,44.995117],[-119.643745,44.994596],[-119.162966,44.996241],[-118.518689,44.995877],[-118.4361,44.96242],[-118.364214,44.990763],[-118.244662,44.958396],[-118.228244,44.865178],[-118.295659,44.863043],[-118.285439,44.750975],[-118.380067,44.744227],[-118.51944,44.705886],[-118.504327,44.665272],[-118.375037,44.646102],[-118.305778,44.58881],[-118.408786,44.452648],[-118.497499,44.255248],[-118.232214,44.256129],[-118.228843,44.21255],[-118.227645,44.039862],[-118.587125,44.040266],[-118.81689,44.047828],[-118.816931,43.960733],[-119.657183,43.95892],[-119.655517,44.307045],[-119.652431,44.823299],[-119.672228,44.995117]]]}},{"type":"Feature","properties":{"fips":"41039","name":"Lane","state":"OR"},"geometry":{"type":"Polygon","coordinates":[[[-124.150267,43.91085],[-124.122406,44.104442],[-124.111054,44.235071],[-124.114370074258,44.276194],[-123.961647,44.277376],[-123.941075,44.282951],[-123.775598,44.283547],[-123.593323,44.276694],[-123.180388,44.283725],[-123.165428,44.200071],[-122.905755,44.200736],[-122.903999,44.259129],[-122.865465,44.287317],[-122.762735,44.290537],[-122.646812,44.266618],[-122.577019,44.227881],[-122.384561,44.217063],[-122.32715,44.252841],[-121.799426,44.25828],[-121.769073,44.101586],[-121.869974,43.911664],[-121.972931,43.861156],[-121.964537,43.808235],[-121.986267,43.661708],[-121.964918,43.627045],[-122.002362,43.615498],[-122.131009,43.557284],[-122.132034,43.440221],[-122.741716,43.437395],[-122.741914,43.517582],[-123.107686,43.54001],[-123.137211,43.605906],[-123.137319,43.77967],[-123.348246,43.78017],[-123.3482,43.809212],[-123.470371,43.810056],[-123.579782,43.86829],[-123.619012,43.921117],[-123.7038,43.944319],[-123.827004,43.944837],[-123.946291,43.862682],[-124.160207315876,43.8637205015216],[-124.150267,43.91085]]]}}]}